timestamp,game_id,event,level_logged,current_level,attempts_so_far,restart_attempts,total_bricks_destroyed,total_paddle_hits,points_curr,total_points
2025-04-29 18:56:19,0,training_run_ep 500,-,1,501,0,365,354,0,395
2025-04-29 18:56:27,0,training_run_ep 1000,-,1,1001,0,784,785,0,850
2025-04-29 18:56:44,0,training_run_ep 1500,-,1,1501,0,1566,1521,0,1707
2025-04-29 18:56:50,0,level_complete,1,1,1671,0,1940,1891,29,2118
2025-04-29 18:57:06,0,training_run_ep 2000,-,1,2001,0,2684,2621,0,2978
2025-04-29 18:57:27,0,training_run_ep 2500,-,1,2501,0,3891,3773,0,4367
2025-04-29 18:57:41,0,training_run_ep 3000,-,1,3001,0,4727,4549,0,5309
2025-04-29 18:58:03,0,training_run_ep 3500,-,1,3501,0,6194,5915,0,7071
2025-04-29 18:58:16,0,level_complete,2,1,3741,0,7056,6729,29,8106
2025-04-29 18:58:26,0,level_complete,3,1,3873,0,7808,7516,32,9038
2025-04-29 18:58:36,0,training_run_ep 4000,-,1,4001,0,8484,8163,0,9860
2025-04-29 18:58:40,0,level_complete,4,1,4047,0,8817,8469,35,10267
2025-04-29 18:58:41,0,level_complete,5,1,4049,0,8870,8562,33,10338
2025-04-29 18:58:41,0,level_complete,6,1,4052,0,8909,8604,36,10386
2025-04-29 18:58:44,0,level_complete,7,1,4078,0,9112,8825,33,10623
2025-04-29 18:58:53,0,level_complete,8,1,4209,0,9912,9569,36,11597
2025-04-29 18:58:54,0,level_complete,9,1,4213,0,9981,9640,29,11690
2025-04-29 18:59:09,0,level_complete,10,1,4475,0,11205,10808,41,13240
2025-04-29 18:59:11,0,training_run_ep 4500,-,1,4501,0,11308,10906,0,13357
2025-04-29 18:59:33,0,training_run_ep 5000,-,1,5001,0,12633,12239,0,14931
2025-04-29 18:59:51,0,training_run_ep 5500,-,1,5501,0,13532,13095,0,15960
2025-04-29 19:00:07,0,level_complete,11,1,5836,0,14560,14268,30,17151
2025-04-29 19:00:17,0,level_complete,12,1,5984,0,15210,15035,37,17923
2025-04-29 19:00:19,0,training_run_ep 6000,-,1,6001,0,15346,15155,0,18092
2025-04-29 19:01:37,0,level_complete,13,1,6058,0,15764,22024,36,18605
2025-04-29 19:01:54,0,level_complete,14,1,6356,0,17186,23382,31,20301
2025-04-29 19:02:41,0,level_complete,15,1,6364,0,17265,28349,29,20391
2025-04-29 19:02:42,0,level_complete,16,1,6388,0,17383,28476,39,20538
2025-04-29 19:02:44,0,level_complete,17,1,6425,0,17542,28645,41,20733
2025-04-29 19:02:48,0,training_run_ep 6500,-,1,6501,0,17752,28846,0,20970
2025-04-29 19:02:50,0,level_complete,18,1,6523,0,17861,28964,31,21103
2025-04-29 19:02:59,0,level_complete,19,1,6755,0,18518,29608,31,21859
2025-04-29 19:03:09,0,training_run_ep 7000,-,1,7001,0,19274,30437,0,22740
2025-04-29 19:03:30,0,level_complete,20,1,7478,0,20997,32164,33,24762
2025-04-29 19:03:31,0,level_complete,21,1,7491,0,21082,32241,37,24878
2025-04-29 19:03:32,0,training_run_ep 7500,-,1,7501,0,21096,32254,0,24893
2025-04-29 19:03:55,0,training_run_ep 8000,-,1,8001,0,23089,34323,0,27290
2025-04-29 19:03:55,0,level_complete,22,1,8004,0,23124,34358,35,27334
2025-04-29 19:04:15,0,training_run_ep 8500,-,1,8501,0,24555,35935,0,28991
2025-04-29 19:04:35,0,training_run_ep 9000,-,1,9001,0,25938,37263,0,30591
2025-04-29 19:04:42,0,level_complete,23,1,9169,0,26575,37877,39,31365
2025-04-29 19:04:44,0,level_complete,24,1,9204,0,26812,38104,31,31652
2025-04-29 19:04:45,0,level_complete,25,1,9215,0,26901,38190,33,31764
2025-04-29 19:04:50,0,level_complete,26,1,9302,0,27335,38594,43,32291
2025-04-29 19:05:01,0,level_complete,27,1,9478,0,28223,39566,31,33335
2025-04-29 19:05:02,0,training_run_ep 9500,-,1,9501,0,28331,39661,0,33474
2025-04-29 19:05:17,0,level_complete,28,1,9741,0,29525,40950,33,34899
2025-04-29 19:05:32,0,training_run_ep 10000,-,1,10001,0,30534,42196,0,36091
2025-04-29 19:05:41,0,level_complete,29,1,10210,0,31293,42934,30,36989
2025-04-29 19:05:44,0,level_complete,30,1,10270,0,31552,43199,36,37297
2025-04-29 19:05:56,0,training_run_ep 10500,-,1,10501,0,32355,44025,0,38251
2025-04-29 19:05:58,0,level_complete,31,1,10573,0,32550,44226,39,38475
2025-04-29 19:06:03,0,level_complete,32,1,10650,0,32863,44526,34,38859
2025-04-29 19:06:52,0,level_complete,33,1,10990,0,34036,49241,36,40243
2025-04-29 19:06:52,0,training_run_ep 11000,-,1,11001,0,34063,49267,0,40271
2025-04-29 19:07:38,0,level_complete,34,1,11144,0,34745,53586,30,41112
2025-04-29 19:07:43,0,level_complete,35,1,11199,0,35146,53955,31,41610
2025-04-29 19:07:46,0,level_complete,36,1,11236,0,35362,54190,30,41853
2025-04-29 19:07:46,0,level_complete,37,1,11238,0,35392,54224,37,41893
2025-04-29 19:07:49,0,level_complete,38,1,11267,0,35726,54548,33,42294
2025-04-29 19:07:50,0,level_complete,39,1,11269,0,35754,54591,32,42327
2025-04-29 19:07:59,0,level_complete,40,1,11439,0,36530,55328,29,43265
2025-04-29 19:08:00,0,level_complete,41,1,11444,0,36570,55365,38,43319
2025-04-29 19:08:01,0,level_complete,42,1,11467,0,36705,55492,38,43486
2025-04-29 19:08:03,0,training_run_ep 11500,-,1,11501,0,36913,55673,0,43749
2025-04-29 19:08:04,0,level_complete,43,1,11504,0,36966,55732,40,43818
2025-04-29 19:08:05,0,level_complete,44,1,11513,0,37043,55814,30,43900
2025-04-29 19:08:11,0,level_complete,45,1,11584,0,37578,56401,35,44530
2025-04-29 19:08:35,0,level_complete,46,1,11991,0,39373,58283,37,46698
2025-04-29 19:08:36,0,training_run_ep 12000,-,1,12001,0,39438,58345,0,46779
2025-04-29 19:09:02,0,training_run_ep 12500,-,1,12501,0,41257,60395,0,48920
2025-04-29 19:10:26,0,training_run_ep 13000,-,1,13001,0,42767,68290,0,50692
2025-04-29 19:11:58,0,training_run_ep 13500,-,1,13501,0,44179,77028,0,52359
2025-04-29 19:12:01,0,level_complete,47,1,13557,0,44387,77236,33,52623
2025-04-29 19:12:02,0,level_complete,48,1,13590,0,44553,77385,30,52821
2025-04-29 19:12:11,0,level_complete,49,1,13802,0,45342,78090,38,53800
2025-04-29 19:12:15,0,level_complete,50,1,13869,0,45645,78407,33,54171
2025-04-29 19:12:23,0,training_run_ep 14000,-,1,14001,0,46283,79025,0,54915
2025-04-29 19:12:25,0,level_complete,51,1,14036,0,46494,79249,30,55158
2025-04-29 19:12:29,0,level_complete,52,1,14109,0,46821,79549,31,55550
2025-04-29 19:12:48,0,training_run_ep 14500,-,1,14501,0,48383,81064,0,57403
2025-04-29 19:13:06,0,level_complete,53,1,14875,0,50009,82701,32,59316
2025-04-29 19:13:07,0,level_complete,54,1,14887,0,50097,82816,30,59419
2025-04-29 19:13:11,0,level_complete,55,1,14925,0,50390,83119,35,59773
2025-04-29 19:13:13,0,level_complete,56,1,14941,0,50506,83314,30,59917
2025-04-29 19:13:18,0,training_run_ep 15000,-,1,15001,0,50889,83712,0,60368
2025-04-29 19:13:18,0,level_complete,57,1,15008,0,50946,83787,32,60436
2025-04-29 19:13:25,0,level_complete,58,1,15059,0,51214,84350,44,60758
2025-04-29 19:13:27,0,level_complete,59,1,15096,0,51329,84459,34,60893
2025-04-29 19:13:31,0,level_complete,60,1,15154,0,51562,84665,32,61179
2025-04-29 19:13:33,0,level_complete,61,1,15168,0,51622,84778,34,61248
2025-04-29 19:13:33,0,level_complete,62,1,15170,0,51649,84806,36,61284
2025-04-29 19:13:37,0,level_complete,63,1,15207,0,51894,85067,35,61569
2025-04-29 19:13:42,0,level_complete,64,1,15254,0,52184,85362,34,61910
2025-04-29 19:13:46,0,level_complete,65,1,15312,0,52488,85757,37,62290
2025-04-29 19:14:40,0,level_complete,66,1,15355,0,52733,91849,32,62610
2025-04-29 19:14:40,0,level_complete,67,1,15367,0,52792,91905,29,62678
2025-04-29 19:14:41,0,level_complete,68,1,15377,0,52863,91995,28,62760
2025-04-29 19:14:46,0,training_run_ep 15500,-,1,15501,0,53334,92426,0,63327
2025-04-29 19:14:54,0,level_complete,69,1,15665,0,53984,93086,33,64093
2025-04-29 19:15:06,0,level_complete,70,1,15893,0,55008,94076,33,65307
2025-04-29 19:15:11,0,training_run_ep 16000,-,1,16001,0,55358,94422,0,65704
2025-04-29 19:15:32,0,training_run_ep 16500,-,1,16501,0,56851,95783,0,67443
2025-04-29 19:15:52,0,level_complete,71,1,16891,0,58199,97386,33,69017
2025-04-29 19:15:53,0,level_complete,72,1,16896,0,58257,97462,33,69085
2025-04-29 19:15:54,0,level_complete,73,1,16908,0,58345,97550,35,69186
2025-04-29 19:15:55,0,level_complete,74,1,16915,0,58412,97631,29,69261
2025-04-29 19:15:56,0,level_complete,75,1,16926,0,58492,97732,34,69355
2025-04-29 19:15:58,0,level_complete,76,1,16952,0,58685,97932,30,69593
2025-04-29 19:15:59,0,level_complete,77,1,16957,0,58752,98027,32,69676
2025-04-29 19:16:02,0,training_run_ep 17000,-,1,17001,0,58958,98222,0,69914
2025-04-29 19:16:06,0,level_complete,78,1,17060,0,59164,98442,38,70156
2025-04-29 19:16:18,0,level_complete,79,1,17278,0,60121,99396,29,71260
2025-04-29 19:16:22,0,level_complete,80,1,17354,0,60464,99741,30,71653
2025-04-29 19:16:23,0,level_complete,81,1,17372,0,60567,99854,35,71789
2025-04-29 19:16:24,0,level_complete,82,1,17389,0,60672,99969,29,71909
2025-04-29 19:16:31,0,level_complete,83,1,17485,0,61249,100554,40,72643
2025-04-29 19:16:33,0,training_run_ep 17500,-,1,17501,0,61367,100669,0,72794
2025-04-29 19:16:35,0,level_complete,84,1,17513,0,61496,100854,30,72955
2025-04-29 19:16:35,0,level_complete,85,1,17521,0,61580,100937,33,73058
2025-04-29 19:16:36,0,level_complete,86,1,17527,0,61631,100992,33,73121
2025-04-29 19:16:36,0,level_complete,87,1,17528,0,61658,101017,36,73157
2025-04-29 19:16:37,0,level_complete,88,1,17538,0,61726,101085,34,73236
2025-04-29 19:16:38,0,level_complete,89,1,17543,0,61762,101124,34,73280
2025-04-29 19:16:41,0,level_complete,90,1,17575,0,62001,101423,33,73575
2025-04-29 19:16:42,0,level_complete,91,1,17586,0,62101,101518,32,73713
2025-04-29 19:16:44,0,level_complete,92,1,17607,0,62285,101749,35,73933
2025-04-29 19:16:45,0,level_complete,93,1,17618,0,62386,101864,33,74051
2025-04-29 19:16:46,0,level_complete,94,1,17630,0,62458,101947,29,74136
2025-04-29 19:16:47,0,level_complete,95,1,17631,0,62485,101983,35,74171
2025-04-29 19:16:47,0,level_complete,96,1,17632,0,62512,102007,35,74206
2025-04-29 19:16:49,0,level_complete,97,1,17662,0,62781,102272,37,74531
2025-04-29 19:16:50,0,level_complete,98,1,17673,0,62860,102370,33,74626
2025-04-29 19:16:57,0,level_complete,99,1,17751,0,63314,102956,32,75184
2025-04-29 19:16:59,0,level_complete,100,1,17792,0,63583,103211,36,75532
2025-04-29 19:17:00,0,level_complete,101,1,17798,0,63633,103266,37,75595
2025-04-29 19:17:12,0,level_complete,102,1,17824,0,63878,104515,30,75885
2025-04-29 19:17:13,0,level_complete,103,1,17837,0,63966,104608,34,75998
2025-04-29 19:17:22,0,level_complete,104,1,17967,0,64761,105447,36,76977
2025-04-29 19:17:26,0,training_run_ep 18000,-,1,18001,0,65022,105803,0,77290
2025-04-29 19:17:28,0,level_complete,105,1,18029,0,65163,105947,35,77462
2025-04-29 19:17:37,0,level_complete,106,1,18151,0,65925,106714,35,78388
2025-04-29 19:17:39,0,level_complete,107,1,18180,0,66067,106879,45,78579
2025-04-29 19:17:39,0,level_complete,108,1,18189,0,66125,106947,30,78647
2025-04-29 19:17:41,0,level_complete,109,1,18216,0,66264,107079,35,78820
2025-04-29 19:17:42,0,level_complete,110,1,18235,0,66374,107178,31,78956
2025-04-29 19:17:44,0,level_complete,111,1,18263,0,66562,107351,34,79185
2025-04-29 19:17:46,0,level_complete,112,1,18282,0,66660,107506,32,79300
2025-04-29 19:17:47,0,level_complete,113,1,18301,0,66762,107603,38,79429
2025-04-29 19:19:14,0,level_complete,114,1,18360,0,67025,116549,35,79741
2025-04-29 19:19:16,0,level_complete,115,1,18397,0,67230,116772,33,79985
2025-04-29 19:19:17,0,level_complete,116,1,18404,0,67280,116830,29,80037
2025-04-29 19:19:20,0,level_complete,117,1,18455,0,67550,117095,36,80365
2025-04-29 19:19:21,0,level_complete,118,1,18464,0,67595,117156,31,80417
2025-04-29 19:19:24,0,training_run_ep 18500,-,1,18501,0,67836,117381,0,80733
2025-04-29 19:19:25,0,level_complete,119,1,18520,0,67947,117483,30,80870
2025-04-29 19:19:29,0,level_complete,120,1,18579,0,68288,117808,33,81290
2025-04-29 19:19:32,0,level_complete,121,1,18612,0,68513,118004,34,81582
2025-04-29 19:19:33,0,level_complete,122,1,18613,0,68540,118056,32,81614
2025-04-29 19:19:51,0,level_complete,123,1,18635,0,68708,119984,33,81823
2025-04-29 19:19:52,0,level_complete,124,1,18650,0,68797,120071,35,81938
2025-04-29 19:19:54,0,level_complete,125,1,18661,0,68907,120248,31,82062
2025-04-29 19:20:00,0,level_complete,126,1,18785,0,69467,120830,33,82758
2025-04-29 19:20:04,0,level_complete,127,1,18852,0,69721,121134,36,83058
2025-04-29 19:20:15,0,level_complete,128,1,18943,0,70227,122317,54,83730
2025-04-29 19:20:16,0,level_complete,129,1,18954,0,70285,122383,30,83794
2025-04-29 19:20:19,0,training_run_ep 19000,-,1,19001,0,70530,122618,0,84082
2025-04-29 19:20:20,0,level_complete,130,1,19012,0,70618,122715,33,84194
2025-04-29 19:20:25,0,level_complete,131,1,19110,0,70982,123057,33,84633
2025-04-29 19:20:27,0,level_complete,132,1,19156,0,71150,123239,32,84823
2025-04-29 19:20:30,0,level_complete,133,1,19198,0,71370,123468,34,85089
2025-04-29 19:20:44,0,level_complete,134,1,19432,0,72329,124598,32,86242
2025-04-29 19:20:49,0,training_run_ep 19500,-,1,19501,0,72615,124932,0,86583
2025-04-29 19:20:53,0,level_complete,135,1,19557,0,72862,125173,34,86877
2025-04-29 19:20:57,0,level_complete,136,1,19600,0,73150,125508,44,87239
2025-04-29 19:21:00,0,level_complete,137,1,19636,0,73291,125646,31,87414
2025-04-29 19:21:02,0,level_complete,138,1,19652,0,73387,125732,32,87528
2025-04-29 19:21:02,0,level_complete,139,1,19656,0,73433,125800,31,87580
2025-04-29 19:21:03,0,level_complete,140,1,19664,0,73501,125864,36,87664
2025-04-29 19:21:04,0,level_complete,141,1,19671,0,73554,125922,39,87734
2025-04-29 19:21:09,0,level_complete,142,1,19719,0,73870,126251,35,88128
2025-04-29 19:21:11,0,level_complete,143,1,19724,0,73911,126351,33,88178
2025-04-29 19:21:12,0,level_complete,144,1,19741,0,74024,126460,33,88330
2025-04-29 19:21:12,0,level_complete,145,1,19745,0,74063,126497,45,88388
2025-04-29 19:21:13,0,level_complete,146,1,19755,0,74111,126566,30,88446
2025-04-29 19:21:14,0,level_complete,147,1,19756,0,74138,126603,31,88477
2025-04-29 19:21:14,0,level_complete,148,1,19757,0,74165,126631,33,88510
2025-04-29 19:21:18,0,level_complete,149,1,19805,0,74475,127034,31,88889
2025-04-29 19:21:19,0,level_complete,150,1,19806,0,74502,127073,37,88926
2025-04-29 19:21:19,0,level_complete,151,1,19810,0,74551,127119,42,88999
2025-04-29 19:21:20,0,level_complete,152,1,19827,0,74624,127208,41,89091
2025-04-29 19:21:21,0,level_complete,153,1,19828,0,74651,127246,32,89123
2025-04-29 19:21:22,0,level_complete,154,1,19848,0,74778,127364,35,89276
2025-04-29 19:21:22,0,level_complete,155,1,19854,0,74830,127414,45,89357
2025-04-29 19:21:31,0,level_complete,156,1,20000,0,75544,128134,35,90215
2025-04-29 19:21:32,0,training_run_ep 20000,-,1,20001,0,75549,128138,0,90221
2025-04-29 19:21:32,0,level_complete,157,1,20008,0,75594,128183,31,90273
2025-04-29 19:21:54,0,training_run_ep 20500,-,1,20501,0,77112,129707,0,92037
2025-04-29 19:22:09,0,level_complete,158,1,20790,0,77989,130819,37,93047
2025-04-29 19:22:23,0,training_run_ep 21000,-,1,21001,0,78556,132009,0,93726
2025-04-29 19:22:38,0,level_complete,159,1,21301,0,79982,133410,37,95481
2025-04-29 19:22:40,0,level_complete,160,1,21317,0,80136,133589,33,95661
2025-04-29 19:22:41,0,level_complete,161,1,21320,0,80188,133640,30,95720
2025-04-29 19:22:41,0,level_complete,162,1,21321,0,80215,133667,41,95761
2025-04-29 19:22:42,0,level_complete,163,1,21327,0,80303,133777,35,95863
2025-04-29 19:23:16,0,level_complete,164,1,21342,0,80434,137323,43,96027
2025-04-29 19:23:17,0,level_complete,165,1,21352,0,80525,137422,36,96153
2025-04-29 19:23:18,0,level_complete,166,1,21354,0,80554,137459,38,96193
2025-04-29 19:23:22,0,level_complete,167,1,21404,0,80936,137811,35,96686
2025-04-29 19:23:24,0,level_complete,168,1,21416,0,81116,138000,33,96927
2025-04-29 19:23:25,0,level_complete,169,1,21423,0,81222,138107,34,97054
2025-04-29 19:23:26,0,level_complete,170,1,21431,0,81280,138181,31,97120
2025-04-29 19:23:27,0,level_complete,171,1,21436,0,81340,138249,37,97193
2025-04-29 19:23:27,0,level_complete,172,1,21437,0,81367,138284,32,97225
2025-04-29 19:23:28,0,level_complete,173,1,21439,0,81396,138322,29,97256
2025-04-29 19:23:28,0,level_complete,174,1,21440,0,81423,138351,52,97308
2025-04-29 19:23:28,0,level_complete,175,1,21442,0,81451,138386,37,97346
2025-04-29 19:23:30,0,level_complete,176,1,21446,0,81529,138518,29,97438
2025-04-29 19:23:30,0,level_complete,177,1,21447,0,81556,138556,30,97468
2025-04-29 19:23:31,0,level_complete,178,1,21449,0,81599,138601,32,97519
2025-04-29 19:23:31,0,level_complete,179,1,21451,0,81631,138631,39,97564
2025-04-29 19:24:42,0,level_complete,180,1,21464,0,81771,145794,33,97740
2025-04-29 19:24:45,0,training_run_ep 21500,-,1,21501,0,82004,146012,0,98016
2025-04-29 19:24:49,0,level_complete,181,1,21566,0,82338,146340,32,98426
2025-04-29 19:24:51,0,level_complete,182,1,21588,0,82521,146526,31,98645
2025-04-29 19:24:53,0,level_complete,183,1,21601,0,82646,146664,31,98798
2025-04-29 19:24:54,0,level_complete,184,1,21617,0,82769,146787,36,98944
2025-04-29 19:24:58,0,level_complete,185,1,21652,0,83075,147111,29,99312
2025-04-29 19:25:04,0,level_complete,186,1,21741,0,83682,147737,39,100063
2025-04-29 19:25:06,0,level_complete,187,1,21756,0,83833,147891,32,100245
2025-04-29 19:25:07,0,level_complete,188,1,21768,0,83930,148041,39,100364
2025-04-29 19:25:08,0,level_complete,189,1,21778,0,84035,148146,30,100488
2025-04-29 19:25:09,0,level_complete,190,1,21780,0,84076,148203,36,100539
2025-04-29 19:25:10,0,level_complete,191,1,21787,0,84156,148272,39,100643
2025-04-29 19:25:10,0,level_complete,192,1,21788,0,84183,148313,35,100678
2025-04-29 19:25:10,0,level_complete,193,1,21789,0,84210,148351,29,100707
2025-04-29 19:25:11,0,level_complete,194,1,21791,0,84244,148385,36,100751
2025-04-29 19:25:12,0,level_complete,195,1,21803,0,84390,148522,32,100940
2025-04-29 19:25:13,0,level_complete,196,1,21809,0,84453,148586,36,101017
2025-04-29 19:25:15,0,level_complete,197,1,21831,0,84664,148813,41,101300
2025-04-29 19:25:45,0,level_complete,198,1,21870,0,84967,151891,32,101683
2025-04-29 19:25:49,0,level_complete,199,1,21928,0,85291,152234,28,102067
2025-04-29 19:25:50,0,level_complete,200,1,21933,0,85328,152342,33,102110
2025-04-29 19:25:51,0,level_complete,201,1,21943,0,85435,152467,33,102237
2025-04-29 19:25:53,0,level_complete,202,1,21977,0,85585,152609,36,102429
2025-04-29 19:25:55,0,training_run_ep 22000,-,1,22001,0,85715,152719,0,102589
2025-04-29 19:26:00,0,level_complete,203,1,22094,0,86220,153183,39,103192
2025-04-29 19:26:04,0,level_complete,204,1,22158,0,86476,153443,35,103510
2025-04-29 19:26:16,0,level_complete,205,1,22385,0,87419,154388,30,104677
2025-04-29 19:26:18,0,level_complete,206,1,22430,0,87624,154621,29,104909
2025-04-29 19:26:20,0,level_complete,207,1,22457,0,87764,154792,32,105078
2025-04-29 19:26:22,0,level_complete,208,1,22491,0,87952,154987,33,105293
2025-04-29 19:26:24,0,training_run_ep 22500,-,1,22501,0,88029,155066,0,105385
2025-04-29 19:26:37,0,level_complete,209,1,22757,0,89124,156131,29,106716
2025-04-29 19:26:41,0,level_complete,210,1,22816,0,89432,156454,41,107097
2025-04-29 19:26:42,0,level_complete,211,1,22829,0,89509,156529,37,107197
2025-04-29 19:26:44,0,level_complete,212,1,22883,0,89721,156736,33,107437
2025-04-29 19:26:49,0,level_complete,213,1,22972,0,90095,157113,31,107878
2025-04-29 19:26:50,0,level_complete,214,1,22986,0,90232,157258,36,108045
2025-04-29 19:26:51,0,training_run_ep 23000,-,1,23001,0,90283,157303,0,108102
2025-04-29 19:26:53,0,level_complete,215,1,23029,0,90393,157404,42,108249
2025-04-29 19:27:06,0,level_complete,216,1,23296,0,91495,158514,33,109498
2025-04-29 19:27:10,0,level_complete,217,1,23378,0,91895,158897,30,109965
2025-04-29 19:27:19,0,training_run_ep 23500,-,1,23501,0,92474,159568,0,110653
2025-04-29 19:27:20,0,level_complete,218,1,23512,0,92550,159652,34,110747
2025-04-29 19:27:24,0,level_complete,219,1,23568,0,92909,160037,36,111195
2025-04-29 19:27:25,0,level_complete,220,1,23572,0,92940,160074,34,111233
2025-04-29 19:27:39,0,level_complete,221,1,23819,0,94215,161294,33,112789
2025-04-29 19:27:48,0,level_complete,222,1,23921,0,94973,162099,30,113689
2025-04-29 19:27:51,0,level_complete,223,1,23960,0,95340,162457,33,114122
2025-04-29 19:27:56,0,training_run_ep 24000,-,1,24001,0,95659,162811,0,114508
2025-04-29 19:28:04,0,level_complete,224,1,24114,0,96392,163533,30,115434
2025-04-29 19:28:11,0,level_complete,225,1,24204,0,96944,164187,40,116108
2025-04-29 19:28:15,0,level_complete,226,1,24242,0,97234,164657,30,116474
2025-04-29 19:28:19,0,level_complete,227,1,24288,0,97542,164958,30,116842
2025-04-29 19:28:19,0,level_complete,228,1,24293,0,97588,165006,43,116908
2025-04-29 19:28:30,0,level_complete,229,1,24431,0,98318,166019,31,117766
2025-04-29 19:28:31,0,level_complete,230,1,24441,0,98402,166115,32,117869
2025-04-29 19:28:32,0,level_complete,231,1,24460,0,98523,166262,32,118011
2025-04-29 19:28:34,0,level_complete,232,1,24471,0,98635,166389,31,118143
2025-04-29 19:28:34,0,level_complete,233,1,24476,0,98712,166470,34,118253
2025-04-29 19:28:36,0,level_complete,234,1,24493,0,98842,166593,38,118412
2025-04-29 19:28:37,0,training_run_ep 24500,-,1,24501,0,98906,166647,0,118491
2025-04-29 19:28:41,0,level_complete,235,1,24571,0,99352,167083,36,119056
2025-04-29 19:28:43,0,level_complete,236,1,24590,0,99528,167259,35,119278
2025-04-29 19:28:46,0,level_complete,237,1,24641,0,99789,167531,34,119595
2025-04-29 19:28:50,0,level_complete,238,1,24685,0,100041,167855,39,119903
2025-04-29 19:28:51,0,level_complete,239,1,24705,0,100141,167946,38,120019
2025-04-29 19:28:52,0,level_complete,240,1,24708,0,100197,168028,43,120095
2025-04-29 19:29:02,0,level_complete,241,1,24807,0,100824,169044,36,120864
2025-04-29 19:29:05,0,level_complete,242,1,24815,0,100868,169316,39,120920
2025-04-29 19:29:07,0,level_complete,243,1,24817,0,100900,169539,35,120960
2025-04-29 19:29:10,0,level_complete,244,1,24844,0,101185,169853,29,121303
2025-04-29 19:29:10,0,level_complete,245,1,24846,0,101213,169887,40,121344
2025-04-29 19:29:12,0,level_complete,246,1,24861,0,101325,170026,33,121489
2025-04-29 19:29:12,0,level_complete,247,1,24864,0,101366,170092,29,121533
2025-04-29 19:29:15,0,level_complete,248,1,24916,0,101661,170365,36,121885
2025-04-29 19:29:17,0,level_complete,249,1,24934,0,101743,170455,35,121987
2025-04-29 19:29:18,0,level_complete,250,1,24964,0,101863,170566,47,122139
2025-04-29 19:29:19,0,level_complete,251,1,24967,0,101897,170605,39,122185
2025-04-29 19:29:21,0,training_run_ep 25000,-,1,25001,0,102023,170721,0,122331
2025-04-29 19:29:21,0,level_complete,252,1,25003,0,102056,170752,39,122377
2025-04-29 19:30:37,0,level_complete,253,1,25189,0,102734,178496,34,123181
2025-04-29 19:30:51,0,training_run_ep 25500,-,1,25501,0,103795,179572,0,124409
2025-04-29 19:31:11,0,level_complete,254,1,25928,0,105274,181114,34,126166
2025-04-29 19:31:15,0,training_run_ep 26000,-,1,26001,0,105599,181405,0,126572
2025-04-29 19:31:23,0,level_complete,255,1,26199,0,106197,181997,32,127279
2025-04-29 19:31:29,0,level_complete,256,1,26290,0,106737,182610,31,127917
2025-04-29 19:31:30,0,level_complete,257,1,26295,0,106812,182718,29,127999
2025-04-29 19:33:16,0,level_complete,258,1,26424,0,107329,193555,30,128616
2025-04-29 19:33:18,0,level_complete,259,1,26454,0,107515,193737,37,128833
2025-04-29 19:33:20,0,level_complete,260,1,26491,0,107731,193944,32,129083
2025-04-29 19:33:21,0,training_run_ep 26500,-,1,26501,0,107781,193984,0,129147
2025-04-29 19:33:25,0,level_complete,261,1,26575,0,108163,194355,36,129623
2025-04-29 19:33:30,0,level_complete,262,1,26623,0,108505,194716,35,130027
2025-04-29 19:33:32,0,level_complete,263,1,26650,0,108704,194908,30,130276
2025-04-29 19:33:33,0,level_complete,264,1,26666,0,108787,194983,32,130376
2025-04-29 19:33:45,0,level_complete,265,1,26876,0,109904,196091,36,131741
2025-04-29 19:33:47,0,level_complete,266,1,26901,0,110030,196221,34,131889
2025-04-29 19:33:49,0,level_complete,267,1,26926,0,110198,196396,30,132099
2025-04-29 19:33:53,0,level_complete,268,1,26987,0,110539,196756,34,132502
2025-04-29 19:33:54,0,training_run_ep 27000,-,1,27001,0,110600,196812,0,132581
2025-04-29 19:33:58,0,level_complete,269,1,27085,0,110953,197141,33,133010
2025-04-29 19:34:01,0,level_complete,270,1,27157,0,111274,197444,30,133391
2025-04-29 19:34:06,0,level_complete,271,1,27252,0,111667,197826,35,133860
2025-04-29 19:34:07,0,level_complete,272,1,27273,0,111787,197940,31,134001
2025-04-29 19:34:10,0,level_complete,273,1,27341,0,112051,198203,31,134304
2025-04-29 19:34:18,0,training_run_ep 27500,-,1,27501,0,112699,198908,0,135064
2025-04-29 19:34:32,0,level_complete,274,1,27762,0,113928,200102,32,136538
2025-04-29 19:34:43,0,training_run_ep 28000,-,1,28001,0,114815,200922,0,137580
2025-04-29 19:34:45,0,level_complete,275,1,28014,0,114913,201060,33,137698
2025-04-29 19:34:59,0,level_complete,276,1,28332,0,116076,202165,36,139095
2025-04-29 19:35:00,0,level_complete,277,1,28355,0,116218,202302,34,139263
2025-04-29 19:35:07,0,training_run_ep 28500,-,1,28501,0,116740,202788,0,139895
2025-04-29 19:35:09,0,level_complete,278,1,28535,0,116856,202911,35,140027
2025-04-29 19:35:18,0,level_complete,279,1,28716,0,117664,203675,40,140989
2025-04-29 19:35:27,0,level_complete,280,1,28886,0,118401,204462,28,141862
2025-04-29 19:35:29,0,level_complete,281,1,28925,0,118620,204688,31,142152
2025-04-29 19:35:34,0,training_run_ep 29000,-,1,29001,0,118973,205028,0,142579
2025-04-29 19:35:35,0,level_complete,282,1,29016,0,119060,205115,37,142690
2025-04-29 19:35:47,0,level_complete,283,1,29291,0,119946,205996,37,143734
2025-04-29 19:35:50,0,level_complete,284,1,29341,0,120187,206250,34,144010
2025-04-29 19:35:52,0,level_complete,285,1,29374,0,120378,206435,33,144234
2025-04-29 19:35:53,0,level_complete,286,1,29377,0,120426,206491,31,144293
2025-04-29 19:36:02,0,training_run_ep 29500,-,1,29501,0,121234,207248,0,145262
2025-04-29 19:36:07,0,level_complete,287,1,29554,0,121678,207683,37,145803
2025-04-29 19:36:07,0,level_complete,288,1,29557,0,121715,207724,31,145844
2025-04-29 19:36:08,0,level_complete,289,1,29559,0,121748,207757,34,145885
2025-04-29 19:36:12,0,level_complete,290,1,29612,0,122139,208142,31,146355
2025-04-29 19:36:17,0,level_complete,291,1,29676,0,122563,208570,30,146847
2025-04-29 19:36:20,0,level_complete,292,1,29706,0,122846,208860,38,147182
2025-04-29 19:36:21,0,level_complete,293,1,29712,0,122925,208946,29,147285
2025-04-29 19:36:29,0,level_complete,294,1,29821,0,123588,209708,36,148121
2025-04-29 19:36:31,0,level_complete,295,1,29845,0,123731,209873,34,148293
2025-04-29 19:36:34,0,level_complete,296,1,29898,0,124014,210148,36,148641
2025-04-29 19:36:35,0,level_complete,297,1,29903,0,124075,210209,33,148716
2025-04-29 19:36:35,0,level_complete,298,1,29912,0,124124,210256,36,148783
2025-04-29 19:36:37,0,level_complete,299,1,29930,0,124249,210420,33,148933
2025-04-29 19:36:38,0,level_complete,300,1,29932,0,124288,210470,32,148979
2025-04-29 19:36:40,0,level_complete,301,1,29964,0,124476,210649,32,149218
2025-04-29 19:36:40,0,level_complete,302,1,29967,0,124514,210690,41,149271
2025-04-29 19:36:41,0,level_complete,303,1,29974,0,124574,210763,28,149333
2025-04-29 19:36:42,0,level_complete,304,1,29983,0,124690,210864,42,149515
2025-04-29 19:36:43,0,level_complete,305,1,29997,0,124830,211033,30,149688
2025-04-29 19:36:44,0,level_complete,306,1,29998,0,124857,211061,38,149726
2025-04-29 19:36:45,0,training_run_ep 30000,-,1,30001,0,124894,211100,0,149771
2025-04-29 19:37:03,0,level_complete,307,1,30027,0,125192,213237,40,150147
2025-04-29 19:37:04,0,level_complete,308,1,30045,0,125308,213354,34,150275
2025-04-29 19:37:06,0,level_complete,309,1,30066,0,125448,213548,32,150437
2025-04-29 19:37:07,0,level_complete,310,1,30075,0,125511,213631,33,150517
2025-04-29 19:37:09,0,level_complete,311,1,30087,0,125651,213766,32,150685
2025-04-29 19:37:09,0,level_complete,312,1,30088,0,125678,213798,30,150715
2025-04-29 19:37:12,0,level_complete,313,1,30137,0,125942,214061,42,151040
2025-04-29 19:37:13,0,level_complete,314,1,30147,0,126030,214164,30,151137
2025-04-29 19:37:17,0,level_complete,315,1,30192,0,126352,214515,33,151527
2025-04-29 19:37:18,0,level_complete,316,1,30201,0,126455,214614,37,151653
2025-04-29 19:37:22,0,level_complete,317,1,30272,0,126752,214903,35,152001
2025-04-29 19:37:25,0,level_complete,318,1,30318,0,127098,215233,33,152414
2025-04-29 19:37:30,0,level_complete,319,1,30400,0,127435,215574,36,152800
2025-04-29 19:37:32,0,level_complete,320,1,30433,0,127570,215721,32,152968
2025-04-29 19:37:32,0,level_complete,321,1,30436,0,127602,215762,33,153006
2025-04-29 19:37:35,0,training_run_ep 30500,-,1,30501,0,127877,216019,0,153359
2025-04-29 19:37:42,0,level_complete,322,1,30638,0,128478,216613,31,154068
2025-04-29 19:37:58,0,training_run_ep 31000,-,1,31001,0,129877,217948,0,155727
2025-04-29 19:38:08,0,level_complete,323,1,31276,0,130793,218841,32,156800
2025-04-29 19:38:17,0,training_run_ep 31500,-,1,31501,0,131524,219570,0,157640
2025-04-29 19:38:21,0,level_complete,324,1,31577,0,131827,219869,32,157985
2025-04-29 19:38:25,0,level_complete,325,1,31665,0,132177,220242,28,158388
2025-04-29 19:38:27,0,level_complete,326,1,31688,0,132316,220400,34,158570
2025-04-29 19:38:30,0,level_complete,327,1,31731,0,132469,220600,32,158751
2025-04-29 19:39:34,0,level_complete,328,1,31913,0,133287,227359,32,159724
2025-04-29 19:40:13,0,training_run_ep 32000,-,1,32001,0,133672,231362,0,160179
2025-04-29 19:40:15,0,level_complete,329,1,32031,0,133844,231531,35,160388
2025-04-29 19:40:15,0,level_complete,330,1,32032,0,133871,231570,36,160424
2025-04-29 19:40:22,0,level_complete,331,1,32150,0,134516,232190,53,161247
2025-04-29 19:40:59,0,level_complete,332,1,32407,0,135627,235703,38,162591
2025-04-29 19:41:01,0,level_complete,333,1,32451,0,135833,235912,33,162827
2025-04-29 19:41:02,0,level_complete,334,1,32455,0,135881,235967,38,162889
2025-04-29 19:41:03,0,level_complete,335,1,32469,0,136004,236088,30,163054
2025-04-29 19:41:04,0,level_complete,336,1,32474,0,136069,236155,35,163132
2025-04-29 19:41:05,0,level_complete,337,1,32498,0,136181,236273,32,163271
2025-04-29 19:41:06,0,training_run_ep 32500,-,1,32501,0,136191,236282,0,163282
2025-04-29 19:41:20,0,level_complete,338,1,32738,0,137135,237284,32,164411
2025-04-29 19:41:24,0,level_complete,339,1,32794,0,137420,237536,41,164770
2025-04-29 19:41:40,0,training_run_ep 33000,-,1,33001,0,138518,238569,0,166048
2025-04-29 19:41:41,0,level_complete,340,1,33008,0,138578,238631,35,166123
2025-04-29 19:41:44,0,level_complete,341,1,33038,0,138755,238827,31,166323
2025-04-29 19:41:45,0,level_complete,342,1,33046,0,138837,238913,32,166424
2025-04-29 19:41:45,0,level_complete,343,1,33050,0,138875,238984,31,166467
2025-04-29 19:41:47,0,level_complete,344,1,33075,0,139000,239116,32,166611
2025-04-29 19:41:48,0,level_complete,345,1,33076,0,139027,239157,29,166640
2025-04-29 19:41:48,0,level_complete,346,1,33078,0,139059,239189,30,166676
2025-04-29 19:41:50,0,level_complete,347,1,33089,0,139133,239266,31,166764
2025-04-29 19:41:53,0,level_complete,348,1,33111,0,139285,239455,31,166935
2025-04-29 19:41:54,0,level_complete,349,1,33114,0,139319,239497,32,166974
2025-04-29 19:41:54,0,level_complete,350,1,33119,0,139375,239558,34,167047
2025-04-29 19:41:56,0,level_complete,351,1,33145,0,139599,239779,34,167326
2025-04-29 19:41:57,0,level_complete,352,1,33153,0,139657,239866,36,167398
2025-04-29 19:41:58,0,level_complete,353,1,33158,0,139709,239954,30,167456
2025-04-29 19:41:59,0,level_complete,354,1,33161,0,139736,240010,30,167486
2025-04-29 19:42:02,0,level_complete,355,1,33194,0,140003,240270,35,167831
2025-04-29 19:42:05,0,level_complete,356,1,33222,0,140189,240558,31,168044
2025-04-29 19:42:06,0,level_complete,357,1,33245,0,140326,240699,34,168216
2025-04-29 19:43:47,0,level_complete,358,1,33285,0,140638,251268,34,168605
2025-04-29 19:43:48,0,level_complete,359,1,33300,0,140726,251350,34,168703
2025-04-29 19:43:55,0,level_complete,360,1,33401,0,141150,251841,33,169225
2025-04-29 19:44:00,0,level_complete,361,1,33494,0,141567,252230,31,169712
2025-04-29 19:44:01,0,training_run_ep 33500,-,1,33501,0,141595,252251,0,169750
2025-04-29 19:44:03,0,level_complete,362,1,33536,0,141750,252401,36,169941
2025-04-29 19:44:05,0,level_complete,363,1,33603,0,142005,252657,33,170228
2025-04-29 19:44:20,0,level_complete,364,1,33767,0,142962,253757,29,171389
2025-04-29 19:44:21,0,level_complete,365,1,33774,0,142993,253839,33,171426
2025-04-29 19:44:28,0,level_complete,366,1,33859,0,143498,254317,32,172043
2025-04-29 19:44:28,0,level_complete,367,1,33860,0,143525,254351,31,172074
2025-04-29 19:44:35,0,level_complete,368,1,33915,0,143932,254768,37,172585
2025-04-29 19:44:35,0,level_complete,369,1,33917,0,143959,254788,41,172626
2025-04-29 19:44:36,0,level_complete,370,1,33926,0,144027,254856,34,172712
2025-04-29 19:44:37,0,level_complete,371,1,33930,0,144084,254924,36,172781
2025-04-29 19:44:43,0,training_run_ep 34000,-,1,34001,0,144501,255287,0,173304
2025-04-29 19:44:45,0,level_complete,372,1,34019,0,144629,255427,34,173453
2025-04-29 19:44:47,0,level_complete,373,1,34043,0,144794,255577,39,173659
2025-04-29 19:44:50,0,level_complete,374,1,34103,0,145115,255891,38,174037
2025-04-29 19:44:58,0,level_complete,375,1,34232,0,145706,256503,31,174758
2025-04-29 19:44:59,0,level_complete,376,1,34236,0,145762,256568,31,174828
2025-04-29 19:44:59,0,level_complete,377,1,34241,0,145814,256640,32,174890
2025-04-29 19:45:08,0,level_complete,378,1,34414,0,146618,257391,33,175850
2025-04-29 19:45:11,0,level_complete,379,1,34460,0,146896,257691,34,176200
2025-04-29 19:45:12,0,level_complete,380,1,34464,0,146944,257762,31,176257
2025-04-29 19:45:14,0,level_complete,381,1,34500,0,147139,257951,34,176497
2025-04-29 19:45:15,0,training_run_ep 34500,-,1,34501,0,147158,257974,0,176518
2025-04-29 19:45:16,0,level_complete,382,1,34524,0,147291,258098,33,176673
2025-04-29 19:45:21,0,level_complete,383,1,34585,0,147706,258540,36,177186
2025-04-29 19:45:31,0,level_complete,384,1,34783,0,148487,259483,29,178082
2025-04-29 19:45:32,0,level_complete,385,1,34786,0,148543,259543,34,178150
2025-04-29 19:45:39,0,level_complete,386,1,34907,0,149133,260169,32,178861
2025-04-29 19:45:41,0,level_complete,387,1,34928,0,149272,260289,35,179039
2025-04-29 19:45:46,0,training_run_ep 35000,-,1,35001,0,149681,260728,0,179531
2025-04-29 19:46:03,0,level_complete,388,1,35299,0,151228,262253,34,181409
2025-04-29 19:46:03,0,level_complete,389,1,35300,0,151255,262288,32,181441
2025-04-29 19:46:10,0,level_complete,390,1,35356,0,151884,262959,35,182214
2025-04-29 19:46:11,0,level_complete,391,1,35361,0,151970,263082,32,182321
2025-04-29 19:46:12,0,level_complete,392,1,35366,0,152041,263163,40,182413
2025-04-29 19:46:12,0,level_complete,393,1,35367,0,152068,263194,31,182444
2025-04-29 19:46:13,0,level_complete,394,1,35371,0,152145,263293,33,182538
2025-04-29 19:46:15,0,level_complete,395,1,35385,0,152308,263483,36,182736
2025-04-29 19:46:16,0,level_complete,396,1,35388,0,152365,263605,29,182805
2025-04-29 19:46:16,0,level_complete,397,1,35389,0,152392,263631,36,182841
2025-04-29 19:46:16,0,level_complete,398,1,35390,0,152419,263665,30,182871
2025-04-29 19:46:17,0,level_complete,399,1,35391,0,152446,263700,36,182907
2025-04-29 19:46:19,0,level_complete,400,1,35411,0,152679,263949,30,183186
2025-04-29 19:46:20,0,level_complete,401,1,35415,0,152729,264023,34,183246
2025-04-29 19:46:20,0,level_complete,402,1,35417,0,152769,264061,35,183296
2025-04-29 19:46:21,0,level_complete,403,1,35422,0,152830,264124,33,183369
2025-04-29 19:46:21,0,level_complete,404,1,35424,0,152878,264184,28,183428
2025-04-29 19:46:22,0,level_complete,405,1,35429,0,152938,264247,32,183497
2025-04-29 19:46:22,0,level_complete,406,1,35431,0,152983,264292,31,183552
2025-04-29 19:46:23,0,level_complete,407,1,35434,0,153032,264361,32,183608
2025-04-29 19:46:24,0,level_complete,408,1,35440,0,153080,264422,32,183663
2025-04-29 19:46:25,0,level_complete,409,1,35442,0,153117,264524,34,183710
2025-04-29 19:46:25,0,level_complete,410,1,35444,0,153165,264569,31,183768
2025-04-29 19:46:27,0,level_complete,411,1,35456,0,153354,264756,31,183988
2025-04-29 19:46:27,0,level_complete,412,1,35457,0,153381,264802,35,184023
2025-04-29 19:46:28,0,level_complete,413,1,35458,0,153408,264836,38,184061
2025-04-29 19:46:29,0,level_complete,414,1,35468,0,153548,264995,31,184223
2025-04-29 19:46:30,0,level_complete,415,1,35471,0,153618,265100,31,184306
2025-04-29 19:46:32,0,level_complete,416,1,35480,0,153785,265290,39,184511
2025-04-29 19:46:33,0,level_complete,417,1,35481,0,153812,265343,32,184543
2025-04-29 19:46:33,0,level_complete,418,1,35482,0,153839,265368,37,184580
2025-04-29 19:46:34,0,level_complete,419,1,35484,0,153890,265433,33,184638
2025-04-29 19:46:34,0,level_complete,420,1,35485,0,153917,265476,36,184674
2025-04-29 19:46:35,0,level_complete,421,1,35486,0,153944,265521,30,184704
2025-04-29 19:46:36,0,level_complete,422,1,35492,0,154038,265608,30,184818
2025-04-29 19:46:36,0,level_complete,423,1,35494,0,154073,265653,35,184864
2025-04-29 19:46:37,0,level_complete,424,1,35495,0,154100,265683,29,184893
2025-04-29 19:46:37,0,level_complete,425,1,35496,0,154127,265716,36,184929
2025-04-29 19:46:38,0,level_complete,426,1,35498,0,154171,265789,33,184981
2025-04-29 19:46:38,0,level_complete,427,1,35500,0,154223,265865,34,185051
2025-04-29 19:46:39,0,training_run_ep 35500,-,1,35501,0,154227,265869,0,185055
2025-04-29 19:46:40,0,level_complete,428,1,35504,0,154298,265956,31,185145
2025-04-29 19:46:41,0,level_complete,429,1,35511,0,154351,266083,32,185206
2025-04-29 19:46:41,0,level_complete,430,1,35513,0,154379,266111,33,185240
2025-04-29 19:46:42,0,level_complete,431,1,35517,0,154443,266198,31,185314
2025-04-29 19:46:43,0,level_complete,432,1,35522,0,154534,266302,33,185418
2025-04-29 19:46:45,0,level_complete,433,1,35536,0,154665,266460,32,185583
2025-04-29 19:46:46,0,level_complete,434,1,35542,0,154739,266545,35,185667
2025-04-29 19:46:46,0,level_complete,435,1,35543,0,154766,266596,42,185709
2025-04-29 19:46:47,0,level_complete,436,1,35546,0,154814,266650,33,185766
2025-04-29 19:46:49,0,level_complete,437,1,35562,0,154987,266850,33,185970
2025-04-29 19:46:50,0,level_complete,438,1,35579,0,155098,266984,32,186096
2025-04-29 19:46:51,0,level_complete,439,1,35582,0,155129,267033,30,186130
2025-04-29 19:46:52,0,level_complete,440,1,35591,0,155210,267121,33,186231
2025-04-29 19:46:54,0,level_complete,441,1,35622,0,155458,267370,29,186530
2025-04-29 19:46:55,0,level_complete,442,1,35626,0,155527,267483,34,186619
2025-04-29 19:46:56,0,level_complete,443,1,35633,0,155592,267551,32,186697
2025-04-29 19:46:57,0,level_complete,444,1,35638,0,155697,267669,32,186818
2025-04-29 19:46:58,0,level_complete,445,1,35639,0,155724,267694,38,186856
2025-04-29 19:46:59,0,level_complete,446,1,35650,0,155902,267869,30,187070
2025-04-29 19:47:00,0,level_complete,447,1,35651,0,155929,267908,32,187102
2025-04-29 19:47:00,0,level_complete,448,1,35653,0,155977,267970,33,187168
2025-04-29 19:47:02,0,level_complete,449,1,35667,0,156162,268185,32,187403
2025-04-29 19:47:03,0,level_complete,450,1,35669,0,156209,268240,31,187455
2025-04-29 19:47:03,0,level_complete,451,1,35671,0,156246,268289,29,187501
2025-04-29 19:47:04,0,level_complete,452,1,35674,0,156285,268338,32,187549
2025-04-29 19:47:04,0,level_complete,453,1,35678,0,156326,268390,37,187604
2025-04-29 19:47:05,0,level_complete,454,1,35679,0,156353,268416,32,187636
2025-04-29 19:47:06,0,level_complete,455,1,35692,0,156447,268520,29,187747
2025-04-29 19:47:06,0,level_complete,456,1,35702,0,156517,268597,29,187825
2025-04-29 19:47:07,0,level_complete,457,1,35709,0,156609,268700,32,187937
2025-04-29 19:47:09,0,level_complete,458,1,35723,0,156715,268834,45,188067
2025-04-29 19:47:10,0,level_complete,459,1,35731,0,156812,268949,33,188183
2025-04-29 19:47:11,0,level_complete,460,1,35746,0,156932,269078,31,188337
2025-04-29 19:47:13,0,level_complete,461,1,35765,0,157096,269286,38,188543
2025-04-29 19:47:15,0,level_complete,462,1,35782,0,157224,269459,31,188699
2025-04-29 19:47:15,0,level_complete,463,1,35783,0,157251,269504,37,188736
2025-04-29 19:47:17,0,level_complete,464,1,35796,0,157343,269601,31,188842
2025-04-29 19:47:18,0,level_complete,465,1,35799,0,157401,269740,31,188906
2025-04-29 19:47:19,0,level_complete,466,1,35804,0,157463,269801,33,188993
2025-04-29 19:47:21,0,level_complete,467,1,35828,0,157670,270032,31,189249
2025-04-29 19:47:23,0,level_complete,468,1,35845,0,157787,270183,36,189387
2025-04-29 19:47:23,0,level_complete,469,1,35846,0,157814,270211,29,189416
2025-04-29 19:47:24,0,level_complete,470,1,35854,0,157870,270284,33,189479
2025-04-29 19:47:25,0,level_complete,471,1,35868,0,157987,270411,35,189630
2025-04-29 19:47:28,0,level_complete,472,1,35896,0,158180,270680,32,189864
2025-04-29 19:47:29,0,level_complete,473,1,35908,0,158301,270810,28,190007
2025-04-29 19:47:32,0,level_complete,474,1,35936,0,158564,271098,32,190327
2025-04-29 19:47:39,0,level_complete,475,1,35974,0,158837,271758,32,190669
2025-04-29 19:47:39,0,level_complete,476,1,35986,0,158889,271811,35,190733
2025-04-29 19:47:39,0,level_complete,477,1,35987,0,158916,271843,35,190768
2025-04-29 19:47:41,0,training_run_ep 36000,-,1,36001,0,158976,271896,0,190843
2025-04-29 19:47:45,0,level_complete,478,1,36072,0,159382,272365,52,191347
2025-04-29 19:47:48,0,level_complete,479,1,36110,0,159614,272597,32,191636
2025-04-29 19:47:49,0,level_complete,480,1,36112,0,159643,272629,36,191674
2025-04-29 19:48:03,0,level_complete,481,1,36236,0,160209,273830,30,192336
2025-04-29 19:48:25,0,training_run_ep 36500,-,1,36501,0,161365,275867,0,193675
2025-04-29 19:49:39,0,level_complete,482,1,36590,0,161809,283126,37,194214
2025-04-29 19:49:48,0,level_complete,483,1,36790,0,162689,283982,35,195259
2025-04-29 19:49:57,0,level_complete,484,1,36915,0,163366,284622,47,196087
2025-04-29 19:49:57,0,level_complete,485,1,36918,0,163412,284678,35,196145
2025-04-29 19:50:05,0,training_run_ep 37000,-,1,37001,0,163923,285171,0,196767
2025-04-29 19:50:09,0,level_complete,486,1,37046,0,164178,285433,29,197062
2025-04-29 19:50:13,0,level_complete,487,1,37114,0,164554,285846,37,197505
2025-04-29 19:50:15,0,level_complete,488,1,37148,0,164778,286072,30,197770
2025-04-29 19:50:17,0,level_complete,489,1,37176,0,164921,286239,32,197933
2025-04-29 19:50:22,0,level_complete,490,1,37233,0,165309,286637,43,198435
2025-04-29 19:50:27,0,level_complete,491,1,37317,0,165723,287037,45,198933
2025-04-29 19:50:29,0,level_complete,492,1,37328,0,165819,287149,38,199051
2025-04-29 19:50:39,0,level_complete,493,1,37414,0,166453,287802,37,199848
2025-04-29 19:50:47,0,level_complete,494,1,37501,0,167156,288485,39,200714
2025-04-29 19:50:47,0,training_run_ep 37500,-,1,37501,0,167156,288485,39,200714
2025-04-29 19:50:53,0,level_complete,495,1,37566,0,167680,289008,31,201340
2025-04-29 19:50:56,0,level_complete,496,1,37586,0,167948,289314,32,201666
2025-04-29 19:50:57,0,level_complete,497,1,37587,0,167975,289342,37,201703
2025-04-29 19:51:07,0,level_complete,498,1,37719,0,168789,290209,31,202708
2025-04-29 19:51:09,0,level_complete,499,1,37744,0,168957,290454,29,202899
2025-04-29 19:51:10,0,level_complete,500,1,37750,0,169030,290537,34,202988
2025-04-29 19:51:12,0,level_complete,501,1,37770,0,169213,290738,29,203208
2025-04-29 19:51:13,0,level_complete,502,1,37773,0,169250,290778,29,203247
2025-04-29 19:51:13,0,level_complete,503,1,37774,0,169277,290829,32,203279
2025-04-29 19:51:16,0,level_complete,504,1,37811,0,169514,291074,33,203558
2025-04-29 19:51:16,0,level_complete,505,1,37819,0,169579,291142,38,203640
2025-04-29 19:51:17,0,level_complete,506,1,37831,0,169695,291258,45,203800
2025-04-29 19:51:19,0,level_complete,507,1,37841,0,169796,291363,34,203929
2025-04-29 19:51:21,0,level_complete,508,1,37874,0,170011,291584,35,204181
2025-04-29 19:51:22,0,level_complete,509,1,37878,0,170077,291655,38,204265
2025-04-29 19:51:22,0,level_complete,510,1,37887,0,170170,291743,37,204380
2025-04-29 19:51:25,0,level_complete,511,1,37914,0,170361,291956,32,204600
2025-04-29 19:53:16,0,level_complete,512,1,37929,0,170473,305297,37,204736
2025-04-29 19:53:19,0,level_complete,513,1,37968,0,170691,305509,30,204999
2025-04-29 19:53:19,0,level_complete,514,1,37972,0,170738,305576,33,205060
2025-04-29 19:53:21,0,training_run_ep 38000,-,1,38001,0,170873,305697,0,205237
2025-04-29 19:53:22,0,level_complete,515,1,38014,0,170945,305786,32,205320
2025-04-29 19:53:37,0,level_complete,516,1,38315,0,172243,307065,35,206896
2025-04-29 19:53:42,0,level_complete,517,1,38390,0,172598,307406,36,207345
2025-04-29 19:53:45,0,level_complete,518,1,38457,0,172923,307703,44,207741
2025-04-29 19:53:48,0,training_run_ep 38500,-,1,38501,0,173073,307842,0,207923
2025-04-29 19:54:13,0,training_run_ep 39000,-,1,39001,0,174815,309730,0,209944
2025-04-29 19:54:21,0,level_complete,519,1,39139,0,175412,310337,29,210660
2025-04-29 19:54:25,0,level_complete,520,1,39207,0,175818,310744,36,211146
2025-04-29 19:54:27,0,level_complete,521,1,39228,0,175966,310902,31,211315
2025-04-29 19:54:29,0,level_complete,522,1,39238,0,176145,311093,27,211533
2025-04-29 19:54:29,0,level_complete,523,1,39240,0,176174,311127,32,211567
2025-04-29 19:54:30,0,level_complete,524,1,39243,0,176245,311196,38,211663
2025-04-29 19:54:30,0,level_complete,525,1,39245,0,176275,311243,30,211696
2025-04-29 19:54:31,0,level_complete,526,1,39246,0,176302,311286,37,211733
2025-04-29 19:54:32,0,level_complete,527,1,39251,0,176412,311423,28,211856
2025-04-29 19:54:39,0,level_complete,528,1,39332,0,177022,312066,30,212589
2025-04-29 19:54:45,0,level_complete,529,1,39402,0,177603,312611,41,213311
2025-04-29 19:54:46,0,level_complete,530,1,39406,0,177663,312673,35,213381
2025-04-29 19:54:52,0,level_complete,531,1,39458,0,178153,313205,31,213997
2025-04-29 19:54:56,0,level_complete,532,1,39487,0,178524,313645,30,214462
2025-04-29 19:54:57,0,level_complete,533,1,39489,0,178574,313707,31,214519
2025-04-29 19:54:58,0,level_complete,534,1,39500,0,178730,313863,31,214719
2025-04-29 19:54:59,0,training_run_ep 39500,-,1,39501,0,178740,313872,0,214730
2025-04-29 19:55:00,0,level_complete,535,1,39509,0,178848,313987,32,214870
2025-04-29 19:55:01,0,level_complete,536,1,39515,0,178937,314095,30,214979
2025-04-29 19:55:06,0,level_complete,537,1,39547,0,179336,314502,49,215493
2025-04-29 19:55:07,0,level_complete,538,1,39555,0,179466,314652,33,215640
2025-04-29 19:55:10,0,level_complete,539,1,39568,0,179610,314875,30,215817
2025-04-29 19:55:11,0,level_complete,540,1,39574,0,179736,315017,34,215970
2025-04-29 19:55:12,0,level_complete,541,1,39575,0,179763,315070,30,216000
2025-04-29 19:55:14,0,level_complete,542,1,39583,0,179911,315244,41,216192
2025-04-29 19:55:15,0,level_complete,543,1,39594,0,180073,315430,32,216384
2025-04-29 19:55:16,0,level_complete,544,1,39595,0,180100,315468,29,216413
2025-04-29 19:55:17,0,level_complete,545,1,39599,0,180187,315581,31,216516
2025-04-29 19:55:18,0,level_complete,546,1,39603,0,180235,315651,31,216576
2025-04-29 19:55:19,0,level_complete,547,1,39610,0,180319,315754,32,216674
2025-04-29 19:55:20,0,level_complete,548,1,39614,0,180393,315838,36,216767
2025-04-29 19:55:21,0,level_complete,549,1,39617,0,180449,315907,34,216834
2025-04-29 19:55:21,0,level_complete,550,1,39619,0,180495,315956,31,216893
2025-04-29 19:55:22,0,level_complete,551,1,39625,0,180574,316044,41,216995
2025-04-29 19:55:23,0,level_complete,552,1,39627,0,180621,316099,29,217047
2025-04-29 19:55:23,0,level_complete,553,1,39628,0,180648,316128,37,217084
2025-04-29 19:55:24,0,level_complete,554,1,39635,0,180780,316265,32,217252
2025-04-29 19:55:25,0,level_complete,555,1,39641,0,180885,316382,32,217385
2025-04-29 19:55:26,0,level_complete,556,1,39646,0,180954,316444,50,217484
2025-04-29 19:55:26,0,level_complete,557,1,39647,0,180981,316471,29,217513
2025-04-29 19:55:28,0,level_complete,558,1,39659,0,181150,316702,30,217717
2025-04-29 19:55:29,0,level_complete,559,1,39665,0,181244,316790,30,217828
2025-04-29 19:55:30,0,level_complete,560,1,39668,0,181318,316877,28,217913
2025-04-29 19:55:31,0,level_complete,561,1,39670,0,181371,316931,33,217984
2025-04-29 19:55:35,0,level_complete,562,1,39701,0,181753,317336,33,218427
2025-04-29 19:55:36,0,level_complete,563,1,39708,0,181860,317467,31,218551
2025-04-29 19:55:38,0,level_complete,564,1,39721,0,182018,317655,30,218748
2025-04-29 19:55:38,0,level_complete,565,1,39723,0,182068,317717,31,218804
2025-04-29 19:55:43,0,level_complete,566,1,39729,0,182152,318252,34,218911
2025-04-29 19:55:44,0,level_complete,567,1,39732,0,182199,318301,30,218971
2025-04-29 19:55:54,0,level_complete,568,1,39830,0,183000,319238,34,219945
2025-04-29 19:55:58,0,level_complete,569,1,39857,0,183358,319617,34,220369
2025-04-29 19:55:59,0,level_complete,570,1,39869,0,183495,319759,35,220537
2025-04-29 19:56:01,0,level_complete,571,1,39877,0,183616,319936,33,220698
2025-04-29 19:56:02,0,level_complete,572,1,39883,0,183710,320044,30,220806
2025-04-29 19:56:02,0,level_complete,573,1,39885,0,183755,320087,34,220868
2025-04-29 19:56:03,0,level_complete,574,1,39886,0,183782,320118,35,220903
2025-04-29 19:56:03,0,level_complete,575,1,39888,0,183823,320153,39,220961
2025-04-29 19:56:04,0,level_complete,576,1,39892,0,183900,320232,32,221055
2025-04-29 19:56:05,0,level_complete,577,1,39898,0,183990,320329,34,221167
2025-04-29 19:56:05,0,level_complete,578,1,39906,0,184068,320402,31,221265
2025-04-29 19:56:06,0,level_complete,579,1,39912,0,184132,320489,29,221341
2025-04-29 19:56:08,0,level_complete,580,1,39933,0,184365,320728,31,221643
2025-04-29 19:56:13,0,level_complete,581,1,39970,0,184753,321116,30,222116
2025-04-29 19:56:13,0,level_complete,582,1,39972,0,184788,321152,52,222176
2025-04-29 19:56:14,0,level_complete,583,1,39974,0,184834,321210,37,222233
2025-04-29 19:56:14,0,level_complete,584,1,39976,0,184887,321274,33,222293
2025-04-29 19:56:15,0,level_complete,585,1,39982,0,184970,321373,30,222388
2025-04-29 19:56:16,0,level_complete,586,1,39986,0,185012,321441,28,222431
2025-04-29 19:56:19,0,level_complete,587,1,39993,0,185126,321761,32,222567
2025-04-29 19:56:20,0,level_complete,588,1,40000,0,185221,321869,29,222673
2025-04-29 19:56:20,0,training_run_ep 40000,-,1,40001,0,185226,321873,0,222679
2025-04-29 19:56:22,0,level_complete,589,1,40010,0,185313,321992,38,222815
2025-04-29 19:56:26,0,level_complete,590,1,40032,0,185596,322453,39,223174
2025-04-29 19:56:27,0,level_complete,591,1,40034,0,185633,322493,27,223211
2025-04-29 19:56:28,0,level_complete,592,1,40039,0,185735,322643,40,223335
2025-04-29 19:56:29,0,level_complete,593,1,40042,0,185772,322692,32,223377
2025-04-29 19:56:31,0,level_complete,594,1,40065,0,186021,322944,34,223692
2025-04-29 19:56:34,0,level_complete,595,1,40089,0,186244,323249,37,223973
2025-04-29 19:56:35,0,level_complete,596,1,40095,0,186337,323343,45,224100
2025-04-29 19:56:36,0,level_complete,597,1,40099,0,186400,323422,33,224174
2025-04-29 19:56:37,0,level_complete,598,1,40100,0,186427,323475,39,224213
2025-04-29 19:56:37,0,level_complete,599,1,40101,0,186454,323497,44,224257
2025-04-29 19:56:38,0,level_complete,600,1,40105,0,186525,323574,30,224343
2025-04-29 19:56:38,0,level_complete,601,1,40108,0,186584,323639,30,224415
2025-04-29 19:56:39,0,level_complete,602,1,40112,0,186619,323724,31,224454
2025-04-29 19:56:40,0,level_complete,603,1,40113,0,186646,323776,32,224486
2025-04-29 19:56:40,0,level_complete,604,1,40114,0,186673,323824,30,224516
2025-04-29 19:56:40,0,level_complete,605,1,40115,0,186700,323860,30,224546
2025-04-29 19:56:41,0,level_complete,606,1,40118,0,186741,323915,33,224593
2025-04-29 19:56:42,0,level_complete,607,1,40123,0,186852,324061,37,224729
2025-04-29 19:56:43,0,level_complete,608,1,40127,0,186913,324128,28,224796
2025-04-29 19:56:44,0,level_complete,609,1,40128,0,186940,324183,31,224827
2025-04-29 19:56:44,0,level_complete,610,1,40130,0,186993,324267,30,224886
2025-04-29 19:56:45,0,level_complete,611,1,40134,0,187058,324335,29,224962
2025-04-29 19:56:46,0,level_complete,612,1,40136,0,187102,324391,31,225012
2025-04-29 19:56:46,0,level_complete,613,1,40137,0,187129,324435,35,225047
2025-04-29 19:56:47,0,level_complete,614,1,40139,0,187180,324498,31,225103
2025-04-29 19:56:47,0,level_complete,615,1,40140,0,187207,324544,33,225136
2025-04-29 19:56:47,0,level_complete,616,1,40141,0,187234,324585,33,225169
2025-04-29 19:56:48,0,level_complete,617,1,40142,0,187261,324624,29,225198
2025-04-29 19:56:49,0,level_complete,618,1,40152,0,187370,324765,29,225343
2025-04-29 19:56:50,0,level_complete,619,1,40155,0,187426,324826,32,225408
2025-04-29 19:56:50,0,level_complete,620,1,40157,0,187474,324895,30,225461
2025-04-29 19:56:51,0,level_complete,621,1,40160,0,187525,324968,30,225523
2025-04-29 19:56:52,0,level_complete,622,1,40168,0,187648,325100,44,225678
2025-04-29 19:56:53,0,level_complete,623,1,40170,0,187682,325158,33,225718
2025-04-29 19:56:53,0,level_complete,624,1,40171,0,187709,325189,40,225758
2025-04-29 19:56:54,0,level_complete,625,1,40173,0,187741,325237,30,225794
2025-04-29 19:56:57,0,level_complete,626,1,40175,0,187793,325661,38,225858
2025-04-29 19:56:58,0,level_complete,627,1,40177,0,187835,325699,43,225923
2025-04-29 19:56:58,0,level_complete,628,1,40178,0,187862,325751,29,225952
2025-04-29 19:56:59,0,level_complete,629,1,40179,0,187889,325785,30,225982
2025-04-29 19:56:59,0,level_complete,630,1,40182,0,187941,325834,31,226047
2025-04-29 19:57:00,0,level_complete,631,1,40185,0,188008,325925,38,226132
2025-04-29 19:57:01,0,level_complete,632,1,40187,0,188047,325965,32,226178
2025-04-29 19:57:01,0,level_complete,633,1,40188,0,188074,325998,29,226207
2025-04-29 19:57:02,0,level_complete,634,1,40192,0,188151,326076,35,226300
2025-04-29 19:57:03,0,level_complete,635,1,40193,0,188178,326117,43,226343
2025-04-29 19:57:03,0,level_complete,636,1,40194,0,188205,326172,35,226378
2025-04-29 19:57:04,0,level_complete,637,1,40195,0,188232,326214,32,226410
2025-04-29 19:57:04,0,level_complete,638,1,40197,0,188269,326270,29,226449
2025-04-29 19:57:05,0,level_complete,639,1,40198,0,188296,326302,34,226483
2025-04-29 19:57:05,0,level_complete,640,1,40199,0,188323,326348,29,226512
2025-04-29 19:57:05,0,level_complete,641,1,40200,0,188350,326373,45,226557
2025-04-29 19:57:06,0,level_complete,642,1,40201,0,188377,326410,33,226590
2025-04-29 19:57:07,0,level_complete,643,1,40210,0,188506,326603,33,226750
2025-04-29 19:57:09,0,level_complete,644,1,40214,0,188603,326724,33,226870
2025-04-29 19:57:09,0,level_complete,645,1,40217,0,188673,326809,30,226954
2025-04-29 19:57:10,0,level_complete,646,1,40218,0,188700,326858,32,226986
2025-04-29 19:57:10,0,level_complete,647,1,40219,0,188727,326883,39,227025
2025-04-29 19:57:10,0,level_complete,648,1,40220,0,188754,326922,30,227055
2025-04-29 19:57:11,0,level_complete,649,1,40221,0,188781,326953,33,227088
2025-04-29 19:57:11,0,level_complete,650,1,40223,0,188832,327007,33,227153
2025-04-29 19:57:12,0,level_complete,651,1,40226,0,188898,327094,30,227234
2025-04-29 19:57:13,0,level_complete,652,1,40227,0,188925,327171,29,227263
2025-04-29 19:57:14,0,level_complete,653,1,40233,0,189038,327287,31,227408
2025-04-29 19:57:16,0,level_complete,654,1,40240,0,189181,327452,30,227574
2025-04-29 19:57:19,0,level_complete,655,1,40255,0,189411,327727,38,227872
2025-04-29 19:57:20,0,level_complete,656,1,40257,0,189447,327797,36,227918
2025-04-29 19:57:22,0,level_complete,657,1,40260,0,189499,327883,30,227976
2025-04-29 19:57:22,0,level_complete,658,1,40263,0,189551,327950,31,228040
2025-04-29 19:57:24,0,level_complete,659,1,40271,0,189669,328085,31,228188
2025-04-29 19:57:25,0,level_complete,660,1,40277,0,189778,328222,33,228320
2025-04-29 19:57:25,0,level_complete,661,1,40279,0,189830,328282,30,228379
2025-04-29 19:57:26,0,level_complete,662,1,40281,0,189869,328323,33,228424
2025-04-29 19:57:26,0,level_complete,663,1,40283,0,189908,328367,30,228471
2025-04-29 19:57:27,0,level_complete,664,1,40286,0,189964,328456,32,228535
2025-04-29 19:57:28,0,level_complete,665,1,40288,0,190016,328526,33,228599
2025-04-29 19:57:29,0,level_complete,666,1,40291,0,190067,328605,31,228665
2025-04-29 19:57:30,0,level_complete,667,1,40301,0,190187,328735,30,228809
2025-04-29 19:57:30,0,level_complete,668,1,40302,0,190214,328764,32,228841
2025-04-29 19:57:30,0,level_complete,669,1,40303,0,190241,328806,33,228874
2025-04-29 19:57:32,0,level_complete,670,1,40308,0,190349,328939,33,228999
2025-04-29 19:57:32,0,level_complete,671,1,40312,0,190406,329025,30,229062
2025-04-29 19:57:33,0,level_complete,672,1,40314,0,190444,329059,37,229112
2025-04-29 19:57:34,0,level_complete,673,1,40317,0,190516,329164,32,229196
2025-04-29 19:57:34,0,level_complete,674,1,40318,0,190543,329192,34,229230
2025-04-29 19:57:35,0,level_complete,675,1,40319,0,190570,329238,29,229259
2025-04-29 19:57:35,0,level_complete,676,1,40320,0,190597,329279,30,229289
2025-04-29 19:57:35,0,level_complete,677,1,40321,0,190624,329334,30,229319
2025-04-29 19:57:36,0,level_complete,678,1,40322,0,190651,329362,31,229350
2025-04-29 19:57:37,0,level_complete,679,1,40325,0,190717,329454,31,229434
2025-04-29 19:57:37,0,level_complete,680,1,40326,0,190744,329484,29,229463
2025-04-29 19:57:38,0,level_complete,681,1,40329,0,190792,329643,35,229521
2025-04-29 19:57:39,0,level_complete,682,1,40330,0,190819,329681,35,229556
2025-04-29 19:57:39,0,level_complete,683,1,40332,0,190855,329722,30,229597
2025-04-29 19:57:39,0,level_complete,684,1,40333,0,190882,329758,33,229630
2025-04-29 19:57:40,0,level_complete,685,1,40334,0,190909,329784,30,229660
2025-04-29 19:57:40,0,level_complete,686,1,40335,0,190936,329831,28,229688
2025-04-29 19:57:41,0,level_complete,687,1,40337,0,190987,329896,33,229747
2025-04-29 19:57:41,0,level_complete,688,1,40339,0,191035,329944,36,229807
2025-04-29 19:57:42,0,level_complete,689,1,40346,0,191129,330037,36,229929
2025-04-29 19:57:43,0,level_complete,690,1,40349,0,191168,330085,34,229976
2025-04-29 19:57:43,0,level_complete,691,1,40351,0,191204,330135,28,230014
2025-04-29 19:57:44,0,level_complete,692,1,40355,0,191282,330227,30,230105
2025-04-29 19:57:45,0,level_complete,693,1,40360,0,191367,330325,36,230211
2025-04-29 19:57:46,0,level_complete,694,1,40364,0,191431,330421,28,230290
2025-04-29 19:57:46,0,level_complete,695,1,40365,0,191458,330459,29,230319
2025-04-29 19:57:47,0,level_complete,696,1,40367,0,191488,330509,37,230359
2025-04-29 19:57:48,0,level_complete,697,1,40377,0,191609,330710,31,230512
2025-04-29 19:57:49,0,level_complete,698,1,40378,0,191636,330742,37,230549
2025-04-29 19:57:49,0,level_complete,699,1,40379,0,191663,330774,35,230584
2025-04-29 19:57:50,0,level_complete,700,1,40382,0,191721,330828,33,230657
2025-04-29 19:57:50,0,level_complete,701,1,40388,0,191765,330875,51,230726
2025-04-29 19:57:51,0,level_complete,702,1,40389,0,191792,330923,32,230758
2025-04-29 19:57:51,0,level_complete,703,1,40390,0,191819,330964,34,230792
2025-04-29 19:57:52,0,level_complete,704,1,40397,0,191931,331088,35,230935
2025-04-29 19:57:53,0,level_complete,705,1,40398,0,191958,331126,30,230965
2025-04-29 19:57:53,0,level_complete,706,1,40399,0,191985,331169,30,230995
2025-04-29 19:57:53,0,level_complete,707,1,40401,0,192013,331213,32,231028
2025-04-29 19:57:54,0,level_complete,708,1,40404,0,192070,331297,30,231093
2025-04-29 19:57:55,0,level_complete,709,1,40406,0,192119,331364,32,231151
2025-04-29 19:57:56,0,level_complete,710,1,40416,0,192245,331509,34,231298
2025-04-29 19:57:57,0,level_complete,711,1,40418,0,192276,331543,30,231332
2025-04-29 19:57:57,0,level_complete,712,1,40419,0,192303,331578,33,231365
2025-04-29 19:57:58,0,level_complete,713,1,40426,0,192352,331719,28,231418
2025-04-29 19:57:59,0,level_complete,714,1,40428,0,192390,331761,31,231464
2025-04-29 19:57:59,0,level_complete,715,1,40429,0,192417,331803,32,231496
2025-04-29 19:58:00,0,level_complete,716,1,40435,0,192494,331918,34,231586
2025-04-29 19:58:01,0,level_complete,717,1,40436,0,192521,331942,33,231619
2025-04-29 19:58:01,0,level_complete,718,1,40438,0,192562,331988,32,231669
2025-04-29 19:58:02,0,level_complete,719,1,40441,0,192602,332042,31,231715
2025-04-29 19:58:02,0,level_complete,720,1,40442,0,192629,332076,35,231750
2025-04-29 19:58:03,0,level_complete,721,1,40445,0,192695,332221,30,231826
2025-04-29 19:58:05,0,level_complete,722,1,40452,0,192818,332357,33,231984
2025-04-29 19:58:06,0,level_complete,723,1,40460,0,192920,332494,28,232102
2025-04-29 19:58:06,0,level_complete,724,1,40462,0,192949,332533,35,232139
2025-04-29 19:58:06,0,level_complete,725,1,40463,0,192976,332559,30,232169
2025-04-29 19:58:07,0,level_complete,726,1,40464,0,193003,332601,31,232200
2025-04-29 19:58:07,0,level_complete,727,1,40465,0,193030,332631,33,232233
2025-04-29 19:58:08,0,level_complete,728,1,40469,0,193113,332735,31,232324
2025-04-29 19:58:08,0,level_complete,729,1,40470,0,193140,332774,30,232354
2025-04-29 19:58:09,0,level_complete,730,1,40474,0,193209,332886,37,232451
2025-04-29 19:58:10,0,level_complete,731,1,40477,0,193252,332942,28,232496
2025-04-29 19:58:11,0,level_complete,732,1,40481,0,193347,333058,29,232606
2025-04-29 19:58:12,0,level_complete,733,1,40492,0,193454,333159,36,232740
2025-04-29 19:58:13,0,level_complete,734,1,40495,0,193512,333222,31,232813
2025-04-29 19:58:13,0,level_complete,735,1,40497,0,193561,333284,30,232868
2025-04-29 19:58:14,0,level_complete,736,1,40498,0,193588,333312,29,232897
2025-04-29 19:58:15,0,training_run_ep 40500,-,1,40501,0,193639,333354,0,232962
2025-04-29 19:58:16,0,level_complete,737,1,40511,0,193803,333535,33,233167
2025-04-29 19:58:17,0,level_complete,738,1,40512,0,193830,333557,34,233201
2025-04-29 19:58:17,0,level_complete,739,1,40514,0,193879,333604,31,233262
2025-04-29 19:58:18,0,level_complete,740,1,40515,0,193906,333652,49,233311
2025-04-29 19:58:18,0,level_complete,741,1,40517,0,193948,333694,33,233362
2025-04-29 19:58:19,0,level_complete,742,1,40520,0,194003,333751,33,233430
2025-04-29 19:58:20,0,level_complete,743,1,40529,0,194142,333890,35,233602
2025-04-29 19:58:21,0,level_complete,744,1,40537,0,194262,334019,34,233752
2025-04-29 19:58:22,0,level_complete,745,1,40538,0,194289,334056,32,233784
2025-04-29 19:58:22,0,level_complete,746,1,40539,0,194316,334095,33,233817
2025-04-29 19:58:24,0,level_complete,747,1,40548,0,194483,334272,33,234021
2025-04-29 19:58:24,0,level_complete,748,1,40551,0,194542,334336,29,234092
2025-04-29 19:58:25,0,level_complete,749,1,40554,0,194589,334402,29,234156
2025-04-29 19:58:25,0,level_complete,750,1,40555,0,194616,334433,33,234189
2025-04-29 19:58:26,0,level_complete,751,1,40557,0,194652,334486,30,234228
2025-04-29 19:58:26,0,level_complete,752,1,40559,0,194704,334544,32,234294
2025-04-29 19:58:27,0,level_complete,753,1,40564,0,194775,334612,33,234378
2025-04-29 19:58:27,0,level_complete,754,1,40565,0,194802,334650,36,234414
2025-04-29 19:58:28,0,level_complete,755,1,40566,0,194829,334695,34,234448
2025-04-29 19:58:28,0,level_complete,756,1,40567,0,194856,334741,30,234478
2025-04-29 19:58:29,0,level_complete,757,1,40569,0,194905,334799,30,234534
2025-04-29 19:58:29,0,level_complete,758,1,40571,0,194955,334857,36,234595
2025-04-29 19:58:30,0,level_complete,759,1,40575,0,195038,334983,27,234684
2025-04-29 19:58:31,0,level_complete,760,1,40576,0,195065,335016,31,234715
2025-04-29 19:58:31,0,level_complete,761,1,40578,0,195110,335071,36,234771
2025-04-29 19:58:32,0,level_complete,762,1,40580,0,195145,335127,30,234810
2025-04-29 19:58:33,0,level_complete,763,1,40587,0,195247,335304,35,234935
2025-04-29 19:58:34,0,level_complete,764,1,40590,0,195310,335381,34,235013
2025-04-29 19:58:35,0,level_complete,765,1,40591,0,195337,335414,33,235046
2025-04-29 19:58:35,0,level_complete,766,1,40596,0,195403,335498,37,235127
2025-04-29 19:58:36,0,level_complete,767,1,40601,0,195464,335564,38,235208
2025-04-29 19:58:37,0,level_complete,768,1,40606,0,195559,335699,39,235327
2025-04-29 19:58:38,0,level_complete,769,1,40610,0,195619,335768,33,235398
2025-04-29 19:58:39,0,level_complete,770,1,40615,0,195671,335829,28,235453
2025-04-29 19:58:39,0,level_complete,771,1,40617,0,195722,335891,41,235535
2025-04-29 19:58:42,0,level_complete,772,1,40633,0,195918,336143,33,235767
2025-04-29 20:00:23,0,level_complete,773,1,40657,0,196172,347571,30,236091
2025-04-29 20:00:24,0,level_complete,774,1,40662,0,196242,347647,36,236176
2025-04-29 20:00:25,0,level_complete,775,1,40663,0,196269,347673,33,236209
2025-04-29 20:00:26,0,level_complete,776,1,40676,0,196419,347832,30,236391
2025-04-29 20:00:26,0,level_complete,777,1,40678,0,196449,347864,33,236427
2025-04-29 20:00:27,0,level_complete,778,1,40679,0,196476,347933,32,236459
2025-04-29 20:00:28,0,level_complete,779,1,40681,0,196527,348008,33,236525
2025-04-29 20:00:28,0,level_complete,780,1,40683,0,196567,348057,32,236571
2025-04-29 20:00:29,0,level_complete,781,1,40686,0,196611,348120,36,236626
2025-04-29 20:00:29,0,level_complete,782,1,40687,0,196638,348146,32,236658
2025-04-29 20:00:29,0,level_complete,783,1,40688,0,196665,348192,29,236687
2025-04-29 20:00:30,0,level_complete,784,1,40689,0,196692,348224,33,236720
2025-04-29 20:00:30,0,level_complete,785,1,40691,0,196730,348266,31,236763
2025-04-29 20:00:31,0,level_complete,786,1,40696,0,196823,348358,29,236889
2025-04-29 20:00:32,0,level_complete,787,1,40698,0,196851,348406,31,236921
2025-04-29 20:00:32,0,level_complete,788,1,40701,0,196908,348477,29,236990
2025-04-29 20:00:33,0,level_complete,789,1,40704,0,196972,348544,35,237071
2025-04-29 20:00:34,0,level_complete,790,1,40708,0,197062,348669,30,237177
2025-04-29 20:00:35,0,level_complete,791,1,40711,0,197121,348741,30,237243
2025-04-29 20:00:37,0,level_complete,792,1,40724,0,197292,348966,28,237438
2025-04-29 20:00:38,0,level_complete,793,1,40729,0,197363,349060,50,237535
2025-04-29 20:00:39,0,level_complete,794,1,40739,0,197466,349169,35,237662
2025-04-29 20:00:39,0,level_complete,795,1,40742,0,197510,349216,39,237719
2025-04-29 20:00:40,0,level_complete,796,1,40743,0,197537,349265,30,237749
2025-04-29 20:00:40,0,level_complete,797,1,40745,0,197580,349303,44,237811
2025-04-29 20:00:41,0,level_complete,798,1,40752,0,197672,349398,30,237921
2025-04-29 20:00:43,0,level_complete,799,1,40765,0,197843,349579,33,238143
2025-04-29 20:00:44,0,level_complete,800,1,40771,0,197963,349717,32,238279
2025-04-29 20:00:44,0,level_complete,801,1,40773,0,198001,349765,30,238325
2025-04-29 20:00:45,0,level_complete,802,1,40774,0,198028,349795,34,238359
2025-04-29 20:00:45,0,level_complete,803,1,40776,0,198059,349838,30,238393
2025-04-29 20:00:46,0,level_complete,804,1,40783,0,198164,349955,29,238521
2025-04-29 20:01:36,0,level_complete,805,1,40789,0,198242,355722,32,238614
2025-04-29 20:01:37,0,level_complete,806,1,40792,0,198315,355797,34,238709
2025-04-29 20:01:38,0,level_complete,807,1,40799,0,198379,355880,34,238784
2025-04-29 20:01:39,0,level_complete,808,1,40815,0,198503,356023,37,238933
2025-04-29 20:01:40,0,level_complete,809,1,40816,0,198530,356050,35,238968
2025-04-29 20:01:40,0,level_complete,810,1,40817,0,198557,356089,39,239007
2025-04-29 20:01:41,0,level_complete,811,1,40819,0,198609,356147,32,239072
2025-04-29 20:01:41,0,level_complete,812,1,40821,0,198661,356209,30,239133
2025-04-29 20:01:42,0,level_complete,813,1,40827,0,198758,356298,34,239249
2025-04-29 20:01:43,0,level_complete,814,1,40840,0,198892,356415,30,239427
2025-04-29 20:01:45,0,level_complete,815,1,40853,0,199062,356661,30,239621
2025-04-29 20:01:46,0,level_complete,816,1,40854,0,199089,356701,29,239650
2025-04-29 20:01:46,0,level_complete,817,1,40855,0,199116,356739,42,239692
2025-04-29 20:01:47,0,level_complete,818,1,40859,0,199149,356772,40,239738
2025-04-29 20:01:47,0,level_complete,819,1,40860,0,199176,356804,29,239767
2025-04-29 20:01:48,0,level_complete,820,1,40868,0,199272,356920,31,239877
2025-04-29 20:01:48,0,level_complete,821,1,40869,0,199299,356946,40,239917
2025-04-29 20:01:49,0,level_complete,822,1,40871,0,199328,356991,31,239950
2025-04-29 20:01:49,0,level_complete,823,1,40873,0,199380,357063,32,240011
2025-04-29 20:01:50,0,level_complete,824,1,40874,0,199407,357090,35,240046
2025-04-29 20:01:50,0,level_complete,825,1,40876,0,199442,357129,43,240097
2025-04-29 20:01:51,0,level_complete,826,1,40878,0,199479,357184,28,240143
2025-04-29 20:01:51,0,level_complete,827,1,40879,0,199506,357218,34,240177
2025-04-29 20:01:51,0,level_complete,828,1,40880,0,199533,357271,31,240208
2025-04-29 20:01:52,0,level_complete,829,1,40885,0,199589,357348,33,240272
2025-04-29 20:01:56,0,level_complete,830,1,40915,0,199977,357727,36,240779
2025-04-29 20:01:56,0,level_complete,831,1,40916,0,200004,357769,32,240811
2025-04-29 20:01:59,0,level_complete,832,1,40931,0,200228,358025,32,241071
2025-04-29 20:01:59,0,level_complete,833,1,40936,0,200278,358079,32,241131
2025-04-29 20:02:00,0,level_complete,834,1,40938,0,200307,358115,30,241163
2025-04-29 20:02:02,0,level_complete,835,1,40958,0,200533,358358,39,241446
2025-04-29 20:02:03,0,level_complete,836,1,40968,0,200623,358439,34,241566
2025-04-29 20:02:52,0,level_complete,837,1,41000,0,200833,363746,30,241837
2025-04-29 20:02:52,0,level_complete,838,1,41001,0,200860,363789,36,241873
2025-04-29 20:02:53,0,training_run_ep 41000,-,1,41001,0,200860,363789,36,241873
2025-04-29 20:02:57,0,level_complete,839,1,41056,0,201266,364263,30,242353
2025-04-29 20:02:59,0,level_complete,840,1,41064,0,201385,364396,37,242498
2025-04-29 20:02:59,0,level_complete,841,1,41066,0,201412,364450,28,242526
2025-04-29 20:03:00,0,level_complete,842,1,41069,0,201453,364486,38,242582
2025-04-29 20:03:01,0,level_complete,843,1,41078,0,201576,364634,35,242733
2025-04-29 20:03:02,0,level_complete,844,1,41080,0,201614,364716,36,242781
2025-04-29 20:03:03,0,level_complete,845,1,41092,0,201741,364847,38,242938
2025-04-29 20:03:06,0,level_complete,846,1,41111,0,201984,365110,32,243231
2025-04-29 20:03:07,0,level_complete,847,1,41123,0,202104,365221,30,243369
2025-04-29 20:03:09,0,level_complete,848,1,41146,0,202313,365433,31,243621
2025-04-29 20:03:09,0,level_complete,849,1,41147,0,202340,365466,29,243650
2025-04-29 20:03:13,0,level_complete,850,1,41175,0,202637,365796,35,244023
2025-04-29 20:03:13,0,level_complete,851,1,41178,0,202679,365842,32,244076
2025-04-29 20:03:14,0,level_complete,852,1,41180,0,202721,365897,34,244129
2025-04-29 20:03:14,0,level_complete,853,1,41182,0,202758,365930,34,244177
2025-04-29 20:03:15,0,level_complete,854,1,41184,0,202810,366017,34,244248
2025-04-29 20:03:15,0,level_complete,855,1,41186,0,202841,366063,34,244286
2025-04-29 20:03:17,0,level_complete,856,1,41201,0,202982,366232,33,244453
2025-04-29 20:03:17,0,level_complete,857,1,41205,0,203034,366278,41,244529
2025-04-29 20:03:20,0,level_complete,858,1,41230,0,203237,366483,29,244767
2025-04-29 20:03:23,0,level_complete,859,1,41262,0,203502,366762,35,245087
2025-04-29 20:03:23,0,level_complete,860,1,41276,0,203598,366843,33,245204
2025-04-29 20:03:24,0,level_complete,861,1,41281,0,203685,366932,37,245311
2025-04-29 20:03:25,0,level_complete,862,1,41288,0,203733,366982,37,245373
2025-04-29 20:03:27,0,level_complete,863,1,41312,0,203930,367206,41,245620
2025-04-29 20:03:28,0,level_complete,864,1,41325,0,204007,367306,34,245707
2025-04-29 20:03:33,0,level_complete,865,1,41383,0,204452,367750,29,246235
2025-04-29 20:03:33,0,level_complete,866,1,41388,0,204508,367815,30,246301
2025-04-29 20:03:37,0,level_complete,867,1,41446,0,204851,368136,35,246718
2025-04-29 20:03:40,0,level_complete,868,1,41493,0,205118,368403,30,247029
2025-04-29 20:03:41,0,training_run_ep 41500,-,1,41501,0,205176,368452,0,247103
2025-04-29 20:03:42,0,level_complete,869,1,41506,0,205232,368512,32,247173
2025-04-29 20:03:44,0,level_complete,870,1,41522,0,205370,368738,30,247355
2025-04-29 20:03:48,0,level_complete,871,1,41572,0,205714,369101,30,247767
2025-04-29 20:03:49,0,level_complete,872,1,41583,0,205790,369175,31,247858
2025-04-29 20:03:51,0,level_complete,873,1,41604,0,205905,369295,30,248003
2025-04-29 20:03:52,0,level_complete,874,1,41616,0,205977,369420,44,248097
2025-04-29 20:03:54,0,level_complete,875,1,41630,0,206061,369511,36,248201
2025-04-29 20:03:58,0,level_complete,876,1,41697,0,206446,369860,45,248693
2025-04-29 20:04:00,0,level_complete,877,1,41707,0,206549,369994,35,248818
2025-04-29 20:04:02,0,level_complete,878,1,41733,0,206666,370116,34,248952
2025-04-29 20:04:11,0,level_complete,879,1,41851,0,207452,370933,34,249926
2025-04-29 20:04:13,0,level_complete,880,1,41876,0,207611,371103,33,250116
2025-04-29 20:04:14,0,level_complete,881,1,41882,0,207672,371176,30,250186
2025-04-29 20:04:14,0,level_complete,882,1,41883,0,207699,371213,28,250214
2025-04-29 20:04:16,0,level_complete,883,1,41897,0,207831,371367,31,250366
2025-04-29 20:04:17,0,level_complete,884,1,41907,0,207914,371473,31,250460
2025-04-29 20:04:17,0,level_complete,885,1,41908,0,207941,371510,29,250489
2025-04-29 20:04:19,0,level_complete,886,1,41925,0,208127,371686,32,250719
2025-04-29 20:04:19,0,level_complete,887,1,41926,0,208154,371717,44,250763
2025-04-29 20:04:29,0,level_complete,888,1,41949,0,208437,372662,33,251108
2025-04-29 20:04:32,0,level_complete,889,1,41956,0,208539,372974,29,251223
2025-04-29 20:04:32,0,level_complete,890,1,41960,0,208599,373051,38,251305
2025-04-29 20:04:33,0,level_complete,891,1,41963,0,208652,373125,30,251368
2025-04-29 20:04:33,0,level_complete,892,1,41965,0,208692,373177,31,251413
2025-04-29 20:04:35,0,level_complete,893,1,41971,0,208805,373303,36,251554
2025-04-29 20:04:35,0,level_complete,894,1,41972,0,208832,373344,28,251582
2025-04-29 20:04:36,0,level_complete,895,1,41975,0,208875,373391,33,251632
2025-04-29 20:04:37,0,level_complete,896,1,41984,0,208990,373508,37,251773
2025-04-29 20:04:38,0,level_complete,897,1,41995,0,209082,373599,31,251883
2025-04-29 20:04:38,0,level_complete,898,1,41998,0,209131,373666,30,251937
2025-04-29 20:04:39,0,level_complete,899,1,42001,0,209196,373728,44,252031
2025-04-29 20:04:40,0,training_run_ep 42000,-,1,42001,0,209196,373728,44,252031
2025-04-29 20:04:41,0,level_complete,900,1,42010,0,209296,373833,33,252148
2025-04-29 20:04:43,0,level_complete,901,1,42051,0,209502,374045,31,252381
2025-04-29 20:04:47,0,level_complete,902,1,42115,0,209917,374457,36,252883
2025-04-29 20:04:51,0,level_complete,903,1,42128,0,210113,374842,31,253126
2025-04-29 20:04:52,0,level_complete,904,1,42139,0,210187,374931,31,253217
2025-04-29 20:04:52,0,level_complete,905,1,42140,0,210214,374967,31,253248
2025-04-29 20:04:53,0,level_complete,906,1,42141,0,210241,374998,39,253287
2025-04-29 20:04:53,0,level_complete,907,1,42144,0,210285,375045,36,253343
2025-04-29 20:04:53,0,level_complete,908,1,42146,0,210316,375077,34,253381
2025-04-29 20:04:54,0,level_complete,909,1,42149,0,210380,375151,37,253458
2025-04-29 20:04:54,0,level_complete,910,1,42150,0,210407,375179,30,253488
2025-04-29 20:04:55,0,level_complete,911,1,42159,0,210506,375293,35,253608
2025-04-29 20:04:57,0,level_complete,912,1,42174,0,210610,375406,32,253730
2025-04-29 20:04:59,0,level_complete,913,1,42194,0,210831,375630,39,254009
2025-04-29 20:04:59,0,level_complete,914,1,42195,0,210858,375671,34,254043
2025-04-29 20:05:05,0,level_complete,915,1,42205,0,210942,376290,34,254146
2025-04-29 20:05:07,0,level_complete,916,1,42226,0,211102,376476,31,254344
2025-04-29 20:05:09,0,level_complete,917,1,42239,0,211226,376664,30,254484
2025-04-29 20:05:09,0,level_complete,918,1,42240,0,211253,376698,28,254512
2025-04-29 20:05:10,0,level_complete,919,1,42247,0,211337,376792,30,254616
2025-04-29 20:05:11,0,level_complete,920,1,42249,0,211389,376856,34,254677
2025-04-29 20:05:11,0,level_complete,921,1,42251,0,211417,376901,33,254711
2025-04-29 20:05:13,0,level_complete,922,1,42258,0,211524,377021,32,254840
2025-04-29 20:05:13,0,level_complete,923,1,42259,0,211551,377069,31,254871
2025-04-29 20:05:14,0,level_complete,924,1,42269,0,211671,377207,31,255023
2025-04-29 20:05:52,0,level_complete,925,1,42291,0,211854,381025,31,255237
2025-04-29 20:05:52,0,level_complete,926,1,42297,0,211898,381078,35,255295
2025-04-29 20:05:53,0,level_complete,927,1,42301,0,211945,381156,34,255351
2025-04-29 20:05:54,0,level_complete,928,1,42308,0,211997,381222,34,255418
2025-04-29 20:05:54,0,level_complete,929,1,42309,0,212024,381276,33,255451
2025-04-29 20:05:55,0,level_complete,930,1,42323,0,212135,381390,30,255608
2025-04-29 20:05:59,0,level_complete,931,1,42372,0,212495,381742,30,256032
2025-04-29 20:06:03,0,level_complete,932,1,42434,0,212847,382080,29,256465
2025-04-29 20:06:03,0,level_complete,933,1,42435,0,212874,382106,32,256497
2025-04-29 20:06:04,0,level_complete,934,1,42441,0,212938,382171,35,256573
2025-04-29 20:06:07,0,level_complete,935,1,42489,0,213234,382446,41,256947
2025-04-29 20:06:08,0,training_run_ep 42500,-,1,42501,0,213302,382513,0,257028
2025-04-29 20:06:10,0,level_complete,936,1,42530,0,213498,382696,29,257273
2025-04-29 20:06:12,0,level_complete,937,1,42548,0,213623,382843,32,257428
2025-04-29 20:06:12,0,level_complete,938,1,42552,0,213675,382900,34,257492
2025-04-29 20:06:13,0,level_complete,939,1,42562,0,213770,382993,30,257610
2025-04-29 20:06:20,0,level_complete,940,1,42659,0,214314,383496,34,258260
2025-04-29 20:06:38,0,training_run_ep 43000,-,1,43001,0,215682,384829,0,259860
2025-04-29 20:06:40,0,level_complete,941,1,43023,0,215777,384935,34,259973
2025-04-29 20:06:41,0,level_complete,942,1,43044,0,215918,385090,31,260132
2025-04-29 20:06:48,0,level_complete,943,1,43144,0,216431,385630,34,260763
2025-04-29 20:06:50,0,level_complete,944,1,43197,0,216629,385828,40,260997
2025-04-29 20:06:53,0,level_complete,945,1,43229,0,216869,386092,31,261269
2025-04-29 20:06:54,0,level_complete,946,1,43233,0,216915,386166,29,261319
2025-04-29 20:06:58,0,level_complete,947,1,43289,0,217323,386574,34,261817
2025-04-29 20:07:35,0,level_complete,948,1,43374,0,217846,391182,35,262462
2025-04-29 20:07:36,0,level_complete,949,1,43385,0,217960,391297,32,262595
2025-04-29 20:07:38,0,level_complete,950,1,43414,0,218223,391551,40,262927
2025-04-29 20:07:40,0,level_complete,951,1,43441,0,218381,391712,30,263110
2025-04-29 20:07:42,0,level_complete,952,1,43466,0,218617,391951,30,263405
2025-04-29 20:07:45,0,training_run_ep 43500,-,1,43501,0,218866,392213,0,263719
2025-04-29 20:07:46,0,level_complete,953,1,43527,0,219088,392429,43,263998
2025-04-29 20:07:47,0,level_complete,954,1,43550,0,219224,392561,31,264155
2025-04-29 20:07:49,0,level_complete,955,1,43577,0,219461,392792,29,264461
2025-04-29 20:07:50,0,level_complete,956,1,43593,0,219641,392981,36,264681
2025-04-29 20:07:51,0,level_complete,957,1,43626,0,219903,393229,34,265011
2025-04-29 20:07:52,0,level_complete,958,1,43629,0,219945,393274,29,265057
2025-04-29 20:07:54,0,level_complete,959,1,43669,0,220180,393544,30,265331
2025-04-29 20:07:55,0,level_complete,960,1,43684,0,220340,393766,34,265524
2025-04-29 20:07:56,0,level_complete,961,1,43693,0,220416,393828,34,265634
2025-04-29 20:08:00,0,level_complete,962,1,43840,0,221102,394529,28,266429
2025-04-29 20:08:03,0,level_complete,963,1,43915,0,221427,394849,35,266809
2025-04-29 20:08:04,0,level_complete,964,1,43947,0,221566,395021,40,266986
2025-04-29 20:08:06,0,training_run_ep 44000,-,1,44001,0,221799,395230,0,267271
2025-04-29 20:08:16,0,level_complete,965,1,44277,0,223155,396581,30,268915
2025-04-29 20:08:18,0,level_complete,966,1,44300,0,223418,396892,33,269230
2025-04-29 20:08:19,0,level_complete,967,1,44306,0,223514,397068,32,269341
2025-04-29 20:08:20,0,level_complete,968,1,44315,0,223652,397211,30,269502
2025-04-29 20:08:20,0,level_complete,969,1,44318,0,223712,397308,29,269569
2025-04-29 20:08:20,0,level_complete,970,1,44319,0,223739,397344,37,269606
2025-04-29 20:08:21,0,level_complete,971,1,44321,0,223789,397395,30,269668
2025-04-29 20:08:21,0,level_complete,972,1,44323,0,223834,397454,36,269724
2025-04-29 20:08:22,0,level_complete,973,1,44330,0,223914,397531,30,269829
2025-04-29 20:08:30,0,level_complete,974,1,44471,0,225071,398832,32,271210
2025-04-29 20:08:31,0,level_complete,975,1,44477,0,225166,398941,36,271339
2025-04-29 20:08:32,0,level_complete,976,1,44478,0,225193,399016,33,271372
2025-04-29 20:08:34,0,training_run_ep 44500,-,1,44501,0,225393,399266,0,271606
2025-04-29 20:08:36,0,level_complete,977,1,44523,0,225672,399617,34,271936
2025-04-29 20:08:44,0,level_complete,978,1,44549,0,225896,400742,32,272210
2025-04-29 20:08:46,0,level_complete,979,1,44566,0,226141,401067,38,272495
2025-04-29 20:08:48,0,level_complete,980,1,44584,0,226397,401425,33,272793
2025-04-29 20:08:49,0,level_complete,981,1,44590,0,226488,401539,31,272906
2025-04-29 20:08:49,0,level_complete,982,1,44598,0,226542,401601,30,272971
2025-04-29 20:08:51,0,level_complete,983,1,44622,0,226770,401813,30,273263
2025-04-29 20:08:51,0,level_complete,984,1,44630,0,226881,401912,41,273401
2025-04-29 20:08:52,0,level_complete,985,1,44631,0,226908,401950,30,273431
2025-04-29 20:09:17,0,level_complete,986,1,44633,0,226939,405530,30,273465
2025-04-29 20:09:17,0,level_complete,987,1,44636,0,227004,405610,33,273540
2025-04-29 20:09:18,0,level_complete,988,1,44639,0,227046,405662,33,273589
2025-04-29 20:09:18,0,level_complete,989,1,44649,0,227155,405784,37,273712
2025-04-29 20:09:20,0,level_complete,990,1,44680,0,227415,406078,34,274019
2025-04-29 20:09:21,0,level_complete,991,1,44681,0,227442,406112,36,274055
2025-04-29 20:09:22,0,level_complete,992,1,44686,0,227568,406294,31,274205
2025-04-29 20:09:22,0,level_complete,993,1,44690,0,227622,406361,36,274271
2025-04-29 20:09:23,0,level_complete,994,1,44696,0,227761,406522,32,274450
2025-04-29 20:09:23,0,level_complete,995,1,44697,0,227788,406551,30,274480
2025-04-29 20:09:24,0,level_complete,996,1,44698,0,227815,406583,33,274513
2025-04-29 20:09:27,0,level_complete,997,1,44731,0,228312,407137,31,275132
2025-04-29 20:09:28,0,level_complete,998,1,44736,0,228406,407259,30,275237
2025-04-29 20:09:29,0,level_complete,999,1,44741,0,228524,407395,30,275377
2025-04-29 20:09:29,0,level_complete,1000,1,44746,0,228595,407465,30,275471
2025-04-29 20:09:30,0,level_complete,1001,1,44749,0,228646,407526,32,275528
2025-04-29 20:09:30,0,level_complete,1002,1,44753,0,228720,407610,31,275612
2025-04-29 20:09:32,0,level_complete,1003,1,44763,0,228862,407798,32,275788
2025-04-29 20:09:32,0,level_complete,1004,1,44769,0,228933,407860,43,275881
2025-04-29 20:09:33,0,level_complete,1005,1,44777,0,229017,408019,31,275985
2025-04-29 20:09:34,0,level_complete,1006,1,44786,0,229101,408149,29,276075
2025-04-29 20:09:34,0,level_complete,1007,1,44788,0,229152,408225,31,276133
2025-04-29 20:09:37,0,level_complete,1008,1,44804,0,229419,408577,33,276457
2025-04-29 20:09:37,0,level_complete,1009,1,44807,0,229469,408628,35,276519
2025-04-29 20:09:38,0,level_complete,1010,1,44813,0,229561,408736,28,276623
2025-04-29 20:09:39,0,level_complete,1011,1,44822,0,229694,408898,33,276784
2025-04-29 20:09:39,0,level_complete,1012,1,44826,0,229781,409024,32,276891
2025-04-29 20:09:40,0,level_complete,1013,1,44833,0,229881,409120,32,277027
2025-04-29 20:09:40,0,level_complete,1014,1,44835,0,229921,409155,34,277078
2025-04-29 20:09:41,0,level_complete,1015,1,44836,0,229948,409188,29,277107
2025-04-29 20:09:41,0,level_complete,1016,1,44838,0,229978,409240,34,277144
2025-04-29 20:09:42,0,level_complete,1017,1,44842,0,230072,409369,29,277268
2025-04-29 20:09:42,0,level_complete,1018,1,44843,0,230099,409404,40,277308
2025-04-29 20:09:43,0,level_complete,1019,1,44846,0,230178,409503,34,277403
2025-04-29 20:09:43,0,level_complete,1020,1,44857,0,230305,409625,36,277561
2025-04-29 20:09:44,0,level_complete,1021,1,44858,0,230332,409675,30,277591
2025-04-29 20:09:44,0,level_complete,1022,1,44860,0,230381,409727,30,277652
2025-04-29 20:09:45,0,level_complete,1023,1,44865,0,230475,409833,34,277763
2025-04-29 20:09:45,0,level_complete,1024,1,44866,0,230502,409862,37,277800
2025-04-29 20:09:45,0,level_complete,1025,1,44868,0,230555,409938,30,277863
2025-04-29 20:09:46,0,level_complete,1026,1,44870,0,230584,409972,28,277893
2025-04-29 20:09:46,0,level_complete,1027,1,44871,0,230611,410029,28,277921
2025-04-29 20:09:46,0,level_complete,1028,1,44873,0,230643,410072,32,277958
2025-04-29 20:09:47,0,level_complete,1029,1,44874,0,230670,410123,28,277986
2025-04-29 20:09:47,0,level_complete,1030,1,44879,0,230730,410215,29,278052
2025-04-29 20:09:48,0,level_complete,1031,1,44883,0,230789,410270,31,278122
2025-04-29 20:09:48,0,level_complete,1032,1,44885,0,230830,410314,38,278178
2025-04-29 20:09:48,0,level_complete,1033,1,44887,0,230867,410354,29,278222
2025-04-29 20:09:49,0,level_complete,1034,1,44891,0,230903,410410,33,278264
2025-04-29 20:09:49,0,level_complete,1035,1,44892,0,230930,410458,32,278296
2025-04-29 20:09:49,0,level_complete,1036,1,44896,0,230976,410513,34,278355
2025-04-29 20:09:49,0,level_complete,1037,1,44897,0,231003,410542,33,278388
2025-04-29 20:09:51,0,level_complete,1038,1,44902,0,231123,410792,36,278563
2025-04-29 20:09:52,0,level_complete,1039,1,44910,0,231218,410903,32,278674
2025-04-29 20:09:52,0,level_complete,1040,1,44917,0,231280,410969,40,278757
2025-04-29 20:09:53,0,level_complete,1041,1,44922,0,231371,411069,32,278864
2025-04-29 20:09:53,0,level_complete,1042,1,44923,0,231398,411102,32,278896
2025-04-29 20:09:54,0,level_complete,1043,1,44937,0,231541,411274,30,279065
2025-04-29 20:09:54,0,level_complete,1044,1,44939,0,231572,411304,40,279109
2025-04-29 20:09:55,0,level_complete,1045,1,44944,0,231654,411394,34,279204
2025-04-29 20:09:56,0,level_complete,1046,1,44955,0,231773,411505,51,279379
2025-04-29 20:09:56,0,level_complete,1047,1,44956,0,231800,411535,30,279409
2025-04-29 20:09:56,0,level_complete,1048,1,44958,0,231834,411578,32,279448
2025-04-29 20:09:57,0,level_complete,1049,1,44966,0,231971,411731,31,279615
2025-04-29 20:09:59,0,level_complete,1050,1,44978,0,232162,411936,35,279861
2025-04-29 20:10:00,0,level_complete,1051,1,44990,0,232298,412078,34,280031
2025-04-29 20:10:00,0,level_complete,1052,1,44998,0,232373,412163,30,280121
2025-04-29 20:10:01,0,training_run_ep 45000,-,1,45001,0,232400,412185,0,280153
2025-04-29 20:10:01,0,level_complete,1053,1,45003,0,232452,412289,38,280224
2025-04-29 20:10:02,0,level_complete,1054,1,45006,0,232480,412326,32,280257
2025-04-29 20:10:03,0,level_complete,1055,1,45014,0,232649,412531,32,280461
2025-04-29 20:10:05,0,level_complete,1056,1,45030,0,232873,412793,32,280728
2025-04-29 20:10:05,0,level_complete,1057,1,45034,0,232946,412887,31,280817
2025-04-29 20:10:06,0,level_complete,1058,1,45039,0,233014,412982,31,280893
2025-04-29 20:10:07,0,level_complete,1059,1,45067,0,233227,413222,34,281147
2025-04-29 20:10:10,0,level_complete,1060,1,45101,0,233556,413567,38,281546
2025-04-29 20:10:11,0,level_complete,1061,1,45115,0,233695,413712,34,281714
2025-04-29 20:10:11,0,level_complete,1062,1,45120,0,233757,413786,29,281780
2025-04-29 20:10:13,0,level_complete,1063,1,45138,0,233964,414009,34,282061
2025-04-29 20:10:13,0,level_complete,1064,1,45141,0,234025,414069,34,282135
2025-04-29 20:10:14,0,level_complete,1065,1,45152,0,234164,414208,30,282297
2025-04-29 20:10:14,0,level_complete,1066,1,45153,0,234191,414246,29,282326
2025-04-29 20:10:16,0,level_complete,1067,1,45163,0,234398,414477,31,282568
2025-04-29 20:10:16,0,level_complete,1068,1,45164,0,234425,414504,33,282601
2025-04-29 20:10:17,0,level_complete,1069,1,45167,0,234493,414615,29,282688
2025-04-29 20:10:17,0,level_complete,1070,1,45173,0,234564,414726,28,282765
2025-04-29 20:10:18,0,level_complete,1071,1,45174,0,234591,414759,39,282804
2025-04-29 20:10:18,0,level_complete,1072,1,45176,0,234621,414800,29,282836
2025-04-29 20:10:19,0,level_complete,1073,1,45184,0,234740,414990,33,282982
2025-04-29 20:10:20,0,level_complete,1074,1,45188,0,234801,415073,28,283059
2025-04-29 20:10:20,0,level_complete,1075,1,45197,0,234859,415143,46,283145
2025-04-29 20:10:21,0,level_complete,1076,1,45200,0,234903,415191,33,283197
2025-04-29 20:10:21,0,level_complete,1077,1,45205,0,234948,415235,29,283247
2025-04-29 20:10:21,0,level_complete,1078,1,45207,0,234981,415271,32,283286
2025-04-29 20:10:21,0,level_complete,1079,1,45209,0,235015,415311,40,283334
2025-04-29 20:10:22,0,level_complete,1080,1,45217,0,235094,415379,33,283432
2025-04-29 20:10:23,0,level_complete,1081,1,45236,0,235260,415564,33,283634
2025-04-29 20:10:23,0,level_complete,1082,1,45242,0,235313,415617,34,283699
2025-04-29 20:11:09,0,level_complete,1083,1,45253,0,235399,422184,34,283802
2025-04-29 20:11:10,0,level_complete,1084,1,45258,0,235447,422232,38,283866
2025-04-29 20:11:12,0,level_complete,1085,1,45311,0,235880,422641,31,284409
2025-04-29 20:11:14,0,level_complete,1086,1,45353,0,236205,422948,40,284814
2025-04-29 20:11:15,0,level_complete,1087,1,45354,0,236232,422980,32,284846
2025-04-29 20:11:16,0,level_complete,1088,1,45366,0,236338,423118,37,284976
2025-04-29 20:11:16,0,level_complete,1089,1,45370,0,236371,423157,29,285014
2025-04-29 20:11:16,0,level_complete,1090,1,45376,0,236448,423241,32,285108
2025-04-29 20:11:17,0,level_complete,1091,1,45379,0,236482,423322,35,285151
2025-04-29 20:11:17,0,level_complete,1092,1,45380,0,236509,423356,36,285187
2025-04-29 20:11:17,0,level_complete,1093,1,45382,0,236545,423407,36,285235
2025-04-29 20:11:19,0,level_complete,1094,1,45404,0,236750,423672,30,285478
2025-04-29 20:11:20,0,level_complete,1095,1,45419,0,236873,423805,33,285626
2025-04-29 20:11:21,0,level_complete,1096,1,45423,0,236932,423885,30,285703
2025-04-29 20:11:22,0,level_complete,1097,1,45441,0,237042,424021,28,285830
2025-04-29 20:11:23,0,level_complete,1098,1,45467,0,237256,424255,34,286094
2025-04-29 20:11:23,0,level_complete,1099,1,45471,0,237304,424310,31,286150
2025-04-29 20:11:24,0,level_complete,1100,1,45473,0,237331,424353,33,286183
2025-04-29 20:11:25,0,training_run_ep 45500,-,1,45501,0,237494,424517,0,286377
2025-04-29 20:11:27,0,level_complete,1101,1,45533,0,237680,424702,35,286594
2025-04-29 20:11:28,0,level_complete,1102,1,45566,0,237897,424910,36,286858
2025-04-29 20:11:30,0,level_complete,1103,1,45619,0,238195,425224,42,287224
2025-04-29 20:11:31,0,level_complete,1104,1,45633,0,238300,425341,31,287347
2025-04-29 20:11:36,0,level_complete,1105,1,45785,0,239105,426129,29,288309
2025-04-29 20:11:39,0,level_complete,1106,1,45839,0,239439,426461,36,288716
2025-04-29 20:11:43,0,level_complete,1107,1,45880,0,239637,427020,35,288961
2025-04-29 20:11:44,0,level_complete,1108,1,45909,0,239816,427214,30,289176
2025-04-29 20:11:48,0,training_run_ep 46000,-,1,46001,0,240279,427691,0,289723
2025-04-29 20:11:50,0,level_complete,1109,1,46053,0,240613,428008,32,290129
2025-04-29 20:11:52,0,level_complete,1110,1,46139,0,240873,428288,33,290433
2025-04-29 20:11:53,0,level_complete,1111,1,46158,0,240967,428377,33,290554
2025-04-29 20:11:58,0,level_complete,1112,1,46289,0,241708,429081,33,291464
2025-04-29 20:11:58,0,level_complete,1113,1,46290,0,241735,429110,31,291495
2025-04-29 20:12:00,0,level_complete,1114,1,46349,0,242040,429402,37,291878
2025-04-29 20:12:07,0,training_run_ep 46500,-,1,46501,0,242946,430354,0,292966
2025-04-29 20:12:32,0,level_complete,1115,1,46600,0,243905,434119,30,294132
2025-04-29 20:12:32,0,level_complete,1116,1,46603,0,243938,434164,30,294168
2025-04-29 20:12:33,0,level_complete,1117,1,46607,0,244020,434279,29,294264
2025-04-29 20:12:34,0,level_complete,1118,1,46611,0,244078,434336,31,294332
2025-04-29 20:12:34,0,level_complete,1119,1,46614,0,244122,434380,35,294389
2025-04-29 20:12:34,0,level_complete,1120,1,46615,0,244149,434409,37,294426
2025-04-29 20:12:34,0,level_complete,1121,1,46616,0,244176,434437,34,294460
2025-04-29 20:12:35,0,level_complete,1122,1,46618,0,244213,434489,29,294500
2025-04-29 20:12:35,0,level_complete,1123,1,46619,0,244240,434541,30,294530
2025-04-29 20:12:35,0,level_complete,1124,1,46622,0,244278,434580,32,294576
2025-04-29 20:12:35,0,level_complete,1125,1,46624,0,244305,434625,32,294608
2025-04-29 20:12:36,0,level_complete,1126,1,46625,0,244332,434670,39,294647
2025-04-29 20:12:36,0,level_complete,1127,1,46626,0,244359,434697,35,294682
2025-04-29 20:12:36,0,level_complete,1128,1,46627,0,244386,434733,32,294714
2025-04-29 20:12:37,0,level_complete,1129,1,46633,0,244459,434802,33,294802
2025-04-29 20:12:37,0,level_complete,1130,1,46634,0,244486,434829,47,294849
2025-04-29 20:12:37,0,level_complete,1131,1,46638,0,244556,434921,32,294928
2025-04-29 20:12:38,0,level_complete,1132,1,46639,0,244583,434951,30,294958
2025-04-29 20:12:38,0,level_complete,1133,1,46647,0,244687,435068,37,295081
2025-04-29 20:12:39,0,level_complete,1134,1,46650,0,244734,435125,37,295139
2025-04-29 20:12:39,0,level_complete,1135,1,46655,0,244826,435235,31,295246
2025-04-29 20:12:40,0,level_complete,1136,1,46657,0,244878,435317,31,295308
2025-04-29 20:12:41,0,level_complete,1137,1,46661,0,244937,435373,34,295385
2025-04-29 20:12:41,0,level_complete,1138,1,46663,0,244990,435443,32,295448
2025-04-29 20:12:43,0,level_complete,1139,1,46676,0,245216,435699,36,295739
2025-04-29 20:12:43,0,level_complete,1140,1,46677,0,245243,435749,29,295768
2025-04-29 20:12:48,0,level_complete,1141,1,46727,0,245832,436454,37,296528
2025-04-29 20:12:49,0,level_complete,1142,1,46733,0,245934,436589,37,296656
2025-04-29 20:12:55,0,level_complete,1143,1,46847,0,246852,437536,38,297783
2025-04-29 20:12:55,0,level_complete,1144,1,46850,0,246890,437580,45,297840
2025-04-29 20:12:56,0,level_complete,1145,1,46864,0,247066,437747,31,298058
2025-04-29 20:12:57,0,level_complete,1146,1,46869,0,247139,437825,31,298143
2025-04-29 20:12:57,0,level_complete,1147,1,46870,0,247166,437851,30,298173
2025-04-29 20:12:57,0,level_complete,1148,1,46871,0,247193,437904,34,298207
2025-04-29 20:12:58,0,level_complete,1149,1,46873,0,247234,437964,36,298261
2025-04-29 20:12:58,0,level_complete,1150,1,46875,0,247265,438006,29,298294
2025-04-29 20:12:59,0,level_complete,1151,1,46877,0,247314,438093,29,298347
2025-04-29 20:12:59,0,level_complete,1152,1,46880,0,247348,438135,38,298392
2025-04-29 20:12:59,0,level_complete,1153,1,46881,0,247375,438180,34,298426
2025-04-29 20:13:00,0,level_complete,1154,1,46884,0,247446,438254,32,298509
2025-04-29 20:13:00,0,level_complete,1155,1,46886,0,247475,438313,33,298544
2025-04-29 20:13:00,0,level_complete,1156,1,46888,0,247528,438381,33,298609
2025-04-29 20:13:01,0,level_complete,1157,1,46892,0,247605,438497,30,298701
2025-04-29 20:13:01,0,level_complete,1158,1,46893,0,247632,438525,33,298734
2025-04-29 20:13:02,0,level_complete,1159,1,46899,0,247704,438682,34,298829
2025-04-29 20:13:04,0,level_complete,1160,1,46909,0,247835,438906,35,298983
2025-04-29 20:13:05,0,level_complete,1161,1,46911,0,247886,438995,32,299044
2025-04-29 20:13:05,0,level_complete,1162,1,46912,0,247913,439047,38,299082
2025-04-29 20:13:06,0,level_complete,1163,1,46916,0,247989,439216,30,299174
2025-04-29 20:13:07,0,level_complete,1164,1,46917,0,248016,439251,39,299213
2025-04-29 20:13:07,0,level_complete,1165,1,46925,0,248104,439358,30,299315
2025-04-29 20:13:09,0,level_complete,1166,1,46945,0,248331,439598,33,299599
2025-04-29 20:13:10,0,level_complete,1167,1,46959,0,248514,439799,30,299806
2025-04-29 20:13:11,0,level_complete,1168,1,46969,0,248615,439941,29,299919
2025-04-29 20:13:13,0,level_complete,1169,1,46993,0,248812,440155,30,300162
2025-04-29 20:13:13,0,level_complete,1170,1,47001,0,248885,440236,29,300248
2025-04-29 20:13:14,0,training_run_ep 47000,-,1,47001,0,248885,440236,29,300248
2025-04-29 20:13:18,0,level_complete,1171,1,47077,0,249531,440912,34,301046
2025-04-29 20:13:19,0,level_complete,1172,1,47086,0,249622,441010,35,301162
2025-04-29 20:13:19,0,level_complete,1173,1,47087,0,249649,441080,30,301192
2025-04-29 20:13:20,0,level_complete,1174,1,47090,0,249695,441122,32,301251
2025-04-29 20:13:20,0,level_complete,1175,1,47091,0,249722,441163,31,301282
2025-04-29 20:13:21,0,level_complete,1176,1,47096,0,249830,441323,31,301407
2025-04-29 20:13:22,0,level_complete,1177,1,47099,0,249904,441438,37,301503
2025-04-29 20:13:22,0,level_complete,1178,1,47102,0,249934,441472,32,301538
2025-04-29 20:13:22,0,level_complete,1179,1,47104,0,249979,441546,31,301594
2025-04-29 20:13:23,0,level_complete,1180,1,47107,0,250045,441606,35,301682
2025-04-29 20:13:23,0,level_complete,1181,1,47108,0,250072,441635,35,301717
2025-04-29 20:13:23,0,level_complete,1182,1,47112,0,250144,441713,33,301801
2025-04-29 20:13:24,0,level_complete,1183,1,47128,0,250273,441836,34,301963
2025-04-29 20:13:25,0,level_complete,1184,1,47130,0,250320,441896,33,302018
2025-04-29 20:13:25,0,level_complete,1185,1,47132,0,250373,441970,32,302081
2025-04-29 20:13:25,0,level_complete,1186,1,47133,0,250400,442000,35,302116
2025-04-29 20:13:26,0,level_complete,1187,1,47134,0,250427,442040,29,302145
2025-04-29 20:14:05,0,level_complete,1188,1,47140,0,250540,447767,31,302286
2025-04-29 20:14:05,0,level_complete,1189,1,47141,0,250567,447812,32,302318
2025-04-29 20:14:05,0,level_complete,1190,1,47143,0,250598,447862,31,302353
2025-04-29 20:14:05,0,level_complete,1191,1,47144,0,250625,447901,28,302381
2025-04-29 20:14:06,0,level_complete,1192,1,47155,0,250758,448052,30,302534
2025-04-29 20:14:08,0,level_complete,1193,1,47168,0,250923,448213,41,302745
2025-04-29 20:14:08,0,level_complete,1194,1,47173,0,251029,448323,34,302876
2025-04-29 20:14:10,0,level_complete,1195,1,47198,0,251244,448538,31,303125
2025-04-29 20:14:12,0,level_complete,1196,1,47232,0,251541,448852,32,303488
2025-04-29 20:14:12,0,level_complete,1197,1,47235,0,251586,448947,32,303542
2025-04-29 20:14:13,0,level_complete,1198,1,47238,0,251632,449012,34,303603
2025-04-29 20:14:13,0,level_complete,1199,1,47242,0,251697,449105,35,303678
2025-04-29 20:14:14,0,level_complete,1200,1,47248,0,251777,449193,29,303773
2025-04-29 20:14:15,0,level_complete,1201,1,47253,0,251859,449324,34,303870
2025-04-29 20:14:15,0,level_complete,1202,1,47259,0,251938,449415,36,303964
2025-04-29 20:14:16,0,level_complete,1203,1,47269,0,252042,449522,29,304089
2025-04-29 20:14:17,0,level_complete,1204,1,47270,0,252069,449579,32,304121
2025-04-29 20:14:17,0,level_complete,1205,1,47277,0,252169,449700,34,304238
2025-04-29 20:14:18,0,level_complete,1206,1,47279,0,252217,449806,32,304296
2025-04-29 20:14:18,0,level_complete,1207,1,47280,0,252244,449832,45,304341
2025-04-29 20:14:19,0,level_complete,1208,1,47286,0,252312,449911,34,304425
2025-04-29 20:14:19,0,level_complete,1209,1,47292,0,252394,450001,29,304521
2025-04-29 20:14:20,0,level_complete,1210,1,47302,0,252512,450135,38,304676
2025-04-29 20:14:21,0,level_complete,1211,1,47309,0,252606,450235,39,304801
2025-04-29 20:14:21,0,level_complete,1212,1,47310,0,252633,450271,30,304831
2025-04-29 20:14:23,0,level_complete,1213,1,47326,0,252840,450496,33,305084
2025-04-29 20:14:25,0,level_complete,1214,1,47355,0,253180,450823,34,305495
2025-04-29 20:14:28,0,level_complete,1215,1,47374,0,253320,451241,31,305655
2025-04-29 20:14:29,0,level_complete,1216,1,47394,0,253564,451493,30,305983
2025-04-29 20:14:29,0,level_complete,1217,1,47395,0,253591,451539,30,306013
2025-04-29 20:14:30,0,level_complete,1218,1,47397,0,253626,451602,33,306056
2025-04-29 20:14:31,0,level_complete,1219,1,47411,0,253783,451757,31,306255
2025-04-29 20:14:34,0,level_complete,1220,1,47454,0,254190,452211,30,306738
2025-04-29 20:14:34,0,level_complete,1221,1,47456,0,254239,452259,35,306803
2025-04-29 20:14:35,0,level_complete,1222,1,47461,0,254289,452311,34,306865
2025-04-29 20:14:35,0,level_complete,1223,1,47477,0,254407,452446,31,307005
2025-04-29 20:14:37,0,level_complete,1224,1,47493,0,254561,452649,31,307200
2025-04-29 20:14:37,0,level_complete,1225,1,47495,0,254590,452691,31,307233
2025-04-29 20:14:37,0,level_complete,1226,1,47496,0,254617,452722,31,307264
2025-04-29 20:14:38,0,level_complete,1227,1,47497,0,254644,452752,36,307300
2025-04-29 20:14:38,0,training_run_ep 47500,-,1,47501,0,254698,452804,0,307363
2025-04-29 20:14:40,0,level_complete,1228,1,47533,0,254986,453061,32,307735
2025-04-29 20:14:41,0,level_complete,1229,1,47547,0,255152,453235,30,307927
2025-04-29 20:14:42,0,level_complete,1230,1,47566,0,255304,453409,31,308108
2025-04-29 20:14:44,0,level_complete,1231,1,47579,0,255429,453584,30,308257
2025-04-29 20:14:44,0,level_complete,1232,1,47582,0,255460,453629,32,308293
2025-04-29 20:14:45,0,level_complete,1233,1,47603,0,255604,453768,31,308468
2025-04-29 20:14:45,0,level_complete,1234,1,47606,0,255641,453808,29,308510
2025-04-29 20:14:47,0,level_complete,1235,1,47640,0,255881,454036,33,308804
2025-04-29 20:14:47,0,level_complete,1236,1,47643,0,255920,454070,45,308862
2025-04-29 20:14:48,0,level_complete,1237,1,47655,0,256035,454186,35,309010
2025-04-29 20:14:49,0,level_complete,1238,1,47681,0,256228,454373,33,309242
2025-04-29 20:14:51,0,level_complete,1239,1,47725,0,256532,454682,28,309612
2025-04-29 20:14:52,0,level_complete,1240,1,47737,0,256677,454824,39,309806
2025-04-29 20:14:54,0,level_complete,1241,1,47788,0,256939,455059,44,310133
2025-04-29 20:14:54,0,level_complete,1242,1,47801,0,257059,455177,34,310296
2025-04-29 20:14:55,0,level_complete,1243,1,47812,0,257186,455312,31,310438
2025-04-29 20:14:57,0,level_complete,1244,1,47841,0,257376,455537,34,310669
2025-04-29 20:14:58,0,level_complete,1245,1,47868,0,257592,455741,31,310937
2025-04-29 20:14:59,0,level_complete,1246,1,47876,0,257637,455793,30,310985
2025-04-29 20:14:59,0,level_complete,1247,1,47881,0,257686,455848,34,311044
2025-04-29 20:15:00,0,level_complete,1248,1,47888,0,257776,455945,35,311165
2025-04-29 20:15:03,0,level_complete,1249,1,47917,0,258022,456550,34,311491
2025-04-29 20:15:05,0,level_complete,1250,1,47959,0,258238,456755,35,311757
2025-04-29 20:15:07,0,training_run_ep 48000,-,1,48001,0,258563,457053,0,312171
2025-04-29 20:15:13,0,level_complete,1251,1,48207,0,259405,457866,28,313158
2025-04-29 20:15:16,0,level_complete,1252,1,48255,0,259802,458339,57,313654
2025-04-29 20:15:17,0,level_complete,1253,1,48276,0,259937,458467,31,313813
2025-04-29 20:15:18,0,level_complete,1254,1,48280,0,259989,458516,30,313872
2025-04-29 20:15:26,0,level_complete,1255,1,48341,0,260563,459765,31,314550
2025-04-29 20:16:14,0,level_complete,1256,1,48391,0,261058,466962,44,315153
2025-04-29 20:16:15,0,level_complete,1257,1,48411,0,261293,467212,30,315453
2025-04-29 20:16:16,0,level_complete,1258,1,48415,0,261340,467260,35,315519
2025-04-29 20:16:17,0,level_complete,1259,1,48427,0,261475,467412,32,315700
2025-04-29 20:16:17,0,level_complete,1260,1,48433,0,261556,467516,32,315810
2025-04-29 20:16:18,0,level_complete,1261,1,48440,0,261663,467635,30,315941
2025-04-29 20:16:19,0,level_complete,1262,1,48455,0,261816,467788,31,316128
2025-04-29 20:16:20,0,level_complete,1263,1,48457,0,261854,467836,32,316173
2025-04-29 20:16:20,0,level_complete,1264,1,48468,0,261948,467959,31,316282
2025-04-29 20:16:21,0,level_complete,1265,1,48472,0,261999,468023,35,316345
2025-04-29 20:16:21,0,level_complete,1266,1,48476,0,262068,468118,39,316433
2025-04-29 20:16:22,0,level_complete,1267,1,48493,0,262234,468277,32,316650
2025-04-29 20:16:23,0,level_complete,1268,1,48500,0,262345,468384,29,316792
2025-04-29 20:16:23,0,level_complete,1269,1,48501,0,262372,468428,34,316826
2025-04-29 20:16:24,0,training_run_ep 48500,-,1,48501,0,262372,468428,34,316826
2025-04-29 20:16:24,0,level_complete,1270,1,48506,0,262430,468487,37,316901
2025-04-29 20:16:24,0,level_complete,1271,1,48507,0,262457,468516,39,316940
2025-04-29 20:16:25,0,level_complete,1272,1,48511,0,262554,468661,32,317059
2025-04-29 20:16:26,0,level_complete,1273,1,48514,0,262601,468742,31,317116
2025-04-29 20:16:27,0,level_complete,1274,1,48526,0,262727,468858,40,317294
2025-04-29 20:16:27,0,level_complete,1275,1,48529,0,262783,468927,36,317373
2025-04-29 20:16:27,0,level_complete,1276,1,48532,0,262830,468965,42,317442
2025-04-29 20:16:28,0,level_complete,1277,1,48535,0,262890,469030,32,317514
2025-04-29 20:16:28,0,level_complete,1278,1,48538,0,262936,469091,31,317567
2025-04-29 20:16:30,0,level_complete,1279,1,48564,0,263123,469293,41,317812
2025-04-29 20:16:31,0,level_complete,1280,1,48584,0,263283,469509,31,318004
2025-04-29 20:16:31,0,level_complete,1281,1,48586,0,263323,469556,35,318053
2025-04-29 20:16:32,0,level_complete,1282,1,48595,0,263403,469711,33,318152
2025-04-29 20:16:33,0,level_complete,1283,1,48611,0,263497,469882,37,318268
2025-04-29 20:16:35,0,level_complete,1284,1,48623,0,263614,470058,29,318413
2025-04-29 20:16:35,0,level_complete,1285,1,48624,0,263641,470082,30,318443
2025-04-29 20:16:35,0,level_complete,1286,1,48625,0,263668,470114,32,318475
2025-04-29 20:16:35,0,level_complete,1287,1,48627,0,263713,470179,33,318529
2025-04-29 20:16:37,0,level_complete,1288,1,48658,0,263936,470425,36,318805
2025-04-29 20:16:38,0,level_complete,1289,1,48665,0,264029,470533,35,318934
2025-04-29 20:16:38,0,level_complete,1290,1,48669,0,264075,470587,43,318996
2025-04-29 20:16:41,0,level_complete,1291,1,48751,0,264574,471067,36,319637
2025-04-29 20:16:48,0,level_complete,1292,1,48911,0,265446,471948,28,320698
2025-04-29 20:16:48,0,level_complete,1293,1,48915,0,265494,471989,38,320764
2025-04-29 20:16:50,0,level_complete,1294,1,48971,0,265791,472289,38,321126
2025-04-29 20:16:51,0,training_run_ep 49000,-,1,49001,0,265895,472385,0,321250
2025-04-29 20:16:56,0,level_complete,1295,1,49179,0,266686,473106,30,322186
2025-04-29 20:17:05,0,level_complete,1296,1,49486,0,267830,474226,42,323513
2025-04-29 20:17:05,0,level_complete,1297,1,49491,0,267874,474278,34,323564
2025-04-29 20:17:06,0,training_run_ep 49500,-,1,49501,0,267977,474374,0,323686
2025-04-29 20:17:09,0,level_complete,1298,1,49568,0,268393,474784,30,324199
2025-04-29 20:17:12,0,level_complete,1299,1,49643,0,268818,475248,30,324684
2025-04-29 20:17:14,0,level_complete,1300,1,49678,0,269036,475476,31,324932
2025-04-29 20:17:23,0,level_complete,1301,1,49906,0,270336,476730,31,326467
2025-04-29 20:17:24,0,level_complete,1302,1,49928,0,270565,477010,34,326756
2025-04-29 20:17:25,0,level_complete,1303,1,49934,0,270682,477145,31,326906
2025-04-29 20:17:26,0,level_complete,1304,1,49937,0,270733,477213,29,326960
2025-04-29 20:17:26,0,level_complete,1305,1,49938,0,270760,477273,30,326990
2025-04-29 20:17:27,0,level_complete,1306,1,49943,0,270849,477362,33,327097
2025-04-29 20:17:29,0,level_complete,1307,1,49959,0,271082,477689,31,327359
2025-04-29 20:17:30,0,level_complete,1308,1,49970,0,271245,477898,32,327553
2025-04-29 20:17:30,0,level_complete,1309,1,49971,0,271272,477936,30,327583
2025-04-29 20:17:31,0,level_complete,1310,1,49974,0,271306,477970,39,327629
2025-04-29 20:17:32,0,level_complete,1311,1,49992,0,271506,478155,38,327873
2025-04-29 20:17:33,0,training_run_ep 50000,-,1,50001,0,271633,478274,0,328032
2025-04-29 20:17:34,0,level_complete,1312,1,50009,0,271742,478403,31,328160
2025-04-29 20:17:34,0,level_complete,1313,1,50012,0,271789,478482,30,328212
2025-04-29 20:17:35,0,level_complete,1314,1,50022,0,271912,478608,35,328371
2025-04-29 20:17:36,0,level_complete,1315,1,50034,0,272054,478774,32,328535
2025-04-29 20:17:37,0,level_complete,1316,1,50037,0,272113,478835,33,328606
2025-04-29 20:17:39,0,level_complete,1317,1,50071,0,272480,479219,33,329081
2025-04-29 20:17:41,0,level_complete,1318,1,50092,0,272716,479483,31,329371
2025-04-29 20:17:43,0,level_complete,1319,1,50137,0,273049,479823,33,329770
2025-04-29 20:17:44,0,level_complete,1320,1,50139,0,273089,479855,45,329835
2025-04-29 20:17:44,0,level_complete,1321,1,50144,0,273154,479942,30,329905
2025-04-29 20:17:45,0,level_complete,1322,1,50156,0,273317,480135,34,330094
2025-04-29 20:17:46,0,level_complete,1323,1,50167,0,273440,480269,36,330250
2025-04-29 20:17:47,0,level_complete,1324,1,50184,0,273644,480447,29,330540
2025-04-29 20:17:48,0,level_complete,1325,1,50191,0,273750,480554,38,330670
2025-04-29 20:17:50,0,level_complete,1326,1,50199,0,273876,480763,34,330819
2025-04-29 20:17:50,0,level_complete,1327,1,50203,0,273946,480856,31,330914
2025-04-29 20:17:50,0,level_complete,1328,1,50204,0,273973,480906,31,330945
2025-04-29 20:17:51,0,level_complete,1329,1,50211,0,274107,481063,34,331110
2025-04-29 20:17:52,0,level_complete,1330,1,50213,0,274150,481119,28,331158
2025-04-29 20:17:52,0,level_complete,1331,1,50216,0,274210,481176,37,331237
2025-04-29 20:17:54,0,level_complete,1332,1,50229,0,274354,481368,31,331410
2025-04-29 20:17:54,0,level_complete,1333,1,50234,0,274404,481437,32,331469
2025-04-29 20:17:55,0,level_complete,1334,1,50244,0,274484,481512,35,331566
2025-04-29 20:17:55,0,level_complete,1335,1,50250,0,274569,481615,32,331684
2025-04-29 20:17:56,0,level_complete,1336,1,50252,0,274609,481661,34,331733
2025-04-29 20:17:56,0,level_complete,1337,1,50254,0,274656,481709,35,331791
2025-04-29 20:17:56,0,level_complete,1338,1,50256,0,274709,481800,30,331857
2025-04-29 20:17:57,0,level_complete,1339,1,50258,0,274761,481885,41,331931
2025-04-29 20:17:57,0,level_complete,1340,1,50259,0,274788,481922,31,331962
2025-04-29 20:17:57,0,level_complete,1341,1,50260,0,274815,481954,35,331997
2025-04-29 20:17:59,0,level_complete,1342,1,50281,0,275077,482203,49,332344
2025-04-29 20:18:00,0,level_complete,1343,1,50285,0,275136,482275,32,332409
2025-04-29 20:18:00,0,level_complete,1344,1,50292,0,275241,482383,35,332555
2025-04-29 20:18:01,0,level_complete,1345,1,50295,0,275305,482457,38,332634
2025-04-29 20:18:01,0,level_complete,1346,1,50297,0,275333,482493,30,332665
2025-04-29 20:18:02,0,level_complete,1347,1,50303,0,275438,482599,56,332819
2025-04-29 20:18:02,0,level_complete,1348,1,50306,0,275479,482658,31,332867
2025-04-29 20:18:03,0,level_complete,1349,1,50312,0,275553,482746,29,332950
2025-04-29 20:18:04,0,level_complete,1350,1,50325,0,275719,482948,31,333147
2025-04-29 20:18:05,0,level_complete,1351,1,50326,0,275746,482991,31,333178
2025-04-29 20:18:05,0,level_complete,1352,1,50330,0,275819,483066,34,333266
2025-04-29 20:18:05,0,level_complete,1353,1,50331,0,275846,483111,38,333304
2025-04-29 20:18:06,0,level_complete,1354,1,50332,0,275873,483142,35,333339
2025-04-29 20:18:06,0,level_complete,1355,1,50335,0,275944,483252,39,333427
2025-04-29 20:18:07,0,level_complete,1356,1,50340,0,276053,483372,41,333570
2025-04-29 20:18:07,0,level_complete,1357,1,50341,0,276080,483400,29,333599
2025-04-29 20:18:08,0,level_complete,1358,1,50342,0,276107,483427,41,333640
2025-04-29 20:18:08,0,level_complete,1359,1,50344,0,276160,483527,31,333707
2025-04-29 20:18:09,0,level_complete,1360,1,50347,0,276191,483570,30,333741
2025-04-29 20:18:09,0,level_complete,1361,1,50348,0,276218,483623,31,333772
2025-04-29 20:18:11,0,level_complete,1362,1,50360,0,276429,483881,36,334029
2025-04-29 20:18:11,0,level_complete,1363,1,50366,0,276519,483996,36,334154
2025-04-29 20:18:12,0,level_complete,1364,1,50370,0,276581,484070,33,334224
2025-04-29 20:18:13,0,level_complete,1365,1,50383,0,276749,484241,35,334426
2025-04-29 20:18:14,0,level_complete,1366,1,50389,0,276834,484324,34,334531
2025-04-29 20:18:14,0,level_complete,1367,1,50391,0,276886,484418,29,334591
2025-04-29 20:18:15,0,level_complete,1368,1,50398,0,277016,484559,31,334748
2025-04-29 20:18:16,0,level_complete,1369,1,50405,0,277103,484649,36,334855
2025-04-29 20:18:17,0,level_complete,1370,1,50414,0,277247,484805,34,335027
2025-04-29 20:18:17,0,level_complete,1371,1,50415,0,277274,484838,31,335058
2025-04-29 20:18:17,0,level_complete,1372,1,50421,0,277337,484900,33,335136
2025-04-29 20:18:18,0,level_complete,1373,1,50424,0,277398,484968,31,335223
2025-04-29 20:18:18,0,level_complete,1374,1,50426,0,277429,485009,32,335259
2025-04-29 20:18:18,0,level_complete,1375,1,50430,0,277470,485052,34,335314
2025-04-29 20:18:19,0,level_complete,1376,1,50432,0,277505,485094,32,335354
2025-04-29 20:18:22,0,level_complete,1377,1,50470,0,277875,485470,30,335795
2025-04-29 20:18:22,0,level_complete,1378,1,50471,0,277902,485501,32,335827
2025-04-29 20:18:24,0,training_run_ep 50500,-,1,50501,0,278216,485822,0,336217
2025-04-29 20:18:25,0,level_complete,1379,1,50503,0,278244,485850,42,336260
2025-04-29 20:18:25,0,level_complete,1380,1,50504,0,278271,485905,33,336293
2025-04-29 20:18:25,0,level_complete,1381,1,50505,0,278298,485929,41,336334
2025-04-29 20:18:26,0,level_complete,1382,1,50508,0,278353,486013,30,336397
2025-04-29 20:18:26,0,level_complete,1383,1,50510,0,278384,486047,35,336436
2025-04-29 20:18:26,0,level_complete,1384,1,50512,0,278419,486109,30,336480
2025-04-29 20:18:27,0,level_complete,1385,1,50516,0,278499,486208,29,336577
2025-04-29 20:18:27,0,level_complete,1386,1,50521,0,278575,486287,30,336673
2025-04-29 20:18:28,0,level_complete,1387,1,50529,0,278656,486372,33,336767
2025-04-29 20:18:28,0,level_complete,1388,1,50531,0,278693,486414,38,336822
2025-04-29 20:18:29,0,level_complete,1389,1,50532,0,278720,486457,30,336852
2025-04-29 20:18:29,0,level_complete,1390,1,50533,0,278747,486495,29,336881
2025-04-29 20:18:29,0,level_complete,1391,1,50536,0,278809,486587,36,336955
2025-04-29 20:18:30,0,level_complete,1392,1,50537,0,278836,486619,35,336990
2025-04-29 20:18:30,0,level_complete,1393,1,50542,0,278893,486674,30,337054
2025-04-29 20:18:31,0,level_complete,1394,1,50546,0,278952,486766,32,337128
2025-04-29 20:19:06,0,level_complete,1395,1,50554,0,279067,492639,31,337257
2025-04-29 20:19:07,0,level_complete,1396,1,50556,0,279117,492710,31,337319
2025-04-29 20:19:08,0,level_complete,1397,1,50559,0,279188,492820,36,337409
2025-04-29 20:19:08,0,level_complete,1398,1,50561,0,279236,492871,32,337466
2025-04-29 20:19:08,0,level_complete,1399,1,50562,0,279263,492899,39,337505
2025-04-29 20:19:08,0,level_complete,1400,1,50563,0,279290,492953,31,337536
2025-04-29 20:19:09,0,level_complete,1401,1,50567,0,279355,493034,32,337617
2025-04-29 20:19:19,0,level_complete,1402,1,50579,0,279543,494681,30,337849
2025-04-29 20:19:19,0,level_complete,1403,1,50580,0,279570,494718,35,337884
2025-04-29 20:19:19,0,level_complete,1404,1,50582,0,279602,494760,33,337922
2025-04-29 20:19:20,0,level_complete,1405,1,50583,0,279629,494800,28,337950
2025-04-29 20:19:20,0,level_complete,1406,1,50585,0,279669,494862,32,337998
2025-04-29 20:19:21,0,level_complete,1407,1,50593,0,279805,495021,31,338163
2025-04-29 20:19:21,0,level_complete,1408,1,50594,0,279832,495048,39,338202
2025-04-29 20:19:36,0,level_complete,1409,1,50622,0,280190,497220,40,338644
2025-04-29 20:19:36,0,level_complete,1410,1,50624,0,280234,497274,30,338692
2025-04-29 20:19:36,0,level_complete,1411,1,50625,0,280261,497310,37,338729
2025-04-29 20:19:37,0,level_complete,1412,1,50626,0,280288,497338,31,338760
2025-04-29 20:19:37,0,level_complete,1413,1,50628,0,280340,497426,28,338816
2025-04-29 20:19:38,0,level_complete,1414,1,50630,0,280393,497517,37,338883
2025-04-29 20:19:39,0,level_complete,1415,1,50633,0,280458,497666,30,338954
2025-04-29 20:19:39,0,level_complete,1416,1,50634,0,280485,497701,36,338990
2025-04-29 20:19:41,0,level_complete,1417,1,50649,0,280747,497978,28,339305
2025-04-29 20:19:41,0,level_complete,1418,1,50650,0,280774,498023,30,339335
2025-04-29 20:19:41,0,level_complete,1419,1,50654,0,280836,498094,36,339407
2025-04-29 20:19:42,0,level_complete,1420,1,50661,0,280930,498186,35,339519
2025-04-29 20:19:44,0,level_complete,1421,1,50674,0,281112,498431,30,339733
2025-04-29 20:19:45,0,level_complete,1422,1,50692,0,281267,498582,29,339912
2025-04-29 20:19:47,0,level_complete,1423,1,50730,0,281592,498904,31,340313
2025-04-29 20:19:47,0,level_complete,1424,1,50734,0,281668,499007,30,340405
2025-04-29 20:19:48,0,level_complete,1425,1,50740,0,281751,499084,31,340502
2025-04-29 20:19:48,0,level_complete,1426,1,50742,0,281778,499121,31,340533
2025-04-29 20:19:48,0,level_complete,1427,1,50743,0,281805,499149,32,340565
2025-04-29 20:19:49,0,level_complete,1428,1,50745,0,281856,499195,42,340637
2025-04-29 20:20:09,0,level_complete,1429,1,50769,0,282085,502215,34,340909
2025-04-29 20:20:09,0,level_complete,1430,1,50770,0,282112,502258,29,340938
2025-04-29 20:20:10,0,level_complete,1431,1,50774,0,282179,502365,29,341023
2025-04-29 20:20:11,0,level_complete,1432,1,50778,0,282253,502458,39,341121
2025-04-29 20:20:11,0,level_complete,1433,1,50782,0,282317,502543,30,341193
2025-04-29 20:20:14,0,level_complete,1434,1,50824,0,282709,502944,30,341666
2025-04-29 20:20:14,0,level_complete,1435,1,50826,0,282741,502975,32,341705
2025-04-29 20:20:14,0,level_complete,1436,1,50827,0,282768,503006,31,341736
2025-04-29 20:20:18,0,level_complete,1437,1,50879,0,283245,503554,29,342359
2025-04-29 20:20:18,0,level_complete,1438,1,50880,0,283272,503622,31,342390
2025-04-29 20:20:18,0,level_complete,1439,1,50881,0,283299,503654,32,342422
2025-04-29 20:20:52,0,level_complete,1440,1,50885,0,283344,508559,29,342471
2025-04-29 20:20:53,0,level_complete,1441,1,50891,0,283418,508624,33,342561
2025-04-29 20:20:53,0,level_complete,1442,1,50896,0,283496,508715,29,342651
2025-04-29 20:20:53,0,level_complete,1443,1,50897,0,283523,508747,29,342680
2025-04-29 20:20:54,0,level_complete,1444,1,50905,0,283632,508868,40,342837
2025-04-29 20:20:54,0,level_complete,1445,1,50906,0,283659,508896,34,342871
2025-04-29 20:20:55,0,level_complete,1446,1,50909,0,283689,508927,34,342908
2025-04-29 20:20:55,0,level_complete,1447,1,50912,0,283758,509003,39,342999
2025-04-29 20:20:55,0,level_complete,1448,1,50913,0,283785,509044,29,343028
2025-04-29 20:20:56,0,level_complete,1449,1,50916,0,283852,509125,39,343118
2025-04-29 20:20:56,0,level_complete,1450,1,50919,0,283899,509175,33,343181
2025-04-29 20:20:56,0,level_complete,1451,1,50922,0,283937,509218,37,343230
2025-04-29 20:20:57,0,level_complete,1452,1,50925,0,283967,509259,31,343264
2025-04-29 20:20:57,0,level_complete,1453,1,50928,0,284015,509311,32,343322
2025-04-29 20:21:01,0,level_complete,1454,1,50972,0,284583,509904,30,344015
2025-04-29 20:21:02,0,level_complete,1455,1,50978,0,284665,510025,32,344111
2025-04-29 20:21:02,0,level_complete,1456,1,50980,0,284702,510076,31,344153
2025-04-29 20:21:02,0,level_complete,1457,1,50981,0,284729,510105,33,344186
2025-04-29 20:21:03,0,level_complete,1458,1,50992,0,284866,510249,39,344356
2025-04-29 20:21:04,0,training_run_ep 51000,-,1,51001,0,284993,510386,0,344520
2025-04-29 20:21:06,0,level_complete,1459,1,51015,0,285172,510570,30,344730
2025-04-29 20:21:09,0,level_complete,1460,1,51049,0,285552,511021,32,345177
2025-04-29 20:21:09,0,level_complete,1461,1,51054,0,285664,511146,36,345322
2025-04-29 20:21:10,0,level_complete,1462,1,51062,0,285765,511252,36,345449
2025-04-29 20:21:14,0,level_complete,1463,1,51115,0,286346,511856,34,346143
2025-04-29 20:21:15,0,level_complete,1464,1,51129,0,286510,512003,31,346375
2025-04-29 20:21:15,0,level_complete,1465,1,51136,0,286567,512070,40,346450
2025-04-29 20:21:16,0,level_complete,1466,1,51146,0,286668,512175,35,346580
2025-04-29 20:21:17,0,level_complete,1467,1,51153,0,286770,512278,35,346713
2025-04-29 20:21:17,0,level_complete,1468,1,51154,0,286797,512314,31,346744
2025-04-29 20:21:19,0,level_complete,1469,1,51181,0,287020,512547,29,347021
2025-04-29 20:21:19,0,level_complete,1470,1,51182,0,287047,512577,31,347052
2025-04-29 20:21:20,0,level_complete,1471,1,51194,0,287211,512769,30,347264
2025-04-29 20:21:21,0,level_complete,1472,1,51213,0,287408,512973,33,347503
2025-04-29 20:21:22,0,level_complete,1473,1,51214,0,287435,513009,30,347533
2025-04-29 20:21:22,0,level_complete,1474,1,51221,0,287483,513063,31,347586
2025-04-29 20:21:23,0,level_complete,1475,1,51228,0,287558,513157,29,347674
2025-04-29 20:21:23,0,level_complete,1476,1,51230,0,287606,513214,38,347737
2025-04-29 20:21:23,0,level_complete,1477,1,51231,0,287633,513260,33,347770
2025-04-29 20:21:24,0,level_complete,1478,1,51234,0,287688,513320,42,347845
2025-04-29 20:21:29,0,level_complete,1479,1,51316,0,288316,514114,31,348598
2025-04-29 20:21:30,0,level_complete,1480,1,51326,0,288399,514197,31,348692
2025-04-29 20:21:30,0,level_complete,1481,1,51333,0,288482,514333,35,348791
2025-04-29 20:21:31,0,level_complete,1482,1,51336,0,288546,514477,29,348865
2025-04-29 20:21:32,0,level_complete,1483,1,51358,0,288689,514642,33,349029
2025-04-29 20:21:33,0,level_complete,1484,1,51364,0,288782,514732,34,349144
2025-04-29 20:21:36,0,level_complete,1485,1,51427,0,289098,515077,31,349520
2025-04-29 20:21:36,0,level_complete,1486,1,51433,0,289171,515152,38,349611
2025-04-29 20:21:37,0,level_complete,1487,1,51449,0,289274,515244,45,349746
2025-04-29 20:21:38,0,level_complete,1488,1,51457,0,289349,515331,33,349846
2025-04-29 20:21:38,0,level_complete,1489,1,51467,0,289453,515437,33,349972
2025-04-29 20:21:39,0,level_complete,1490,1,51477,0,289559,515567,32,350101
2025-04-29 20:21:41,0,training_run_ep 51500,-,1,51501,0,289698,515719,0,350270
2025-04-29 20:21:41,0,level_complete,1491,1,51502,0,289725,515756,34,350304
2025-04-29 20:21:44,0,level_complete,1492,1,51580,0,290145,516156,32,350802
2025-04-29 20:21:45,0,level_complete,1493,1,51600,0,290258,516292,29,350930
2025-04-29 20:21:45,0,level_complete,1494,1,51601,0,290285,516337,30,350960
2025-04-29 20:21:49,0,level_complete,1495,1,51682,0,290907,516966,34,351738
2025-04-29 20:21:50,0,level_complete,1496,1,51695,0,291023,517113,34,351877
2025-04-29 20:21:52,0,level_complete,1497,1,51718,0,291183,517308,28,352069
2025-04-29 20:21:58,0,level_complete,1498,1,51830,0,292104,518264,32,353188
2025-04-29 20:21:58,0,level_complete,1499,1,51835,0,292155,518349,30,353243
2025-04-29 20:21:59,0,level_complete,1500,1,51836,0,292182,518397,29,353272
2025-04-29 20:22:00,0,level_complete,1501,1,51846,0,292336,518564,30,353456
2025-04-29 20:22:01,0,level_complete,1502,1,51865,0,292541,518760,34,353710
2025-04-29 20:22:02,0,level_complete,1503,1,51877,0,292684,518911,31,353883
2025-04-29 20:22:02,0,level_complete,1504,1,51878,0,292711,518955,31,353914
2025-04-29 20:22:07,0,level_complete,1505,1,51971,0,293374,519602,37,354714
2025-04-29 20:22:08,0,level_complete,1506,1,51977,0,293469,519719,36,354833
2025-04-29 20:22:08,0,level_complete,1507,1,51978,0,293496,519746,34,354867
2025-04-29 20:22:09,0,training_run_ep 52000,-,1,52001,0,293664,519895,0,355080
2025-04-29 20:22:09,0,level_complete,1508,1,52004,0,293699,519935,35,355126
2025-04-29 20:22:13,0,level_complete,1509,1,52050,0,294088,520452,30,355595
2025-04-29 20:22:13,0,level_complete,1510,1,52051,0,294115,520489,30,355625
2025-04-29 20:22:14,0,level_complete,1511,1,52052,0,294142,520535,29,355654
2025-04-29 20:22:15,0,level_complete,1512,1,52075,0,294386,520737,30,355976
2025-04-29 20:22:16,0,level_complete,1513,1,52084,0,294502,520854,28,356114
2025-04-29 20:22:18,0,level_complete,1514,1,52132,0,294927,521265,31,356614
2025-04-29 20:22:19,0,level_complete,1515,1,52136,0,294974,521338,29,356666
2025-04-29 20:22:20,0,level_complete,1516,1,52151,0,295221,521589,39,356986
2025-04-29 20:22:21,0,level_complete,1517,1,52153,0,295260,521639,32,357031
2025-04-29 20:22:23,0,level_complete,1518,1,52172,0,295485,521916,37,357318
2025-04-29 20:22:23,0,level_complete,1519,1,52181,0,295566,521998,31,357422
2025-04-29 20:22:24,0,level_complete,1520,1,52183,0,295619,522055,32,357488
2025-04-29 20:22:24,0,level_complete,1521,1,52184,0,295646,522114,30,357518
2025-04-29 20:22:24,0,level_complete,1522,1,52186,0,295675,522137,40,357560
2025-04-29 20:22:24,0,level_complete,1523,1,52189,0,295713,522190,29,357606
2025-04-29 20:22:25,0,level_complete,1524,1,52190,0,295740,522242,40,357646
2025-04-29 20:22:25,0,level_complete,1525,1,52191,0,295767,522287,33,357679
2025-04-29 20:22:26,0,level_complete,1526,1,52201,0,295846,522373,32,357779
2025-04-29 20:22:30,0,level_complete,1527,1,52247,0,296400,522966,30,358463
2025-04-29 20:22:30,0,level_complete,1528,1,52252,0,296484,523105,28,358564
2025-04-29 20:22:31,0,level_complete,1529,1,52253,0,296511,523138,36,358600
2025-04-29 20:22:31,0,level_complete,1530,1,52254,0,296538,523164,32,358632
2025-04-29 20:22:31,0,level_complete,1531,1,52256,0,296588,523254,29,358688
2025-04-29 20:22:32,0,level_complete,1532,1,52259,0,296628,523313,31,358732
2025-04-29 20:22:34,0,level_complete,1533,1,52278,0,296880,523583,32,359038
2025-04-29 20:22:35,0,level_complete,1534,1,52304,0,297136,523862,31,359351
2025-04-29 20:22:36,0,level_complete,1535,1,52305,0,297163,523919,45,359396
2025-04-29 20:22:36,0,level_complete,1536,1,52306,0,297190,523961,30,359426
2025-04-29 20:22:37,0,level_complete,1537,1,52314,0,297315,524110,31,359587
2025-04-29 20:22:37,0,level_complete,1538,1,52317,0,297374,524171,33,359666
2025-04-29 20:22:38,0,level_complete,1539,1,52322,0,297461,524277,35,359776
2025-04-29 20:22:39,0,level_complete,1540,1,52328,0,297550,524420,35,359897
2025-04-29 20:22:40,0,level_complete,1541,1,52338,0,297714,524583,29,360108
2025-04-29 20:22:41,0,level_complete,1542,1,52348,0,297843,524765,32,360260
2025-04-29 20:22:42,0,level_complete,1543,1,52353,0,297900,524840,29,360328
2025-04-29 20:22:43,0,level_complete,1544,1,52367,0,298068,525022,29,360525
2025-04-29 20:22:43,0,level_complete,1545,1,52370,0,298127,525083,31,360594
2025-04-29 20:22:44,0,level_complete,1546,1,52375,0,298174,525131,35,360649
2025-04-29 20:22:44,0,level_complete,1547,1,52377,0,298222,525206,31,360703
2025-04-29 20:22:45,0,level_complete,1548,1,52379,0,298258,525256,36,360748
2025-04-29 20:22:45,0,level_complete,1549,1,52380,0,298285,525290,31,360779
2025-04-29 20:22:45,0,level_complete,1550,1,52381,0,298312,525327,29,360808
2025-04-29 20:22:46,0,level_complete,1551,1,52387,0,298409,525455,31,360942
2025-04-29 20:22:46,0,level_complete,1552,1,52389,0,298455,525507,31,360996
2025-04-29 20:22:48,0,level_complete,1553,1,52404,0,298647,525723,36,361237
2025-04-29 20:22:49,0,level_complete,1554,1,52408,0,298720,525806,29,361326
2025-04-29 20:22:49,0,level_complete,1555,1,52413,0,298782,525869,30,361393
2025-04-29 20:22:50,0,level_complete,1556,1,52414,0,298809,525915,33,361426
2025-04-29 20:22:50,0,level_complete,1557,1,52416,0,298851,525962,32,361475
2025-04-29 20:22:50,0,level_complete,1558,1,52418,0,298879,525989,35,361511
2025-04-29 20:22:50,0,level_complete,1559,1,52419,0,298906,526017,38,361549
2025-04-29 20:22:51,0,level_complete,1560,1,52428,0,299045,526163,30,361724
2025-04-29 20:22:52,0,level_complete,1561,1,52429,0,299072,526192,33,361757
2025-04-29 20:22:52,0,level_complete,1562,1,52430,0,299099,526229,30,361787
2025-04-29 20:22:52,0,level_complete,1563,1,52431,0,299126,526264,32,361819
2025-04-29 20:22:54,0,level_complete,1564,1,52452,0,299440,526595,30,362205
2025-04-29 20:22:55,0,level_complete,1565,1,52464,0,299605,526763,32,362398
2025-04-29 20:22:56,0,level_complete,1566,1,52465,0,299632,526817,29,362427
2025-04-29 20:22:56,0,level_complete,1567,1,52469,0,299695,526913,32,362501
2025-04-29 20:22:58,0,level_complete,1568,1,52501,0,299938,527165,30,362784
2025-04-29 20:22:59,0,training_run_ep 52500,-,1,52501,0,299938,527165,30,362784
2025-04-29 20:23:02,0,level_complete,1569,1,52534,0,300376,527649,32,363320
2025-04-29 20:23:02,0,level_complete,1570,1,52535,0,300403,527678,31,363351
2025-04-29 20:23:03,0,level_complete,1571,1,52540,0,300486,527765,31,363454
2025-04-29 20:23:03,0,level_complete,1572,1,52544,0,300566,527860,37,363556
2025-04-29 20:23:04,0,level_complete,1573,1,52548,0,300646,527958,32,363650
2025-04-29 20:23:04,0,level_complete,1574,1,52550,0,300695,528019,36,363713
2025-04-29 20:23:04,0,level_complete,1575,1,52551,0,300722,528052,41,363754
2025-04-29 20:23:05,0,level_complete,1576,1,52554,0,300778,528119,30,363822
2025-04-29 20:23:05,0,level_complete,1577,1,52555,0,300805,528160,33,363855
2025-04-29 20:23:05,0,level_complete,1578,1,52556,0,300832,528182,37,363892
2025-04-29 20:23:06,0,level_complete,1579,1,52559,0,300903,528283,29,363973
2025-04-29 20:23:07,0,level_complete,1580,1,52565,0,300991,528384,32,364072
2025-04-29 20:23:07,0,level_complete,1581,1,52567,0,301021,528426,31,364106
2025-04-29 20:23:08,0,level_complete,1582,1,52572,0,301120,528544,30,364225
2025-04-29 20:23:08,0,level_complete,1583,1,52573,0,301147,528576,34,364259
2025-04-29 20:23:08,0,level_complete,1584,1,52574,0,301174,528618,30,364289
2025-04-29 20:23:08,0,level_complete,1585,1,52575,0,301201,528662,29,364318
2025-04-29 20:23:09,0,level_complete,1586,1,52576,0,301228,528699,36,364354
2025-04-29 20:23:09,0,level_complete,1587,1,52577,0,301255,528751,35,364389
2025-04-29 20:23:10,0,level_complete,1588,1,52580,0,301324,528832,32,364471
2025-04-29 20:23:10,0,level_complete,1589,1,52581,0,301351,528866,31,364502
2025-04-29 20:23:10,0,level_complete,1590,1,52582,0,301378,528906,30,364532
2025-04-29 20:23:11,0,level_complete,1591,1,52583,0,301405,528982,30,364562
2025-04-29 20:23:13,0,level_complete,1592,1,52587,0,301489,529301,37,364664
2025-04-29 20:23:13,0,level_complete,1593,1,52588,0,301516,529346,31,364695
2025-04-29 20:23:13,0,level_complete,1594,1,52589,0,301543,529378,29,364724
2025-04-29 20:23:14,0,level_complete,1595,1,52593,0,301614,529464,30,364803
2025-04-29 20:23:14,0,level_complete,1596,1,52597,0,301693,529540,30,364902
2025-04-29 20:23:15,0,level_complete,1597,1,52599,0,301740,529579,36,364966
2025-04-29 20:23:15,0,level_complete,1598,1,52607,0,301848,529694,31,365092
2025-04-29 20:23:16,0,level_complete,1599,1,52610,0,301904,529739,41,365175
2025-04-29 20:23:16,0,level_complete,1600,1,52612,0,301957,529822,38,365244
2025-04-29 20:23:16,0,level_complete,1601,1,52613,0,301984,529843,33,365277
2025-04-29 20:23:17,0,level_complete,1602,1,52618,0,302055,529925,32,365359
2025-04-29 20:23:17,0,level_complete,1603,1,52619,0,302082,529959,35,365394
2025-04-29 20:23:19,0,level_complete,1604,1,52638,0,302387,530287,33,365800
2025-04-29 20:23:20,0,level_complete,1605,1,52643,0,302479,530392,33,365907
2025-04-29 20:23:20,0,level_complete,1606,1,52645,0,302531,530464,31,365965
2025-04-29 20:23:21,0,level_complete,1607,1,52649,0,302595,530522,36,366050
2025-04-29 20:23:21,0,level_complete,1608,1,52652,0,302644,530563,32,366113
2025-04-29 20:23:21,0,level_complete,1609,1,52654,0,302697,530629,35,366180
2025-04-29 20:23:22,0,level_complete,1610,1,52656,0,302730,530663,35,366222
2025-04-29 20:23:22,0,level_complete,1611,1,52657,0,302757,530689,34,366256
2025-04-29 20:23:22,0,level_complete,1612,1,52659,0,302798,530745,32,366304
2025-04-29 20:23:23,0,level_complete,1613,1,52662,0,302854,530815,34,366373
2025-04-29 20:23:24,0,level_complete,1614,1,52669,0,302962,531005,31,366501
2025-04-29 20:23:25,0,level_complete,1615,1,52679,0,303106,531171,31,366668
2025-04-29 20:23:25,0,level_complete,1616,1,52680,0,303133,531205,31,366699
2025-04-29 20:23:26,0,level_complete,1617,1,52683,0,303208,531300,42,366801
2025-04-29 20:23:26,0,level_complete,1618,1,52684,0,303235,531343,32,366833
2025-04-29 20:23:26,0,level_complete,1619,1,52685,0,303262,531379,33,366866
2025-04-29 20:23:26,0,level_complete,1620,1,52686,0,303289,531407,31,366897
2025-04-29 20:23:27,0,level_complete,1621,1,52688,0,303320,531438,34,366935
2025-04-29 20:23:27,0,level_complete,1622,1,52689,0,303347,531476,31,366966
2025-04-29 20:23:27,0,level_complete,1623,1,52690,0,303374,531530,28,366994
2025-04-29 20:23:28,0,level_complete,1624,1,52691,0,303401,531591,33,367027
2025-04-29 20:23:28,0,level_complete,1625,1,52693,0,303441,531642,27,367070
2025-04-29 20:23:29,0,level_complete,1626,1,52697,0,303495,531729,30,367132
2025-04-29 20:23:29,0,level_complete,1627,1,52698,0,303522,531765,32,367164
2025-04-29 20:23:29,0,level_complete,1628,1,52700,0,303558,531797,30,367205
2025-04-29 20:23:29,0,level_complete,1629,1,52703,0,303619,531863,30,367276
2025-04-29 20:23:30,0,level_complete,1630,1,52706,0,303667,531927,33,367332
2025-04-29 20:23:31,0,level_complete,1631,1,52709,0,303718,532023,34,367401
2025-04-29 20:23:31,0,level_complete,1632,1,52713,0,303771,532094,32,367461
2025-04-29 20:23:31,0,level_complete,1633,1,52714,0,303798,532142,31,367492
2025-04-29 20:23:32,0,level_complete,1634,1,52717,0,303874,532265,32,367581
2025-04-29 20:23:32,0,level_complete,1635,1,52718,0,303901,532297,30,367611
2025-04-29 20:23:33,0,level_complete,1636,1,52722,0,303947,532409,30,367660
2025-04-29 20:23:33,0,level_complete,1637,1,52724,0,303979,532451,36,367701
2025-04-29 20:23:34,0,level_complete,1638,1,52725,0,304006,532483,33,367734
2025-04-29 20:23:34,0,level_complete,1639,1,52727,0,304059,532544,35,367800
2025-04-29 20:23:34,0,level_complete,1640,1,52728,0,304086,532576,33,367833
2025-04-29 20:23:34,0,level_complete,1641,1,52730,0,304128,532615,33,367889
2025-04-29 20:23:35,0,level_complete,1642,1,52731,0,304155,532677,35,367924
2025-04-29 20:23:36,0,level_complete,1643,1,52732,0,304182,532787,41,367965
2025-04-29 20:23:36,0,level_complete,1644,1,52733,0,304209,532820,37,368002
2025-04-29 20:23:36,0,level_complete,1645,1,52734,0,304236,532845,39,368041
2025-04-29 20:23:36,0,level_complete,1646,1,52736,0,304274,532904,33,368086
2025-04-29 20:23:36,0,level_complete,1647,1,52737,0,304301,532939,43,368129
2025-04-29 20:23:37,0,level_complete,1648,1,52738,0,304328,532979,30,368159
2025-04-29 20:23:37,0,level_complete,1649,1,52739,0,304355,533031,29,368188
2025-04-29 20:23:37,0,level_complete,1650,1,52740,0,304382,533083,30,368218
2025-04-29 20:23:38,0,level_complete,1651,1,52743,0,304418,533117,39,368266
2025-04-29 20:23:38,0,level_complete,1652,1,52744,0,304445,533151,40,368306
2025-04-29 20:23:38,0,level_complete,1653,1,52745,0,304472,533198,37,368343
2025-04-29 20:23:38,0,level_complete,1654,1,52746,0,304499,533226,32,368375
2025-04-29 20:23:39,0,level_complete,1655,1,52747,0,304526,533276,35,368410
2025-04-29 20:23:39,0,level_complete,1656,1,52748,0,304553,533322,31,368441
2025-04-29 20:23:39,0,level_complete,1657,1,52750,0,304606,533387,31,368500
2025-04-29 20:23:40,0,level_complete,1658,1,52751,0,304633,533441,30,368530
2025-04-29 20:23:40,0,level_complete,1659,1,52752,0,304660,533472,29,368559
2025-04-29 20:23:41,0,level_complete,1660,1,52755,0,304726,533572,35,368637
2025-04-29 20:23:41,0,level_complete,1661,1,52756,0,304753,533605,32,368669
2025-04-29 20:23:42,0,level_complete,1662,1,52765,0,304921,533819,31,368864
2025-04-29 20:23:42,0,level_complete,1663,1,52766,0,304948,533864,31,368895
2025-04-29 20:23:43,0,level_complete,1664,1,52768,0,304976,533911,32,368928
2025-04-29 20:23:43,0,level_complete,1665,1,52771,0,305012,533958,29,368967
2025-04-29 20:23:44,0,level_complete,1666,1,52773,0,305065,534059,28,369025
2025-04-29 20:23:44,0,level_complete,1667,1,52777,0,305139,534129,40,369132
2025-04-29 20:23:45,0,level_complete,1668,1,52785,0,305292,534282,29,369331
2025-04-29 20:23:45,0,level_complete,1669,1,52787,0,305330,534322,32,369381
2025-04-29 20:23:47,0,level_complete,1670,1,52809,0,305526,534505,29,369619
2025-04-29 20:23:49,0,level_complete,1671,1,52833,0,305825,534841,34,369997
2025-04-29 20:23:49,0,level_complete,1672,1,52834,0,305852,534889,38,370035
2025-04-29 20:23:50,0,level_complete,1673,1,52837,0,305888,534937,32,370076
2025-04-29 20:23:51,0,level_complete,1674,1,52848,0,306067,535116,36,370286
2025-04-29 20:23:54,0,level_complete,1675,1,52896,0,306491,535588,40,370812
2025-04-29 20:23:55,0,level_complete,1676,1,52902,0,306592,535694,35,370928
2025-04-29 20:23:55,0,level_complete,1677,1,52903,0,306619,535753,34,370962
2025-04-29 20:23:55,0,level_complete,1678,1,52908,0,306670,535809,28,371019
2025-04-29 20:23:58,0,level_complete,1679,1,52927,0,306957,536151,30,371368
2025-04-29 20:23:58,0,level_complete,1680,1,52928,0,306984,536188,32,371400
2025-04-29 20:23:59,0,level_complete,1681,1,52938,0,307123,536392,27,371560
2025-04-29 20:24:00,0,level_complete,1682,1,52939,0,307150,536428,40,371600
2025-04-29 20:24:00,0,level_complete,1683,1,52943,0,307226,536522,31,371689
2025-04-29 20:24:01,0,level_complete,1684,1,52947,0,307303,536615,37,371786
2025-04-29 20:24:01,0,level_complete,1685,1,52948,0,307330,536638,36,371822
2025-04-29 20:24:01,0,level_complete,1686,1,52952,0,307378,536682,29,371879
2025-04-29 20:24:02,0,level_complete,1687,1,52956,0,307444,536770,33,371960
2025-04-29 20:24:02,0,level_complete,1688,1,52958,0,307496,536836,60,372052
2025-04-29 20:24:03,0,level_complete,1689,1,52963,0,307565,536922,32,372128
2025-04-29 20:24:03,0,level_complete,1690,1,52967,0,307647,536999,28,372228
2025-04-29 20:24:04,0,level_complete,1691,1,52969,0,307680,537038,29,372264
2025-04-29 20:24:04,0,level_complete,1692,1,52970,0,307707,537080,32,372296
2025-04-29 20:24:04,0,level_complete,1693,1,52972,0,307760,537158,32,372361
2025-04-29 20:24:05,0,level_complete,1694,1,52973,0,307787,537200,36,372397
2025-04-29 20:24:05,0,level_complete,1695,1,52974,0,307814,537234,30,372427
2025-04-29 20:24:05,0,level_complete,1696,1,52976,0,307855,537274,34,372483
2025-04-29 20:24:05,0,level_complete,1697,1,52978,0,307888,537314,32,372521
2025-04-29 20:24:06,0,level_complete,1698,1,52980,0,307938,537379,32,372579
2025-04-29 20:24:06,0,level_complete,1699,1,52990,0,308027,537486,33,372678
2025-04-29 20:24:08,0,level_complete,1700,1,52999,0,308190,537660,31,372880
2025-04-29 20:24:08,0,training_run_ep 53000,-,1,53001,0,308222,537698,0,372917
2025-04-29 20:24:09,0,level_complete,1701,1,53015,0,308413,537873,33,373145
2025-04-29 20:24:10,0,level_complete,1702,1,53017,0,308451,537934,44,373201
2025-04-29 20:24:10,0,level_complete,1703,1,53018,0,308478,537967,39,373240
2025-04-29 20:24:10,0,level_complete,1704,1,53020,0,308530,538025,36,373308
2025-04-29 20:24:11,0,level_complete,1705,1,53021,0,308557,538072,33,373341
2025-04-29 20:24:11,0,level_complete,1706,1,53027,0,308635,538159,34,373433
2025-04-29 20:24:12,0,level_complete,1707,1,53031,0,308691,538210,32,373500
2025-04-29 20:24:12,0,level_complete,1708,1,53032,0,308718,538239,33,373533
2025-04-29 20:24:12,0,level_complete,1709,1,53035,0,308776,538298,35,373604
2025-04-29 20:24:13,0,level_complete,1710,1,53041,0,308880,538424,32,373744
2025-04-29 20:24:14,0,level_complete,1711,1,53048,0,308986,538566,33,373863
2025-04-29 20:24:20,0,level_complete,1712,1,53051,0,309043,539485,30,373925
2025-04-29 20:24:21,0,level_complete,1713,1,53060,0,309152,539597,32,374052
2025-04-29 20:24:22,0,level_complete,1714,1,53062,0,309203,539658,35,374114
2025-04-29 20:24:23,0,level_complete,1715,1,53073,0,309354,539828,34,374294
2025-04-29 20:24:23,0,level_complete,1716,1,53074,0,309381,539853,35,374329
2025-04-29 20:24:24,0,level_complete,1717,1,53096,0,309599,540069,32,374588
2025-04-29 20:24:25,0,level_complete,1718,1,53098,0,309640,540114,31,374635
2025-04-29 20:24:25,0,level_complete,1719,1,53104,0,309744,540242,32,374755
2025-04-29 20:24:26,0,level_complete,1720,1,53109,0,309818,540317,33,374843
2025-04-29 20:24:26,0,level_complete,1721,1,53116,0,309878,540367,31,374922
2025-04-29 20:25:15,0,level_complete,1722,1,53121,0,309970,548108,29,375029
2025-04-29 20:25:17,0,level_complete,1723,1,53149,0,310303,548459,30,375427
2025-04-29 20:25:17,0,level_complete,1724,1,53150,0,310330,548501,32,375459
2025-04-29 20:25:18,0,level_complete,1725,1,53152,0,310363,548541,30,375498
2025-04-29 20:25:18,0,level_complete,1726,1,53154,0,310415,548613,32,375557
2025-04-29 20:25:19,0,level_complete,1727,1,53157,0,310470,548689,35,375627
2025-04-29 20:25:23,0,level_complete,1728,1,53169,0,310659,549312,29,375862
2025-04-29 20:25:23,0,level_complete,1729,1,53175,0,310748,549428,29,375969
2025-04-29 20:25:24,0,level_complete,1730,1,53181,0,310840,549522,31,376080
2025-04-29 20:25:24,0,level_complete,1731,1,53183,0,310892,549583,35,376150
2025-04-29 20:25:24,0,level_complete,1732,1,53185,0,310924,549613,39,376194
2025-04-29 20:25:26,0,level_complete,1733,1,53196,0,311078,549785,33,376375
2025-04-29 20:25:26,0,level_complete,1734,1,53199,0,311118,549854,32,376421
2025-04-29 20:25:27,0,level_complete,1735,1,53206,0,311243,549983,29,376569
2025-04-29 20:25:27,0,level_complete,1736,1,53211,0,311296,550036,33,376631
2025-04-29 20:25:29,0,level_complete,1737,1,53225,0,311533,550305,29,376923
2025-04-29 20:25:29,0,level_complete,1738,1,53226,0,311560,550337,30,376953
2025-04-29 20:25:30,0,level_complete,1739,1,53234,0,311668,550450,31,377083
2025-04-29 20:25:30,0,level_complete,1740,1,53236,0,311709,550497,28,377125
2025-04-29 20:25:31,0,level_complete,1741,1,53240,0,311787,550592,32,377217
2025-04-29 20:25:33,0,level_complete,1742,1,53244,0,311886,550983,31,377333
2025-04-29 20:25:34,0,level_complete,1743,1,53245,0,311913,551046,35,377368
2025-04-29 20:25:34,0,level_complete,1744,1,53246,0,311940,551080,29,377397
2025-04-29 20:25:35,0,level_complete,1745,1,53254,0,312039,551202,31,377518
2025-04-29 20:25:36,0,level_complete,1746,1,53269,0,312274,551457,32,377810
2025-04-29 20:25:37,0,level_complete,1747,1,53274,0,312346,551523,36,377902
2025-04-29 20:25:38,0,level_complete,1748,1,53286,0,312522,551739,32,378115
2025-04-29 20:25:39,0,level_complete,1749,1,53289,0,312569,551803,30,378169
2025-04-29 20:25:40,0,level_complete,1750,1,53296,0,312696,551979,31,378357
2025-04-29 20:25:40,0,level_complete,1751,1,53297,0,312723,552007,32,378389
2025-04-29 20:25:40,0,level_complete,1752,1,53301,0,312798,552096,32,378479
2025-04-29 20:25:41,0,level_complete,1753,1,53302,0,312825,552137,30,378509
2025-04-29 20:25:43,0,level_complete,1754,1,53322,0,313110,552428,35,378859
2025-04-29 20:25:45,0,level_complete,1755,1,53342,0,313325,552766,30,379097
2025-04-29 20:25:45,0,level_complete,1756,1,53343,0,313352,552823,32,379129
2025-04-29 20:25:47,0,level_complete,1757,1,53357,0,313534,553054,31,379347
2025-04-29 20:25:48,0,level_complete,1758,1,53365,0,313668,553212,30,379506
2025-04-29 20:25:48,0,level_complete,1759,1,53374,0,313745,553300,34,379593
2025-04-29 20:25:49,0,level_complete,1760,1,53383,0,313854,553425,28,379718
2025-04-29 20:25:50,0,level_complete,1761,1,53398,0,314014,553597,36,379911
2025-04-29 20:25:52,0,level_complete,1762,1,53409,0,314182,553810,39,380112
2025-04-29 20:25:52,0,level_complete,1763,1,53413,0,314238,553896,30,380173
2025-04-29 20:25:53,0,level_complete,1764,1,53415,0,314289,553959,36,380235
2025-04-29 20:25:53,0,level_complete,1765,1,53418,0,314349,554047,29,380300
2025-04-29 20:25:53,0,level_complete,1766,1,53420,0,314386,554091,30,380341
2025-04-29 20:25:54,0,level_complete,1767,1,53425,0,314457,554213,29,380422
2025-04-29 20:25:55,0,level_complete,1768,1,53439,0,314604,554377,31,380607
2025-04-29 20:26:17,0,level_complete,1769,1,53454,0,314855,557551,31,380900
2025-04-29 20:26:18,0,level_complete,1770,1,53461,0,314963,557700,35,381030
2025-04-29 20:26:18,0,level_complete,1771,1,53462,0,314990,557730,35,381065
2025-04-29 20:26:18,0,level_complete,1772,1,53463,0,315017,557792,32,381097
2025-04-29 20:26:18,0,level_complete,1773,1,53464,0,315044,557832,32,381129
2025-04-29 20:26:19,0,level_complete,1774,1,53465,0,315071,557887,27,381156
2025-04-29 20:26:19,0,level_complete,1775,1,53466,0,315098,557920,34,381190
2025-04-29 20:26:19,0,level_complete,1776,1,53470,0,315168,557980,32,381275
2025-04-29 20:26:20,0,level_complete,1777,1,53472,0,315220,558044,30,381336
2025-04-29 20:26:20,0,level_complete,1778,1,53479,0,315310,558133,33,381448
2025-04-29 20:26:21,0,level_complete,1779,1,53487,0,315449,558298,33,381620
2025-04-29 20:26:22,0,level_complete,1780,1,53493,0,315507,558355,35,381694
2025-04-29 20:26:22,0,level_complete,1781,1,53496,0,315546,558400,42,381749
2025-04-29 20:26:22,0,level_complete,1782,1,53497,0,315573,558432,31,381780
2025-04-29 20:26:23,0,training_run_ep 53500,-,1,53501,0,315624,558482,0,381843
2025-04-29 20:26:23,0,level_complete,1783,1,53503,0,315657,558529,34,381884
2025-04-29 20:26:24,0,level_complete,1784,1,53504,0,315684,558564,29,381913
2025-04-29 20:26:24,0,level_complete,1785,1,53509,0,315741,558638,31,381976
2025-04-29 20:26:25,0,level_complete,1786,1,53516,0,315833,558767,36,382094
2025-04-29 20:26:25,0,level_complete,1787,1,53521,0,315904,558829,34,382182
2025-04-29 20:26:26,0,level_complete,1788,1,53522,0,315931,558863,32,382214
2025-04-29 20:26:26,0,level_complete,1789,1,53524,0,315984,558949,41,382290
2025-04-29 20:26:26,0,level_complete,1790,1,53526,0,316025,558993,37,382349
2025-04-29 20:26:27,0,level_complete,1791,1,53527,0,316052,559037,31,382380
2025-04-29 20:26:27,0,level_complete,1792,1,53528,0,316079,559083,31,382411
2025-04-29 20:26:27,0,level_complete,1793,1,53529,0,316106,559115,28,382439
2025-04-29 20:26:27,0,level_complete,1794,1,53530,0,316133,559141,45,382484
2025-04-29 20:26:28,0,level_complete,1795,1,53532,0,316173,559192,29,382529
2025-04-29 20:26:28,0,level_complete,1796,1,53534,0,316225,559282,34,382591
2025-04-29 20:26:29,0,level_complete,1797,1,53535,0,316252,559343,31,382622
2025-04-29 20:26:29,0,level_complete,1798,1,53537,0,316286,559373,37,382667
2025-04-29 20:26:29,0,level_complete,1799,1,53539,0,316318,559417,35,382707
2025-04-29 20:26:29,0,level_complete,1800,1,53540,0,316345,559449,32,382739
2025-04-29 20:26:30,0,level_complete,1801,1,53544,0,316420,559535,32,382830
2025-04-29 20:26:30,0,level_complete,1802,1,53545,0,316447,559576,29,382859
2025-04-29 20:26:31,0,level_complete,1803,1,53549,0,316545,559713,29,382971
2025-04-29 20:26:31,0,level_complete,1804,1,53551,0,316574,559749,37,383010
2025-04-29 20:26:32,0,level_complete,1805,1,53555,0,316628,559821,29,383071
2025-04-29 20:26:32,0,level_complete,1806,1,53556,0,316655,559854,33,383104
2025-04-29 20:26:33,0,level_complete,1807,1,53561,0,316761,559995,38,383241
2025-04-29 20:26:33,0,level_complete,1808,1,53563,0,316789,560047,31,383273
2025-04-29 20:26:34,0,level_complete,1809,1,53568,0,316864,560122,35,383360
2025-04-29 20:26:34,0,level_complete,1810,1,53572,0,316915,560186,30,383414
2025-04-29 20:26:35,0,level_complete,1811,1,53573,0,316942,560264,33,383447
2025-04-29 20:26:35,0,level_complete,1812,1,53574,0,316969,560303,30,383477
2025-04-29 20:26:35,0,level_complete,1813,1,53575,0,316996,560335,46,383523
2025-04-29 20:26:36,0,level_complete,1814,1,53579,0,317088,560464,31,383640
2025-04-29 20:26:36,0,level_complete,1815,1,53581,0,317117,560496,34,383676
2025-04-29 20:26:36,0,level_complete,1816,1,53582,0,317144,560529,35,383711
2025-04-29 20:26:37,0,level_complete,1817,1,53584,0,317186,560581,29,383758
2025-04-29 20:26:37,0,level_complete,1818,1,53585,0,317213,560621,33,383791
2025-04-29 20:26:37,0,level_complete,1819,1,53587,0,317258,560690,28,383839
2025-04-29 20:26:38,0,level_complete,1820,1,53588,0,317285,560727,33,383872
2025-04-29 20:26:38,0,level_complete,1821,1,53589,0,317312,560770,34,383906
2025-04-29 20:26:38,0,level_complete,1822,1,53590,0,317339,560808,32,383938
2025-04-29 20:26:39,0,level_complete,1823,1,53591,0,317366,560849,31,383969
2025-04-29 20:26:39,0,level_complete,1824,1,53592,0,317393,560882,31,384000
2025-04-29 20:26:39,0,level_complete,1825,1,53595,0,317445,560947,34,384065
2025-04-29 20:26:40,0,level_complete,1826,1,53599,0,317530,561063,33,384175
2025-04-29 20:26:40,0,level_complete,1827,1,53601,0,317580,561105,34,384237
2025-04-29 20:26:40,0,level_complete,1828,1,53602,0,317607,561137,33,384270
2025-04-29 20:26:41,0,level_complete,1829,1,53605,0,317665,561224,29,384334
2025-04-29 20:26:41,0,level_complete,1830,1,53606,0,317692,561267,36,384370
2025-04-29 20:26:42,0,level_complete,1831,1,53608,0,317740,561340,27,384428
2025-04-29 20:26:42,0,level_complete,1832,1,53613,0,317795,561409,36,384497
2025-04-29 20:26:42,0,level_complete,1833,1,53614,0,317822,561455,32,384529
2025-04-29 20:26:43,0,level_complete,1834,1,53619,0,317882,561533,31,384596
2025-04-29 20:26:43,0,level_complete,1835,1,53620,0,317909,561573,27,384623
2025-04-29 20:26:44,0,level_complete,1836,1,53628,0,318038,561698,45,384789
2025-04-29 20:26:44,0,level_complete,1837,1,53629,0,318065,561727,29,384818
2025-04-29 20:26:47,0,level_complete,1838,1,53665,0,318433,562101,38,385257
2025-04-29 20:26:47,0,level_complete,1839,1,53669,0,318497,562166,31,385341
2025-04-29 20:26:48,0,level_complete,1840,1,53680,0,318651,562324,31,385528
2025-04-29 20:26:48,0,level_complete,1841,1,53681,0,318678,562356,30,385558
2025-04-29 20:26:49,0,level_complete,1842,1,53692,0,318814,562529,33,385719
2025-04-29 20:26:50,0,level_complete,1843,1,53694,0,318842,562558,43,385763
2025-04-29 20:26:50,0,level_complete,1844,1,53696,0,318895,562642,41,385837
2025-04-29 20:26:50,0,level_complete,1845,1,53697,0,318922,562669,39,385876
2025-04-29 20:26:51,0,level_complete,1846,1,53699,0,318951,562699,32,385910
2025-04-29 20:26:52,0,level_complete,1847,1,53711,0,319153,562937,35,386171
2025-04-29 20:26:52,0,level_complete,1848,1,53712,0,319180,562974,33,386204
2025-04-29 20:26:54,0,level_complete,1849,1,53732,0,319481,563305,37,386577
2025-04-29 20:26:55,0,level_complete,1850,1,53734,0,319522,563348,34,386626
2025-04-29 20:26:55,0,level_complete,1851,1,53735,0,319549,563384,30,386656
2025-04-29 20:26:56,0,level_complete,1852,1,53745,0,319661,563513,30,386786
2025-04-29 20:26:56,0,level_complete,1853,1,53746,0,319688,563548,32,386818
2025-04-29 20:26:57,0,level_complete,1854,1,53749,0,319743,563732,31,386892
2025-04-29 20:26:58,0,level_complete,1855,1,53752,0,319791,563792,35,386953
2025-04-29 20:26:58,0,level_complete,1856,1,53753,0,319818,563830,31,386984
2025-04-29 20:26:59,0,level_complete,1857,1,53759,0,319929,563940,38,387124
2025-04-29 20:26:59,0,level_complete,1858,1,53763,0,319984,564000,30,387184
2025-04-29 20:26:59,0,level_complete,1859,1,53766,0,320041,564063,31,387258
2025-04-29 20:27:01,0,level_complete,1860,1,53786,0,320250,564287,31,387514
2025-04-29 20:27:02,0,level_complete,1861,1,53795,0,320358,564403,31,387644
2025-04-29 20:27:05,0,level_complete,1862,1,53850,0,320854,564882,34,388257
2025-04-29 20:27:05,0,level_complete,1863,1,53854,0,320931,564984,33,388352
2025-04-29 20:27:06,0,level_complete,1864,1,53857,0,320988,565049,31,388419
2025-04-29 20:27:06,0,level_complete,1865,1,53862,0,321035,565101,29,388471
2025-04-29 20:27:07,0,level_complete,1866,1,53864,0,321087,565179,32,388532
2025-04-29 20:27:07,0,level_complete,1867,1,53865,0,321114,565210,30,388562
2025-04-29 20:27:08,0,level_complete,1868,1,53869,0,321203,565425,28,388673
2025-04-29 20:27:08,0,level_complete,1869,1,53870,0,321230,565457,33,388706
2025-04-29 20:27:09,0,level_complete,1870,1,53877,0,321370,565616,31,388873
2025-04-29 20:27:11,0,level_complete,1871,1,53895,0,321653,565914,34,389231
2025-04-29 20:27:13,0,level_complete,1872,1,53910,0,321840,566145,31,389449
2025-04-29 20:27:13,0,level_complete,1873,1,53913,0,321893,566211,38,389521
2025-04-29 20:27:13,0,level_complete,1874,1,53914,0,321920,566235,33,389554
2025-04-29 20:27:14,0,level_complete,1875,1,53919,0,322043,566390,33,389694
2025-04-29 20:27:15,0,level_complete,1876,1,53925,0,322141,566519,34,389817
2025-04-29 20:28:18,0,level_complete,1877,1,53932,0,322287,576842,28,389985
2025-04-29 20:28:19,0,level_complete,1878,1,53944,0,322396,576970,29,390111
2025-04-29 20:28:20,0,level_complete,1879,1,53955,0,322480,577072,32,390220
2025-04-29 20:28:20,0,level_complete,1880,1,53957,0,322531,577131,28,390281
2025-04-29 20:28:21,0,level_complete,1881,1,53965,0,322630,577247,32,390404
2025-04-29 20:28:21,0,level_complete,1882,1,53968,0,322688,577327,40,390481
2025-04-29 20:28:22,0,level_complete,1883,1,53970,0,322737,577386,37,390543
2025-04-29 20:28:22,0,level_complete,1884,1,53976,0,322785,577434,36,390603
2025-04-29 20:28:23,0,level_complete,1885,1,53979,0,322841,577501,30,390669
2025-04-29 20:28:23,0,level_complete,1886,1,53980,0,322868,577533,36,390705
2025-04-29 20:28:23,0,level_complete,1887,1,53985,0,322926,577593,33,390776
2025-04-29 20:28:24,0,level_complete,1888,1,53991,0,323009,577691,31,390879
2025-04-29 20:28:25,0,level_complete,1889,1,54000,0,323146,577843,33,391064
2025-04-29 20:28:25,0,training_run_ep 54000,-,1,54001,0,323158,577852,0,391082
2025-04-29 20:28:26,0,level_complete,1890,1,54003,0,323203,577901,32,391133
2025-04-29 20:28:26,0,level_complete,1891,1,54004,0,323230,577928,32,391165
2025-04-29 20:28:26,0,level_complete,1892,1,54006,0,323260,577963,30,391198
2025-04-29 20:28:26,0,level_complete,1893,1,54009,0,323310,578018,32,391255
2025-04-29 20:28:27,0,level_complete,1894,1,54011,0,323337,578058,36,391291
2025-04-29 20:28:27,0,level_complete,1895,1,54012,0,323364,578111,31,391322
2025-04-29 20:28:28,0,level_complete,1896,1,54015,0,323432,578179,33,391410
2025-04-29 20:28:28,0,level_complete,1897,1,54019,0,323518,578303,40,391526
2025-04-29 20:28:29,0,level_complete,1898,1,54021,0,323561,578362,30,391577
2025-04-29 20:28:29,0,level_complete,1899,1,54026,0,323641,578455,29,391676
2025-04-29 20:28:31,0,level_complete,1900,1,54036,0,323813,578673,32,391879
2025-04-29 20:28:31,0,level_complete,1901,1,54038,0,323843,578705,35,391918
2025-04-29 20:28:31,0,level_complete,1902,1,54040,0,323884,578772,30,391964
2025-04-29 20:28:32,0,level_complete,1903,1,54042,0,323915,578800,30,391998
2025-04-29 20:28:32,0,level_complete,1904,1,54046,0,323986,578893,35,392085
2025-04-29 20:28:33,0,level_complete,1905,1,54047,0,324013,578957,29,392114
2025-04-29 20:28:34,0,level_complete,1906,1,54067,0,324242,579198,29,392395
2025-04-29 20:28:35,0,level_complete,1907,1,54072,0,324313,579303,29,392478
2025-04-29 20:28:35,0,level_complete,1908,1,54073,0,324340,579344,32,392510
2025-04-29 20:28:42,0,level_complete,1909,1,54161,0,325340,580454,29,393739
2025-04-29 20:28:43,0,level_complete,1910,1,54171,0,325483,580605,38,393910
2025-04-29 20:28:44,0,level_complete,1911,1,54177,0,325604,580743,28,394064
2025-04-29 20:28:45,0,level_complete,1912,1,54183,0,325685,580820,36,394169
2025-04-29 20:28:46,0,level_complete,1913,1,54188,0,325766,581034,35,394270
2025-04-29 20:28:46,0,level_complete,1914,1,54189,0,325793,581061,40,394310
2025-04-29 20:28:47,0,level_complete,1915,1,54190,0,325820,581095,34,394344
2025-04-29 20:28:47,0,level_complete,1916,1,54194,0,325910,581209,30,394449
2025-04-29 20:28:48,0,level_complete,1917,1,54195,0,325937,581234,33,394482
2025-04-29 20:28:48,0,level_complete,1918,1,54203,0,326040,581336,35,394615
2025-04-29 20:28:49,0,level_complete,1919,1,54209,0,326145,581467,30,394747
2025-04-29 20:28:49,0,level_complete,1920,1,54210,0,326172,581499,32,394779
2025-04-29 20:28:51,0,level_complete,1921,1,54223,0,326400,581815,38,395068
2025-04-29 20:28:52,0,level_complete,1922,1,54226,0,326477,581941,30,395157
2025-04-29 20:28:52,0,level_complete,1923,1,54229,0,326517,581983,45,395215
2025-04-29 20:28:53,0,level_complete,1924,1,54231,0,326564,582045,30,395271
2025-04-29 20:28:54,0,level_complete,1925,1,54234,0,326634,582252,33,395366
2025-04-29 20:28:54,0,level_complete,1926,1,54235,0,326661,582280,33,395399
2025-04-29 20:28:56,0,level_complete,1927,1,54248,0,326836,582496,35,395635
2025-04-29 20:28:56,0,level_complete,1928,1,54251,0,326898,582565,35,395709
2025-04-29 20:28:56,0,level_complete,1929,1,54253,0,326930,582610,28,395742
2025-04-29 20:28:57,0,level_complete,1930,1,54260,0,327054,582752,29,395892
2025-04-29 20:28:58,0,level_complete,1931,1,54265,0,327142,582846,30,396005
2025-04-29 20:28:59,0,level_complete,1932,1,54268,0,327208,582929,32,396080
2025-04-29 20:28:59,0,level_complete,1933,1,54269,0,327235,582962,34,396114
2025-04-29 20:28:59,0,level_complete,1934,1,54270,0,327262,582996,33,396147
2025-04-29 20:29:00,0,level_complete,1935,1,54274,0,327334,583074,32,396241
2025-04-29 20:29:00,0,level_complete,1936,1,54275,0,327361,583109,33,396274
2025-04-29 20:29:02,0,level_complete,1937,1,54286,0,327540,583471,38,396503
2025-04-29 20:29:02,0,level_complete,1938,1,54288,0,327578,583529,27,396543
2025-04-29 20:29:03,0,level_complete,1939,1,54291,0,327650,583637,31,396625
2025-04-29 20:29:04,0,level_complete,1940,1,54295,0,327745,583749,32,396745
2025-04-29 20:29:05,0,level_complete,1941,1,54302,0,327878,583918,29,396912
2025-04-29 20:29:05,0,level_complete,1942,1,54304,0,327909,583950,28,396945
2025-04-29 20:29:05,0,level_complete,1943,1,54305,0,327936,583987,30,396975
2025-04-29 20:29:07,0,level_complete,1944,1,54314,0,328094,584177,35,397156
2025-04-29 20:29:08,0,level_complete,1945,1,54321,0,328215,584348,30,397301
2025-04-29 20:29:08,0,level_complete,1946,1,54323,0,328251,584404,31,397341
2025-04-29 20:29:08,0,level_complete,1947,1,54325,0,328287,584441,29,397380
2025-04-29 20:29:09,0,level_complete,1948,1,54331,0,328386,584549,30,397492
2025-04-29 20:29:10,0,level_complete,1949,1,54337,0,328509,584721,38,397648
2025-04-29 20:29:11,0,level_complete,1950,1,54339,0,328562,584812,30,397709
2025-04-29 20:29:11,0,level_complete,1951,1,54340,0,328589,584841,30,397739
2025-04-29 20:29:12,0,level_complete,1952,1,54343,0,328660,584923,32,397826
2025-04-29 20:29:12,0,level_complete,1953,1,54344,0,328687,584978,30,397856
2025-04-29 20:29:13,0,level_complete,1954,1,54358,0,328887,585164,34,398111
2025-04-29 20:29:14,0,level_complete,1955,1,54360,0,328937,585227,31,398174
2025-04-29 20:29:14,0,level_complete,1956,1,54362,0,328977,585298,29,398223
2025-04-29 20:29:14,0,level_complete,1957,1,54365,0,329028,585357,31,398285
2025-04-29 20:29:15,0,level_complete,1958,1,54368,0,329097,585461,30,398363
2025-04-29 20:29:15,0,level_complete,1959,1,54369,0,329124,585507,31,398394
2025-04-29 20:29:16,0,level_complete,1960,1,54371,0,329160,585560,29,398432
2025-04-29 20:29:16,0,level_complete,1961,1,54372,0,329187,585609,29,398461
2025-04-29 20:29:17,0,level_complete,1962,1,54374,0,329239,585686,35,398527
2025-04-29 20:29:17,0,level_complete,1963,1,54377,0,329300,585758,30,398597
2025-04-29 20:29:18,0,level_complete,1964,1,54378,0,329327,585811,36,398633
2025-04-29 20:29:18,0,level_complete,1965,1,54384,0,329398,585898,32,398714
2025-04-29 20:29:18,0,level_complete,1966,1,54385,0,329425,585932,29,398743
2025-04-29 20:29:20,0,level_complete,1967,1,54397,0,329604,586135,29,398952
2025-04-29 20:29:20,0,level_complete,1968,1,54399,0,329652,586194,35,399016
2025-04-29 20:29:21,0,level_complete,1969,1,54402,0,329683,586236,32,399052
2025-04-29 20:29:24,0,level_complete,1970,1,54433,0,330046,586653,38,399478
2025-04-29 20:29:25,0,level_complete,1971,1,54444,0,330152,586763,37,399616
2025-04-29 20:29:26,0,level_complete,1972,1,54451,0,330235,586888,34,399714
2025-04-29 20:29:26,0,level_complete,1973,1,54452,0,330262,586928,33,399747
2025-04-29 20:29:26,0,level_complete,1974,1,54454,0,330308,586982,34,399804
2025-04-29 20:29:27,0,level_complete,1975,1,54455,0,330335,587027,32,399836
2025-04-29 20:29:27,0,level_complete,1976,1,54456,0,330362,587083,30,399866
2025-04-29 20:29:27,0,level_complete,1977,1,54457,0,330389,587115,29,399895
2025-04-29 20:29:28,0,level_complete,1978,1,54464,0,330490,587244,30,400020
2025-04-29 20:29:29,0,level_complete,1979,1,54467,0,330566,587349,31,400106
2025-04-29 20:29:29,0,level_complete,1980,1,54468,0,330593,587376,36,400142
2025-04-29 20:29:29,0,level_complete,1981,1,54469,0,330620,587404,32,400174
2025-04-29 20:29:31,0,level_complete,1982,1,54487,0,330846,587652,32,400456
2025-04-29 20:29:32,0,level_complete,1983,1,54491,0,330901,587824,30,400518
2025-04-29 20:29:33,0,level_complete,1984,1,54492,0,330928,587854,53,400571
2025-04-29 20:29:33,0,level_complete,1985,1,54496,0,331005,587954,35,400677
2025-04-29 20:29:34,0,training_run_ep 54500,-,1,54501,0,331038,587983,0,400717
2025-04-29 20:29:35,0,level_complete,1986,1,54509,0,331119,588064,33,400837
2025-04-29 20:29:35,0,level_complete,1987,1,54511,0,331153,588104,54,400899
2025-04-29 20:29:37,0,level_complete,1988,1,54539,0,331458,588457,30,401282
2025-04-29 20:29:39,0,level_complete,1989,1,54557,0,331653,588718,54,401523
2025-04-29 20:29:41,0,level_complete,1990,1,54567,0,331820,588916,30,401722
2025-04-29 20:29:42,0,level_complete,1991,1,54589,0,332012,589114,30,401944
2025-04-29 20:29:43,0,level_complete,1992,1,54596,0,332134,589272,33,402093
2025-04-29 20:29:44,0,level_complete,1993,1,54599,0,332210,589389,30,402191
2025-04-29 20:29:45,0,level_complete,1994,1,54602,0,332273,589462,29,402263
2025-04-29 20:29:45,0,level_complete,1995,1,54604,0,332325,589545,30,402321
2025-04-29 20:29:46,0,level_complete,1996,1,54610,0,332426,589657,41,402452
2025-04-29 20:29:46,0,level_complete,1997,1,54611,0,332453,589693,39,402491
2025-04-29 20:29:47,0,level_complete,1998,1,54613,0,332493,589735,33,402540
2025-04-29 20:29:47,0,level_complete,1999,1,54614,0,332520,589774,34,402574
2025-04-29 20:29:48,0,level_complete,2000,1,54624,0,332604,589872,32,402670
2025-04-29 20:29:49,0,level_complete,2001,1,54632,0,332730,590014,30,402821
2025-04-29 20:29:50,0,level_complete,2002,1,54647,0,332943,590238,36,403096
2025-04-29 20:29:51,0,level_complete,2003,1,54649,0,332992,590316,31,403155
2025-04-29 20:29:51,0,level_complete,2004,1,54655,0,333085,590438,33,403267
2025-04-29 20:29:53,0,level_complete,2005,1,54663,0,333237,590659,33,403448
2025-04-29 20:29:53,0,level_complete,2006,1,54665,0,333289,590730,30,403508
2025-04-29 20:29:54,0,level_complete,2007,1,54668,0,333336,590791,34,403566
2025-04-29 20:29:55,0,level_complete,2008,1,54673,0,333438,590912,33,403687
2025-04-29 20:29:55,0,level_complete,2009,1,54675,0,333478,590965,33,403735
2025-04-29 20:29:57,0,level_complete,2010,1,54696,0,333732,591234,33,404079
2025-04-29 20:29:57,0,level_complete,2011,1,54698,0,333784,591327,30,404138
2025-04-29 20:29:58,0,level_complete,2012,1,54700,0,333816,591399,31,404174
2025-04-29 20:29:58,0,level_complete,2013,1,54701,0,333843,591431,28,404202
2025-04-29 20:29:58,0,level_complete,2014,1,54704,0,333889,591492,35,404258
2025-04-29 20:29:59,0,level_complete,2015,1,54708,0,333962,591570,34,404349
2025-04-29 20:29:59,0,level_complete,2016,1,54709,0,333989,591603,29,404378
2025-04-29 20:30:00,0,level_complete,2017,1,54723,0,334145,591773,35,404569
2025-04-29 20:30:01,0,level_complete,2018,1,54724,0,334172,591812,32,404601
2025-04-29 20:30:01,0,level_complete,2019,1,54727,0,334229,591886,32,404668
2025-04-29 20:30:03,0,level_complete,2020,1,54748,0,334475,592143,30,404990
2025-04-29 20:30:03,0,level_complete,2021,1,54749,0,334502,592179,33,405023
2025-04-29 20:30:04,0,level_complete,2022,1,54759,0,334634,592338,35,405194
2025-04-29 20:30:05,0,level_complete,2023,1,54762,0,334688,592415,30,405258
2025-04-29 20:30:05,0,level_complete,2024,1,54765,0,334745,592469,30,405326
2025-04-29 20:30:05,0,level_complete,2025,1,54766,0,334772,592504,30,405356
2025-04-29 20:30:06,0,level_complete,2026,1,54770,0,334818,592556,38,405416
2025-04-29 20:30:06,0,level_complete,2027,1,54772,0,334849,592585,41,405462
2025-04-29 20:30:06,0,level_complete,2028,1,54773,0,334876,592633,32,405494
2025-04-29 20:30:07,0,level_complete,2029,1,54775,0,334922,592687,32,405553
2025-04-29 20:30:07,0,level_complete,2030,1,54776,0,334949,592728,35,405588
2025-04-29 20:30:07,0,level_complete,2031,1,54779,0,334987,592769,28,405631
2025-04-29 20:30:07,0,level_complete,2032,1,54780,0,335014,592793,37,405668
2025-04-29 20:30:08,0,level_complete,2033,1,54787,0,335119,592938,33,405791
2025-04-29 20:30:09,0,level_complete,2034,1,54792,0,335205,593062,31,405891
2025-04-29 20:30:10,0,level_complete,2035,1,54798,0,335276,593167,30,405969
2025-04-29 20:30:10,0,level_complete,2036,1,54799,0,335303,593198,35,406004
2025-04-29 20:30:10,0,level_complete,2037,1,54800,0,335330,593222,35,406039
2025-04-29 20:30:11,0,level_complete,2038,1,54804,0,335368,593298,30,406081
2025-04-29 20:30:11,0,level_complete,2039,1,54808,0,335420,593388,30,406144
2025-04-29 20:30:12,0,level_complete,2040,1,54813,0,335529,593511,36,406283
2025-04-29 20:30:13,0,level_complete,2041,1,54818,0,335623,593604,37,406401
2025-04-29 20:30:15,0,level_complete,2042,1,54840,0,335923,593971,33,406766
2025-04-29 20:30:15,0,level_complete,2043,1,54842,0,335974,594038,33,406828
2025-04-29 20:30:16,0,level_complete,2044,1,54845,0,336045,594133,32,406915
2025-04-29 20:30:16,0,level_complete,2045,1,54846,0,336072,594164,33,406948
2025-04-29 20:30:17,0,level_complete,2046,1,54852,0,336184,594330,36,407086
2025-04-29 20:30:18,0,level_complete,2047,1,54855,0,336240,594393,34,407156
2025-04-29 20:30:19,0,level_complete,2048,1,54860,0,336339,594522,34,407295
2025-04-29 20:30:19,0,level_complete,2049,1,54862,0,336384,594574,31,407346
2025-04-29 20:30:20,0,level_complete,2050,1,54864,0,336435,594684,30,407402
2025-04-29 20:30:20,0,level_complete,2051,1,54866,0,336474,594722,36,407452
2025-04-29 20:30:20,0,level_complete,2052,1,54867,0,336501,594761,38,407490
2025-04-29 20:30:21,0,level_complete,2053,1,54868,0,336528,594845,30,407520
2025-04-29 20:30:21,0,level_complete,2054,1,54869,0,336555,594906,33,407553
2025-04-29 20:30:21,0,level_complete,2055,1,54870,0,336582,594966,31,407584
2025-04-29 20:30:22,0,level_complete,2056,1,54871,0,336609,594999,34,407618
2025-04-29 20:30:22,0,level_complete,2057,1,54872,0,336636,595039,36,407654
2025-04-29 20:30:22,0,level_complete,2058,1,54875,0,336686,595080,45,407731
2025-04-29 20:30:22,0,level_complete,2059,1,54876,0,336713,595110,32,407763
2025-04-29 20:30:23,0,level_complete,2060,1,54879,0,336778,595198,30,407834
2025-04-29 20:30:24,0,level_complete,2061,1,54889,0,336938,595377,38,408033
2025-04-29 20:30:24,0,level_complete,2062,1,54890,0,336965,595410,37,408070
2025-04-29 20:30:25,0,level_complete,2063,1,54891,0,336992,595447,29,408099
2025-04-29 20:30:25,0,level_complete,2064,1,54892,0,337019,595486,30,408129
2025-04-29 20:30:26,0,level_complete,2065,1,54895,0,337069,595588,31,408184
2025-04-29 20:30:26,0,level_complete,2066,1,54896,0,337096,595627,32,408216
2025-04-29 20:30:26,0,level_complete,2067,1,54898,0,337147,595698,30,408277
2025-04-29 20:30:27,0,level_complete,2068,1,54899,0,337174,595744,28,408305
2025-04-29 20:30:27,0,level_complete,2069,1,54900,0,337201,595776,31,408336
2025-04-29 20:30:27,0,level_complete,2070,1,54901,0,337228,595806,30,408366
2025-04-29 20:30:27,0,level_complete,2071,1,54902,0,337255,595856,29,408395
2025-04-29 20:30:28,0,level_complete,2072,1,54903,0,337282,595882,37,408432
2025-04-29 20:30:28,0,level_complete,2073,1,54904,0,337309,595913,38,408470
2025-04-29 20:30:28,0,level_complete,2074,1,54905,0,337336,595946,31,408501
2025-04-29 20:30:28,0,level_complete,2075,1,54907,0,337370,596006,52,408562
2025-04-29 20:30:29,0,level_complete,2076,1,54909,0,337423,596064,28,408619
2025-04-29 20:30:29,0,level_complete,2077,1,54911,0,337469,596122,34,408678
2025-04-29 20:30:30,0,level_complete,2078,1,54913,0,337519,596204,34,408741
2025-04-29 20:30:30,0,level_complete,2079,1,54916,0,337555,596253,31,408781
2025-04-29 20:30:31,0,level_complete,2080,1,54927,0,337670,596384,31,408913
2025-04-29 20:30:31,0,level_complete,2081,1,54928,0,337697,596423,31,408944
2025-04-29 20:30:32,0,level_complete,2082,1,54931,0,337759,596490,28,409018
2025-04-29 20:30:32,0,level_complete,2083,1,54932,0,337786,596527,36,409054
2025-04-29 20:30:32,0,level_complete,2084,1,54937,0,337856,596592,34,409142
2025-04-29 20:30:33,0,level_complete,2085,1,54938,0,337883,596641,32,409174
2025-04-29 20:30:33,0,level_complete,2086,1,54941,0,337936,596705,35,409239
2025-04-29 20:30:33,0,level_complete,2087,1,54943,0,337966,596745,44,409286
2025-04-29 20:30:34,0,level_complete,2088,1,54946,0,338020,596813,29,409349
2025-04-29 20:30:34,0,level_complete,2089,1,54947,0,338047,596838,41,409390
2025-04-29 20:30:35,0,level_complete,2090,1,54954,0,338192,596989,36,409568
2025-04-29 20:30:35,0,level_complete,2091,1,54957,0,338261,597063,35,409654
2025-04-29 20:30:36,0,level_complete,2092,1,54961,0,338319,597124,30,409722
2025-04-29 20:30:36,0,level_complete,2093,1,54964,0,338359,597162,37,409773
2025-04-29 20:30:37,0,level_complete,2094,1,54973,0,338453,597266,37,409889
2025-04-29 20:30:37,0,level_complete,2095,1,54975,0,338481,597305,29,409919
2025-04-29 20:30:38,0,level_complete,2096,1,54979,0,338544,597376,29,409999
2025-04-29 20:30:38,0,level_complete,2097,1,54984,0,338630,597485,33,410104
2025-04-29 20:30:39,0,level_complete,2098,1,54986,0,338672,597547,28,410149
2025-04-29 20:30:39,0,level_complete,2099,1,54988,0,338705,597633,31,410186
2025-04-29 20:30:41,0,level_complete,2100,1,55000,0,338901,597853,31,410413
2025-04-29 20:30:41,0,training_run_ep 55000,-,1,55001,0,338902,597854,0,410414
2025-04-29 20:30:41,0,level_complete,2101,1,55002,0,338929,597892,40,410454
2025-04-29 20:30:42,0,level_complete,2102,1,55004,0,338963,597986,28,410489
2025-04-29 20:30:43,0,level_complete,2103,1,55011,0,339047,598083,33,410592
2025-04-29 20:30:43,0,level_complete,2104,1,55014,0,339078,598142,31,410627
2025-04-29 20:30:44,0,level_complete,2105,1,55027,0,339229,598320,33,410805
2025-04-29 20:30:46,0,level_complete,2106,1,55042,0,339410,598523,34,411024
2025-04-29 20:30:46,0,level_complete,2107,1,55046,0,339478,598631,35,411108
2025-04-29 20:30:47,0,level_complete,2108,1,55047,0,339505,598658,30,411138
2025-04-29 20:30:47,0,level_complete,2109,1,55048,0,339532,598692,34,411172
2025-04-29 20:30:47,0,level_complete,2110,1,55053,0,339610,598774,28,411259
2025-04-29 20:30:48,0,level_complete,2111,1,55057,0,339678,598843,37,411343
2025-04-29 20:30:48,0,level_complete,2112,1,55059,0,339723,598897,32,411402
2025-04-29 20:30:49,0,level_complete,2113,1,55062,0,339787,598970,37,411482
2025-04-29 20:30:49,0,level_complete,2114,1,55063,0,339814,599016,33,411515
2025-04-29 20:30:49,0,level_complete,2115,1,55066,0,339880,599075,34,411600
2025-04-29 20:30:50,0,level_complete,2116,1,55077,0,340032,599243,33,411788
2025-04-29 20:30:51,0,level_complete,2117,1,55082,0,340108,599328,35,411880
2025-04-29 20:30:52,0,level_complete,2118,1,55093,0,340237,599458,31,412040
2025-04-29 20:30:53,0,level_complete,2119,1,55098,0,340313,599556,35,412133
2025-04-29 20:30:53,0,level_complete,2120,1,55106,0,340393,599631,45,412246
2025-04-29 20:30:54,0,level_complete,2121,1,55117,0,340512,599769,30,412377
2025-04-29 20:30:55,0,level_complete,2122,1,55123,0,340613,599883,35,412515
2025-04-29 20:31:03,0,level_complete,2123,1,55240,0,341879,601160,30,414064
2025-04-29 20:31:04,0,level_complete,2124,1,55241,0,341906,601188,33,414097
2025-04-29 20:31:05,0,level_complete,2125,1,55254,0,342058,601358,30,414301
2025-04-29 20:31:05,0,level_complete,2126,1,55255,0,342085,601386,35,414336
2025-04-29 20:31:05,0,level_complete,2127,1,55256,0,342112,601416,29,414365
2025-04-29 20:31:09,0,level_complete,2128,1,55324,0,342726,602038,29,415102
2025-04-29 20:31:11,0,level_complete,2129,1,55361,0,342998,602300,33,415436
2025-04-29 20:31:13,0,level_complete,2130,1,55366,0,343084,602502,35,415546
2025-04-29 20:31:13,0,level_complete,2131,1,55370,0,343162,602615,34,415660
2025-04-29 20:31:14,0,level_complete,2132,1,55373,0,343214,602677,32,415728
2025-04-29 20:31:14,0,level_complete,2133,1,55374,0,343241,602715,30,415758
2025-04-29 20:31:16,0,level_complete,2134,1,55380,0,343368,602960,31,415912
2025-04-29 20:31:16,0,level_complete,2135,1,55383,0,343406,603000,47,415971
2025-04-29 20:31:16,0,level_complete,2136,1,55387,0,343458,603071,32,416036
2025-04-29 20:31:17,0,level_complete,2137,1,55388,0,343485,603119,29,416065
2025-04-29 20:31:17,0,level_complete,2138,1,55391,0,343548,603182,33,416155
2025-04-29 20:31:19,0,level_complete,2139,1,55399,0,343673,603462,38,416314
2025-04-29 20:31:20,0,level_complete,2140,1,55406,0,343747,603554,38,416406
2025-04-29 20:31:20,0,level_complete,2141,1,55413,0,343854,603703,35,416549
2025-04-29 20:31:21,0,level_complete,2142,1,55415,0,343903,603766,27,416604
2025-04-29 20:31:21,0,level_complete,2143,1,55416,0,343930,603807,39,416643
2025-04-29 20:31:22,0,level_complete,2144,1,55424,0,344057,603925,31,416796
2025-04-29 20:31:22,0,level_complete,2145,1,55425,0,344084,603960,35,416831
2025-04-29 20:31:22,0,level_complete,2146,1,55426,0,344111,603996,30,416861
2025-04-29 20:31:23,0,level_complete,2147,1,55432,0,344180,604059,35,416945
2025-04-29 20:31:24,0,level_complete,2148,1,55443,0,344368,604290,29,417201
2025-04-29 20:31:25,0,level_complete,2149,1,55449,0,344481,604425,32,417346
2025-04-29 20:31:26,0,level_complete,2150,1,55459,0,344551,604534,31,417433
2025-04-29 20:31:28,0,level_complete,2151,1,55471,0,344777,604822,32,417726
2025-04-29 20:31:31,0,training_run_ep 55500,-,1,55501,0,345135,605246,0,418178
2025-04-29 20:31:32,0,level_complete,2152,1,55509,0,345224,605345,32,418282
2025-04-29 20:31:33,0,level_complete,2153,1,55521,0,345366,605506,33,418443
2025-04-29 20:31:35,0,level_complete,2154,1,55545,0,345627,605797,32,418762
2025-04-29 20:31:36,0,level_complete,2155,1,55549,0,345731,605965,28,418881
2025-04-29 20:31:36,0,level_complete,2156,1,55550,0,345758,606010,33,418914
2025-04-29 20:31:36,0,level_complete,2157,1,55551,0,345785,606039,35,418949
2025-04-29 20:31:37,0,level_complete,2158,1,55552,0,345812,606069,31,418980
2025-04-29 20:31:37,0,level_complete,2159,1,55553,0,345839,606114,35,419015
2025-04-29 20:31:37,0,level_complete,2160,1,55557,0,345897,606169,36,419093
2025-04-29 20:31:38,0,level_complete,2161,1,55565,0,346036,606318,36,419259
2025-04-29 20:31:39,0,level_complete,2162,1,55566,0,346063,606356,32,419291
2025-04-29 20:31:39,0,level_complete,2163,1,55568,0,346091,606387,38,419330
2025-04-29 20:31:40,0,level_complete,2164,1,55571,0,346161,606585,31,419424
2025-04-29 20:31:41,0,level_complete,2165,1,55577,0,346259,606738,37,419546
2025-04-29 20:31:41,0,level_complete,2166,1,55579,0,346301,606780,33,419610
2025-04-29 20:31:42,0,level_complete,2167,1,55580,0,346328,606837,38,419648
2025-04-29 20:31:42,0,level_complete,2168,1,55581,0,346355,606879,29,419677
2025-04-29 20:31:42,0,level_complete,2169,1,55584,0,346389,606917,31,419716
2025-04-29 20:31:43,0,level_complete,2170,1,55587,0,346458,607002,30,419795
2025-04-29 20:31:43,0,level_complete,2171,1,55588,0,346485,607041,35,419830
2025-04-29 20:31:43,0,level_complete,2172,1,55591,0,346534,607105,31,419886
2025-04-29 20:31:44,0,level_complete,2173,1,55592,0,346561,607143,34,419920
2025-04-29 20:31:45,0,level_complete,2174,1,55602,0,346687,607285,31,420068
2025-04-29 20:31:46,0,level_complete,2175,1,55610,0,346818,607438,32,420223
2025-04-29 20:31:46,0,level_complete,2176,1,55611,0,346845,607481,31,420254
2025-04-29 20:31:46,0,level_complete,2177,1,55614,0,346884,607538,33,420305
2025-04-29 20:31:50,0,level_complete,2178,1,55636,0,347124,608001,31,420607
2025-04-29 20:31:50,0,level_complete,2179,1,55637,0,347151,608027,36,420643
2025-04-29 20:31:50,0,level_complete,2180,1,55641,0,347236,608116,32,420750
2025-04-29 20:31:51,0,level_complete,2181,1,55651,0,347342,608211,30,420891
2025-04-29 20:31:51,0,level_complete,2182,1,55654,0,347389,608263,32,420947
2025-04-29 20:31:55,0,level_complete,2183,1,55699,0,347881,608824,31,421545
2025-04-29 20:31:57,0,level_complete,2184,1,55719,0,348115,609063,36,421835
2025-04-29 20:31:57,0,level_complete,2185,1,55720,0,348142,609092,33,421868
2025-04-29 20:31:58,0,level_complete,2186,1,55725,0,348219,609187,29,421958
2025-04-29 20:31:58,0,level_complete,2187,1,55730,0,348302,609282,35,422062
2025-04-29 20:31:59,0,level_complete,2188,1,55750,0,348445,609415,33,422233
2025-04-29 20:32:00,0,level_complete,2189,1,55769,0,348573,609540,33,422386
2025-04-29 20:32:01,0,level_complete,2190,1,55802,0,348755,609711,33,422611
2025-04-29 20:32:03,0,level_complete,2191,1,55812,0,348869,609884,34,422746
2025-04-29 20:32:03,0,level_complete,2192,1,55821,0,348948,609985,28,422841
2025-04-29 20:32:04,0,level_complete,2193,1,55825,0,349005,610076,30,422913
2025-04-29 20:32:04,0,level_complete,2194,1,55827,0,349035,610116,30,422946
2025-04-29 20:32:05,0,level_complete,2195,1,55829,0,349067,610181,45,422996
2025-04-29 20:32:05,0,level_complete,2196,1,55837,0,349129,610271,33,423068
2025-04-29 20:32:06,0,level_complete,2197,1,55847,0,349251,610436,33,423218
2025-04-29 20:32:09,0,level_complete,2198,1,55902,0,349614,610767,34,423662
2025-04-29 20:32:10,0,level_complete,2199,1,55921,0,349761,610912,37,423845
2025-04-29 20:32:10,0,level_complete,2200,1,55932,0,349839,611022,29,423932
2025-04-29 20:32:14,0,level_complete,2201,1,55983,0,350250,611497,30,424450
2025-04-29 20:32:14,0,level_complete,2202,1,55989,0,350347,611590,39,424579
2025-04-29 20:32:15,0,training_run_ep 56000,-,1,56001,0,350413,611655,0,424660
2025-04-29 20:32:17,0,level_complete,2203,1,56026,0,350640,611863,42,424955
2025-04-29 20:32:18,0,level_complete,2204,1,56038,0,350724,611961,36,425061
2025-04-29 20:32:20,0,level_complete,2205,1,56081,0,350953,612280,33,425324
2025-04-29 20:32:23,0,level_complete,2206,1,56152,0,351350,612670,34,425804
2025-04-29 20:32:42,0,level_complete,2207,1,56183,0,351598,615445,31,426092
2025-04-29 20:32:42,0,level_complete,2208,1,56185,0,351635,615471,57,426163
2025-04-29 20:32:43,0,level_complete,2209,1,56199,0,351775,615650,35,426338
2025-04-29 20:32:48,0,level_complete,2210,1,56333,0,352383,616240,34,427047
2025-04-29 20:32:52,0,level_complete,2211,1,56378,0,352721,616742,31,427468
2025-04-29 20:32:59,0,training_run_ep 56500,-,1,56501,0,353525,617728,0,428444
2025-04-29 20:33:00,0,level_complete,2212,1,56506,0,353575,617781,33,428502
2025-04-29 20:33:03,0,level_complete,2213,1,56560,0,354030,618205,36,429057
2025-04-29 20:33:09,0,level_complete,2214,1,56607,0,354527,619083,30,429656
2025-04-29 20:33:26,0,level_complete,2215,1,56653,0,354920,621533,34,430110
2025-04-29 20:33:26,0,level_complete,2216,1,56666,0,355021,621647,33,430229
2025-04-29 20:33:27,0,level_complete,2217,1,56675,0,355119,621770,34,430340
2025-04-29 20:33:28,0,level_complete,2218,1,56692,0,355251,621918,31,430492
2025-04-29 20:33:28,0,level_complete,2219,1,56694,0,355292,621960,31,430545
2025-04-29 20:33:29,0,level_complete,2220,1,56700,0,355400,622097,34,430672
2025-04-29 20:34:19,0,level_complete,2221,1,56706,0,355489,629978,43,430797
2025-04-29 20:34:20,0,level_complete,2222,1,56708,0,355540,630029,35,430863
2025-04-29 20:34:20,0,level_complete,2223,1,56710,0,355589,630090,30,430919
2025-04-29 20:34:20,0,level_complete,2224,1,56711,0,355616,630119,36,430955
2025-04-29 20:34:21,0,level_complete,2225,1,56718,0,355707,630233,30,431054
2025-04-29 20:34:21,0,level_complete,2226,1,56720,0,355739,630269,32,431091
2025-04-29 20:34:22,0,level_complete,2227,1,56722,0,355787,630320,31,431152
2025-04-29 20:34:22,0,level_complete,2228,1,56728,0,355860,630402,33,431235
2025-04-29 20:34:23,0,level_complete,2229,1,56729,0,355887,630456,28,431263
2025-04-29 20:34:23,0,level_complete,2230,1,56731,0,355922,630495,30,431302
2025-04-29 20:34:23,0,level_complete,2231,1,56733,0,355968,630549,33,431370
2025-04-29 20:34:24,0,level_complete,2232,1,56736,0,356019,630616,28,431424
2025-04-29 20:34:26,0,level_complete,2233,1,56756,0,356319,630971,33,431790
2025-04-29 20:34:26,0,level_complete,2234,1,56757,0,356346,631017,31,431821
2025-04-29 20:34:27,0,level_complete,2235,1,56760,0,356409,631082,35,431898
2025-04-29 20:34:29,0,level_complete,2236,1,56786,0,356689,631364,37,432239
2025-04-29 20:34:33,0,level_complete,2237,1,56852,0,357242,631935,30,432928
2025-04-29 20:34:33,0,level_complete,2238,1,56853,0,357269,631964,36,432964
2025-04-29 20:34:33,0,level_complete,2239,1,56855,0,357297,632000,32,432997
2025-04-29 20:34:34,0,level_complete,2240,1,56862,0,357394,632117,30,433116
2025-04-29 20:34:35,0,level_complete,2241,1,56871,0,357558,632345,31,433309
2025-04-29 20:34:36,0,level_complete,2242,1,56872,0,357585,632390,37,433346
2025-04-29 20:34:37,0,level_complete,2243,1,56878,0,357698,632524,31,433484
2025-04-29 20:34:37,0,level_complete,2244,1,56879,0,357725,632558,31,433515
2025-04-29 20:34:37,0,level_complete,2245,1,56880,0,357752,632597,30,433545
2025-04-29 20:34:37,0,level_complete,2246,1,56881,0,357779,632640,31,433576
2025-04-29 20:34:38,0,level_complete,2247,1,56882,0,357806,632679,41,433617
2025-04-29 20:34:38,0,level_complete,2248,1,56884,0,357846,632718,29,433667
2025-04-29 20:34:38,0,level_complete,2249,1,56885,0,357873,632773,33,433700
2025-04-29 20:34:39,0,level_complete,2250,1,56887,0,357924,632841,33,433761
2025-04-29 20:34:40,0,level_complete,2251,1,56895,0,358061,632992,41,433955
2025-04-29 20:34:41,0,level_complete,2252,1,56901,0,358161,633151,33,434078
2025-04-29 20:34:41,0,level_complete,2253,1,56903,0,358199,633211,36,434126
2025-04-29 20:34:42,0,level_complete,2254,1,56906,0,358272,633295,30,434212
2025-04-29 20:34:42,0,level_complete,2255,1,56910,0,358340,633386,31,434290
2025-04-29 20:34:43,0,level_complete,2256,1,56912,0,358391,633449,29,434346
2025-04-29 20:34:43,0,level_complete,2257,1,56913,0,358418,633480,30,434376
2025-04-29 20:34:43,0,level_complete,2258,1,56914,0,358445,633523,29,434405
2025-04-29 20:34:43,0,level_complete,2259,1,56915,0,358472,633554,31,434436
2025-04-29 20:34:44,0,level_complete,2260,1,56916,0,358499,633587,31,434467
2025-04-29 20:34:44,0,level_complete,2261,1,56917,0,358526,633615,35,434502
2025-04-29 20:34:45,0,level_complete,2262,1,56929,0,358726,633835,35,434752
2025-04-29 20:34:46,0,level_complete,2263,1,56930,0,358753,633872,33,434785
2025-04-29 20:34:46,0,level_complete,2264,1,56931,0,358780,633905,30,434815
2025-04-29 20:34:46,0,level_complete,2265,1,56932,0,358807,633950,32,434847
2025-04-29 20:34:46,0,level_complete,2266,1,56933,0,358834,634001,31,434878
2025-04-29 20:34:47,0,level_complete,2267,1,56934,0,358861,634027,35,434913
2025-04-29 20:34:47,0,level_complete,2268,1,56935,0,358888,634073,30,434943
2025-04-29 20:34:47,0,level_complete,2269,1,56937,0,358916,634119,31,434975
2025-04-29 20:34:48,0,level_complete,2270,1,56950,0,359071,634304,35,435165
2025-04-29 20:34:49,0,level_complete,2271,1,56954,0,359136,634387,36,435256
2025-04-29 20:34:49,0,level_complete,2272,1,56957,0,359185,634449,31,435318
2025-04-29 20:34:50,0,level_complete,2273,1,56960,0,359259,634531,31,435406
2025-04-29 20:34:50,0,level_complete,2274,1,56961,0,359286,634567,34,435440
2025-04-29 20:34:51,0,level_complete,2275,1,56967,0,359387,634707,39,435568
2025-04-29 20:34:52,0,level_complete,2276,1,56971,0,359466,634796,35,435661
2025-04-29 20:34:52,0,level_complete,2277,1,56973,0,359506,634842,32,435709
2025-04-29 20:34:53,0,level_complete,2278,1,56978,0,359562,634919,36,435775
2025-04-29 20:34:53,0,level_complete,2279,1,56979,0,359589,634949,40,435815
2025-04-29 20:34:54,0,level_complete,2280,1,56995,0,359826,635201,28,436111
2025-04-29 20:34:55,0,level_complete,2281,1,56998,0,359887,635269,30,436182
2025-04-29 20:34:56,0,training_run_ep 57000,-,1,57001,0,359920,635303,0,436217
2025-04-29 20:34:58,0,level_complete,2282,1,57048,0,360317,635719,33,436689
2025-04-29 20:34:59,0,level_complete,2283,1,57056,0,360389,635794,52,436791
2025-04-29 20:34:59,0,level_complete,2284,1,57059,0,360420,635838,43,436839
2025-04-29 20:34:59,0,level_complete,2285,1,57060,0,360447,635872,29,436868
2025-04-29 20:35:02,0,level_complete,2286,1,57089,0,360783,636243,30,437287
2025-04-29 20:35:02,0,level_complete,2287,1,57093,0,360826,636313,34,437340
2025-04-29 20:35:03,0,level_complete,2288,1,57098,0,360913,636407,34,437444
2025-04-29 20:35:04,0,level_complete,2289,1,57101,0,360968,636467,34,437510
2025-04-29 20:35:04,0,level_complete,2290,1,57102,0,360995,636506,30,437540
2025-04-29 20:35:05,0,level_complete,2291,1,57115,0,361157,636751,32,437737
2025-04-29 20:35:06,0,level_complete,2292,1,57118,0,361200,636793,32,437787
2025-04-29 20:35:06,0,level_complete,2293,1,57121,0,361250,636848,31,437843
2025-04-29 20:35:08,0,level_complete,2294,1,57134,0,361471,637104,33,438102
2025-04-29 20:35:08,0,level_complete,2295,1,57137,0,361546,637191,30,438204
2025-04-29 20:35:10,0,level_complete,2296,1,57152,0,361728,637384,30,438417
2025-04-29 20:35:10,0,level_complete,2297,1,57156,0,361791,637479,36,438492
2025-04-29 20:35:11,0,level_complete,2298,1,57163,0,361932,637625,30,438651
2025-04-29 20:35:13,0,level_complete,2299,1,57180,0,362207,637932,32,438979
2025-04-29 20:35:13,0,level_complete,2300,1,57183,0,362242,637976,33,439022
2025-04-29 20:35:15,0,level_complete,2301,1,57206,0,362515,638277,30,439348
2025-04-29 20:35:16,0,level_complete,2302,1,57211,0,362587,638355,34,439441
2025-04-29 20:35:17,0,level_complete,2303,1,57215,0,362665,638467,30,439529
2025-04-29 20:35:17,0,level_complete,2304,1,57217,0,362693,638502,32,439562
2025-04-29 20:35:18,0,level_complete,2305,1,57220,0,362760,638610,35,439639
2025-04-29 20:35:18,0,level_complete,2306,1,57221,0,362787,638642,31,439670
2025-04-29 20:35:19,0,level_complete,2307,1,57232,0,362962,638856,35,439884
2025-04-29 20:35:20,0,level_complete,2308,1,57236,0,363009,638923,30,439938
2025-04-29 20:35:21,0,level_complete,2309,1,57246,0,363124,639053,33,440074
2025-04-29 20:35:21,0,level_complete,2310,1,57248,0,363158,639091,34,440116
2025-04-29 20:35:21,0,level_complete,2311,1,57252,0,363207,639142,33,440179
2025-04-29 20:35:22,0,level_complete,2312,1,57253,0,363234,639175,34,440213
2025-04-29 20:35:23,0,level_complete,2313,1,57266,0,363440,639391,33,440459
2025-04-29 20:35:23,0,level_complete,2314,1,57271,0,363493,639467,32,440520
2025-04-29 20:35:24,0,level_complete,2315,1,57275,0,363561,639537,29,440602
2025-04-29 20:35:25,0,level_complete,2316,1,57283,0,363669,639702,31,440725
2025-04-29 20:35:27,0,level_complete,2317,1,57308,0,363988,640037,33,441114
2025-04-29 20:35:28,0,level_complete,2318,1,57318,0,364141,640197,36,441311
2025-04-29 20:35:31,0,level_complete,2319,1,57346,0,364527,640652,33,441787
2025-04-29 20:35:34,0,level_complete,2320,1,57359,0,364759,641101,36,442060
2025-04-29 20:35:35,0,level_complete,2321,1,57361,0,364811,641180,31,442123
2025-04-29 20:35:35,0,level_complete,2322,1,57362,0,364838,641218,29,442152
2025-04-29 20:35:35,0,level_complete,2323,1,57368,0,364903,641289,30,442228
2025-04-29 20:35:36,0,level_complete,2324,1,57372,0,364971,641378,37,442314
2025-04-29 20:35:36,0,level_complete,2325,1,57376,0,365028,641435,33,442380
2025-04-29 20:35:40,0,level_complete,2326,1,57381,0,365121,642033,33,442493
2025-04-29 20:35:41,0,level_complete,2327,1,57384,0,365182,642112,35,442569
2025-04-29 20:35:41,0,level_complete,2328,1,57386,0,365232,642204,28,442622
2025-04-29 20:35:42,0,level_complete,2329,1,57387,0,365259,642236,34,442656
2025-04-29 20:35:42,0,level_complete,2330,1,57389,0,365309,642284,33,442722
2025-04-29 20:35:42,0,level_complete,2331,1,57390,0,365336,642328,31,442753
2025-04-29 20:35:42,0,level_complete,2332,1,57392,0,365366,642358,32,442788
2025-04-29 20:35:43,0,level_complete,2333,1,57394,0,365394,642395,43,442832
2025-04-29 20:35:44,0,level_complete,2334,1,57405,0,365567,642575,42,443057
2025-04-29 20:35:45,0,level_complete,2335,1,57411,0,365655,642670,32,443158
2025-04-29 20:35:45,0,level_complete,2336,1,57416,0,365744,642785,32,443262
2025-04-29 20:35:45,0,level_complete,2337,1,57417,0,365771,642812,33,443295
2025-04-29 20:35:46,0,level_complete,2338,1,57418,0,365798,642861,29,443324
2025-04-29 20:35:47,0,level_complete,2339,1,57424,0,365904,642982,37,443463
2025-04-29 20:35:47,0,level_complete,2340,1,57427,0,365963,643071,31,443533
2025-04-29 20:35:49,0,level_complete,2341,1,57431,0,366024,643289,31,443605
2025-04-29 20:35:49,0,level_complete,2342,1,57433,0,366058,643344,33,443646
2025-04-29 20:35:51,0,level_complete,2343,1,57459,0,366394,643713,30,444045
2025-04-29 20:35:52,0,level_complete,2344,1,57461,0,366447,643880,34,444112
2025-04-29 20:35:53,0,level_complete,2345,1,57462,0,366474,643927,27,444139
2025-04-29 20:35:53,0,level_complete,2346,1,57463,0,366501,643965,30,444169
2025-04-29 20:35:53,0,level_complete,2347,1,57464,0,366528,643997,33,444202
2025-04-29 20:35:53,0,level_complete,2348,1,57466,0,366556,644029,29,444232
2025-04-29 20:35:54,0,level_complete,2349,1,57467,0,366583,644066,33,444265
2025-04-29 20:35:57,0,level_complete,2350,1,57470,0,366628,644553,33,444321
2025-04-29 20:35:58,0,level_complete,2351,1,57478,0,366787,644735,38,444531
2025-04-29 20:35:59,0,level_complete,2352,1,57481,0,366848,644807,34,444613
2025-04-29 20:36:00,0,level_complete,2353,1,57489,0,366988,645097,30,444786
2025-04-29 20:36:01,0,level_complete,2354,1,57492,0,367057,645177,34,444870
2025-04-29 20:36:01,0,level_complete,2355,1,57493,0,367084,645222,30,444900
2025-04-29 20:36:02,0,training_run_ep 57500,-,1,57501,0,367185,645336,0,445038
2025-04-29 20:36:03,0,level_complete,2356,1,57503,0,367236,645408,42,445106
2025-04-29 20:36:05,0,level_complete,2357,1,57521,0,367488,645695,38,445414
2025-04-29 20:36:06,0,level_complete,2358,1,57537,0,367678,645923,28,445642
2025-04-29 20:36:07,0,level_complete,2359,1,57538,0,367705,645968,34,445676
2025-04-29 20:36:08,0,level_complete,2360,1,57547,0,367847,646138,37,445857
2025-04-29 20:36:08,0,level_complete,2361,1,57552,0,367952,646254,34,445997
2025-04-29 20:36:09,0,level_complete,2362,1,57559,0,368067,646372,27,446133
2025-04-29 20:36:10,0,level_complete,2363,1,57560,0,368094,646422,31,446164
2025-04-29 20:36:10,0,level_complete,2364,1,57562,0,368128,646536,31,446202
2025-04-29 20:36:11,0,level_complete,2365,1,57565,0,368187,646617,34,446271
2025-04-29 20:36:11,0,level_complete,2366,1,57569,0,368234,646668,36,446330
2025-04-29 20:36:11,0,level_complete,2367,1,57570,0,368261,646707,32,446362
2025-04-29 20:36:12,0,level_complete,2368,1,57571,0,368288,646747,31,446393
2025-04-29 20:36:27,0,level_complete,2369,1,57586,0,368528,648957,29,446667
2025-04-29 20:36:28,0,level_complete,2370,1,57591,0,368611,649057,31,446781
2025-04-29 20:36:28,0,level_complete,2371,1,57594,0,368648,649098,32,446826
2025-04-29 20:36:29,0,level_complete,2372,1,57599,0,368732,649190,32,446930
2025-04-29 20:36:40,0,level_complete,2373,1,57606,0,368843,651016,29,447062
2025-04-29 20:36:40,0,level_complete,2374,1,57610,0,368919,651103,34,447155
2025-04-29 20:36:41,0,level_complete,2375,1,57612,0,368971,651166,35,447219
2025-04-29 20:36:46,0,level_complete,2376,1,57617,0,369079,652027,30,447360
2025-04-29 20:36:47,0,level_complete,2377,1,57620,0,369123,652089,33,447411
2025-04-29 20:36:47,0,level_complete,2378,1,57621,0,369150,652128,30,447441
2025-04-29 20:36:47,0,level_complete,2379,1,57622,0,369177,652156,34,447475
2025-04-29 20:36:48,0,level_complete,2380,1,57625,0,369241,652252,30,447547
2025-04-29 20:36:48,0,level_complete,2381,1,57633,0,369342,652365,30,447668
2025-04-29 20:36:50,0,level_complete,2382,1,57644,0,369509,652558,34,447883
2025-04-29 20:36:50,0,level_complete,2383,1,57645,0,369536,652625,31,447914
2025-04-29 20:36:51,0,level_complete,2384,1,57649,0,369584,652681,32,447971
2025-04-29 20:36:51,0,level_complete,2385,1,57653,0,369635,652748,29,448031
2025-04-29 20:36:51,0,level_complete,2386,1,57656,0,369687,652804,37,448098
2025-04-29 20:36:52,0,level_complete,2387,1,57657,0,369714,652828,38,448136
2025-04-29 20:36:52,0,level_complete,2388,1,57659,0,369765,652875,31,448205
2025-04-29 20:36:52,0,level_complete,2389,1,57660,0,369792,652905,31,448236
2025-04-29 20:36:53,0,level_complete,2390,1,57669,0,369879,653005,31,448336
2025-04-29 20:36:53,0,level_complete,2391,1,57674,0,369942,653094,30,448408
2025-04-29 20:36:58,0,level_complete,2392,1,57734,0,370554,653762,31,449187
2025-04-29 20:37:00,0,level_complete,2393,1,57757,0,370850,654131,35,449539
2025-04-29 20:37:01,0,level_complete,2394,1,57768,0,371004,654279,44,449746
2025-04-29 20:37:06,0,level_complete,2395,1,57784,0,371250,654982,32,450049
2025-04-29 20:37:07,0,level_complete,2396,1,57789,0,371326,655068,36,450152
2025-04-29 20:37:07,0,level_complete,2397,1,57791,0,371361,655105,37,450197
2025-04-29 20:37:07,0,level_complete,2398,1,57794,0,371400,655168,29,450239
2025-04-29 20:37:08,0,level_complete,2399,1,57799,0,371484,655269,31,450334
2025-04-29 20:37:09,0,level_complete,2400,1,57805,0,371576,655404,32,450440
2025-04-29 20:37:09,0,level_complete,2401,1,57807,0,371625,655487,35,450503
2025-04-29 20:37:09,0,level_complete,2402,1,57808,0,371652,655519,47,450550
2025-04-29 20:37:10,0,level_complete,2403,1,57811,0,371683,655551,37,450591
2025-04-29 20:37:10,0,level_complete,2404,1,57814,0,371752,655637,35,450687
2025-04-29 20:37:13,0,level_complete,2405,1,57860,0,372145,656073,29,451143
2025-04-29 20:37:14,0,level_complete,2406,1,57871,0,372294,656226,33,451327
2025-04-29 20:37:17,0,level_complete,2407,1,57913,0,372702,656608,32,451821
2025-04-29 20:37:19,0,level_complete,2408,1,57933,0,372972,656954,32,452140
2025-04-29 20:37:20,0,level_complete,2409,1,57934,0,372999,656993,33,452173
2025-04-29 20:37:20,0,level_complete,2410,1,57935,0,373026,657032,30,452203
2025-04-29 20:37:20,0,level_complete,2411,1,57938,0,373061,657099,31,452243
2025-04-29 20:37:21,0,level_complete,2412,1,57945,0,373171,657229,40,452380
2025-04-29 20:37:22,0,level_complete,2413,1,57947,0,373218,657282,34,452442
2025-04-29 20:37:22,0,level_complete,2414,1,57950,0,373276,657334,33,452517
2025-04-29 20:37:23,0,level_complete,2415,1,57957,0,373388,657560,30,452644
2025-04-29 20:37:24,0,level_complete,2416,1,57959,0,373440,657629,34,452708
2025-04-29 20:37:24,0,level_complete,2417,1,57960,0,373467,657668,33,452741
2025-04-29 20:37:25,0,level_complete,2418,1,57962,0,373520,657741,38,452816
2025-04-29 20:37:25,0,level_complete,2419,1,57963,0,373547,657778,31,452847
2025-04-29 20:37:26,0,level_complete,2420,1,57970,0,373661,657916,31,452976
2025-04-29 20:37:26,0,level_complete,2421,1,57972,0,373691,657959,37,453016
2025-04-29 20:37:26,0,level_complete,2422,1,57973,0,373718,657986,31,453047
2025-04-29 20:37:27,0,level_complete,2423,1,57975,0,373757,658039,30,453092
2025-04-29 20:37:28,0,level_complete,2424,1,57994,0,373978,658295,30,453360
2025-04-29 20:37:29,0,training_run_ep 58000,-,1,58001,0,374037,658370,0,453431
2025-04-29 20:37:30,0,level_complete,2425,1,58005,0,374112,658492,33,453519
2025-04-29 20:37:30,0,level_complete,2426,1,58006,0,374139,658516,43,453562
2025-04-29 20:37:32,0,level_complete,2427,1,58025,0,374334,658727,31,453808
2025-04-29 20:37:32,0,level_complete,2428,1,58026,0,374361,658761,35,453843
2025-04-29 20:37:32,0,level_complete,2429,1,58028,0,374401,658811,29,453887
2025-04-29 20:37:34,0,level_complete,2430,1,58059,0,374740,659122,29,454309
2025-04-29 20:37:36,0,level_complete,2431,1,58082,0,374956,659335,38,454576
2025-04-29 20:37:36,0,level_complete,2432,1,58085,0,374992,659370,31,454616
2025-04-29 20:37:37,0,level_complete,2433,1,58094,0,375097,659479,30,454743
2025-04-29 20:37:37,0,level_complete,2434,1,58095,0,375124,659528,32,454775
2025-04-29 20:37:40,0,level_complete,2435,1,58120,0,375487,659935,31,455229
2025-04-29 20:37:41,0,level_complete,2436,1,58132,0,375668,660125,33,455452
2025-04-29 20:37:41,0,level_complete,2437,1,58134,0,375696,660147,41,455494
2025-04-29 20:37:42,0,level_complete,2438,1,58137,0,375739,660193,32,455547
2025-04-29 20:37:42,0,level_complete,2439,1,58139,0,375777,660231,29,455588
2025-04-29 20:37:42,0,level_complete,2440,1,58140,0,375804,660273,28,455616
2025-04-29 20:37:43,0,level_complete,2441,1,58141,0,375831,660313,32,455648
2025-04-29 20:37:43,0,level_complete,2442,1,58142,0,375858,660377,32,455680
2025-04-29 20:37:43,0,level_complete,2443,1,58144,0,375889,660428,30,455714
2025-04-29 20:37:44,0,level_complete,2444,1,58146,0,375916,660458,34,455748
2025-04-29 20:37:46,0,level_complete,2445,1,58149,0,375974,660891,35,455817
2025-04-29 20:37:47,0,level_complete,2446,1,58154,0,376038,660961,30,455898
2025-04-29 20:37:48,0,level_complete,2447,1,58161,0,376167,661121,42,456059
2025-04-29 20:38:18,0,level_complete,2448,1,58166,0,376268,665935,41,456184
2025-04-29 20:38:18,0,level_complete,2449,1,58167,0,376295,665978,29,456213
2025-04-29 20:38:19,0,level_complete,2450,1,58168,0,376322,666012,38,456251
2025-04-29 20:38:19,0,level_complete,2451,1,58173,0,376399,666093,37,456357
2025-04-29 20:38:20,0,level_complete,2452,1,58176,0,376456,666167,32,456422
2025-04-29 20:38:20,0,level_complete,2453,1,58182,0,376519,666245,30,456490
2025-04-29 20:38:21,0,level_complete,2454,1,58187,0,376585,666334,28,456573
2025-04-29 20:38:21,0,level_complete,2455,1,58190,0,376638,666393,32,456634
2025-04-29 20:38:22,0,level_complete,2456,1,58199,0,376731,666489,29,456746
2025-04-29 20:38:23,0,level_complete,2457,1,58215,0,376942,666680,35,457029
2025-04-29 20:38:24,0,level_complete,2458,1,58218,0,376998,666772,38,457113
2025-04-29 20:38:24,0,level_complete,2459,1,58219,0,377025,666817,31,457144
2025-04-29 20:38:24,0,level_complete,2460,1,58221,0,377070,666877,29,457198
2025-04-29 20:38:25,0,level_complete,2461,1,58224,0,377120,666949,38,457261
2025-04-29 20:38:25,0,level_complete,2462,1,58225,0,377147,666979,32,457293
2025-04-29 20:38:26,0,level_complete,2463,1,58235,0,377314,667154,35,457496
2025-04-29 20:38:26,0,level_complete,2464,1,58236,0,377341,667196,30,457526
2025-04-29 20:38:27,0,level_complete,2465,1,58239,0,377371,667264,31,457560
2025-04-29 20:38:27,0,level_complete,2466,1,58247,0,377458,667346,33,457665
2025-04-29 20:38:28,0,level_complete,2467,1,58248,0,377485,667383,31,457696
2025-04-29 20:38:29,0,level_complete,2468,1,58271,0,377706,667594,29,457962
2025-04-29 20:38:29,0,level_complete,2469,1,58272,0,377733,667626,31,457993
2025-04-29 20:38:31,0,level_complete,2470,1,58289,0,377979,667884,36,458299
2025-04-29 20:38:55,0,level_complete,2471,1,58306,0,378168,671279,29,458558
2025-04-29 20:38:59,0,level_complete,2472,1,58354,0,378647,671828,33,459124
2025-04-29 20:39:00,0,level_complete,2473,1,58360,0,378733,672026,36,459236
2025-04-29 20:39:02,0,level_complete,2474,1,58373,0,378909,672209,33,459455
2025-04-29 20:39:02,0,level_complete,2475,1,58376,0,378955,672271,30,459508
2025-04-29 20:39:03,0,level_complete,2476,1,58377,0,378982,672358,33,459541
2025-04-29 20:39:04,0,level_complete,2477,1,58392,0,379189,672610,32,459810
2025-04-29 20:39:05,0,level_complete,2478,1,58397,0,379263,672750,30,459892
2025-04-29 20:39:25,0,level_complete,2479,1,58416,0,379480,675749,33,460147
2025-04-29 20:39:26,0,level_complete,2480,1,58425,0,379565,675861,31,460242
2025-04-29 20:39:26,0,level_complete,2481,1,58426,0,379592,675914,31,460273
2025-04-29 20:39:26,0,level_complete,2482,1,58428,0,379622,675949,34,460310
2025-04-29 20:39:26,0,level_complete,2483,1,58431,0,379652,675980,33,460346
2025-04-29 20:39:27,0,level_complete,2484,1,58435,0,379718,676064,33,460425
2025-04-29 20:39:27,0,level_complete,2485,1,58437,0,379760,676110,28,460470
2025-04-29 20:39:28,0,level_complete,2486,1,58439,0,379801,676155,31,460516
2025-04-29 20:39:28,0,level_complete,2487,1,58444,0,379869,676230,34,460611
2025-04-29 20:39:28,0,level_complete,2488,1,58445,0,379896,676271,31,460642
2025-04-29 20:39:29,0,level_complete,2489,1,58447,0,379930,676315,31,460680
2025-04-29 20:39:30,0,level_complete,2490,1,58459,0,380119,676499,32,460922
2025-04-29 20:39:30,0,level_complete,2491,1,58461,0,380150,676566,30,460957
2025-04-29 20:39:32,0,level_complete,2492,1,58486,0,380404,676852,35,461266
2025-04-29 20:39:33,0,level_complete,2493,1,58488,0,380432,676887,31,461298
2025-04-29 20:39:34,0,level_complete,2494,1,58500,0,380584,677027,34,461477
2025-04-29 20:39:34,0,training_run_ep 58500,-,1,58501,0,380591,677033,0,461485
2025-04-29 20:39:35,0,level_complete,2495,1,58505,0,380655,677110,29,461555
2025-04-29 20:39:35,0,level_complete,2496,1,58506,0,380682,677155,29,461584
2025-04-29 20:39:35,0,level_complete,2497,1,58511,0,380745,677220,33,461666
2025-04-29 20:39:37,0,level_complete,2498,1,58529,0,380975,677479,36,461945
2025-04-29 20:39:40,0,level_complete,2499,1,58555,0,381250,677847,33,462272
2025-04-29 20:39:40,0,level_complete,2500,1,58559,0,381307,677925,28,462333
2025-04-29 20:39:40,0,level_complete,2501,1,58560,0,381334,677960,35,462368
2025-04-29 20:39:41,0,level_complete,2502,1,58562,0,381369,678002,36,462413
2025-04-29 20:39:41,0,level_complete,2503,1,58563,0,381396,678047,29,462442
2025-04-29 20:39:41,0,level_complete,2504,1,58566,0,381450,678108,29,462512
2025-04-29 20:39:42,0,level_complete,2505,1,58571,0,381533,678216,41,462620
2025-04-29 20:39:43,0,level_complete,2506,1,58577,0,381633,678347,35,462739
2025-04-29 20:39:43,0,level_complete,2507,1,58578,0,381660,678374,32,462771
2025-04-29 20:39:43,0,level_complete,2508,1,58579,0,381687,678408,33,462804
2025-04-29 20:39:44,0,level_complete,2509,1,58581,0,381730,678465,34,462858
2025-04-29 20:39:44,0,level_complete,2510,1,58587,0,381776,678522,31,462911
2025-04-29 20:39:46,0,level_complete,2511,1,58592,0,381851,678857,34,463004
2025-04-29 20:39:47,0,level_complete,2512,1,58593,0,381878,678893,32,463036
2025-04-29 20:39:47,0,level_complete,2513,1,58597,0,381932,678964,43,463110
2025-04-29 20:39:47,0,level_complete,2514,1,58598,0,381959,679028,33,463143
2025-04-29 20:39:48,0,level_complete,2515,1,58602,0,382028,679104,34,463235
2025-04-29 20:39:48,0,level_complete,2516,1,58604,0,382078,679178,30,463299
2025-04-29 20:39:49,0,level_complete,2517,1,58607,0,382117,679228,30,463341
2025-04-29 20:39:50,0,level_complete,2518,1,58613,0,382206,679381,30,463442
2025-04-29 20:39:51,0,level_complete,2519,1,58620,0,382336,679514,30,463632
2025-04-29 20:39:51,0,level_complete,2520,1,58623,0,382400,679583,35,463715
2025-04-29 20:39:52,0,level_complete,2521,1,58631,0,382534,679754,34,463875
2025-04-29 20:39:53,0,level_complete,2522,1,58635,0,382580,679799,35,463931
2025-04-29 20:39:53,0,level_complete,2523,1,58636,0,382607,679880,28,463959
2025-04-29 20:39:55,0,level_complete,2524,1,58647,0,382758,680160,32,464156
2025-04-29 20:39:56,0,level_complete,2525,1,58652,0,382845,680273,27,464257
2025-04-29 20:39:56,0,level_complete,2526,1,58654,0,382894,680322,40,464326
2025-04-29 20:39:57,0,level_complete,2527,1,58655,0,382921,680394,31,464357
2025-04-29 20:39:58,0,level_complete,2528,1,58664,0,383070,680562,34,464554
2025-04-29 20:39:58,0,level_complete,2529,1,58666,0,383104,680619,29,464590
2025-04-29 20:39:59,0,level_complete,2530,1,58675,0,383168,680696,31,464664
2025-04-29 20:39:59,0,level_complete,2531,1,58676,0,383195,680729,32,464696
2025-04-29 20:39:59,0,level_complete,2532,1,58677,0,383222,680775,30,464726
2025-04-29 20:39:59,0,level_complete,2533,1,58678,0,383249,680825,33,464759
2025-04-29 20:40:00,0,level_complete,2534,1,58682,0,383299,680880,31,464814
2025-04-29 20:40:01,0,level_complete,2535,1,58687,0,383389,680993,31,464914
2025-04-29 20:40:01,0,level_complete,2536,1,58688,0,383416,681033,40,464954
2025-04-29 20:40:01,0,level_complete,2537,1,58690,0,383467,681124,29,465012
2025-04-29 20:40:03,0,level_complete,2538,1,58697,0,383598,681296,29,465195
2025-04-29 20:40:06,0,level_complete,2539,1,58731,0,383985,681762,40,465662
2025-04-29 20:40:06,0,level_complete,2540,1,58732,0,384012,681801,33,465695
2025-04-29 20:40:06,0,level_complete,2541,1,58733,0,384039,681843,32,465727
2025-04-29 20:40:07,0,level_complete,2542,1,58738,0,384106,681911,29,465808
2025-04-29 20:40:07,0,level_complete,2543,1,58741,0,384167,681982,30,465883
2025-04-29 20:40:08,0,level_complete,2544,1,58742,0,384194,682040,32,465915
2025-04-29 20:40:09,0,level_complete,2545,1,58744,0,384246,682103,29,465978
2025-04-29 20:40:12,0,level_complete,2546,1,58755,0,384433,682318,34,466208
2025-04-29 20:40:13,0,level_complete,2547,1,58756,0,384460,682347,29,466237
2025-04-29 20:40:14,0,level_complete,2548,1,58757,0,384487,682390,27,466264
2025-04-29 20:40:15,0,level_complete,2549,1,58758,0,384514,682438,29,466293
2025-04-29 20:40:17,0,level_complete,2550,1,58760,0,384564,682509,30,466354
2025-04-29 20:40:18,0,level_complete,2551,1,58768,0,384701,682673,30,466512
2025-04-29 20:40:18,0,level_complete,2552,1,58770,0,384746,682732,30,466561
2025-04-29 20:40:19,0,level_complete,2553,1,58771,0,384773,682771,34,466595
2025-04-29 20:40:19,0,level_complete,2554,1,58772,0,384800,682807,33,466628
2025-04-29 20:40:19,0,level_complete,2555,1,58773,0,384827,682841,34,466662
2025-04-29 20:40:20,0,level_complete,2556,1,58775,0,384867,682886,39,466716
2025-04-29 20:40:20,0,level_complete,2557,1,58777,0,384919,682955,30,466777
2025-04-29 20:40:21,0,level_complete,2558,1,58784,0,385019,683059,43,466904
2025-04-29 20:40:21,0,level_complete,2559,1,58789,0,385096,683148,30,466996
2025-04-29 20:40:22,0,level_complete,2560,1,58793,0,385151,683205,32,467057
2025-04-29 20:40:22,0,level_complete,2561,1,58800,0,385202,683266,29,467112
2025-04-29 20:40:23,0,level_complete,2562,1,58808,0,385316,683384,53,467269
2025-04-29 20:40:23,0,level_complete,2563,1,58810,0,385351,683433,31,467308
2025-04-29 20:40:24,0,level_complete,2564,1,58812,0,385385,683495,28,467343
2025-04-29 20:40:24,0,level_complete,2565,1,58815,0,385443,683564,33,467420
2025-04-29 20:40:26,0,level_complete,2566,1,58830,0,385622,683769,32,467630
2025-04-29 20:40:26,0,level_complete,2567,1,58832,0,385650,683798,36,467667
2025-04-29 20:40:27,0,level_complete,2568,1,58840,0,385777,683944,31,467828
2025-04-29 20:40:31,0,level_complete,2569,1,58875,0,386231,684556,34,468372
2025-04-29 20:40:33,0,level_complete,2570,1,58893,0,386488,684793,35,468698
2025-04-29 20:40:34,0,level_complete,2571,1,58899,0,386601,684949,34,468831
2025-04-29 20:40:35,0,level_complete,2572,1,58901,0,386653,685015,34,468893
2025-04-29 20:40:35,0,level_complete,2573,1,58904,0,386732,685124,30,468992
2025-04-29 20:40:37,0,level_complete,2574,1,58926,0,386988,685423,33,469298
2025-04-29 20:40:38,0,level_complete,2575,1,58928,0,387016,685462,32,469331
2025-04-29 20:40:38,0,level_complete,2576,1,58931,0,387064,685515,30,469384
2025-04-29 20:40:41,0,level_complete,2577,1,58978,0,387465,685938,31,469867
2025-04-29 20:40:42,0,level_complete,2578,1,58988,0,387623,686110,30,470063
2025-04-29 20:40:43,0,level_complete,2579,1,58989,0,387650,686187,29,470092
2025-04-29 20:40:43,0,level_complete,2580,1,58992,0,387697,686254,46,470161
2025-04-29 20:40:45,0,training_run_ep 59000,-,1,59001,0,387823,686388,0,470327
2025-04-29 20:40:45,0,level_complete,2581,1,59003,0,387864,686429,30,470372
2025-04-29 20:40:46,0,level_complete,2582,1,59008,0,387956,686528,32,470478
2025-04-29 20:40:46,0,level_complete,2583,1,59010,0,388002,686583,35,470535
2025-04-29 20:40:47,0,level_complete,2584,1,59016,0,388106,686707,30,470651
2025-04-29 20:40:48,0,level_complete,2585,1,59022,0,388214,686843,29,470779
2025-04-29 20:40:49,0,level_complete,2586,1,59034,0,388392,687054,29,470991
2025-04-29 20:40:50,0,level_complete,2587,1,59037,0,388439,687111,34,471050
2025-04-29 20:40:50,0,level_complete,2588,1,59038,0,388466,687154,30,471080
2025-04-29 20:40:54,0,level_complete,2589,1,59046,0,388629,687775,32,471276
2025-04-29 20:40:55,0,level_complete,2590,1,59047,0,388656,687799,33,471309
2025-04-29 20:40:57,0,level_complete,2591,1,59052,0,388745,688145,35,471415
2025-04-29 20:40:57,0,level_complete,2592,1,59053,0,388772,688171,36,471451
2025-04-29 20:40:57,0,level_complete,2593,1,59054,0,388799,688213,30,471481
2025-04-29 20:40:57,0,level_complete,2594,1,59055,0,388826,688234,34,471515
2025-04-29 20:40:58,0,level_complete,2595,1,59064,0,388916,688341,34,471624
2025-04-29 20:40:59,0,level_complete,2596,1,59068,0,389008,688448,36,471735
2025-04-29 20:40:59,0,level_complete,2597,1,59069,0,389035,688487,32,471767
2025-04-29 20:41:00,0,level_complete,2598,1,59072,0,389089,688555,30,471827
2025-04-29 20:41:00,0,level_complete,2599,1,59075,0,389147,688626,29,471898
2025-04-29 20:41:01,0,level_complete,2600,1,59079,0,389245,688750,32,472015
2025-04-29 20:41:03,0,level_complete,2601,1,59089,0,389459,689028,32,472282
2025-04-29 20:41:03,0,level_complete,2602,1,59093,0,389516,689088,29,472345
2025-04-29 20:41:04,0,level_complete,2603,1,59094,0,389543,689124,35,472380
2025-04-29 20:41:04,0,level_complete,2604,1,59099,0,389622,689221,29,472475
2025-04-29 20:41:05,0,level_complete,2605,1,59100,0,389649,689248,36,472511
2025-04-29 20:41:05,0,level_complete,2606,1,59101,0,389676,689281,34,472545
2025-04-29 20:41:05,0,level_complete,2607,1,59103,0,389729,689345,32,472621
2025-04-29 20:41:06,0,level_complete,2608,1,59107,0,389825,689467,31,472739
2025-04-29 20:41:06,0,level_complete,2609,1,59110,0,389868,689521,31,472791
2025-04-29 20:41:07,0,level_complete,2610,1,59115,0,389932,689604,38,472879
2025-04-29 20:41:10,0,level_complete,2611,1,59132,0,390102,689950,31,473078
2025-04-29 20:41:11,0,level_complete,2612,1,59152,0,390266,690184,32,473280
2025-04-29 20:41:12,0,level_complete,2613,1,59159,0,390363,690340,31,473400
2025-04-29 20:41:12,0,level_complete,2614,1,59161,0,390395,690376,32,473438
2025-04-29 20:41:13,0,level_complete,2615,1,59168,0,390496,690468,37,473568
2025-04-29 20:41:13,0,level_complete,2616,1,59170,0,390535,690520,32,473614
2025-04-29 20:41:14,0,level_complete,2617,1,59174,0,390608,690623,31,473704
2025-04-29 20:41:14,0,level_complete,2618,1,59175,0,390635,690648,35,473739
2025-04-29 20:41:15,0,level_complete,2619,1,59176,0,390662,690679,32,473771
2025-04-29 20:41:15,0,level_complete,2620,1,59177,0,390689,690716,41,473812
2025-04-29 20:41:16,0,level_complete,2621,1,59184,0,390819,690888,35,473963
2025-04-29 20:41:16,0,level_complete,2622,1,59186,0,390865,690930,35,474019
2025-04-29 20:41:17,0,level_complete,2623,1,59187,0,390892,690978,32,474051
2025-04-29 20:41:17,0,level_complete,2624,1,59192,0,390976,691098,32,474157
2025-04-29 20:41:18,0,level_complete,2625,1,59193,0,391003,691147,31,474188
2025-04-29 20:41:18,0,level_complete,2626,1,59194,0,391030,691196,30,474218
2025-04-29 20:41:19,0,level_complete,2627,1,59196,0,391068,691261,31,474262
2025-04-29 20:41:19,0,level_complete,2628,1,59197,0,391095,691295,29,474291
2025-04-29 20:41:19,0,level_complete,2629,1,59201,0,391145,691385,32,474352
2025-04-29 20:41:20,0,level_complete,2630,1,59202,0,391172,691424,30,474382
2025-04-29 20:41:21,0,level_complete,2631,1,59213,0,391319,691633,37,474564
2025-04-29 20:41:22,0,level_complete,2632,1,59216,0,391373,691718,33,474635
2025-04-29 20:41:22,0,level_complete,2633,1,59217,0,391400,691744,38,474673
2025-04-29 20:41:22,0,level_complete,2634,1,59220,0,391457,691813,28,474738
2025-04-29 20:41:22,0,level_complete,2635,1,59221,0,391484,691845,31,474769
2025-04-29 20:41:23,0,level_complete,2636,1,59222,0,391511,691880,48,474817
2025-04-29 20:41:23,0,level_complete,2637,1,59224,0,391539,691917,30,474848
2025-04-29 20:41:24,0,level_complete,2638,1,59232,0,391620,692004,35,474944
2025-04-29 20:41:24,0,level_complete,2639,1,59236,0,391683,692063,45,475029
2025-04-29 20:41:25,0,level_complete,2640,1,59241,0,391768,692172,28,475121
2025-04-29 20:41:25,0,level_complete,2641,1,59242,0,391795,692196,39,475160
2025-04-29 20:41:25,0,level_complete,2642,1,59243,0,391822,692244,34,475194
2025-04-29 20:41:26,0,level_complete,2643,1,59247,0,391885,692328,32,475277
2025-04-29 20:41:26,0,level_complete,2644,1,59251,0,391943,692383,31,475342
2025-04-29 20:41:27,0,level_complete,2645,1,59257,0,392060,692579,32,475488
2025-04-29 20:41:28,0,level_complete,2646,1,59258,0,392087,692618,29,475517
2025-04-29 20:41:28,0,level_complete,2647,1,59260,0,392134,692667,33,475577
2025-04-29 20:41:28,0,level_complete,2648,1,59261,0,392161,692701,40,475617
2025-04-29 20:41:28,0,level_complete,2649,1,59262,0,392188,692736,29,475646
2025-04-29 20:41:29,0,level_complete,2650,1,59263,0,392215,692769,30,475676
2025-04-29 20:41:30,0,level_complete,2651,1,59272,0,392349,692952,32,475844
2025-04-29 20:41:30,0,level_complete,2652,1,59273,0,392376,692983,32,475876
2025-04-29 20:41:31,0,level_complete,2653,1,59276,0,392427,693046,34,475936
2025-04-29 20:41:31,0,level_complete,2654,1,59283,0,392543,693157,31,476091
2025-04-29 20:41:32,0,level_complete,2655,1,59292,0,392642,693243,37,476219
2025-04-29 20:41:32,0,level_complete,2656,1,59296,0,392715,693320,35,476310
2025-04-29 20:41:33,0,level_complete,2657,1,59297,0,392742,693354,29,476339
2025-04-29 20:41:33,0,level_complete,2658,1,59299,0,392775,693399,30,476376
2025-04-29 20:41:33,0,level_complete,2659,1,59300,0,392802,693446,29,476405
2025-04-29 20:41:34,0,level_complete,2660,1,59308,0,392919,693580,31,476540
2025-04-29 20:42:29,0,level_complete,2661,1,59320,0,393126,702529,30,476791
2025-04-29 20:42:30,0,level_complete,2662,1,59321,0,393153,702567,34,476825
2025-04-29 20:42:30,0,level_complete,2663,1,59327,0,393238,702650,36,476932
2025-04-29 20:42:32,0,level_complete,2664,1,59343,0,393434,702854,34,477177
2025-04-29 20:42:32,0,level_complete,2665,1,59344,0,393461,702903,29,477206
2025-04-29 20:42:32,0,level_complete,2666,1,59348,0,393520,702975,34,477274
2025-04-29 20:42:33,0,level_complete,2667,1,59354,0,393611,703072,37,477383
2025-04-29 20:42:33,0,level_complete,2668,1,59356,0,393656,703119,31,477434
2025-04-29 20:42:39,0,level_complete,2669,1,59418,0,394351,703909,30,478242
2025-04-29 20:42:40,0,level_complete,2670,1,59426,0,394485,704045,31,478418
2025-04-29 20:42:40,0,level_complete,2671,1,59429,0,394540,704104,29,478479
2025-04-29 20:42:40,0,level_complete,2672,1,59431,0,394581,704140,41,478536
2025-04-29 20:42:41,0,level_complete,2673,1,59436,0,394638,704204,38,478604
2025-04-29 20:42:43,0,level_complete,2674,1,59455,0,394896,704576,30,478893
2025-04-29 20:42:44,0,level_complete,2675,1,59463,0,395029,704747,31,479059
2025-04-29 20:42:45,0,level_complete,2676,1,59464,0,395056,704792,31,479090
2025-04-29 20:42:45,0,level_complete,2677,1,59467,0,395110,704846,33,479153
2025-04-29 20:42:45,0,level_complete,2678,1,59471,0,395153,704896,30,479200
2025-04-29 20:42:46,0,level_complete,2679,1,59474,0,395221,704987,30,479277
2025-04-29 20:42:46,0,level_complete,2680,1,59476,0,395273,705042,41,479347
2025-04-29 20:42:47,0,level_complete,2681,1,59478,0,395323,705108,29,479402
2025-04-29 20:42:47,0,level_complete,2682,1,59481,0,395363,705155,32,479447
2025-04-29 20:42:47,0,level_complete,2683,1,59482,0,395390,705198,37,479484
2025-04-29 20:42:48,0,level_complete,2684,1,59483,0,395417,705253,32,479516
2025-04-29 20:42:48,0,level_complete,2685,1,59485,0,395454,705335,50,479576
2025-04-29 20:42:49,0,level_complete,2686,1,59489,0,395516,705467,31,479643
2025-04-29 20:42:50,0,level_complete,2687,1,59492,0,395591,705586,29,479725
2025-04-29 20:42:51,0,level_complete,2688,1,59497,0,395673,705673,33,479830
2025-04-29 20:42:51,0,level_complete,2689,1,59498,0,395700,705697,39,479869
2025-04-29 20:42:51,0,level_complete,2690,1,59499,0,395727,705724,35,479904
2025-04-29 20:42:51,0,training_run_ep 59500,-,1,59501,0,395740,705737,0,479917
2025-04-29 20:42:52,0,level_complete,2691,1,59502,0,395767,705787,36,479953
2025-04-29 20:42:53,0,level_complete,2692,1,59505,0,395841,705928,32,480040
2025-04-29 20:42:53,0,level_complete,2693,1,59509,0,395900,706010,39,480114
2025-04-29 20:42:54,0,level_complete,2694,1,59515,0,396003,706125,31,480246
2025-04-29 20:42:55,0,level_complete,2695,1,59517,0,396054,706203,29,480304
2025-04-29 20:42:55,0,level_complete,2696,1,59522,0,396127,706285,32,480403
2025-04-29 20:42:56,0,level_complete,2697,1,59524,0,396180,706351,53,480483
2025-04-29 20:42:56,0,level_complete,2698,1,59527,0,396239,706426,35,480556
2025-04-29 20:42:57,0,level_complete,2699,1,59533,0,396349,706533,31,480698
2025-04-29 20:42:57,0,level_complete,2700,1,59534,0,396376,706570,34,480732
2025-04-29 20:42:57,0,level_complete,2701,1,59535,0,396403,706610,31,480763
2025-04-29 20:42:57,0,level_complete,2702,1,59536,0,396430,706638,33,480796
2025-04-29 20:42:58,0,level_complete,2703,1,59537,0,396457,706673,36,480832
2025-04-29 20:42:59,0,level_complete,2704,1,59543,0,396582,706822,35,480986
2025-04-29 20:42:59,0,level_complete,2705,1,59548,0,396672,706910,31,481094
2025-04-29 20:43:00,0,level_complete,2706,1,59551,0,396710,706948,32,481140
2025-04-29 20:43:01,0,level_complete,2707,1,59563,0,396853,707094,30,481313
2025-04-29 20:43:01,0,level_complete,2708,1,59565,0,396904,707175,32,481375
2025-04-29 20:43:05,0,level_complete,2709,1,59606,0,397453,707694,39,482073
2025-04-29 20:43:05,0,level_complete,2710,1,59609,0,397523,707789,30,482151
2025-04-29 20:43:06,0,level_complete,2711,1,59611,0,397557,707834,32,482190
2025-04-29 20:43:06,0,level_complete,2712,1,59613,0,397586,707886,32,482224
2025-04-29 20:43:06,0,level_complete,2713,1,59617,0,397649,707954,31,482298
2025-04-29 20:43:07,0,level_complete,2714,1,59624,0,397729,708037,34,482402
2025-04-29 20:43:08,0,level_complete,2715,1,59627,0,397789,708148,32,482472
2025-04-29 20:43:08,0,level_complete,2716,1,59628,0,397816,708179,31,482503
2025-04-29 20:43:08,0,level_complete,2717,1,59631,0,397857,708218,31,482550
2025-04-29 20:43:08,0,level_complete,2718,1,59634,0,397891,708262,29,482586
2025-04-29 20:43:09,0,level_complete,2719,1,59643,0,397972,708355,30,482680
2025-04-29 20:43:10,0,level_complete,2720,1,59656,0,398113,708498,36,482845
2025-04-29 20:43:11,0,level_complete,2721,1,59668,0,398251,708648,32,483001
2025-04-29 20:43:12,0,level_complete,2722,1,59675,0,398325,708766,33,483093
2025-04-29 20:43:13,0,level_complete,2723,1,59692,0,398458,708910,40,483250
2025-04-29 20:43:13,0,level_complete,2724,1,59693,0,398485,708979,32,483282
2025-04-29 20:43:15,0,level_complete,2725,1,59706,0,398643,709167,30,483471
2025-04-29 20:43:16,0,level_complete,2726,1,59723,0,398852,709382,32,483734
2025-04-29 20:43:17,0,level_complete,2727,1,59727,0,398915,709448,38,483814
2025-04-29 20:43:17,0,level_complete,2728,1,59736,0,399008,709556,29,483918
2025-04-29 20:43:18,0,level_complete,2729,1,59739,0,399053,709624,29,483967
2025-04-29 20:43:18,0,level_complete,2730,1,59746,0,399137,709701,36,484066
2025-04-29 20:43:20,0,level_complete,2731,1,59755,0,399272,709883,28,484216
2025-04-29 20:43:21,0,level_complete,2732,1,59762,0,399374,710034,29,484333
2025-04-29 20:43:21,0,level_complete,2733,1,59770,0,399469,710127,37,484458
2025-04-29 20:43:21,0,level_complete,2734,1,59772,0,399512,710170,34,484512
2025-04-29 20:43:22,0,level_complete,2735,1,59775,0,399546,710250,32,484551
2025-04-29 20:43:24,0,level_complete,2736,1,59794,0,399823,710597,37,484923
2025-04-29 20:43:25,0,level_complete,2737,1,59795,0,399850,710631,35,484958
2025-04-29 20:43:26,0,level_complete,2738,1,59803,0,399971,710795,32,485105
2025-04-29 20:43:29,0,level_complete,2739,1,59837,0,400404,711243,30,485620
2025-04-29 20:43:30,0,level_complete,2740,1,59851,0,400571,711412,40,485845
2025-04-29 20:43:30,0,level_complete,2741,1,59854,0,400638,711519,31,485927
2025-04-29 20:43:31,0,level_complete,2742,1,59863,0,400713,711606,35,486017
2025-04-29 20:43:32,0,level_complete,2743,1,59869,0,400823,711737,32,486150
2025-04-29 20:43:33,0,level_complete,2744,1,59874,0,400925,711862,32,486274
2025-04-29 20:43:33,0,level_complete,2745,1,59876,0,400965,711916,34,486323
2025-04-29 20:43:34,0,level_complete,2746,1,59881,0,401019,711986,29,486384
2025-04-29 20:43:34,0,level_complete,2747,1,59886,0,401109,712093,34,486499
2025-04-29 20:43:35,0,level_complete,2748,1,59890,0,401166,712167,30,486561
2025-04-29 20:43:35,0,level_complete,2749,1,59893,0,401244,712270,32,486655
2025-04-29 20:43:36,0,level_complete,2750,1,59894,0,401271,712307,30,486685
2025-04-29 20:43:36,0,level_complete,2751,1,59895,0,401298,712357,31,486716
2025-04-29 20:43:36,0,level_complete,2752,1,59896,0,401325,712398,37,486753
2025-04-29 20:43:37,0,level_complete,2753,1,59901,0,401421,712522,30,486867
2025-04-29 20:43:37,0,level_complete,2754,1,59902,0,401448,712553,32,486899
2025-04-29 20:43:38,0,level_complete,2755,1,59904,0,401492,712603,30,486947
2025-04-29 20:43:39,0,level_complete,2756,1,59913,0,401621,712766,32,487092
2025-04-29 20:43:39,0,level_complete,2757,1,59915,0,401658,712843,37,487140
2025-04-29 20:43:40,0,level_complete,2758,1,59923,0,401764,712959,37,487279
2025-04-29 20:43:41,0,level_complete,2759,1,59930,0,401868,713072,35,487399
2025-04-29 20:43:42,0,level_complete,2760,1,59936,0,401977,713247,30,487531
2025-04-29 20:43:43,0,level_complete,2761,1,59942,0,402109,713413,30,487699
2025-04-29 20:43:43,0,level_complete,2762,1,59943,0,402136,713442,30,487729
2025-04-29 20:43:44,0,level_complete,2763,1,59946,0,402183,713504,28,487783
2025-04-29 20:43:44,0,level_complete,2764,1,59947,0,402210,713528,38,487821
2025-04-29 20:43:44,0,level_complete,2765,1,59948,0,402237,713551,42,487863
2025-04-29 20:43:44,0,level_complete,2766,1,59951,0,402286,713607,31,487921
2025-04-29 20:43:45,0,level_complete,2767,1,59952,0,402313,713638,31,487952
2025-04-29 20:43:45,0,level_complete,2768,1,59953,0,402340,713757,34,487986
2025-04-29 20:43:46,0,level_complete,2769,1,59954,0,402367,713787,31,488017
2025-04-29 20:43:46,0,level_complete,2770,1,59960,0,402446,713862,37,488125
2025-04-29 20:43:47,0,level_complete,2771,1,59972,0,402636,714055,35,488365
2025-04-29 20:43:48,0,level_complete,2772,1,59975,0,402711,714142,34,488451
2025-04-29 20:43:48,0,level_complete,2773,1,59977,0,402762,714216,31,488513
2025-04-29 20:43:50,0,level_complete,2774,1,59997,0,402983,714477,34,488785
2025-04-29 20:43:51,0,training_run_ep 60000,-,1,60001,0,403034,714522,0,488848
2025-04-29 20:43:51,0,level_complete,2775,1,60002,0,403061,714555,31,488879
2025-04-29 20:43:52,0,level_complete,2776,1,60008,0,403145,714641,32,488987
2025-04-29 20:43:52,0,level_complete,2777,1,60009,0,403172,714689,28,489015
2025-04-29 20:43:53,0,level_complete,2778,1,60014,0,403255,714778,33,489119
2025-04-29 20:43:53,0,level_complete,2779,1,60016,0,403300,714847,34,489174
2025-04-29 20:43:54,0,level_complete,2780,1,60019,0,403364,714964,36,489250
2025-04-29 20:43:54,0,level_complete,2781,1,60021,0,403392,715026,30,489281
2025-04-29 20:43:55,0,level_complete,2782,1,60028,0,403522,715168,52,489461
2025-04-29 20:43:56,0,level_complete,2783,1,60031,0,403557,715246,34,489504
2025-04-29 20:43:56,0,level_complete,2784,1,60032,0,403584,715305,30,489534
2025-04-29 20:43:56,0,level_complete,2785,1,60035,0,403620,715342,31,489575
2025-04-29 20:43:58,0,level_complete,2786,1,60047,0,403798,715525,30,489790
2025-04-29 20:44:02,0,level_complete,2787,1,60109,0,404451,716209,32,490612
2025-04-29 20:44:03,0,level_complete,2788,1,60112,0,404496,716269,48,490683
2025-04-29 20:44:04,0,level_complete,2789,1,60120,0,404620,716436,36,490850
2025-04-29 20:44:04,0,level_complete,2790,1,60122,0,404649,716467,35,490887
2025-04-29 20:44:05,0,level_complete,2791,1,60124,0,404695,716568,28,490941
2025-04-29 20:44:05,0,level_complete,2792,1,60129,0,404772,716660,30,491035
2025-04-29 20:44:06,0,level_complete,2793,1,60133,0,404831,716714,32,491105
2025-04-29 20:44:07,0,level_complete,2794,1,60140,0,404942,716839,32,491235
2025-04-29 20:44:07,0,level_complete,2795,1,60144,0,404997,716900,39,491311
2025-04-29 20:44:07,0,level_complete,2796,1,60145,0,405024,716944,35,491346
2025-04-29 20:44:07,0,level_complete,2797,1,60146,0,405051,716965,44,491390
2025-04-29 20:44:08,0,level_complete,2798,1,60147,0,405078,717008,29,491419
2025-04-29 20:44:08,0,level_complete,2799,1,60149,0,405110,717050,31,491455
2025-04-29 20:44:09,0,level_complete,2800,1,60153,0,405205,717176,31,491566
2025-04-29 20:44:10,0,level_complete,2801,1,60161,0,405309,717285,30,491693
2025-04-29 20:44:10,0,level_complete,2802,1,60165,0,405383,717376,35,491784
2025-04-29 20:44:11,0,level_complete,2803,1,60167,0,405434,717450,43,491853
2025-04-29 20:44:11,0,level_complete,2804,1,60169,0,405474,717493,40,491910
2025-04-29 20:44:13,0,level_complete,2805,1,60176,0,405607,717717,35,492082
2025-04-29 20:44:13,0,level_complete,2806,1,60177,0,405634,717745,30,492112
2025-04-29 20:44:13,0,level_complete,2807,1,60179,0,405676,717787,42,492173
2025-04-29 20:44:14,0,level_complete,2808,1,60186,0,405795,717932,35,492322
2025-04-29 20:44:14,0,level_complete,2809,1,60189,0,405837,717986,34,492373
2025-04-29 20:44:14,0,level_complete,2810,1,60190,0,405864,718005,61,492434
2025-04-29 20:44:15,0,level_complete,2811,1,60191,0,405891,718039,31,492465
2025-04-29 20:44:15,0,level_complete,2812,1,60192,0,405918,718066,37,492502
2025-04-29 20:44:15,0,level_complete,2813,1,60197,0,405983,718148,33,492579
2025-04-29 20:44:17,0,level_complete,2814,1,60203,0,406110,718323,34,492757
2025-04-29 20:44:17,0,level_complete,2815,1,60207,0,406178,718407,37,492851
2025-04-29 20:44:18,0,level_complete,2816,1,60212,0,406276,718507,33,492971
2025-04-29 20:44:18,0,level_complete,2817,1,60214,0,406307,718555,29,493004
2025-04-29 20:44:19,0,level_complete,2818,1,60218,0,406383,718627,35,493095
2025-04-29 20:44:19,0,level_complete,2819,1,60220,0,406427,718679,32,493151
2025-04-29 20:44:20,0,level_complete,2820,1,60227,0,406563,718853,30,493314
2025-04-29 20:44:21,0,level_complete,2821,1,60230,0,406598,718902,31,493354
2025-04-29 20:44:21,0,level_complete,2822,1,60232,0,406641,718954,34,493413
2025-04-29 20:44:21,0,level_complete,2823,1,60233,0,406668,718999,31,493444
2025-04-29 20:44:22,0,level_complete,2824,1,60234,0,406695,719047,30,493474
2025-04-29 20:44:22,0,level_complete,2825,1,60236,0,406726,719082,29,493507
2025-04-29 20:44:22,0,level_complete,2826,1,60237,0,406753,719129,37,493544
2025-04-29 20:44:22,0,level_complete,2827,1,60238,0,406780,719165,29,493573
2025-04-29 20:44:23,0,level_complete,2828,1,60239,0,406807,719201,36,493609
2025-04-29 20:44:23,0,level_complete,2829,1,60240,0,406834,719235,33,493642
2025-04-29 20:44:24,0,level_complete,2830,1,60251,0,407025,719462,31,493868
2025-04-29 20:44:25,0,level_complete,2831,1,60254,0,407083,719534,29,493937
2025-04-29 20:44:25,0,level_complete,2832,1,60257,0,407138,719599,35,494006
2025-04-29 20:44:26,0,level_complete,2833,1,60260,0,407169,719638,33,494043
2025-04-29 20:44:26,0,level_complete,2834,1,60261,0,407196,719680,30,494073
2025-04-29 20:44:27,0,level_complete,2835,1,60267,0,407295,719795,34,494197
2025-04-29 20:44:28,0,level_complete,2836,1,60285,0,407532,720070,30,494498
2025-04-29 20:44:29,0,level_complete,2837,1,60292,0,407642,720195,28,494621
2025-04-29 20:44:30,0,level_complete,2838,1,60301,0,407768,720322,36,494771
2025-04-29 20:44:30,0,level_complete,2839,1,60304,0,407811,720366,31,494819
2025-04-29 20:44:31,0,level_complete,2840,1,60305,0,407838,720427,31,494850
2025-04-29 20:44:31,0,level_complete,2841,1,60307,0,407865,720472,30,494880
2025-04-29 20:44:32,0,level_complete,2842,1,60315,0,407958,720586,38,494994
2025-04-29 20:44:32,0,level_complete,2843,1,60318,0,408021,720654,31,495068
2025-04-29 20:44:33,0,level_complete,2844,1,60320,0,408048,720697,36,495104
2025-04-29 20:44:33,0,level_complete,2845,1,60322,0,408097,720744,37,495169
2025-04-29 20:44:33,0,level_complete,2846,1,60325,0,408153,720812,32,495245
2025-04-29 20:44:34,0,level_complete,2847,1,60331,0,408229,720891,35,495340
2025-04-29 20:44:34,0,level_complete,2848,1,60332,0,408256,720940,30,495370
2025-04-29 20:44:35,0,level_complete,2849,1,60334,0,408304,720982,37,495432
2025-04-29 20:44:35,0,level_complete,2850,1,60336,0,408333,721031,33,495467
2025-04-29 20:44:35,0,level_complete,2851,1,60337,0,408360,721058,33,495500
2025-04-29 20:44:36,0,level_complete,2852,1,60341,0,408410,721118,33,495559
2025-04-29 20:44:36,0,level_complete,2853,1,60343,0,408441,721150,30,495593
2025-04-29 20:44:37,0,level_complete,2854,1,60354,0,408586,721292,45,495775
2025-04-29 20:44:37,0,level_complete,2855,1,60355,0,408613,721331,29,495804
2025-04-29 20:44:41,0,level_complete,2856,1,60405,0,409075,721870,39,496398
2025-04-29 20:44:41,0,level_complete,2857,1,60416,0,409179,721977,34,496520
2025-04-29 20:44:42,0,level_complete,2858,1,60429,0,409303,722107,34,496666
2025-04-29 20:44:43,0,level_complete,2859,1,60431,0,409332,722147,31,496699
2025-04-29 20:44:44,0,level_complete,2860,1,60441,0,409461,722295,34,496859
2025-04-29 20:44:45,0,level_complete,2861,1,60451,0,409578,722438,37,497003
2025-04-29 20:44:46,0,level_complete,2862,1,60462,0,409729,722607,33,497183
2025-04-29 20:44:46,0,level_complete,2863,1,60466,0,409769,722646,36,497237
2025-04-29 20:44:48,0,training_run_ep 60500,-,1,60501,0,409988,722890,0,497496
2025-04-29 20:44:51,0,level_complete,2864,1,60550,0,410312,723202,34,497897
2025-04-29 20:44:52,0,level_complete,2865,1,60570,0,410493,723377,31,498121
2025-04-29 20:44:53,0,level_complete,2866,1,60610,0,410699,723586,29,498388
2025-04-29 20:44:56,0,level_complete,2867,1,60678,0,411083,723927,34,498857
2025-04-29 20:44:59,0,level_complete,2868,1,60736,0,411482,724315,34,499339
2025-04-29 20:44:59,0,level_complete,2869,1,60748,0,411554,724388,33,499421
2025-04-29 20:45:06,0,level_complete,2870,1,60905,0,412436,725269,32,500458
2025-04-29 20:45:08,0,level_complete,2871,1,60941,0,412662,725472,36,500745
2025-04-29 20:45:10,0,training_run_ep 61000,-,1,61001,0,412986,725800,0,501124
2025-04-29 20:45:11,0,level_complete,2872,1,61007,0,413028,725864,29,501168
2025-04-29 20:45:12,0,level_complete,2873,1,61016,0,413128,725962,32,501302
2025-04-29 20:45:16,0,level_complete,2874,1,61096,0,413678,726499,31,501965
2025-04-29 20:45:20,0,level_complete,2875,1,61162,0,414277,727117,36,502706
2025-04-29 20:45:21,0,level_complete,2876,1,61175,0,414442,727310,31,502919
2025-04-29 20:45:23,0,level_complete,2877,1,61199,0,414666,727559,31,503191
2025-04-29 20:45:24,0,level_complete,2878,1,61212,0,414794,727694,43,503345
2025-04-29 20:45:24,0,level_complete,2879,1,61215,0,414833,727745,30,503389
2025-04-29 20:46:08,0,level_complete,2880,1,61241,0,415079,734701,34,503696
2025-04-29 20:46:08,0,level_complete,2881,1,61244,0,415146,734773,34,503776
2025-04-29 20:46:09,0,level_complete,2882,1,61250,0,415238,734888,30,503885
2025-04-29 20:46:09,0,level_complete,2883,1,61251,0,415265,734929,31,503916
2025-04-29 20:46:10,0,level_complete,2884,1,61261,0,415403,735080,30,504073
2025-04-29 20:46:11,0,level_complete,2885,1,61263,0,415431,735109,32,504106
2025-04-29 20:46:11,0,level_complete,2886,1,61269,0,415468,735149,34,504150
2025-04-29 20:46:12,0,level_complete,2887,1,61287,0,415670,735358,30,504389
2025-04-29 20:46:15,0,level_complete,2888,1,61327,0,415981,735677,31,504751
2025-04-29 20:46:15,0,level_complete,2889,1,61332,0,416043,735742,42,504838
2025-04-29 20:46:23,0,training_run_ep 61500,-,1,61501,0,416939,736733,0,505923
2025-04-29 20:46:30,0,level_complete,2890,1,61676,0,417774,737587,31,506893
2025-04-29 20:46:34,0,level_complete,2891,1,61766,0,418405,738195,37,507653
2025-04-29 20:46:36,0,level_complete,2892,1,61795,0,418646,738417,31,507931
2025-04-29 20:46:36,0,level_complete,2893,1,61796,0,418673,738454,36,507967
2025-04-29 20:47:10,0,level_complete,2894,1,61990,0,419641,743338,32,509097
2025-04-29 20:47:11,0,training_run_ep 62000,-,1,62001,0,419698,743402,0,509174
2025-04-29 20:47:12,0,level_complete,2895,1,62014,0,419841,743565,30,509344
2025-04-29 20:47:17,0,level_complete,2896,1,62096,0,420520,744209,49,510203
2025-04-29 20:47:19,0,level_complete,2897,1,62118,0,420742,744426,29,510491
2025-04-29 20:47:20,0,level_complete,2898,1,62136,0,420882,744605,32,510650
2025-04-29 20:47:22,0,level_complete,2899,1,62164,0,421195,744945,30,511040
2025-04-29 20:47:23,0,level_complete,2900,1,62167,0,421252,744998,30,511106
2025-04-29 20:47:25,0,level_complete,2901,1,62196,0,421527,745300,30,511430
2025-04-29 20:47:25,0,level_complete,2902,1,62198,0,421580,745425,30,511488
2025-04-29 20:47:26,0,level_complete,2903,1,62199,0,421607,745472,34,511522
2025-04-29 20:47:27,0,level_complete,2904,1,62204,0,421684,745593,39,511625
2025-04-29 20:47:28,0,level_complete,2905,1,62220,0,421920,745855,32,511926
2025-04-29 20:47:29,0,level_complete,2906,1,62222,0,421967,745915,38,511990
2025-04-29 20:47:29,0,level_complete,2907,1,62223,0,421994,745955,31,512021
2025-04-29 20:47:31,0,level_complete,2908,1,62238,0,422213,746191,33,512280
2025-04-29 20:47:33,0,level_complete,2909,1,62272,0,422527,746513,37,512665
2025-04-29 20:47:33,0,level_complete,2910,1,62274,0,422561,746540,42,512714
2025-04-29 20:47:34,0,level_complete,2911,1,62285,0,422687,746651,32,512875
2025-04-29 20:47:35,0,level_complete,2912,1,62296,0,422847,746853,31,513069
2025-04-29 20:47:36,0,level_complete,2913,1,62307,0,423008,747010,33,513274
2025-04-29 20:47:37,0,level_complete,2914,1,62309,0,423042,747051,33,513314
2025-04-29 20:47:40,0,level_complete,2915,1,62363,0,423591,747593,30,514008
2025-04-29 20:47:41,0,level_complete,2916,1,62365,0,423623,747634,33,514047
2025-04-29 20:47:42,0,level_complete,2917,1,62375,0,423760,747774,30,514227
2025-04-29 20:47:42,0,level_complete,2918,1,62377,0,423796,747826,33,514269
2025-04-29 20:47:43,0,level_complete,2919,1,62383,0,423888,747958,39,514385
2025-04-29 20:47:44,0,level_complete,2920,1,62390,0,424014,748116,29,514532
2025-04-29 20:47:44,0,level_complete,2921,1,62392,0,424061,748165,35,514591
2025-04-29 20:47:45,0,level_complete,2922,1,62397,0,424122,748247,27,514661
2025-04-29 20:47:53,0,level_complete,2923,1,62402,0,424181,749419,35,514733
2025-04-29 20:47:53,0,level_complete,2924,1,62404,0,424226,749474,29,514782
2025-04-29 20:47:54,0,level_complete,2925,1,62406,0,424260,749509,32,514821
2025-04-29 20:47:54,0,level_complete,2926,1,62411,0,424338,749586,34,514915
2025-04-29 20:47:55,0,level_complete,2927,1,62415,0,424412,749671,34,515005
2025-04-29 20:47:55,0,level_complete,2928,1,62416,0,424439,749714,28,515033
2025-04-29 20:47:56,0,level_complete,2929,1,62422,0,424547,749843,30,515158
2025-04-29 20:48:00,0,level_complete,2930,1,62438,0,424765,750468,32,515421
2025-04-29 20:48:01,0,level_complete,2931,1,62446,0,424888,750618,29,515564
2025-04-29 20:48:01,0,level_complete,2932,1,62452,0,424958,750680,30,515649
2025-04-29 20:48:12,0,level_complete,2933,1,62456,0,425017,752240,31,515716
2025-04-29 20:48:12,0,level_complete,2934,1,62457,0,425044,752268,34,515750
2025-04-29 20:48:13,0,level_complete,2935,1,62458,0,425071,752301,29,515779
2025-04-29 20:48:13,0,level_complete,2936,1,62461,0,425124,752373,32,515840
2025-04-29 20:48:14,0,level_complete,2937,1,62468,0,425258,752551,33,515990
2025-04-29 20:48:15,0,level_complete,2938,1,62469,0,425285,752589,33,516023
2025-04-29 20:48:15,0,level_complete,2939,1,62470,0,425312,752622,33,516056
2025-04-29 20:48:16,0,level_complete,2940,1,62474,0,425364,752732,35,516117
2025-04-29 20:48:16,0,level_complete,2941,1,62482,0,425478,752869,34,516257
2025-04-29 20:48:17,0,level_complete,2942,1,62483,0,425505,752896,37,516294
2025-04-29 20:48:17,0,level_complete,2943,1,62484,0,425532,752946,31,516325
2025-04-29 20:48:17,0,level_complete,2944,1,62486,0,425568,753016,30,516365
2025-04-29 20:48:18,0,level_complete,2945,1,62487,0,425595,753061,31,516396
2025-04-29 20:48:18,0,level_complete,2946,1,62488,0,425622,753089,32,516428
2025-04-29 20:48:19,0,level_complete,2947,1,62492,0,425709,753202,32,516528
2025-04-29 20:48:20,0,training_run_ep 62500,-,1,62501,0,425839,753357,0,516699
2025-04-29 20:48:21,0,level_complete,2948,1,62506,0,425935,753459,31,516819
2025-04-29 20:48:21,0,level_complete,2949,1,62507,0,425962,753513,32,516851
2025-04-29 20:48:22,0,level_complete,2950,1,62509,0,425999,753566,32,516894
2025-04-29 20:48:22,0,level_complete,2951,1,62511,0,426049,753660,30,516951
2025-04-29 20:48:23,0,level_complete,2952,1,62520,0,426134,753751,37,517056
2025-04-29 20:48:23,0,level_complete,2953,1,62523,0,426197,753820,37,517133
2025-04-29 20:48:24,0,level_complete,2954,1,62524,0,426224,753851,39,517172
2025-04-29 20:48:24,0,level_complete,2955,1,62527,0,426272,753907,32,517231
2025-04-29 20:48:26,0,level_complete,2956,1,62543,0,426479,754162,31,517468
2025-04-29 20:48:27,0,level_complete,2957,1,62552,0,426615,754334,31,517633
2025-04-29 20:48:27,0,level_complete,2958,1,62554,0,426652,754369,37,517684
2025-04-29 20:48:29,0,level_complete,2959,1,62567,0,426861,754638,38,517957
2025-04-29 20:48:30,0,level_complete,2960,1,62583,0,427013,754806,35,518132
2025-04-29 20:48:30,0,level_complete,2961,1,62584,0,427040,754839,35,518167
2025-04-29 20:48:34,0,level_complete,2962,1,62625,0,427515,755365,37,518734
2025-04-29 20:48:36,0,level_complete,2963,1,62642,0,427754,755664,32,519003
2025-04-29 20:48:36,0,level_complete,2964,1,62645,0,427823,755736,32,519081
2025-04-29 20:48:37,0,level_complete,2965,1,62649,0,427888,755817,33,519157
2025-04-29 20:48:37,0,level_complete,2966,1,62650,0,427915,755851,30,519187
2025-04-29 20:48:38,0,level_complete,2967,1,62653,0,427981,755923,32,519268
2025-04-29 20:48:38,0,level_complete,2968,1,62658,0,428087,756038,33,519407
2025-04-29 20:48:39,0,level_complete,2969,1,62659,0,428114,756076,30,519437
2025-04-29 20:48:40,0,level_complete,2970,1,62666,0,428249,756246,34,519620
2025-04-29 20:48:40,0,level_complete,2971,1,62673,0,428359,756345,36,519761
2025-04-29 20:48:41,0,level_complete,2972,1,62674,0,428386,756375,33,519794
2025-04-29 20:48:43,0,level_complete,2973,1,62699,0,428670,756700,29,520153
2025-04-29 20:48:44,0,level_complete,2974,1,62707,0,428794,756822,34,520311
2025-04-29 20:48:45,0,level_complete,2975,1,62717,0,428933,757063,32,520492
2025-04-29 20:48:48,0,level_complete,2976,1,62741,0,429265,757420,28,520899
2025-04-29 20:48:49,0,level_complete,2977,1,62767,0,429418,757576,30,521068
2025-04-29 20:48:50,0,level_complete,2978,1,62781,0,429534,757687,34,521207
2025-04-29 20:48:50,0,level_complete,2979,1,62782,0,429561,757714,35,521242
2025-04-29 20:48:53,0,level_complete,2980,1,62816,0,430012,758174,32,521805
2025-04-29 20:49:00,0,level_complete,2981,1,62898,0,430843,759124,36,522805
2025-04-29 20:49:00,0,level_complete,2982,1,62908,0,430943,759220,32,522932
2025-04-29 20:49:02,0,level_complete,2983,1,62915,0,431044,759451,32,523051
2025-04-29 20:49:02,0,level_complete,2984,1,62916,0,431071,759490,33,523084
2025-04-29 20:49:02,0,level_complete,2985,1,62918,0,431121,759537,32,523143
2025-04-29 20:49:03,0,level_complete,2986,1,62922,0,431180,759596,32,523222
2025-04-29 20:49:04,0,level_complete,2987,1,62931,0,431297,759706,31,523372
2025-04-29 20:49:04,0,level_complete,2988,1,62932,0,431324,759749,39,523411
2025-04-29 20:49:04,0,level_complete,2989,1,62933,0,431351,759785,30,523441
2025-04-29 20:49:05,0,level_complete,2990,1,62939,0,431456,759884,42,523578
2025-04-29 20:49:06,0,level_complete,2991,1,62946,0,431549,760125,30,523691
2025-04-29 20:49:10,0,level_complete,2992,1,62992,0,432050,760614,29,524300
2025-04-29 20:49:11,0,level_complete,2993,1,62998,0,432158,760742,30,524427
2025-04-29 20:49:11,0,level_complete,2994,1,63000,0,432199,760787,32,524476
2025-04-29 20:49:12,0,training_run_ep 63000,-,1,63001,0,432206,760795,0,524483
2025-04-29 20:49:16,0,level_complete,2995,1,63071,0,432859,761445,30,525300
2025-04-29 20:49:17,0,level_complete,2996,1,63075,0,432930,761505,38,525408
2025-04-29 20:49:17,0,level_complete,2997,1,63084,0,433053,761616,30,525564
2025-04-29 20:49:18,0,level_complete,2998,1,63086,0,433081,761639,38,525603
2025-04-29 20:49:18,0,level_complete,2999,1,63092,0,433172,761761,33,525716
2025-04-29 20:49:19,0,level_complete,3000,1,63095,0,433236,761824,32,525794
2025-04-29 20:49:20,0,level_complete,3001,1,63112,0,433425,762013,32,526028
2025-04-29 20:49:23,0,level_complete,3002,1,63149,0,433809,762477,38,526490
2025-04-29 20:49:24,0,level_complete,3003,1,63165,0,433998,762661,29,526712
2025-04-29 20:49:27,0,level_complete,3004,1,63195,0,434303,762983,32,527096
2025-04-29 20:49:28,0,level_complete,3005,1,63207,0,434504,763224,32,527337
2025-04-29 20:49:28,0,level_complete,3006,1,63208,0,434531,763251,37,527374
2025-04-29 20:49:30,0,level_complete,3007,1,63220,0,434740,763476,29,527626
2025-04-29 20:49:32,0,level_complete,3008,1,63242,0,435032,763828,30,527972
2025-04-29 20:49:34,0,level_complete,3009,1,63264,0,435246,764045,32,528231
2025-04-29 20:49:35,0,level_complete,3010,1,63274,0,435389,764196,31,528387
2025-04-29 20:49:35,0,level_complete,3011,1,63278,0,435455,764273,31,528460
2025-04-29 20:49:36,0,level_complete,3012,1,63279,0,435482,764314,30,528490
2025-04-29 20:49:36,0,level_complete,3013,1,63290,0,435587,764420,30,528622
2025-04-29 20:50:09,0,level_complete,3014,1,63313,0,435789,769095,30,528858
2025-04-29 20:50:09,0,level_complete,3015,1,63314,0,435816,769132,34,528892
2025-04-29 20:50:10,0,level_complete,3016,1,63317,0,435878,769213,32,528963
2025-04-29 20:50:12,0,level_complete,3017,1,63343,0,436203,769566,29,529367
2025-04-29 20:50:13,0,level_complete,3018,1,63351,0,436334,769693,36,529540
2025-04-29 20:50:14,0,level_complete,3019,1,63354,0,436402,769778,33,529622
2025-04-29 20:50:14,0,level_complete,3020,1,63358,0,436471,769861,33,529704
2025-04-29 20:50:15,0,level_complete,3021,1,63359,0,436498,769923,33,529737
2025-04-29 20:50:17,0,level_complete,3022,1,63390,0,436852,770267,30,530174
2025-04-29 20:50:18,0,level_complete,3023,1,63398,0,436944,770391,34,530286
2025-04-29 20:50:19,0,level_complete,3024,1,63404,0,437044,770492,34,530409
2025-04-29 20:50:20,0,level_complete,3025,1,63413,0,437175,770634,35,530563
2025-04-29 20:50:22,0,level_complete,3026,1,63445,0,437460,770915,31,530910
2025-04-29 20:50:22,0,level_complete,3027,1,63451,0,437535,770996,34,531008
2025-04-29 20:50:23,0,level_complete,3028,1,63454,0,437610,771096,35,531104
2025-04-29 20:50:24,0,level_complete,3029,1,63461,0,437735,771263,37,531251
2025-04-29 20:50:25,0,level_complete,3030,1,63470,0,437839,771381,32,531375
2025-04-29 20:50:28,0,level_complete,3031,1,63498,0,438079,771927,33,531667
2025-04-29 20:50:29,0,training_run_ep 63500,-,1,63501,0,438130,771977,0,531727
2025-04-29 20:50:29,0,level_complete,3032,1,63502,0,438157,772017,32,531759
2025-04-29 20:50:30,0,level_complete,3033,1,63503,0,438184,772067,32,531791
2025-04-29 20:50:31,0,level_complete,3034,1,63516,0,438336,772212,35,531980
2025-04-29 20:50:31,0,level_complete,3035,1,63518,0,438371,772245,36,532024
2025-04-29 20:50:31,0,level_complete,3036,1,63519,0,438398,772276,31,532055
2025-04-29 20:50:31,0,level_complete,3037,1,63520,0,438425,772313,33,532088
2025-04-29 20:50:33,0,level_complete,3038,1,63531,0,438570,772490,30,532258
2025-04-29 20:50:33,0,level_complete,3039,1,63533,0,438623,772567,31,532320
2025-04-29 20:50:34,0,level_complete,3040,1,63536,0,438687,772631,30,532396
2025-04-29 20:50:34,0,level_complete,3041,1,63538,0,438726,772676,29,532439
2025-04-29 20:50:36,0,level_complete,3042,1,63544,0,438839,772953,34,532574
2025-04-29 20:50:37,0,level_complete,3043,1,63551,0,438956,773108,32,532716
2025-04-29 20:50:37,0,level_complete,3044,1,63555,0,439035,773203,35,532821
2025-04-29 20:50:49,0,level_complete,3045,1,63558,0,439087,774865,30,532879
2025-04-29 20:50:50,0,level_complete,3046,1,63559,0,439114,774897,29,532908
2025-04-29 20:50:50,0,level_complete,3047,1,63560,0,439141,774930,33,532941
2025-04-29 20:50:50,0,level_complete,3048,1,63561,0,439168,774983,30,532971
2025-04-29 20:50:50,0,level_complete,3049,1,63562,0,439195,775025,33,533004
2025-04-29 20:50:51,0,level_complete,3050,1,63563,0,439222,775077,34,533038
2025-04-29 20:50:51,0,level_complete,3051,1,63572,0,439299,775153,34,533129
2025-04-29 20:50:52,0,level_complete,3052,1,63574,0,439327,775186,36,533166
2025-04-29 20:50:52,0,level_complete,3053,1,63575,0,439354,775221,37,533203
2025-04-29 20:50:52,0,level_complete,3054,1,63578,0,439408,775291,32,533266
2025-04-29 20:50:52,0,level_complete,3055,1,63579,0,439435,775322,36,533302
2025-04-29 20:50:53,0,level_complete,3056,1,63581,0,439465,775365,31,533336
2025-04-29 20:50:53,0,level_complete,3057,1,63585,0,439528,775437,33,533410
2025-04-29 20:50:53,0,level_complete,3058,1,63586,0,439555,775466,40,533450
2025-04-29 20:50:54,0,level_complete,3059,1,63588,0,439600,775512,30,533505
2025-04-29 20:50:55,0,level_complete,3060,1,63596,0,439688,775626,34,533607
2025-04-29 20:50:55,0,level_complete,3061,1,63602,0,439792,775754,33,533730
2025-04-29 20:50:56,0,level_complete,3062,1,63604,0,439844,775837,31,533792
2025-04-29 20:50:56,0,level_complete,3063,1,63607,0,439892,775900,30,533845
2025-04-29 20:50:57,0,level_complete,3064,1,63609,0,439933,775935,32,533901
2025-04-29 20:50:57,0,level_complete,3065,1,63613,0,440010,776039,30,533992
2025-04-29 20:50:58,0,level_complete,3066,1,63615,0,440047,776107,33,534036
2025-04-29 20:50:58,0,level_complete,3067,1,63616,0,440074,776139,31,534067
2025-04-29 20:50:58,0,level_complete,3068,1,63619,0,440127,776211,30,534126
2025-04-29 20:50:59,0,level_complete,3069,1,63623,0,440206,776310,30,534215
2025-04-29 20:51:37,0,level_complete,3070,1,63628,0,440290,782209,33,534315
2025-04-29 20:51:37,0,level_complete,3071,1,63629,0,440317,782234,30,534345
2025-04-29 20:51:37,0,level_complete,3072,1,63632,0,440371,782293,36,534415
2025-04-29 20:51:38,0,level_complete,3073,1,63636,0,440451,782395,27,534504
2025-04-29 20:51:38,0,level_complete,3074,1,63637,0,440478,782433,29,534533
2025-04-29 20:51:39,0,level_complete,3075,1,63640,0,440517,782472,33,534579
2025-04-29 20:51:39,0,level_complete,3076,1,63642,0,440549,782507,30,534614
2025-04-29 20:51:39,0,level_complete,3077,1,63644,0,440594,782552,36,534673
2025-04-29 20:51:40,0,level_complete,3078,1,63646,0,440647,782667,29,534731
2025-04-29 20:51:40,0,level_complete,3079,1,63648,0,440700,782727,34,534797
2025-04-29 20:51:41,0,level_complete,3080,1,63649,0,440727,782774,28,534825
2025-04-29 20:51:41,0,level_complete,3081,1,63652,0,440794,782862,31,534905
2025-04-29 20:51:42,0,level_complete,3082,1,63658,0,440911,782995,35,535053
2025-04-29 20:51:42,0,level_complete,3083,1,63660,0,440947,783045,30,535093
2025-04-29 20:51:43,0,level_complete,3084,1,63661,0,440974,783084,35,535128
2025-04-29 20:51:43,0,level_complete,3085,1,63662,0,441001,783110,36,535164
2025-04-29 20:51:43,0,level_complete,3086,1,63663,0,441028,783135,31,535195
2025-04-29 20:51:43,0,level_complete,3087,1,63666,0,441089,783206,30,535268
2025-04-29 20:51:44,0,level_complete,3088,1,63667,0,441116,783239,39,535307
2025-04-29 20:51:44,0,level_complete,3089,1,63668,0,441143,783267,34,535341
2025-04-29 20:51:44,0,level_complete,3090,1,63670,0,441196,783340,31,535400
2025-04-29 20:51:45,0,level_complete,3091,1,63671,0,441223,783380,33,535433
2025-04-29 20:51:45,0,level_complete,3092,1,63673,0,441265,783441,30,535481
2025-04-29 20:51:45,0,level_complete,3093,1,63674,0,441292,783472,33,535514
2025-04-29 20:51:46,0,level_complete,3094,1,63676,0,441345,783597,35,535580
2025-04-29 20:51:46,0,level_complete,3095,1,63677,0,441372,783641,30,535610
2025-04-29 20:51:47,0,level_complete,3096,1,63680,0,441416,783678,40,535674
2025-04-29 20:51:47,0,level_complete,3097,1,63685,0,441480,783749,34,535754
2025-04-29 20:51:48,0,level_complete,3098,1,63694,0,441589,783860,33,535883
2025-04-29 20:51:48,0,level_complete,3099,1,63696,0,441634,783927,30,535939
2025-04-29 20:51:49,0,level_complete,3100,1,63697,0,441661,783970,32,535971
2025-04-29 20:51:49,0,level_complete,3101,1,63698,0,441688,784024,32,536003
2025-04-29 20:51:50,0,level_complete,3102,1,63700,0,441740,784119,28,536062
2025-04-29 20:51:50,0,level_complete,3103,1,63701,0,441767,784153,41,536103
2025-04-29 20:51:50,0,level_complete,3104,1,63704,0,441809,784194,29,536149
2025-04-29 20:51:50,0,level_complete,3105,1,63705,0,441836,784225,49,536198
2025-04-29 20:51:51,0,level_complete,3106,1,63706,0,441863,784262,36,536234
2025-04-29 20:51:51,0,level_complete,3107,1,63707,0,441890,784309,32,536266
2025-04-29 20:51:51,0,level_complete,3108,1,63709,0,441924,784353,31,536305
2025-04-29 20:51:52,0,level_complete,3109,1,63710,0,441951,784386,28,536333
2025-04-29 20:51:52,0,level_complete,3110,1,63713,0,442015,784465,31,536414
2025-04-29 20:51:53,0,level_complete,3111,1,63716,0,442076,784549,33,536507
2025-04-29 20:51:53,0,level_complete,3112,1,63724,0,442183,784661,32,536649
2025-04-29 20:51:54,0,level_complete,3113,1,63725,0,442210,784709,34,536683
2025-04-29 20:51:55,0,level_complete,3114,1,63730,0,442313,784842,37,536809
2025-04-29 20:51:55,0,level_complete,3115,1,63736,0,442423,784955,31,536950
2025-04-29 20:51:56,0,level_complete,3116,1,63739,0,442463,784996,32,536998
2025-04-29 20:51:56,0,level_complete,3117,1,63744,0,442507,785047,30,537045
2025-04-29 20:51:57,0,level_complete,3118,1,63750,0,442626,785197,38,537191
2025-04-29 20:51:58,0,level_complete,3119,1,63756,0,442724,785314,30,537296
2025-04-29 20:51:58,0,level_complete,3120,1,63757,0,442751,785341,29,537325
2025-04-29 20:51:58,0,level_complete,3121,1,63760,0,442798,785403,29,537378
2025-04-29 20:51:59,0,level_complete,3122,1,63761,0,442825,785432,31,537409
2025-04-29 20:51:59,0,level_complete,3123,1,63763,0,442874,785500,39,537485
2025-04-29 20:51:59,0,level_complete,3124,1,63764,0,442901,785528,35,537520
2025-04-29 20:52:00,0,level_complete,3125,1,63766,0,442947,785589,31,537570
2025-04-29 20:52:01,0,level_complete,3126,1,63771,0,443039,785777,33,537674
2025-04-29 20:52:01,0,level_complete,3127,1,63772,0,443066,785811,29,537703
2025-04-29 20:52:02,0,level_complete,3128,1,63775,0,443130,785908,44,537791
2025-04-29 20:52:02,0,level_complete,3129,1,63777,0,443182,785974,29,537848
2025-04-29 20:52:02,0,level_complete,3130,1,63779,0,443215,786005,31,537886
2025-04-29 20:52:03,0,level_complete,3131,1,63782,0,443250,786044,30,537924
2025-04-29 20:52:03,0,level_complete,3132,1,63783,0,443277,786093,34,537958
2025-04-29 20:52:03,0,level_complete,3133,1,63784,0,443304,786120,32,537990
2025-04-29 20:52:04,0,level_complete,3134,1,63786,0,443352,786190,35,538048
2025-04-29 20:52:04,0,level_complete,3135,1,63787,0,443379,786222,31,538079
2025-04-29 20:52:04,0,level_complete,3136,1,63788,0,443406,786259,35,538114
2025-04-29 20:52:05,0,level_complete,3137,1,63790,0,443451,786315,35,538169
2025-04-29 20:52:06,0,level_complete,3138,1,63800,0,443618,786488,32,538375
2025-04-29 20:52:06,0,level_complete,3139,1,63805,0,443700,786586,36,538476
2025-04-29 20:52:07,0,level_complete,3140,1,63808,0,443742,786624,47,538547
2025-04-29 20:52:10,0,level_complete,3141,1,63814,0,443824,787107,28,538656
2025-04-29 20:52:11,0,level_complete,3142,1,63822,0,443946,787232,30,538816
2025-04-29 20:52:11,0,level_complete,3143,1,63827,0,444011,787307,34,538892
2025-04-29 20:52:11,0,level_complete,3144,1,63828,0,444038,787335,35,538927
2025-04-29 20:52:14,0,level_complete,3145,1,63830,0,444071,787687,30,538963
2025-04-29 20:52:15,0,level_complete,3146,1,63831,0,444098,787787,31,538994
2025-04-29 20:52:15,0,level_complete,3147,1,63833,0,444133,787824,35,539038
2025-04-29 20:52:15,0,level_complete,3148,1,63835,0,444184,787892,33,539102
2025-04-29 20:52:16,0,level_complete,3149,1,63844,0,444317,788024,32,539256
2025-04-29 20:52:17,0,level_complete,3150,1,63847,0,444374,788087,37,539328
2025-04-29 20:52:17,0,level_complete,3151,1,63852,0,444442,788161,31,539405
2025-04-29 20:52:18,0,level_complete,3152,1,63853,0,444469,788234,30,539435
2025-04-29 20:52:19,0,level_complete,3153,1,63860,0,444617,788424,30,539610
2025-04-29 20:52:19,0,level_complete,3154,1,63862,0,444647,788465,32,539645
2025-04-29 20:52:20,0,level_complete,3155,1,63865,0,444705,788535,34,539714
2025-04-29 20:52:21,0,level_complete,3156,1,63867,0,444752,788779,29,539764
2025-04-29 20:52:21,0,level_complete,3157,1,63869,0,444787,788822,32,539804
2025-04-29 20:52:22,0,level_complete,3158,1,63871,0,444840,788890,33,539868
2025-04-29 20:52:22,0,level_complete,3159,1,63873,0,444870,788925,30,539902
2025-04-29 20:52:23,0,level_complete,3160,1,63879,0,444955,789022,33,540010
2025-04-29 20:52:24,0,level_complete,3161,1,63893,0,445180,789252,44,540330
2025-04-29 20:52:25,0,level_complete,3162,1,63895,0,445212,789292,29,540364
2025-04-29 20:52:25,0,level_complete,3163,1,63896,0,445239,789328,33,540397
2025-04-29 20:52:26,0,level_complete,3164,1,63906,0,445391,789529,28,540574
2025-04-29 20:52:27,0,level_complete,3165,1,63915,0,445521,789658,38,540735
2025-04-29 20:52:27,0,level_complete,3166,1,63919,0,445577,789714,32,540800
2025-04-29 20:52:29,0,level_complete,3167,1,63928,0,445707,789892,31,540961
2025-04-29 20:52:29,0,level_complete,3168,1,63929,0,445734,789945,33,540994
2025-04-29 20:52:30,0,level_complete,3169,1,63931,0,445787,790051,32,541059
2025-04-29 20:52:30,0,level_complete,3170,1,63941,0,445890,790148,43,541207
2025-04-29 20:52:31,0,level_complete,3171,1,63945,0,445943,790198,36,541274
2025-04-29 20:52:31,0,level_complete,3172,1,63948,0,445998,790252,38,541346
2025-04-29 20:52:33,0,level_complete,3173,1,63964,0,446224,790471,30,541637
2025-04-29 20:52:33,0,level_complete,3174,1,63969,0,446324,790576,35,541763
2025-04-29 20:52:34,0,level_complete,3175,1,63978,0,446438,790714,34,541897
2025-04-29 20:52:35,0,level_complete,3176,1,63981,0,446498,790815,28,541967
2025-04-29 20:52:35,0,level_complete,3177,1,63982,0,446525,790865,40,542007
2025-04-29 20:52:36,0,level_complete,3178,1,63986,0,446593,790966,30,542084
2025-04-29 20:52:57,0,level_complete,3179,1,63992,0,446703,794080,36,542222
2025-04-29 20:52:58,0,level_complete,3180,1,63994,0,446742,794143,28,542264
2025-04-29 20:52:58,0,level_complete,3181,1,63996,0,446795,794220,30,542321
2025-04-29 20:52:59,0,level_complete,3182,1,63997,0,446822,794265,28,542349
2025-04-29 20:52:59,0,level_complete,3183,1,63998,0,446849,794298,31,542380
2025-04-29 20:52:59,0,training_run_ep 64000,-,1,64001,0,446880,794326,0,542418
2025-04-29 20:53:02,0,level_complete,3184,1,64022,0,447211,794733,32,542823
2025-04-29 20:53:02,0,level_complete,3185,1,64024,0,447243,794778,28,542856
2025-04-29 20:53:03,0,level_complete,3186,1,64026,0,447296,794899,30,542919
2025-04-29 20:53:08,0,level_complete,3187,1,64035,0,447394,795630,39,543038
2025-04-29 20:53:09,0,level_complete,3188,1,64037,0,447431,795682,29,543079
2025-04-29 20:53:09,0,level_complete,3189,1,64040,0,447494,795765,29,543150
2025-04-29 20:53:09,0,level_complete,3190,1,64042,0,447533,795804,32,543199
2025-04-29 20:53:10,0,level_complete,3191,1,64046,0,447594,795852,45,543287
2025-04-29 20:53:10,0,level_complete,3192,1,64047,0,447621,795899,32,543319
2025-04-29 20:53:10,0,level_complete,3193,1,64048,0,447648,795933,33,543352
2025-04-29 20:53:12,0,level_complete,3194,1,64066,0,447942,796249,34,543712
2025-04-29 20:53:13,0,level_complete,3195,1,64069,0,447990,796296,41,543776
2025-04-29 20:53:13,0,level_complete,3196,1,64072,0,448054,796372,37,543857
2025-04-29 20:53:13,0,level_complete,3197,1,64073,0,448081,796406,27,543884
2025-04-29 20:53:14,0,level_complete,3198,1,64076,0,448145,796464,34,543968
2025-04-29 20:53:14,0,level_complete,3199,1,64077,0,448172,796513,29,543997
2025-04-29 20:53:15,0,level_complete,3200,1,64083,0,448271,796631,29,544119
2025-04-29 20:53:15,0,level_complete,3201,1,64085,0,448306,796675,29,544163
2025-04-29 20:53:16,0,level_complete,3202,1,64093,0,448425,796812,33,544300
2025-04-29 20:53:16,0,level_complete,3203,1,64096,0,448490,796877,32,544397
2025-04-29 20:53:17,0,level_complete,3204,1,64097,0,448517,796913,35,544432
2025-04-29 20:53:17,0,level_complete,3205,1,64100,0,448556,796964,32,544476
2025-04-29 20:53:19,0,level_complete,3206,1,64123,0,448806,797227,29,544778
2025-04-29 20:53:19,0,level_complete,3207,1,64126,0,448841,797270,50,544837
2025-04-29 20:53:20,0,level_complete,3208,1,64129,0,448900,797333,39,544917
2025-04-29 20:53:20,0,level_complete,3209,1,64130,0,448927,797363,31,544948
2025-04-29 20:53:21,0,level_complete,3210,1,64136,0,449027,797506,30,545057
2025-04-29 20:53:21,0,level_complete,3211,1,64139,0,449092,797598,33,545134
2025-04-29 20:53:22,0,level_complete,3212,1,64141,0,449126,797635,36,545178
2025-04-29 20:53:26,0,level_complete,3213,1,64148,0,449236,798318,35,545314
2025-04-29 20:53:26,0,level_complete,3214,1,64149,0,449263,798350,35,545349
2025-04-29 20:53:27,0,level_complete,3215,1,64158,0,449400,798510,33,545526
2025-04-29 20:53:28,0,level_complete,3216,1,64163,0,449478,798579,31,545631
2025-04-29 20:53:29,0,level_complete,3217,1,64182,0,449701,798821,30,545902
2025-04-29 20:53:30,0,level_complete,3218,1,64183,0,449728,798871,33,545935
2025-04-29 20:53:30,0,level_complete,3219,1,64184,0,449755,798919,29,545964
2025-04-29 20:53:30,0,level_complete,3220,1,64187,0,449819,798980,39,546053
2025-04-29 20:53:31,0,level_complete,3221,1,64189,0,449859,799022,34,546101
2025-04-29 20:53:31,0,level_complete,3222,1,64191,0,449902,799080,32,546151
2025-04-29 20:53:32,0,level_complete,3223,1,64193,0,449955,799163,32,546215
2025-04-29 20:53:32,0,level_complete,3224,1,64194,0,449982,799211,28,546243
2025-04-29 20:54:54,0,level_complete,3225,1,64199,0,450069,812786,30,546348
2025-04-29 20:55:00,0,level_complete,3226,1,64211,0,450242,813625,36,546568
2025-04-29 20:55:00,0,level_complete,3227,1,64212,0,450269,813647,37,546605
2025-04-29 20:55:00,0,level_complete,3228,1,64217,0,450332,813722,31,546675
2025-04-29 20:55:01,0,level_complete,3229,1,64222,0,450430,813850,36,546794
2025-04-29 20:55:01,0,level_complete,3230,1,64224,0,450458,813877,51,546846
2025-04-29 20:55:02,0,level_complete,3231,1,64225,0,450485,813919,28,546874
2025-04-29 20:55:03,0,level_complete,3232,1,64229,0,450586,814071,30,546994
2025-04-29 20:55:03,0,level_complete,3233,1,64231,0,450638,814163,29,547050
2025-04-29 20:55:04,0,level_complete,3234,1,64241,0,450786,814323,29,547222
2025-04-29 20:55:05,0,level_complete,3235,1,64242,0,450813,814374,30,547252
2025-04-29 20:55:05,0,level_complete,3236,1,64244,0,450847,814407,34,547295
2025-04-29 20:55:06,0,level_complete,3237,1,64249,0,450939,814523,31,547397
2025-04-29 20:55:06,0,level_complete,3238,1,64251,0,450983,814559,31,547463
2025-04-29 20:55:07,0,level_complete,3239,1,64257,0,451098,814692,32,547595
2025-04-29 20:55:07,0,level_complete,3240,1,64258,0,451125,814731,33,547628
2025-04-29 20:55:07,0,level_complete,3241,1,64259,0,451152,814761,34,547662
2025-04-29 20:55:08,0,level_complete,3242,1,64263,0,451211,814835,29,547728
2025-04-29 20:55:09,0,level_complete,3243,1,64272,0,451313,814983,34,547849
2025-04-29 20:55:09,0,level_complete,3244,1,64274,0,451361,815041,32,547907
2025-04-29 20:55:09,0,level_complete,3245,1,64276,0,451413,815094,30,547968
2025-04-29 20:55:11,0,level_complete,3246,1,64288,0,451568,815270,33,548151
2025-04-29 20:55:11,0,level_complete,3247,1,64296,0,451648,815343,32,548248
2025-04-29 20:55:12,0,level_complete,3248,1,64301,0,451721,815426,35,548347
2025-04-29 20:55:12,0,level_complete,3249,1,64303,0,451748,815470,30,548377
2025-04-29 20:55:14,0,level_complete,3250,1,64316,0,451939,815773,52,548618
2025-04-29 20:55:16,0,level_complete,3251,1,64333,0,452161,816060,34,548891
2025-04-29 20:55:51,0,level_complete,3252,1,64357,0,452390,821633,31,549155
2025-04-29 20:55:52,0,level_complete,3253,1,64361,0,452450,821705,40,549231
2025-04-29 20:55:52,0,level_complete,3254,1,64362,0,452477,821728,37,549268
2025-04-29 20:55:53,0,level_complete,3255,1,64369,0,452596,821857,29,549407
2025-04-29 20:55:54,0,level_complete,3256,1,64381,0,452746,821997,30,549577
2025-04-29 20:55:54,0,level_complete,3257,1,64395,0,452882,822116,36,549750
2025-04-29 20:55:55,0,level_complete,3258,1,64401,0,452926,822198,33,549806
2025-04-29 20:55:56,0,level_complete,3259,1,64414,0,453056,822320,36,549962
2025-04-29 20:55:56,0,level_complete,3260,1,64419,0,453128,822394,38,550052
2025-04-29 20:55:58,0,level_complete,3261,1,64432,0,453291,822582,35,550249
2025-04-29 20:55:58,0,level_complete,3262,1,64439,0,453374,822699,37,550352
2025-04-29 20:55:59,0,level_complete,3263,1,64440,0,453401,822738,32,550384
2025-04-29 20:55:59,0,level_complete,3264,1,64447,0,453490,822825,37,550514
2025-04-29 20:56:00,0,level_complete,3265,1,64449,0,453526,822868,32,550555
2025-04-29 20:56:00,0,level_complete,3266,1,64451,0,453567,822922,32,550602
2025-04-29 20:56:02,0,level_complete,3267,1,64465,0,453754,823171,31,550833
2025-04-29 20:56:02,0,level_complete,3268,1,64467,0,453801,823239,30,550887
2025-04-29 20:56:02,0,level_complete,3269,1,64468,0,453828,823270,35,550922
2025-04-29 20:56:03,0,level_complete,3270,1,64472,0,453915,823379,35,551027
2025-04-29 20:56:04,0,level_complete,3271,1,64474,0,453960,823435,33,551081
2025-04-29 20:56:04,0,level_complete,3272,1,64475,0,453987,823490,32,551113
2025-04-29 20:56:05,0,level_complete,3273,1,64485,0,454156,823693,28,551319
2025-04-29 20:56:07,0,training_run_ep 64500,-,1,64501,0,454294,823824,0,551490
2025-04-29 20:56:08,0,level_complete,3274,1,64511,0,454436,823990,49,551679
2025-04-29 20:56:10,0,level_complete,3275,1,64527,0,454707,824269,34,552023
2025-04-29 20:56:10,0,level_complete,3276,1,64530,0,454745,824316,30,552065
2025-04-29 20:56:12,0,level_complete,3277,1,64551,0,455009,824615,29,552386
2025-04-29 20:56:14,0,level_complete,3278,1,64578,0,455332,824966,35,552766
2025-04-29 20:56:15,0,level_complete,3279,1,64583,0,455369,825014,32,552809
2025-04-29 20:56:15,0,level_complete,3280,1,64587,0,455424,825098,31,552872
2025-04-29 20:56:16,0,level_complete,3281,1,64595,0,455567,825265,32,553050
2025-04-29 20:56:17,0,level_complete,3282,1,64599,0,455634,825358,33,553136
2025-04-29 20:56:18,0,level_complete,3283,1,64604,0,455739,825483,29,553267
2025-04-29 20:56:18,0,level_complete,3284,1,64606,0,455774,825515,30,553309
2025-04-29 20:56:19,0,level_complete,3285,1,64611,0,455831,825581,30,553376
2025-04-29 20:56:19,0,level_complete,3286,1,64612,0,455858,825611,29,553405
2025-04-29 20:56:19,0,level_complete,3287,1,64613,0,455885,825642,30,553435
2025-04-29 20:56:19,0,level_complete,3288,1,64614,0,455912,825675,28,553463
2025-04-29 20:56:20,0,level_complete,3289,1,64618,0,455978,825755,30,553543
2025-04-29 20:56:20,0,level_complete,3290,1,64619,0,456005,825807,29,553572
2025-04-29 20:56:20,0,level_complete,3291,1,64620,0,456032,825850,28,553600
2025-04-29 20:56:21,0,level_complete,3292,1,64626,0,456123,825944,29,553701
2025-04-29 20:56:22,0,level_complete,3293,1,64633,0,456264,826109,37,553875
2025-04-29 20:56:23,0,level_complete,3294,1,64638,0,456329,826196,36,553958
2025-04-29 20:56:23,0,level_complete,3295,1,64640,0,456382,826286,27,554017
2025-04-29 20:56:24,0,level_complete,3296,1,64641,0,456409,826423,42,554059
2025-04-29 20:56:24,0,level_complete,3297,1,64643,0,456449,826462,30,554106
2025-04-29 20:56:25,0,level_complete,3298,1,64646,0,456482,826495,43,554155
2025-04-29 20:56:25,0,level_complete,3299,1,64647,0,456509,826539,40,554195
2025-04-29 20:56:25,0,level_complete,3300,1,64648,0,456536,826587,33,554228
2025-04-29 20:56:26,0,level_complete,3301,1,64649,0,456563,826616,35,554263
2025-04-29 20:56:26,0,level_complete,3302,1,64651,0,456596,826654,28,554298
2025-04-29 20:57:06,0,level_complete,3303,1,64668,0,456800,832605,31,554563
2025-04-29 20:57:07,0,level_complete,3304,1,64673,0,456885,832693,29,554670
2025-04-29 20:57:07,0,level_complete,3305,1,64674,0,456912,832743,39,554709
2025-04-29 20:57:08,0,level_complete,3306,1,64677,0,456976,832827,43,554798
2025-04-29 20:57:08,0,level_complete,3307,1,64679,0,457016,832866,33,554844
2025-04-29 20:57:09,0,level_complete,3308,1,64686,0,457120,832971,33,554986
2025-04-29 20:57:09,0,level_complete,3309,1,64689,0,457161,833001,44,555053
2025-04-29 20:57:10,0,level_complete,3310,1,64692,0,457215,833100,31,555113
2025-04-29 20:57:10,0,level_complete,3311,1,64694,0,457268,833198,29,555173
2025-04-29 20:57:11,0,level_complete,3312,1,64697,0,457315,833253,30,555234
2025-04-29 20:57:11,0,level_complete,3313,1,64700,0,457388,833336,28,555320
2025-04-29 20:57:12,0,level_complete,3314,1,64703,0,457439,833390,37,555384
2025-04-29 20:57:12,0,level_complete,3315,1,64706,0,457489,833440,29,555442
2025-04-29 20:57:13,0,level_complete,3316,1,64711,0,457572,833538,31,555549
2025-04-29 20:57:13,0,level_complete,3317,1,64713,0,457603,833581,32,555585
2025-04-29 20:57:14,0,level_complete,3318,1,64721,0,457734,833708,32,555756
2025-04-29 20:57:14,0,level_complete,3319,1,64722,0,457761,833737,34,555790
2025-04-29 20:57:14,0,level_complete,3320,1,64725,0,457808,833796,34,555853
2025-04-29 20:57:15,0,level_complete,3321,1,64730,0,457890,833906,31,555957
2025-04-29 20:57:15,0,level_complete,3322,1,64731,0,457917,833938,28,555985
2025-04-29 20:57:16,0,level_complete,3323,1,64739,0,458048,834075,33,556142
2025-04-29 20:57:16,0,level_complete,3324,1,64742,0,458081,834112,30,556178
2025-04-29 20:57:18,0,level_complete,3325,1,64766,0,458322,834415,30,556467
2025-04-29 20:57:21,0,level_complete,3326,1,64792,0,458676,834816,35,556911
2025-04-29 20:57:21,0,level_complete,3327,1,64793,0,458703,834852,34,556945
2025-04-29 20:57:22,0,level_complete,3328,1,64794,0,458730,834877,35,556980
2025-04-29 20:57:23,0,level_complete,3329,1,64804,0,458877,835011,40,557169
2025-04-29 20:57:23,0,level_complete,3330,1,64806,0,458930,835097,31,557229
2025-04-29 20:57:23,0,level_complete,3331,1,64807,0,458957,835151,32,557261
2025-04-29 20:57:24,0,level_complete,3332,1,64812,0,459041,835296,32,557368
2025-04-29 20:57:25,0,level_complete,3333,1,64818,0,459129,835383,33,557473
2025-04-29 20:57:25,0,level_complete,3334,1,64819,0,459156,835454,31,557504
2025-04-29 20:57:26,0,level_complete,3335,1,64825,0,459242,835572,31,557608
2025-04-29 20:57:27,0,level_complete,3336,1,64827,0,459294,835633,38,557674
2025-04-29 20:57:27,0,level_complete,3337,1,64829,0,459331,835689,32,557720
2025-04-29 20:57:27,0,level_complete,3338,1,64831,0,459384,835763,35,557785
2025-04-29 20:57:28,0,level_complete,3339,1,64833,0,459433,835829,30,557843
2025-04-29 20:57:29,0,level_complete,3340,1,64839,0,459511,835923,33,557934
2025-04-29 20:57:29,0,level_complete,3341,1,64842,0,459562,835996,33,557993
2025-04-29 20:57:30,0,level_complete,3342,1,64848,0,459633,836094,31,558073
2025-04-29 20:57:30,0,level_complete,3343,1,64850,0,459678,836154,33,558127
2025-04-29 20:57:30,0,level_complete,3344,1,64852,0,459709,836189,30,558164
2025-04-29 20:57:32,0,level_complete,3345,1,64865,0,459871,836386,30,558348
2025-04-29 20:57:33,0,level_complete,3346,1,64878,0,459992,836505,31,558489
2025-04-29 20:57:33,0,level_complete,3347,1,64879,0,460019,836534,28,558517
2025-04-29 20:57:33,0,level_complete,3348,1,64882,0,460065,836599,31,558568
2025-04-29 20:57:34,0,level_complete,3349,1,64889,0,460126,836663,32,558639
2025-04-29 20:57:34,0,level_complete,3350,1,64891,0,460155,836701,38,558679
2025-04-29 20:57:34,0,level_complete,3351,1,64895,0,460198,836744,31,558730
2025-04-29 20:57:35,0,level_complete,3352,1,64897,0,460243,836800,29,558780
2025-04-29 20:57:35,0,level_complete,3353,1,64898,0,460270,836856,34,558814
2025-04-29 20:57:35,0,level_complete,3354,1,64899,0,460297,836910,42,558856
2025-04-29 20:57:36,0,level_complete,3355,1,64903,0,460354,836974,36,558925
2025-04-29 20:57:36,0,level_complete,3356,1,64905,0,460382,837021,38,558964
2025-04-29 20:57:37,0,level_complete,3357,1,64911,0,460438,837088,29,559025
2025-04-29 20:57:37,0,level_complete,3358,1,64913,0,460489,837161,37,559090
2025-04-29 20:57:37,0,level_complete,3359,1,64917,0,460554,837236,36,559176
2025-04-29 20:57:38,0,level_complete,3360,1,64923,0,460658,837340,31,559314
2025-04-29 20:57:38,0,level_complete,3361,1,64924,0,460685,837369,36,559350
2025-04-29 20:57:39,0,level_complete,3362,1,64927,0,460727,837414,33,559402
2025-04-29 20:57:40,0,level_complete,3363,1,64942,0,460840,837531,31,559538
2025-04-29 20:57:41,0,level_complete,3364,1,64956,0,460985,837701,29,559709
2025-04-29 20:57:41,0,level_complete,3365,1,64961,0,461060,837785,28,559796
2025-04-29 20:57:44,0,level_complete,3366,1,64994,0,461359,838181,30,560164
2025-04-29 20:57:45,0,training_run_ep 65000,-,1,65001,0,461408,838229,0,560226
2025-04-29 20:57:45,0,level_complete,3367,1,65009,0,461480,838319,33,560318
2025-04-29 20:57:47,0,level_complete,3368,1,65056,0,461737,838567,31,560617
2025-04-29 20:57:48,0,level_complete,3369,1,65063,0,461826,838663,32,560737
2025-04-29 20:57:49,0,level_complete,3370,1,65085,0,461995,838820,33,560948
2025-04-29 20:57:51,0,level_complete,3371,1,65103,0,462247,839089,30,561242
2025-04-29 20:57:52,0,level_complete,3372,1,65113,0,462377,839234,34,561398
2025-04-29 20:57:54,0,level_complete,3373,1,65160,0,462727,839561,34,561827
2025-04-29 20:57:57,0,level_complete,3374,1,65192,0,463035,839921,31,562190
2025-04-29 20:57:58,0,level_complete,3375,1,65210,0,463189,840090,38,562377
2025-04-29 20:57:59,0,level_complete,3376,1,65218,0,463277,840192,35,562491
2025-04-29 20:57:59,0,level_complete,3377,1,65226,0,463388,840318,32,562631
2025-04-29 20:58:00,0,level_complete,3378,1,65230,0,463463,840413,38,562726
2025-04-29 20:58:01,0,level_complete,3379,1,65245,0,463638,840603,34,562936
2025-04-29 20:58:02,0,level_complete,3380,1,65250,0,463671,840631,38,562980
2025-04-29 20:58:04,0,level_complete,3381,1,65290,0,463982,841016,38,563390
2025-04-29 20:58:05,0,level_complete,3382,1,65299,0,464074,841110,30,563503
2025-04-29 20:58:07,0,level_complete,3383,1,65333,0,464407,841415,33,563952
2025-04-29 20:58:08,0,level_complete,3384,1,65336,0,464468,841487,32,564021
2025-04-29 20:58:09,0,level_complete,3385,1,65361,0,464707,841721,29,564309
2025-04-29 20:58:09,0,level_complete,3386,1,65363,0,464735,841748,34,564344
2025-04-29 20:58:15,0,level_complete,3387,1,65453,0,465600,842567,38,565456
2025-04-29 20:58:17,0,level_complete,3388,1,65469,0,465793,842804,34,565681
2025-04-29 20:58:19,0,level_complete,3389,1,65486,0,466043,843107,34,565990
2025-04-29 20:58:19,0,level_complete,3390,1,65489,0,466085,843151,31,566044
2025-04-29 20:58:20,0,level_complete,3391,1,65494,0,466160,843230,35,566138
2025-04-29 20:58:21,0,training_run_ep 65500,-,1,65501,0,466241,843307,0,566235
2025-04-29 20:58:21,0,level_complete,3392,1,65507,0,466332,843397,33,566348
2025-04-29 20:58:22,0,level_complete,3393,1,65524,0,466509,843566,31,566554
2025-04-29 20:58:25,0,level_complete,3394,1,65576,0,466831,843878,29,566932
2025-04-29 20:58:25,0,level_complete,3395,1,65580,0,466864,843924,34,566972
2025-04-29 20:58:25,0,level_complete,3396,1,65583,0,466902,843970,32,567016
2025-04-29 20:58:26,0,level_complete,3397,1,65584,0,466929,844023,32,567048
2025-04-29 20:58:26,0,level_complete,3398,1,65586,0,466978,844078,35,567108
2025-04-29 20:58:26,0,level_complete,3399,1,65587,0,467005,844122,33,567141
2025-04-29 20:58:27,0,level_complete,3400,1,65588,0,467032,844155,31,567172
2025-04-29 20:58:27,0,level_complete,3401,1,65589,0,467059,844183,32,567204
2025-04-29 20:58:28,0,level_complete,3402,1,65595,0,467169,844318,37,567338
2025-04-29 20:58:28,0,level_complete,3403,1,65597,0,467217,844373,32,567398
2025-04-29 20:58:28,0,level_complete,3404,1,65599,0,467246,844408,29,567429
2025-04-29 20:58:29,0,level_complete,3405,1,65602,0,467316,844507,35,567530
2025-04-29 20:58:29,0,level_complete,3406,1,65604,0,467359,844569,29,567578
2025-04-29 20:59:22,0,level_complete,3407,1,65665,0,467932,852407,31,568287
2025-04-29 20:59:23,0,level_complete,3408,1,65682,0,468113,852598,29,568503
2025-04-29 20:59:24,0,level_complete,3409,1,65683,0,468140,852635,30,568533
2025-04-29 20:59:24,0,level_complete,3410,1,65686,0,468201,852703,33,568606
2025-04-29 20:59:24,0,level_complete,3411,1,65688,0,468231,852736,34,568644
2025-04-29 20:59:25,0,level_complete,3412,1,65691,0,468274,852848,29,568690
2025-04-29 20:59:26,0,level_complete,3413,1,65700,0,468426,853025,33,568868
2025-04-29 20:59:27,0,level_complete,3414,1,65704,0,468502,853116,39,568960
2025-04-29 20:59:28,0,level_complete,3415,1,65712,0,468642,853263,30,569130
2025-04-29 20:59:29,0,level_complete,3416,1,65718,0,468729,853362,29,569234
2025-04-29 20:59:30,0,level_complete,3417,1,65725,0,468840,853504,31,569363
2025-04-29 20:59:30,0,level_complete,3418,1,65726,0,468867,853549,31,569394
2025-04-29 20:59:30,0,level_complete,3419,1,65731,0,468934,853607,36,569480
2025-04-29 20:59:30,0,level_complete,3420,1,65732,0,468961,853629,40,569520
2025-04-29 20:59:33,0,level_complete,3421,1,65772,0,469321,853977,33,569954
2025-04-29 20:59:33,0,level_complete,3422,1,65781,0,469409,854065,35,570061
2025-04-29 20:59:34,0,level_complete,3423,1,65786,0,469456,854114,35,570119
2025-04-29 20:59:34,0,level_complete,3424,1,65788,0,469496,854162,34,570172
2025-04-29 20:59:35,0,level_complete,3425,1,65794,0,469593,854265,35,570292
2025-04-29 20:59:36,0,level_complete,3426,1,65807,0,469760,854439,37,570510
2025-04-29 20:59:37,0,level_complete,3427,1,65821,0,469896,854569,46,570685
2025-04-29 20:59:38,0,level_complete,3428,1,65827,0,469974,854665,36,570783
2025-04-29 20:59:38,0,level_complete,3429,1,65832,0,470040,854726,33,570858
2025-04-29 20:59:39,0,level_complete,3430,1,65835,0,470104,854815,29,570929
2025-04-29 20:59:39,0,level_complete,3431,1,65836,0,470131,854874,30,570959
2025-04-29 20:59:39,0,level_complete,3432,1,65838,0,470180,854943,33,571022
2025-04-29 20:59:41,0,level_complete,3433,1,65847,0,470337,855144,29,571197
2025-04-29 20:59:41,0,level_complete,3434,1,65851,0,470367,855182,32,571232
2025-04-29 20:59:41,0,level_complete,3435,1,65853,0,470415,855231,33,571288
2025-04-29 20:59:43,0,level_complete,3436,1,65864,0,470596,855455,32,571497
2025-04-29 20:59:43,0,level_complete,3437,1,65865,0,470623,855487,36,571533
2025-04-29 20:59:45,0,level_complete,3438,1,65873,0,470712,855708,30,571647
2025-04-29 20:59:46,0,level_complete,3439,1,65893,0,470885,855882,37,571854
2025-04-29 20:59:46,0,level_complete,3440,1,65901,0,470974,855964,34,571970
2025-04-29 20:59:47,0,level_complete,3441,1,65906,0,471045,856055,33,572059
2025-04-29 20:59:48,0,level_complete,3442,1,65918,0,471175,856187,37,572222
2025-04-29 20:59:52,0,level_complete,3443,1,65968,0,471746,856761,47,572927
2025-04-29 20:59:55,0,training_run_ep 66000,-,1,66001,0,472050,857092,0,573290
2025-04-29 20:59:55,0,level_complete,3444,1,66008,0,472109,857152,33,573359
2025-04-29 20:59:55,0,level_complete,3445,1,66010,0,472137,857195,43,573403
2025-04-29 20:59:56,0,level_complete,3446,1,66013,0,472185,857255,37,573470
2025-04-29 20:59:56,0,level_complete,3447,1,66014,0,472212,857282,39,573509
2025-04-29 20:59:59,0,level_complete,3448,1,66072,0,472659,857715,29,574081
2025-04-29 21:00:02,0,level_complete,3449,1,66106,0,473049,858120,34,574560
2025-04-29 21:00:02,0,level_complete,3450,1,66109,0,473123,858209,31,574648
2025-04-29 21:00:04,0,level_complete,3451,1,66125,0,473332,858438,32,574898
2025-04-29 21:00:05,0,level_complete,3452,1,66132,0,473441,858596,33,575026
2025-04-29 21:00:10,0,level_complete,3453,1,66154,0,473625,859264,30,575253
2025-04-29 21:00:10,0,level_complete,3454,1,66157,0,473701,859344,38,575347
2025-04-29 21:00:10,0,level_complete,3455,1,66159,0,473739,859394,38,575397
2025-04-29 21:00:11,0,level_complete,3456,1,66165,0,473832,859524,28,575502
2025-04-29 21:00:12,0,level_complete,3457,1,66166,0,473859,859553,33,575535
2025-04-29 21:00:12,0,level_complete,3458,1,66169,0,473920,859671,36,575614
2025-04-29 21:00:13,0,level_complete,3459,1,66171,0,473969,859742,35,575676
2025-04-29 21:00:13,0,level_complete,3460,1,66173,0,473999,859781,32,575711
2025-04-29 21:00:16,0,level_complete,3461,1,66197,0,474342,860159,35,576148
2025-04-29 21:00:18,0,level_complete,3462,1,66225,0,474646,860568,30,576533
2025-04-29 21:00:20,0,level_complete,3463,1,66251,0,474866,860814,30,576804
2025-04-29 21:00:21,0,level_complete,3464,1,66257,0,474958,860964,43,576921
2025-04-29 21:00:21,0,level_complete,3465,1,66259,0,475002,861015,35,576976
2025-04-29 21:00:23,0,level_complete,3466,1,66282,0,475281,861325,28,577310
2025-04-29 21:00:24,0,level_complete,3467,1,66286,0,475356,861422,36,577403
2025-04-29 21:00:24,0,level_complete,3468,1,66287,0,475383,861462,39,577442
2025-04-29 21:00:25,0,level_complete,3469,1,66288,0,475410,861494,30,577472
2025-04-29 21:00:25,0,level_complete,3470,1,66291,0,475467,861551,29,577552
2025-04-29 21:00:25,0,level_complete,3471,1,66293,0,475497,861599,30,577585
2025-04-29 21:00:28,0,level_complete,3472,1,66316,0,475852,861950,33,578024
2025-04-29 21:00:28,0,level_complete,3473,1,66320,0,475904,862009,30,578084
2025-04-29 21:00:45,0,level_complete,3474,1,66333,0,476070,864435,32,578287
2025-04-29 21:00:45,0,level_complete,3475,1,66339,0,476148,864528,35,578387
2025-04-29 21:00:47,0,level_complete,3476,1,66350,0,476343,864759,31,578617
2025-04-29 21:00:48,0,level_complete,3477,1,66354,0,476401,864841,33,578683
2025-04-29 21:00:48,0,level_complete,3478,1,66361,0,476470,864930,32,578763
2025-04-29 21:00:48,0,level_complete,3479,1,66364,0,476509,864967,36,578811
2025-04-29 21:00:49,0,level_complete,3480,1,66365,0,476536,865053,31,578842
2025-04-29 21:00:49,0,level_complete,3481,1,66367,0,476583,865114,33,578899
2025-04-29 21:00:50,0,level_complete,3482,1,66374,0,476684,865231,27,579016
2025-04-29 21:00:51,0,level_complete,3483,1,66382,0,476818,865399,32,579183
2025-04-29 21:00:52,0,level_complete,3484,1,66383,0,476845,865441,31,579214
2025-04-29 21:00:52,0,level_complete,3485,1,66387,0,476946,865549,30,579334
2025-04-29 21:00:53,0,level_complete,3486,1,66388,0,476973,865585,30,579364
2025-04-29 21:00:53,0,level_complete,3487,1,66389,0,477000,865626,33,579397
2025-04-29 21:00:53,0,level_complete,3488,1,66390,0,477027,865653,36,579433
2025-04-29 21:00:53,0,level_complete,3489,1,66392,0,477075,865731,30,579488
2025-04-29 21:00:54,0,level_complete,3490,1,66393,0,477102,865754,33,579521
2025-04-29 21:00:54,0,level_complete,3491,1,66394,0,477129,865787,35,579556
2025-04-29 21:00:54,0,level_complete,3492,1,66396,0,477157,865824,35,579592
2025-04-29 21:00:54,0,level_complete,3493,1,66397,0,477184,865854,32,579624
2025-04-29 21:00:55,0,level_complete,3494,1,66400,0,477253,865935,35,579716
2025-04-29 21:00:55,0,level_complete,3495,1,66402,0,477287,865974,31,579754
2025-04-29 21:00:56,0,level_complete,3496,1,66405,0,477351,866036,33,579835
2025-04-29 21:00:56,0,level_complete,3497,1,66411,0,477455,866176,34,579964
2025-04-29 21:00:59,0,level_complete,3498,1,66424,0,477557,866546,30,580080
2025-04-29 21:00:59,0,level_complete,3499,1,66427,0,477616,866603,30,580145
2025-04-29 21:01:00,0,level_complete,3500,1,66429,0,477663,866661,31,580197
2025-04-29 21:01:00,0,level_complete,3501,1,66436,0,477740,866742,31,580286
2025-04-29 21:01:02,0,level_complete,3502,1,66459,0,477983,867035,36,580573
2025-04-29 21:01:03,0,level_complete,3503,1,66464,0,478078,867152,29,580689
2025-04-29 21:01:03,0,level_complete,3504,1,66468,0,478125,867216,32,580750
2025-04-29 21:01:04,0,level_complete,3505,1,66471,0,478178,867293,31,580815
2025-04-29 21:01:04,0,level_complete,3506,1,66473,0,478213,867348,35,580859
2025-04-29 21:01:05,0,level_complete,3507,1,66474,0,478240,867390,32,580891
2025-04-29 21:01:05,0,level_complete,3508,1,66477,0,478273,867447,32,580929
2025-04-29 21:01:05,0,level_complete,3509,1,66480,0,478317,867497,39,580987
2025-04-29 21:01:06,0,level_complete,3510,1,66484,0,478397,867621,30,581075
2025-04-29 21:01:06,0,level_complete,3511,1,66485,0,478424,867663,35,581110
2025-04-29 21:01:07,0,level_complete,3512,1,66486,0,478451,867695,33,581143
2025-04-29 21:01:07,0,level_complete,3513,1,66487,0,478478,867725,35,581178
2025-04-29 21:01:08,0,level_complete,3514,1,66491,0,478555,867841,32,581266
2025-04-29 21:01:09,0,training_run_ep 66500,-,1,66501,0,478715,868008,0,581468
2025-04-29 21:01:09,0,level_complete,3515,1,66502,0,478742,868039,33,581501
2025-04-29 21:01:10,0,level_complete,3516,1,66505,0,478796,868096,40,581570
2025-04-29 21:01:10,0,level_complete,3517,1,66507,0,478827,868128,32,581606
2025-04-29 21:01:12,0,level_complete,3518,1,66522,0,479029,868434,29,581856
2025-04-29 21:01:12,0,level_complete,3519,1,66526,0,479076,868488,33,581916
2025-04-29 21:01:13,0,level_complete,3520,1,66527,0,479103,868516,29,581945
2025-04-29 21:01:13,0,level_complete,3521,1,66529,0,479137,868568,33,581986
2025-04-29 21:01:13,0,level_complete,3522,1,66530,0,479164,868602,32,582018
2025-04-29 21:01:13,0,level_complete,3523,1,66531,0,479191,868634,31,582049
2025-04-29 21:01:14,0,level_complete,3524,1,66532,0,479218,868675,30,582079
2025-04-29 21:01:15,0,level_complete,3525,1,66540,0,479348,868798,32,582255
2025-04-29 21:01:17,0,level_complete,3526,1,66548,0,479474,869194,30,582404
2025-04-29 21:01:18,0,level_complete,3527,1,66551,0,479548,869283,30,582494
2025-04-29 21:01:18,0,level_complete,3528,1,66553,0,479575,869335,30,582524
2025-04-29 21:01:18,0,level_complete,3529,1,66554,0,479602,869382,31,582555
2025-04-29 21:01:19,0,level_complete,3530,1,66555,0,479629,869418,39,582594
2025-04-29 21:01:19,0,level_complete,3531,1,66558,0,479678,869475,29,582645
2025-04-29 21:01:19,0,level_complete,3532,1,66559,0,479705,869524,29,582674
2025-04-29 21:01:20,0,level_complete,3533,1,66573,0,479886,869684,32,582901
2025-04-29 21:01:21,0,level_complete,3534,1,66576,0,479926,869725,32,582948
2025-04-29 21:01:21,0,level_complete,3535,1,66579,0,479956,869776,29,582980
2025-04-29 21:01:22,0,level_complete,3536,1,66584,0,480029,869882,35,583066
2025-04-29 21:01:22,0,level_complete,3537,1,66586,0,480076,869937,29,583121
2025-04-29 21:01:23,0,level_complete,3538,1,66589,0,480133,870016,31,583185
2025-04-29 21:01:23,0,level_complete,3539,1,66590,0,480160,870042,33,583218
2025-04-29 21:01:23,0,level_complete,3540,1,66595,0,480241,870133,33,583320
2025-04-29 21:01:24,0,level_complete,3541,1,66596,0,480268,870160,31,583351
2025-04-29 21:01:26,0,level_complete,3542,1,66606,0,480432,870473,31,583566
2025-04-29 21:01:26,0,level_complete,3543,1,66607,0,480459,870531,35,583601
2025-04-29 21:01:27,0,level_complete,3544,1,66611,0,480523,870596,33,583677
2025-04-29 21:01:27,0,level_complete,3545,1,66614,0,480588,870670,31,583756
2025-04-29 21:01:27,0,level_complete,3546,1,66618,0,480647,870730,33,583832
2025-04-29 21:01:28,0,level_complete,3547,1,66619,0,480674,870763,31,583863
2025-04-29 21:01:28,0,level_complete,3548,1,66620,0,480701,870806,31,583894
2025-04-29 21:01:29,0,level_complete,3549,1,66625,0,480788,870947,32,583999
2025-04-29 21:01:32,0,level_complete,3550,1,66644,0,481075,871369,30,584345
2025-04-29 21:01:34,0,level_complete,3551,1,66675,0,481390,871656,38,584732
2025-04-29 21:01:36,0,level_complete,3552,1,66708,0,481680,871954,34,585098
2025-04-29 21:01:37,0,level_complete,3553,1,66720,0,481847,872132,29,585293
2025-04-29 21:01:38,0,level_complete,3554,1,66733,0,482024,872349,38,585529
2025-04-29 21:01:39,0,level_complete,3555,1,66739,0,482114,872444,33,585639
2025-04-29 21:01:41,0,level_complete,3556,1,66759,0,482375,872745,29,585950
2025-04-29 21:01:42,0,level_complete,3557,1,66764,0,482459,872846,33,586047
2025-04-29 21:01:42,0,level_complete,3558,1,66766,0,482506,872918,36,586106
2025-04-29 21:01:42,0,level_complete,3559,1,66769,0,482542,872959,32,586148
2025-04-29 21:01:44,0,level_complete,3560,1,66775,0,482605,873215,32,586221
2025-04-29 21:01:45,0,level_complete,3561,1,66786,0,482795,873419,29,586457
2025-04-29 21:01:46,0,level_complete,3562,1,66793,0,482892,873543,33,586567
2025-04-29 21:01:46,0,level_complete,3563,1,66794,0,482919,873569,33,586600
2025-04-29 21:01:47,0,level_complete,3564,1,66795,0,482946,873634,33,586633
2025-04-29 21:01:47,0,level_complete,3565,1,66796,0,482973,873673,32,586665
2025-04-29 21:01:48,0,level_complete,3566,1,66798,0,483022,873727,35,586726
2025-04-29 21:01:48,0,level_complete,3567,1,66799,0,483049,873756,30,586756
2025-04-29 21:01:48,0,level_complete,3568,1,66805,0,483103,873829,32,586819
2025-04-29 21:01:49,0,level_complete,3569,1,66807,0,483136,873858,37,586863
2025-04-29 21:01:49,0,level_complete,3570,1,66808,0,483163,873905,30,586893
2025-04-29 21:01:49,0,level_complete,3571,1,66810,0,483213,873954,38,586957
2025-04-29 21:01:50,0,level_complete,3572,1,66814,0,483285,874064,37,587049
2025-04-29 21:01:51,0,level_complete,3573,1,66822,0,483405,874196,28,587186
2025-04-29 21:01:51,0,level_complete,3574,1,66825,0,483468,874263,33,587262
2025-04-29 21:01:52,0,level_complete,3575,1,66829,0,483530,874370,32,587334
2025-04-29 21:01:52,0,level_complete,3576,1,66831,0,483561,874433,33,587371
2025-04-29 21:01:53,0,level_complete,3577,1,66833,0,483612,874494,29,587428
2025-04-29 21:01:53,0,level_complete,3578,1,66835,0,483662,874564,36,587495
2025-04-29 21:01:56,0,level_complete,3579,1,66837,0,483702,874947,31,587541
2025-04-29 21:01:58,0,level_complete,3580,1,66843,0,483829,875265,31,587703
2025-04-29 21:02:48,0,level_complete,3581,1,66853,0,483984,882462,37,587905
2025-04-29 21:02:49,0,level_complete,3582,1,66862,0,484155,882638,35,588122
2025-04-29 21:02:51,0,level_complete,3583,1,66872,0,484361,882936,38,588374
2025-04-29 21:02:52,0,level_complete,3584,1,66875,0,484412,882985,31,588440
2025-04-29 21:02:52,0,level_complete,3585,1,66881,0,484492,883065,31,588534
2025-04-29 21:02:53,0,level_complete,3586,1,66891,0,484627,883238,35,588702
2025-04-29 21:02:55,0,level_complete,3587,1,66906,0,484844,883499,36,588964
2025-04-29 21:02:56,0,level_complete,3588,1,66909,0,484904,883550,41,589044
2025-04-29 21:02:56,0,level_complete,3589,1,66913,0,484968,883628,35,589121
2025-04-29 21:02:56,0,level_complete,3590,1,66914,0,484995,883675,27,589148
2025-04-29 21:02:57,0,level_complete,3591,1,66916,0,485033,883734,31,589194
2025-04-29 21:02:57,0,level_complete,3592,1,66923,0,485124,883839,30,589303
2025-04-29 21:02:58,0,level_complete,3593,1,66925,0,485173,883912,28,589357
2025-04-29 21:02:58,0,level_complete,3594,1,66926,0,485200,883951,32,589389
2025-04-29 21:02:58,0,level_complete,3595,1,66928,0,485232,883983,34,589429
2025-04-29 21:02:59,0,level_complete,3596,1,66929,0,485259,884009,33,589462
2025-04-29 21:02:59,0,level_complete,3597,1,66934,0,485328,884098,35,589543
2025-04-29 21:03:00,0,level_complete,3598,1,66938,0,485416,884211,30,589650
2025-04-29 21:03:00,0,level_complete,3599,1,66940,0,485444,884253,35,589686
2025-04-29 21:03:00,0,level_complete,3600,1,66941,0,485471,884298,32,589718
2025-04-29 21:03:02,0,level_complete,3601,1,66958,0,485666,884502,31,589948
2025-04-29 21:03:42,0,level_complete,3602,1,67000,0,486156,890897,32,590533
2025-04-29 21:03:43,0,training_run_ep 67000,-,1,67001,0,486160,890901,0,590537
2025-04-29 21:03:43,0,level_complete,3603,1,67006,0,486239,890987,29,590628
2025-04-29 21:03:44,0,level_complete,3604,1,67010,0,486332,891080,34,590750
2025-04-29 21:03:45,0,level_complete,3605,1,67015,0,486428,891181,30,590860
2025-04-29 21:03:45,0,level_complete,3606,1,67028,0,486556,891305,38,591020
2025-04-29 21:03:46,0,level_complete,3607,1,67031,0,486587,891342,34,591058
2025-04-29 21:03:46,0,level_complete,3608,1,67033,0,486616,891382,35,591095
2025-04-29 21:03:47,0,level_complete,3609,1,67039,0,486734,891553,38,591237
2025-04-29 21:03:48,0,level_complete,3610,1,67043,0,486797,891650,30,591308
2025-04-29 21:03:48,0,level_complete,3611,1,67045,0,486836,891699,34,591360
2025-04-29 21:03:49,0,level_complete,3612,1,67058,0,486977,891844,34,591536
2025-04-29 21:03:50,0,level_complete,3613,1,67060,0,487005,891909,31,591568
2025-04-29 21:03:50,0,level_complete,3614,1,67071,0,487093,892014,34,591670
2025-04-29 21:03:51,0,level_complete,3615,1,67076,0,487181,892126,31,591767
2025-04-29 21:03:51,0,level_complete,3616,1,67079,0,487229,892178,32,591826
2025-04-29 21:03:52,0,level_complete,3617,1,67090,0,487356,892318,31,591978
2025-04-29 21:03:53,0,level_complete,3618,1,67095,0,487440,892408,32,592078
2025-04-29 21:03:53,0,level_complete,3619,1,67100,0,487506,892486,30,592152
2025-04-29 21:03:54,0,level_complete,3620,1,67103,0,487545,892533,33,592197
2025-04-29 21:03:55,0,level_complete,3621,1,67116,0,487712,892723,31,592389
2025-04-29 21:03:56,0,level_complete,3622,1,67135,0,487897,892934,30,592602
2025-04-29 21:03:58,0,level_complete,3623,1,67158,0,488093,893138,33,592841
2025-04-29 21:03:58,0,level_complete,3624,1,67159,0,488120,893198,29,592870
2025-04-29 21:03:59,0,level_complete,3625,1,67168,0,488222,893297,37,593007
2025-04-29 21:04:00,0,level_complete,3626,1,67177,0,488315,893397,33,593110
2025-04-29 21:04:00,0,level_complete,3627,1,67186,0,488429,893506,44,593252
2025-04-29 21:04:01,0,level_complete,3628,1,67188,0,488480,893561,32,593314
2025-04-29 21:04:01,0,level_complete,3629,1,67192,0,488529,893608,29,593374
2025-04-29 21:04:01,0,level_complete,3630,1,67196,0,488564,893651,31,593413
2025-04-29 21:04:02,0,level_complete,3631,1,67208,0,488715,893802,35,593608
2025-04-29 21:04:10,0,level_complete,3632,1,67339,0,489810,894919,29,594985
2025-04-29 21:04:11,0,level_complete,3633,1,67350,0,489887,894995,31,595093
2025-04-29 21:04:11,0,level_complete,3634,1,67353,0,489930,895037,34,595146
2025-04-29 21:04:12,0,level_complete,3635,1,67361,0,490019,895121,32,595252
2025-04-29 21:04:15,0,level_complete,3636,1,67403,0,490466,895580,29,595810
2025-04-29 21:04:16,0,level_complete,3637,1,67410,0,490594,895717,38,595991
2025-04-29 21:04:16,0,level_complete,3638,1,67420,0,490684,895814,36,596103
2025-04-29 21:04:17,0,level_complete,3639,1,67422,0,490735,895876,31,596161
2025-04-29 21:04:18,0,level_complete,3640,1,67435,0,490874,896067,34,596327
2025-04-29 21:04:18,0,level_complete,3641,1,67437,0,490901,896102,28,596355
2025-04-29 21:04:19,0,level_complete,3642,1,67440,0,490943,896145,32,596404
2025-04-29 21:04:19,0,level_complete,3643,1,67441,0,490970,896194,28,596432
2025-04-29 21:04:20,0,level_complete,3644,1,67448,0,491062,896277,39,596549
2025-04-29 21:04:20,0,level_complete,3645,1,67451,0,491091,896304,45,596596
2025-04-29 21:04:20,0,level_complete,3646,1,67452,0,491118,896343,29,596625
2025-04-29 21:04:21,0,level_complete,3647,1,67464,0,491234,896466,33,596771
2025-04-29 21:04:23,0,level_complete,3648,1,67488,0,491530,896788,30,597132
2025-04-29 21:04:24,0,level_complete,3649,1,67495,0,491607,896875,34,597222
2025-04-29 21:04:24,0,training_run_ep 67500,-,1,67501,0,491634,896899,0,597254
2025-04-29 21:04:27,0,level_complete,3650,1,67547,0,492010,897311,30,597700
2025-04-29 21:04:30,0,level_complete,3651,1,67591,0,492452,897726,35,598248
2025-04-29 21:04:32,0,level_complete,3652,1,67602,0,492622,897931,34,598444
2025-04-29 21:04:32,0,level_complete,3653,1,67607,0,492713,898046,30,598559
2025-04-29 21:04:33,0,level_complete,3654,1,67613,0,492789,898127,30,598648
2025-04-29 21:04:34,0,level_complete,3655,1,67622,0,492924,898307,31,598814
2025-04-29 21:04:35,0,level_complete,3656,1,67638,0,493104,898507,37,599047
2025-04-29 21:04:36,0,level_complete,3657,1,67646,0,493236,898670,30,599209
2025-04-29 21:04:37,0,level_complete,3658,1,67659,0,493357,898799,32,599356
2025-04-29 21:04:39,0,level_complete,3659,1,67683,0,493584,899011,34,599624
2025-04-29 21:04:39,0,level_complete,3660,1,67687,0,493629,899054,31,599678
2025-04-29 21:04:39,0,level_complete,3661,1,67688,0,493656,899087,31,599709
2025-04-29 21:04:41,0,level_complete,3662,1,67706,0,493880,899404,32,599985
2025-04-29 21:04:42,0,level_complete,3663,1,67708,0,493917,899461,30,600026
2025-04-29 21:04:43,0,level_complete,3664,1,67721,0,494080,899637,30,600219
2025-04-29 21:04:45,0,level_complete,3665,1,67736,0,494276,899873,30,600445
2025-04-29 21:04:45,0,level_complete,3666,1,67737,0,494303,899920,32,600477
2025-04-29 21:04:46,0,level_complete,3667,1,67754,0,494477,900082,37,600689
2025-04-29 21:04:50,0,level_complete,3668,1,67809,0,494950,900595,35,601269
2025-04-29 21:04:50,0,level_complete,3669,1,67810,0,494977,900625,30,601299
2025-04-29 21:04:50,0,level_complete,3670,1,67812,0,495021,900674,31,601359
2025-04-29 21:04:51,0,level_complete,3671,1,67813,0,495048,900709,36,601395
2025-04-29 21:04:52,0,level_complete,3672,1,67824,0,495151,900967,35,601524
2025-04-29 21:04:54,0,level_complete,3673,1,67867,0,495454,901268,32,601887
2025-04-29 21:04:56,0,level_complete,3674,1,67885,0,495604,901431,34,602082
2025-04-29 21:04:56,0,level_complete,3675,1,67888,0,495637,901542,34,602122
2025-04-29 21:04:57,0,level_complete,3676,1,67897,0,495726,901630,38,602237
2025-04-29 21:04:57,0,level_complete,3677,1,67901,0,495759,901669,39,602282
2025-04-29 21:04:58,0,level_complete,3678,1,67905,0,495853,901832,31,602391
2025-04-29 21:04:59,0,level_complete,3679,1,67906,0,495880,901875,31,602422
2025-04-29 21:04:59,0,level_complete,3680,1,67908,0,495933,901953,36,602486
2025-04-29 21:04:59,0,level_complete,3681,1,67912,0,495975,902001,31,602533
2025-04-29 21:05:03,0,level_complete,3682,1,67926,0,496214,902563,32,602814
2025-04-29 21:05:05,0,level_complete,3683,1,67948,0,496470,902837,36,603132
2025-04-29 21:05:06,0,level_complete,3684,1,67963,0,496599,903012,29,603295
2025-04-29 21:05:06,0,level_complete,3685,1,67966,0,496646,903056,30,603348
2025-04-29 21:05:07,0,level_complete,3686,1,67972,0,496748,903177,32,603469
2025-04-29 21:05:08,0,level_complete,3687,1,67980,0,496849,903298,33,603585
2025-04-29 21:05:09,0,level_complete,3688,1,67991,0,496999,903464,32,603774
2025-04-29 21:05:10,0,level_complete,3689,1,67994,0,497053,903524,35,603842
2025-04-29 21:05:10,0,level_complete,3690,1,67995,0,497080,903600,33,603875
2025-04-29 21:05:11,0,training_run_ep 68000,-,1,68001,0,497134,903659,0,603935
2025-04-29 21:05:30,0,level_complete,3691,1,68017,0,497293,906347,31,604132
2025-04-29 21:05:57,0,level_complete,3692,1,68038,0,497516,910196,30,604385
2025-04-29 21:06:00,0,level_complete,3693,1,68081,0,497891,910615,38,604841
2025-04-29 21:06:00,0,level_complete,3694,1,68082,0,497918,910666,32,604873
2025-04-29 21:06:01,0,level_complete,3695,1,68090,0,498040,910831,35,605017
2025-04-29 21:06:01,0,level_complete,3696,1,68091,0,498067,910860,32,605049
2025-04-29 21:06:04,0,level_complete,3697,1,68127,0,498398,911175,42,605474
2025-04-29 21:06:04,0,level_complete,3698,1,68131,0,498462,911230,37,605561
2025-04-29 21:06:04,0,level_complete,3699,1,68134,0,498514,911313,29,605617
2025-04-29 21:06:05,0,level_complete,3700,1,68144,0,498637,911454,36,605762
2025-04-29 21:06:07,0,level_complete,3701,1,68163,0,498848,911663,43,606045
2025-04-29 21:06:07,0,level_complete,3702,1,68166,0,498903,911737,40,606133
2025-04-29 21:06:08,0,level_complete,3703,1,68168,0,498933,911762,35,606171
2025-04-29 21:06:08,0,level_complete,3704,1,68170,0,498976,911805,31,606225
2025-04-29 21:06:09,0,level_complete,3705,1,68179,0,499139,911969,41,606439
2025-04-29 21:06:09,0,level_complete,3706,1,68182,0,499200,912031,30,606516
2025-04-29 21:06:10,0,level_complete,3707,1,68186,0,499267,912129,33,606596
2025-04-29 21:06:11,0,level_complete,3708,1,68195,0,499356,912226,38,606708
2025-04-29 21:06:11,0,level_complete,3709,1,68200,0,499422,912303,28,606783
2025-04-29 21:06:12,0,level_complete,3710,1,68215,0,499540,912432,33,606916
2025-04-29 21:06:12,0,level_complete,3711,1,68218,0,499571,912468,33,606953
2025-04-29 21:06:13,0,level_complete,3712,1,68219,0,499598,912548,30,606983
2025-04-29 21:06:13,0,level_complete,3713,1,68220,0,499625,912587,32,607015
2025-04-29 21:06:14,0,level_complete,3714,1,68224,0,499692,912717,30,607088
2025-04-29 21:06:14,0,level_complete,3715,1,68227,0,499748,912778,30,607153
2025-04-29 21:06:15,0,level_complete,3716,1,68234,0,499844,912891,33,607276
2025-04-29 21:06:16,0,level_complete,3717,1,68242,0,499974,913106,48,607439
2025-04-29 21:06:17,0,level_complete,3718,1,68243,0,500001,913135,32,607471
2025-04-29 21:06:17,0,level_complete,3719,1,68247,0,500063,913205,35,607544
2025-04-29 21:06:18,0,level_complete,3720,1,68255,0,500123,913261,29,607617
2025-04-29 21:06:18,0,level_complete,3721,1,68259,0,500184,913331,33,607709
2025-04-29 21:06:19,0,level_complete,3722,1,68268,0,500292,913471,27,607843
2025-04-29 21:06:20,0,level_complete,3723,1,68270,0,500336,913556,43,607905
2025-04-29 21:06:20,0,level_complete,3724,1,68273,0,500370,913610,30,607942
2025-04-29 21:06:20,0,level_complete,3725,1,68274,0,500397,913655,30,607972
2025-04-29 21:06:21,0,level_complete,3726,1,68278,0,500475,913744,31,608062
2025-04-29 21:06:21,0,level_complete,3727,1,68279,0,500502,913783,31,608093
2025-04-29 21:06:26,0,level_complete,3728,1,68348,0,501156,914477,32,608861
2025-04-29 21:06:26,0,level_complete,3729,1,68350,0,501193,914540,34,608906
2025-04-29 21:06:27,0,level_complete,3730,1,68356,0,501262,914610,37,609001
2025-04-29 21:06:28,0,level_complete,3731,1,68371,0,501402,914759,31,609159
2025-04-29 21:06:29,0,level_complete,3732,1,68378,0,501511,914860,34,609307
2025-04-29 21:06:29,0,level_complete,3733,1,68381,0,501582,914967,28,609391
2025-04-29 21:06:30,0,level_complete,3734,1,68394,0,501696,915071,30,609556
2025-04-29 21:06:31,0,level_complete,3735,1,68408,0,501857,915248,28,609742
2025-04-29 21:06:32,0,level_complete,3736,1,68411,0,501915,915328,30,609806
2025-04-29 21:06:33,0,level_complete,3737,1,68422,0,502071,915514,31,609994
2025-04-29 21:06:34,0,level_complete,3738,1,68430,0,502139,915594,45,610084
2025-04-29 21:06:36,0,level_complete,3739,1,68472,0,502425,915873,33,610434
2025-04-29 21:06:36,0,level_complete,3740,1,68473,0,502452,915911,31,610465
2025-04-29 21:06:36,0,level_complete,3741,1,68477,0,502527,916008,31,610553
2025-04-29 21:06:37,0,level_complete,3742,1,68478,0,502554,916047,31,610584
2025-04-29 21:06:38,0,level_complete,3743,1,68487,0,502694,916204,40,610766
2025-04-29 21:06:38,0,level_complete,3744,1,68489,0,502734,916244,36,610817
2025-04-29 21:06:38,0,level_complete,3745,1,68492,0,502782,916300,31,610875
2025-04-29 21:06:39,0,level_complete,3746,1,68494,0,502811,916361,31,610908
2025-04-29 21:06:39,0,level_complete,3747,1,68497,0,502851,916410,34,610956
2025-04-29 21:06:39,0,level_complete,3748,1,68498,0,502878,916453,37,610993
2025-04-29 21:06:40,0,level_complete,3749,1,68500,0,502920,916504,30,611045
2025-04-29 21:06:40,0,level_complete,3750,1,68501,0,502947,916526,41,611086
2025-04-29 21:06:40,0,training_run_ep 68500,-,1,68501,0,502947,916526,41,611086
2025-04-29 21:06:41,0,level_complete,3751,1,68502,0,502974,916582,28,611114
2025-04-29 21:06:41,0,level_complete,3752,1,68503,0,503001,916630,29,611143
2025-04-29 21:06:41,0,level_complete,3753,1,68504,0,503028,916657,35,611178
2025-04-29 21:06:43,0,level_complete,3754,1,68518,0,503223,916864,30,611402
2025-04-29 21:06:43,0,level_complete,3755,1,68520,0,503264,916950,28,611448
2025-04-29 21:06:44,0,level_complete,3756,1,68521,0,503291,916996,32,611480
2025-04-29 21:06:44,0,level_complete,3757,1,68522,0,503318,917031,31,611511
2025-04-29 21:06:45,0,level_complete,3758,1,68527,0,503411,917136,35,611622
2025-04-29 21:06:45,0,level_complete,3759,1,68529,0,503456,917188,33,611677
2025-04-29 21:06:45,0,level_complete,3760,1,68531,0,503491,917237,28,611714
2025-04-29 21:06:46,0,level_complete,3761,1,68533,0,503542,917300,30,611773
2025-04-29 21:06:46,0,level_complete,3762,1,68537,0,503610,917372,40,611873
2025-04-29 21:06:47,0,level_complete,3763,1,68545,0,503732,917534,35,612011
2025-04-29 21:06:49,0,level_complete,3764,1,68567,0,503988,917784,30,612332
2025-04-29 21:06:52,0,level_complete,3765,1,68596,0,504353,918178,33,612774
2025-04-29 21:06:52,0,level_complete,3766,1,68598,0,504385,918213,34,612813
2025-04-29 21:06:52,0,level_complete,3767,1,68599,0,504412,918250,33,612846
2025-04-29 21:06:54,0,level_complete,3768,1,68615,0,504640,918483,35,613118
2025-04-29 21:06:54,0,level_complete,3769,1,68619,0,504688,918531,29,613177
2025-04-29 21:06:54,0,level_complete,3770,1,68621,0,504716,918564,32,613210
2025-04-29 21:06:55,0,level_complete,3771,1,68625,0,504788,918644,28,613289
2025-04-29 21:06:55,0,level_complete,3772,1,68630,0,504857,918736,32,613369
2025-04-29 21:06:57,0,level_complete,3773,1,68639,0,504996,918942,39,613547
2025-04-29 21:06:58,0,level_complete,3774,1,68651,0,505144,919154,34,613729
2025-04-29 21:06:58,0,level_complete,3775,1,68652,0,505171,919203,27,613756
2025-04-29 21:06:59,0,level_complete,3776,1,68653,0,505198,919240,34,613790
2025-04-29 21:06:59,0,level_complete,3777,1,68662,0,505289,919324,34,613904
2025-04-29 21:07:00,0,level_complete,3778,1,68664,0,505332,919378,31,613953
2025-04-29 21:07:01,0,level_complete,3779,1,68673,0,505475,919531,33,614133
2025-04-29 21:07:02,0,level_complete,3780,1,68681,0,505575,919678,29,614251
2025-04-29 21:08:11,0,level_complete,3781,1,68697,0,505780,929769,29,614500
2025-04-29 21:08:11,0,level_complete,3782,1,68702,0,505847,929849,43,614594
2025-04-29 21:08:11,0,level_complete,3783,1,68703,0,505874,929887,34,614628
2025-04-29 21:08:12,0,level_complete,3784,1,68706,0,505928,929984,30,614690
2025-04-29 21:08:14,0,level_complete,3785,1,68725,0,506159,930247,36,614962
2025-04-29 21:08:14,0,level_complete,3786,1,68726,0,506186,930284,33,614995
2025-04-29 21:08:14,0,level_complete,3787,1,68728,0,506221,930322,30,615037
2025-04-29 21:08:15,0,level_complete,3788,1,68729,0,506248,930356,29,615066
2025-04-29 21:08:15,0,level_complete,3789,1,68730,0,506275,930386,32,615098
2025-04-29 21:08:16,0,level_complete,3790,1,68740,0,506420,930556,32,615277
2025-04-29 21:08:16,0,level_complete,3791,1,68744,0,506499,930641,30,615377
2025-04-29 21:08:17,0,level_complete,3792,1,68745,0,506526,930675,31,615408
2025-04-29 21:08:17,0,level_complete,3793,1,68746,0,506553,930717,34,615442
2025-04-29 21:08:17,0,level_complete,3794,1,68747,0,506580,930788,29,615471
2025-04-29 21:08:18,0,level_complete,3795,1,68749,0,506616,930829,36,615522
2025-04-29 21:08:18,0,level_complete,3796,1,68754,0,506691,930911,33,615610
2025-04-29 21:08:19,0,level_complete,3797,1,68759,0,506776,931019,38,615719
2025-04-29 21:08:19,0,level_complete,3798,1,68760,0,506803,931048,31,615750
2025-04-29 21:08:19,0,level_complete,3799,1,68762,0,506847,931101,33,615801
2025-04-29 21:08:20,0,level_complete,3800,1,68768,0,506929,931210,31,615896
2025-04-29 21:08:21,0,level_complete,3801,1,68770,0,506978,931267,35,615956
2025-04-29 21:08:21,0,level_complete,3802,1,68774,0,507044,931350,35,616033
2025-04-29 21:08:21,0,level_complete,3803,1,68775,0,507071,931375,38,616071
2025-04-29 21:08:22,0,level_complete,3804,1,68778,0,507118,931448,29,616123
2025-04-29 21:08:23,0,level_complete,3805,1,68781,0,507172,931601,28,616183
2025-04-29 21:08:23,0,level_complete,3806,1,68782,0,507199,931676,28,616211
2025-04-29 21:08:23,0,level_complete,3807,1,68783,0,507226,931715,29,616240
2025-04-29 21:08:24,0,level_complete,3808,1,68785,0,507279,931787,29,616299
2025-04-29 21:08:24,0,level_complete,3809,1,68786,0,507306,931829,31,616330
2025-04-29 21:08:25,0,level_complete,3810,1,68787,0,507333,931872,34,616364
2025-04-29 21:08:25,0,level_complete,3811,1,68788,0,507360,931910,30,616394
2025-04-29 21:08:25,0,level_complete,3812,1,68790,0,507399,931973,28,616435
2025-04-29 21:08:26,0,level_complete,3813,1,68793,0,507443,932024,30,616484
2025-04-29 21:08:26,0,level_complete,3814,1,68794,0,507470,932079,30,616514
2025-04-29 21:08:27,0,level_complete,3815,1,68804,0,507622,932241,33,616718
2025-04-29 21:08:27,0,level_complete,3816,1,68805,0,507649,932283,28,616746
2025-04-29 21:08:28,0,level_complete,3817,1,68806,0,507676,932323,29,616775
2025-04-29 21:08:29,0,level_complete,3818,1,68813,0,507782,932473,32,616912
2025-04-29 21:08:29,0,level_complete,3819,1,68817,0,507818,932503,36,616959
2025-04-29 21:08:29,0,level_complete,3820,1,68819,0,507854,932546,39,617013
2025-04-29 21:08:30,0,level_complete,3821,1,68823,0,507930,932631,33,617101
2025-04-29 21:08:30,0,level_complete,3822,1,68825,0,507983,932699,39,617167
2025-04-29 21:08:31,0,level_complete,3823,1,68838,0,508140,932864,34,617360
2025-04-29 21:08:31,0,level_complete,3824,1,68839,0,508167,932891,35,617395
2025-04-29 21:08:33,0,level_complete,3825,1,68855,0,508395,933179,37,617680
2025-04-29 21:08:34,0,level_complete,3826,1,68860,0,508455,933283,33,617758
2025-04-29 21:08:34,0,level_complete,3827,1,68863,0,508520,933353,30,617843
2025-04-29 21:08:35,0,level_complete,3828,1,68867,0,508571,933418,31,617907
2025-04-29 21:08:35,0,level_complete,3829,1,68869,0,508621,933477,32,617969
2025-04-29 21:08:36,0,level_complete,3830,1,68872,0,508678,933555,34,618037
2025-04-29 21:08:36,0,level_complete,3831,1,68873,0,508705,933586,33,618070
2025-04-29 21:08:36,0,level_complete,3832,1,68874,0,508732,933620,36,618106
2025-04-29 21:08:37,0,level_complete,3833,1,68875,0,508759,933666,36,618142
2025-04-29 21:08:37,0,level_complete,3834,1,68878,0,508820,933738,29,618209
2025-04-29 21:08:37,0,level_complete,3835,1,68881,0,508868,933796,30,618264
2025-04-29 21:08:38,0,level_complete,3836,1,68884,0,508936,933881,30,618348
2025-04-29 21:08:39,0,level_complete,3837,1,68888,0,509011,933975,37,618440
2025-04-29 21:08:39,0,level_complete,3838,1,68889,0,509038,934042,31,618471
2025-04-29 21:08:39,0,level_complete,3839,1,68890,0,509065,934084,34,618505
2025-04-29 21:08:39,0,level_complete,3840,1,68891,0,509092,934117,32,618537
2025-04-29 21:08:40,0,level_complete,3841,1,68892,0,509119,934145,38,618575
2025-04-29 21:08:40,0,level_complete,3842,1,68894,0,509158,934206,37,618626
2025-04-29 21:08:41,0,level_complete,3843,1,68896,0,509202,934269,36,618681
2025-04-29 21:08:41,0,level_complete,3844,1,68900,0,509295,934376,29,618784
2025-04-29 21:08:41,0,level_complete,3845,1,68901,0,509322,934400,37,618821
2025-04-29 21:08:42,0,level_complete,3846,1,68902,0,509349,934450,29,618850
2025-04-29 21:08:43,0,level_complete,3847,1,68910,0,509481,934585,32,619006
2025-04-29 21:08:43,0,level_complete,3848,1,68911,0,509508,934615,31,619037
2025-04-29 21:08:43,0,level_complete,3849,1,68912,0,509535,934641,33,619070
2025-04-29 21:08:43,0,level_complete,3850,1,68913,0,509562,934675,37,619107
2025-04-29 21:08:43,0,level_complete,3851,1,68915,0,509594,934715,30,619143
2025-04-29 21:08:44,0,level_complete,3852,1,68917,0,509624,934752,33,619179
2025-04-29 21:08:44,0,level_complete,3853,1,68919,0,509664,934821,42,619237
2025-04-29 21:08:46,0,level_complete,3854,1,68930,0,509892,935079,35,619518
2025-04-29 21:08:46,0,level_complete,3855,1,68936,0,509951,935147,34,619587
2025-04-29 21:08:47,0,level_complete,3856,1,68941,0,510040,935250,30,619695
2025-04-29 21:08:47,0,level_complete,3857,1,68942,0,510067,935272,38,619733
2025-04-29 21:08:48,0,level_complete,3858,1,68944,0,510120,935333,33,619802
2025-04-29 21:08:48,0,level_complete,3859,1,68945,0,510147,935368,30,619832
2025-04-29 21:08:48,0,level_complete,3860,1,68946,0,510174,935397,29,619861
2025-04-29 21:08:53,0,level_complete,3861,1,68953,0,510308,936209,31,620016
2025-04-29 21:08:54,0,level_complete,3862,1,68957,0,510364,936279,30,620081
2025-04-29 21:08:54,0,level_complete,3863,1,68958,0,510391,936321,32,620113
2025-04-29 21:08:54,0,level_complete,3864,1,68960,0,510443,936379,34,620187
2025-04-29 21:09:35,0,level_complete,3865,1,68985,0,510864,942639,32,620705
2025-04-29 21:09:35,0,level_complete,3866,1,68992,0,510930,942706,32,620780
2025-04-29 21:09:35,0,level_complete,3867,1,68994,0,510957,942745,30,620810
2025-04-29 21:09:36,0,level_complete,3868,1,68995,0,510984,942798,32,620842
2025-04-29 21:09:37,0,training_run_ep 69000,-,1,69001,0,511073,942887,0,620942
2025-04-29 21:09:39,0,level_complete,3869,1,69019,0,511304,943177,31,621223
2025-04-29 21:09:39,0,level_complete,3870,1,69020,0,511331,943229,29,621252
2025-04-29 21:09:39,0,level_complete,3871,1,69021,0,511358,943262,30,621282
2025-04-29 21:09:40,0,level_complete,3872,1,69025,0,511442,943359,30,621376
2025-04-29 21:09:40,0,level_complete,3873,1,69026,0,511469,943400,36,621412
2025-04-29 21:09:41,0,level_complete,3874,1,69035,0,511586,943526,38,621554
2025-04-29 21:09:42,0,level_complete,3875,1,69047,0,511797,943751,30,621811
2025-04-29 21:09:44,0,level_complete,3876,1,69061,0,512043,944017,37,622129
2025-04-29 21:09:46,0,level_complete,3877,1,69072,0,512251,944266,30,622385
2025-04-29 21:09:47,0,level_complete,3878,1,69080,0,512346,944380,36,622511
2025-04-29 21:09:48,0,level_complete,3879,1,69092,0,512498,944532,34,622699
2025-04-29 21:09:48,0,level_complete,3880,1,69093,0,512525,944579,32,622731
2025-04-29 21:09:48,0,level_complete,3881,1,69095,0,512558,944621,33,622771
2025-04-29 21:09:48,0,level_complete,3882,1,69099,0,512603,944667,34,622826
2025-04-29 21:09:50,0,level_complete,3883,1,69106,0,512738,944820,33,622991
2025-04-29 21:09:50,0,level_complete,3884,1,69109,0,512771,944860,29,623027
2025-04-29 21:09:50,0,level_complete,3885,1,69110,0,512798,944888,35,623062
2025-04-29 21:09:50,0,level_complete,3886,1,69113,0,512850,944951,32,623124
2025-04-29 21:09:51,0,level_complete,3887,1,69114,0,512877,944988,31,623155
2025-04-29 21:09:52,0,level_complete,3888,1,69123,0,513006,945148,39,623332
2025-04-29 21:09:53,0,level_complete,3889,1,69128,0,513088,945261,34,623434
2025-04-29 21:09:54,0,level_complete,3890,1,69142,0,513243,945424,31,623619
2025-04-29 21:09:54,0,level_complete,3891,1,69143,0,513270,945460,32,623651
2025-04-29 21:09:55,0,level_complete,3892,1,69147,0,513346,945563,33,623741
2025-04-29 21:09:55,0,level_complete,3893,1,69148,0,513373,945589,45,623786
2025-04-29 21:09:55,0,level_complete,3894,1,69150,0,513407,945637,34,623831
2025-04-29 21:09:56,0,level_complete,3895,1,69155,0,513470,945703,32,623906
2025-04-29 21:09:56,0,level_complete,3896,1,69156,0,513497,945738,38,623944
2025-04-29 21:09:57,0,level_complete,3897,1,69164,0,513625,945872,29,624100
2025-04-29 21:09:57,0,level_complete,3898,1,69165,0,513652,945902,31,624131
2025-04-29 21:09:58,0,level_complete,3899,1,69172,0,513735,945983,33,624242
2025-04-29 21:09:58,0,level_complete,3900,1,69178,0,513820,946066,29,624340
2025-04-29 21:09:59,0,level_complete,3901,1,69181,0,513870,946142,34,624397
2025-04-29 21:09:59,0,level_complete,3902,1,69182,0,513897,946184,28,624425
2025-04-29 21:09:59,0,level_complete,3903,1,69183,0,513924,946206,38,624463
2025-04-29 21:09:59,0,level_complete,3904,1,69184,0,513951,946232,38,624501
2025-04-29 21:10:00,0,level_complete,3905,1,69185,0,513978,946275,30,624531
2025-04-29 21:10:00,0,level_complete,3906,1,69191,0,514091,946415,30,624659
2025-04-29 21:10:01,0,level_complete,3907,1,69193,0,514130,946456,36,624708
2025-04-29 21:10:01,0,level_complete,3908,1,69194,0,514157,946495,28,624736
2025-04-29 21:10:03,0,level_complete,3909,1,69196,0,514209,946867,34,624810
2025-04-29 21:10:04,0,level_complete,3910,1,69199,0,514268,946931,35,624890
2025-04-29 21:10:04,0,level_complete,3911,1,69200,0,514295,946970,34,624924
2025-04-29 21:10:05,0,level_complete,3912,1,69202,0,514347,947071,31,624985
2025-04-29 21:10:05,0,level_complete,3913,1,69203,0,514374,947107,32,625017
2025-04-29 21:10:05,0,level_complete,3914,1,69204,0,514401,947139,31,625048
2025-04-29 21:10:06,0,level_complete,3915,1,69207,0,514457,947215,31,625111
2025-04-29 21:10:06,0,level_complete,3916,1,69209,0,514489,947258,32,625148
2025-04-29 21:10:06,0,level_complete,3917,1,69210,0,514516,947298,32,625180
2025-04-29 21:10:07,0,level_complete,3918,1,69215,0,514601,947407,34,625280
2025-04-29 21:10:07,0,level_complete,3919,1,69222,0,514673,947485,42,625376
2025-04-29 21:10:08,0,level_complete,3920,1,69234,0,514781,947597,31,625501
2025-04-29 21:10:09,0,level_complete,3921,1,69244,0,514913,947730,34,625656
2025-04-29 21:10:10,0,level_complete,3922,1,69248,0,514969,947809,29,625720
2025-04-29 21:10:10,0,level_complete,3923,1,69252,0,515019,947861,33,625777
2025-04-29 21:10:10,0,level_complete,3924,1,69256,0,515063,947911,33,625828
2025-04-29 21:10:11,0,level_complete,3925,1,69258,0,515105,947960,29,625874
2025-04-29 21:10:11,0,level_complete,3926,1,69264,0,515206,948067,36,626003
2025-04-29 21:10:13,0,level_complete,3927,1,69271,0,515356,948231,31,626180
2025-04-29 21:10:15,0,level_complete,3928,1,69289,0,515615,948533,30,626490
2025-04-29 21:10:15,0,level_complete,3929,1,69290,0,515642,948572,31,626521
2025-04-29 21:10:15,0,level_complete,3930,1,69293,0,515677,948610,27,626557
2025-04-29 21:10:16,0,level_complete,3931,1,69298,0,515760,948694,30,626665
2025-04-29 21:10:16,0,level_complete,3932,1,69301,0,515794,948750,31,626705
2025-04-29 21:10:16,0,level_complete,3933,1,69302,0,515821,948780,37,626742
2025-04-29 21:10:17,0,level_complete,3934,1,69305,0,515867,948826,31,626799
2025-04-29 21:10:17,0,level_complete,3935,1,69311,0,515950,948942,29,626899
2025-04-29 21:10:56,0,level_complete,3936,1,69318,0,516042,954526,37,627015
2025-04-29 21:10:57,0,level_complete,3937,1,69319,0,516069,954555,31,627046
2025-04-29 21:10:57,0,level_complete,3938,1,69325,0,516175,954654,31,627190
2025-04-29 21:10:58,0,level_complete,3939,1,69329,0,516257,954762,32,627287
2025-04-29 21:10:59,0,level_complete,3940,1,69333,0,516350,954876,37,627401
2025-04-29 21:10:59,0,level_complete,3941,1,69334,0,516377,954907,35,627436
2025-04-29 21:10:59,0,level_complete,3942,1,69335,0,516404,954955,34,627470
2025-04-29 21:11:00,0,level_complete,3943,1,69337,0,516434,954985,33,627506
2025-04-29 21:11:00,0,level_complete,3944,1,69348,0,516549,955105,30,627639
2025-04-29 21:11:08,0,level_complete,3945,1,69350,0,516584,956170,31,627679
2025-04-29 21:11:11,0,level_complete,3946,1,69393,0,517050,956635,37,628257
2025-04-29 21:11:18,0,level_complete,3947,1,69429,0,517473,957722,34,628816
2025-04-29 21:11:18,0,level_complete,3948,1,69430,0,517500,957754,30,628846
2025-04-29 21:11:19,0,level_complete,3949,1,69433,0,517565,957844,33,628925
2025-04-29 21:11:19,0,level_complete,3950,1,69440,0,517660,957951,31,629030
2025-04-29 21:11:20,0,level_complete,3951,1,69453,0,517810,958078,34,629223
2025-04-29 21:11:21,0,level_complete,3952,1,69456,0,517875,958156,34,629306
2025-04-29 21:11:22,0,level_complete,3953,1,69463,0,518008,958296,38,629472
2025-04-29 21:11:22,0,level_complete,3954,1,69464,0,518035,958333,29,629501
2025-04-29 21:11:22,0,level_complete,3955,1,69466,0,518079,958386,29,629550
2025-04-29 21:11:23,0,level_complete,3956,1,69469,0,518126,958446,33,629606
2025-04-29 21:11:23,0,level_complete,3957,1,69471,0,518163,958484,32,629652
2025-04-29 21:11:23,0,level_complete,3958,1,69472,0,518190,958514,32,629684
2025-04-29 21:11:24,0,level_complete,3959,1,69476,0,518260,958599,32,629774
2025-04-29 21:11:24,0,level_complete,3960,1,69477,0,518287,958635,33,629807
2025-04-29 21:11:24,0,level_complete,3961,1,69482,0,518358,958704,40,629895
2025-04-29 21:11:25,0,level_complete,3962,1,69485,0,518425,958799,31,629973
2025-04-29 21:11:26,0,level_complete,3963,1,69487,0,518478,958857,30,630033
2025-04-29 21:11:26,0,level_complete,3964,1,69488,0,518505,958893,28,630061
2025-04-29 21:11:26,0,level_complete,3965,1,69489,0,518532,958933,37,630098
2025-04-29 21:11:26,0,level_complete,3966,1,69490,0,518559,958978,36,630134
2025-04-29 21:11:27,0,level_complete,3967,1,69493,0,518609,959050,36,630201
2025-04-29 21:11:27,0,level_complete,3968,1,69495,0,518648,959098,32,630246
2025-04-29 21:11:28,0,level_complete,3969,1,69496,0,518675,959175,36,630282
2025-04-29 21:11:28,0,level_complete,3970,1,69497,0,518702,959200,40,630322
2025-04-29 21:11:28,0,level_complete,3971,1,69500,0,518754,959268,30,630380
2025-04-29 21:11:29,0,training_run_ep 69500,-,1,69501,0,518765,959277,0,630394
2025-04-29 21:11:29,0,level_complete,3972,1,69502,0,518792,959302,33,630427
2025-04-29 21:11:29,0,level_complete,3973,1,69503,0,518819,959342,30,630457
2025-04-29 21:11:30,0,level_complete,3974,1,69504,0,518846,959395,37,630494
2025-04-29 21:11:31,0,level_complete,3975,1,69512,0,519027,959638,31,630722
2025-04-29 21:11:32,0,level_complete,3976,1,69517,0,519086,959723,31,630790
2025-04-29 21:11:32,0,level_complete,3977,1,69518,0,519113,959756,33,630823
2025-04-29 21:11:32,0,level_complete,3978,1,69520,0,519162,959811,32,630883
2025-04-29 21:11:33,0,level_complete,3979,1,69521,0,519189,959847,29,630912
2025-04-29 21:11:33,0,level_complete,3980,1,69525,0,519228,959894,32,630956
2025-04-29 21:11:33,0,level_complete,3981,1,69526,0,519255,959939,32,630988
2025-04-29 21:11:33,0,level_complete,3982,1,69527,0,519282,959980,35,631023
2025-04-29 21:11:34,0,level_complete,3983,1,69529,0,519329,960056,30,631077
2025-04-29 21:11:34,0,level_complete,3984,1,69530,0,519356,960080,35,631112
2025-04-29 21:11:35,0,level_complete,3985,1,69533,0,519392,960145,28,631150
2025-04-29 21:11:35,0,level_complete,3986,1,69537,0,519473,960238,28,631243
2025-04-29 21:11:37,0,level_complete,3987,1,69549,0,519695,960519,27,631495
2025-04-29 21:11:38,0,level_complete,3988,1,69556,0,519794,960656,36,631617
2025-04-29 21:11:40,0,level_complete,3989,1,69579,0,520083,960945,38,631997
2025-04-29 21:11:40,0,level_complete,3990,1,69580,0,520110,961010,30,632027
2025-04-29 21:11:41,0,level_complete,3991,1,69587,0,520161,961170,28,632082
2025-04-29 21:11:42,0,level_complete,3992,1,69593,0,520263,961273,32,632212
2025-04-29 21:11:42,0,level_complete,3993,1,69596,0,520304,961312,30,632256
2025-04-29 21:11:43,0,level_complete,3994,1,69597,0,520331,961346,35,632291
2025-04-29 21:11:43,0,level_complete,3995,1,69601,0,520407,961448,37,632385
2025-04-29 21:11:44,0,level_complete,3996,1,69603,0,520460,961514,36,632451
2025-04-29 21:11:45,0,level_complete,3997,1,69613,0,520618,961703,32,632644
2025-04-29 21:11:47,0,level_complete,3998,1,69634,0,520806,961943,29,632862
2025-04-29 21:11:47,0,level_complete,3999,1,69638,0,520851,962020,30,632913
2025-04-29 21:11:48,0,level_complete,4000,1,69643,0,520889,962094,30,632955
2025-04-29 21:11:48,0,level_complete,4001,1,69647,0,520950,962215,38,633029
2025-04-29 21:11:49,0,level_complete,4002,1,69648,0,520977,962248,29,633058
2025-04-29 21:11:49,0,level_complete,4003,1,69650,0,521024,962319,30,633110
2025-04-29 21:11:50,0,level_complete,4004,1,69653,0,521081,962385,31,633178
2025-04-29 21:11:50,0,level_complete,4005,1,69657,0,521148,962456,36,633262
2025-04-29 21:11:51,0,level_complete,4006,1,69662,0,521222,962547,30,633360
2025-04-29 21:11:51,0,level_complete,4007,1,69664,0,521262,962587,31,633405
2025-04-29 21:11:51,0,level_complete,4008,1,69666,0,521309,962655,35,633467
2025-04-29 21:11:52,0,level_complete,4009,1,69672,0,521394,962750,33,633575
2025-04-29 21:11:52,0,level_complete,4010,1,69673,0,521421,962804,29,633604
2025-04-29 21:11:53,0,level_complete,4011,1,69681,0,521492,962872,30,633681
2025-04-29 21:11:53,0,level_complete,4012,1,69687,0,521559,962950,34,633767
2025-04-29 21:11:54,0,level_complete,4013,1,69691,0,521639,963055,29,633854
2025-04-29 21:11:55,0,level_complete,4014,1,69706,0,521792,963221,31,634037
2025-04-29 21:11:56,0,level_complete,4015,1,69708,0,521822,963253,34,634074
2025-04-29 21:11:56,0,level_complete,4016,1,69714,0,521898,963324,32,634173
2025-04-29 21:11:57,0,level_complete,4017,1,69718,0,521969,963441,48,634269
2025-04-29 21:11:58,0,level_complete,4018,1,69731,0,522099,963556,35,634429
2025-04-29 21:11:58,0,level_complete,4019,1,69732,0,522126,963596,31,634460
2025-04-29 21:11:58,0,level_complete,4020,1,69735,0,522170,963657,32,634513
2025-04-29 21:12:00,0,level_complete,4021,1,69755,0,522421,963963,35,634811
2025-04-29 21:12:01,0,level_complete,4022,1,69763,0,522505,964096,34,634913
2025-04-29 21:12:02,0,level_complete,4023,1,69769,0,522594,964203,33,635020
2025-04-29 21:12:02,0,level_complete,4024,1,69771,0,522624,964243,29,635052
2025-04-29 21:12:03,0,level_complete,4025,1,69775,0,522686,964340,33,635126
2025-04-29 21:12:04,0,level_complete,4026,1,69781,0,522793,964468,33,635266
2025-04-29 21:12:04,0,level_complete,4027,1,69788,0,522865,964550,37,635359
2025-04-29 21:12:06,0,level_complete,4028,1,69820,0,523153,964823,41,635703
2025-04-29 21:12:07,0,level_complete,4029,1,69827,0,523215,964903,30,635772
2025-04-29 21:12:08,0,level_complete,4030,1,69832,0,523322,965047,31,635900
2025-04-29 21:12:08,0,level_complete,4031,1,69833,0,523349,965084,33,635933
2025-04-29 21:12:09,0,level_complete,4032,1,69846,0,523452,965200,31,636047
2025-04-29 21:12:10,0,level_complete,4033,1,69864,0,523589,965379,29,636202
2025-04-29 21:12:10,0,level_complete,4034,1,69866,0,523623,965420,31,636240
2025-04-29 21:12:11,0,level_complete,4035,1,69867,0,523650,965465,32,636272
2025-04-29 21:12:11,0,level_complete,4036,1,69873,0,523734,965582,37,636376
2025-04-29 21:12:13,0,level_complete,4037,1,69889,0,523964,965823,31,636649
2025-04-29 21:12:13,0,level_complete,4038,1,69890,0,523991,965855,47,636696
2025-04-29 21:12:14,0,level_complete,4039,1,69894,0,524051,965941,31,636762
2025-04-29 21:12:14,0,level_complete,4040,1,69899,0,524106,966013,41,636833
2025-04-29 21:12:15,0,level_complete,4041,1,69902,0,524158,966064,35,636901
2025-04-29 21:12:15,0,level_complete,4042,1,69904,0,524211,966149,33,636970
2025-04-29 21:12:16,0,level_complete,4043,1,69908,0,524257,966206,34,637026
2025-04-29 21:12:16,0,level_complete,4044,1,69912,0,524320,966287,30,637096
2025-04-29 21:12:17,0,level_complete,4045,1,69915,0,524364,966345,32,637149
2025-04-29 21:12:18,0,level_complete,4046,1,69924,0,524496,966550,30,637293
2025-04-29 21:12:19,0,level_complete,4047,1,69931,0,524571,966648,32,637396
2025-04-29 21:12:19,0,level_complete,4048,1,69936,0,524656,966731,34,637494
2025-04-29 21:12:19,0,level_complete,4049,1,69937,0,524683,966754,38,637532
2025-04-29 21:12:20,0,level_complete,4050,1,69938,0,524710,966789,33,637565
2025-04-29 21:12:21,0,level_complete,4051,1,69945,0,524847,966971,31,637723
2025-04-29 21:12:21,0,level_complete,4052,1,69949,0,524901,967062,29,637783
2025-04-29 21:12:22,0,level_complete,4053,1,69952,0,524968,967140,31,637862
2025-04-29 21:12:22,0,level_complete,4054,1,69955,0,525009,967187,28,637910
2025-04-29 21:12:24,0,level_complete,4055,1,69971,0,525224,967420,31,638166
2025-04-29 21:12:24,0,level_complete,4056,1,69979,0,525299,967501,30,638245
2025-04-29 21:12:26,0,level_complete,4057,1,69987,0,525437,967718,39,638421
2025-04-29 21:12:27,0,level_complete,4058,1,69992,0,525513,967806,42,638522
2025-04-29 21:12:27,0,level_complete,4059,1,69998,0,525575,967878,31,638591
2025-04-29 21:12:27,0,level_complete,4060,1,69999,0,525602,967916,35,638626
2025-04-29 21:12:28,0,training_run_ep 70000,-,1,70001,0,525617,967930,0,638642
2025-04-29 21:12:28,0,level_complete,4061,1,70006,0,525683,967996,32,638724
2025-04-29 21:12:31,0,level_complete,4062,1,70024,0,525975,968315,30,639107
2025-04-29 21:12:31,0,level_complete,4063,1,70025,0,526002,968352,30,639137
2025-04-29 21:12:31,0,level_complete,4064,1,70031,0,526048,968394,29,639194
2025-04-29 21:12:32,0,level_complete,4065,1,70035,0,526135,968487,35,639304
2025-04-29 21:12:32,0,level_complete,4066,1,70036,0,526162,968513,40,639344
2025-04-29 21:12:33,0,level_complete,4067,1,70042,0,526258,968614,35,639464
2025-04-29 21:12:33,0,level_complete,4068,1,70047,0,526317,968693,33,639532
2025-04-29 21:12:33,0,level_complete,4069,1,70050,0,526363,968746,34,639588
2025-04-29 21:12:34,0,level_complete,4070,1,70051,0,526390,968779,31,639619
2025-04-29 21:12:34,0,level_complete,4071,1,70052,0,526417,968837,30,639649
2025-04-29 21:12:45,0,level_complete,4072,1,70055,0,526460,970483,29,639698
2025-04-29 21:12:46,0,level_complete,4073,1,70057,0,526510,970535,33,639759
2025-04-29 21:12:46,0,level_complete,4074,1,70058,0,526537,970580,32,639791
2025-04-29 21:12:46,0,level_complete,4075,1,70062,0,526592,970629,34,639858
2025-04-29 21:12:47,0,level_complete,4076,1,70063,0,526619,970658,35,639893
2025-04-29 21:12:47,0,level_complete,4077,1,70064,0,526646,970697,30,639923
2025-04-29 21:12:47,0,level_complete,4078,1,70067,0,526700,970754,34,639989
2025-04-29 21:12:47,0,level_complete,4079,1,70068,0,526727,970795,29,640018
2025-04-29 21:12:48,0,level_complete,4080,1,70069,0,526754,970827,29,640047
2025-04-29 21:12:48,0,level_complete,4081,1,70071,0,526786,970888,43,640095
2025-04-29 21:12:48,0,level_complete,4082,1,70073,0,526818,970927,32,640132
2025-04-29 21:12:49,0,level_complete,4083,1,70078,0,526912,971040,27,640238
2025-04-29 21:12:50,0,level_complete,4084,1,70082,0,526962,971092,33,640301
2025-04-29 21:12:50,0,level_complete,4085,1,70085,0,527022,971149,32,640375
2025-04-29 21:12:50,0,level_complete,4086,1,70086,0,527049,971183,30,640405
2025-04-29 21:12:50,0,level_complete,4087,1,70088,0,527077,971208,32,640438
2025-04-29 21:12:51,0,level_complete,4088,1,70089,0,527104,971248,32,640470
2025-04-29 21:12:51,0,level_complete,4089,1,70091,0,527154,971306,31,640530
2025-04-29 21:12:51,0,level_complete,4090,1,70092,0,527181,971332,36,640566
2025-04-29 21:12:52,0,level_complete,4091,1,70095,0,527237,971411,30,640632
2025-04-29 21:12:52,0,level_complete,4092,1,70099,0,527330,971519,31,640741
2025-04-29 21:12:53,0,level_complete,4093,1,70101,0,527367,971576,38,640790
2025-04-29 21:12:53,0,level_complete,4094,1,70104,0,527433,971677,31,640872
2025-04-29 21:12:54,0,level_complete,4095,1,70107,0,527497,971752,29,640946
2025-04-29 21:12:54,0,level_complete,4096,1,70108,0,527524,971794,35,640981
2025-04-29 21:12:55,0,level_complete,4097,1,70113,0,527597,971877,32,641066
2025-04-29 21:12:55,0,level_complete,4098,1,70114,0,527624,971914,35,641101
2025-04-29 21:12:55,0,level_complete,4099,1,70115,0,527651,971973,30,641131
2025-04-29 21:12:56,0,level_complete,4100,1,70122,0,527721,972044,39,641234
2025-04-29 21:12:57,0,level_complete,4101,1,70126,0,527788,972137,28,641308
2025-04-29 21:12:57,0,level_complete,4102,1,70127,0,527815,972175,32,641340
2025-04-29 21:12:57,0,level_complete,4103,1,70129,0,527868,972240,31,641403
2025-04-29 21:12:58,0,level_complete,4104,1,70133,0,527962,972356,37,641528
2025-04-29 21:12:58,0,level_complete,4105,1,70134,0,527989,972387,37,641565
2025-04-29 21:12:59,0,level_complete,4106,1,70136,0,528022,972443,32,641603
2025-04-29 21:12:59,0,level_complete,4107,1,70138,0,528069,972494,38,641663
2025-04-29 21:12:59,0,level_complete,4108,1,70139,0,528096,972529,30,641693
2025-04-29 21:12:59,0,level_complete,4109,1,70141,0,528131,972578,29,641731
2025-04-29 21:13:00,0,level_complete,4110,1,70142,0,528158,972616,32,641763
2025-04-29 21:13:00,0,level_complete,4111,1,70143,0,528185,972647,36,641799
2025-04-29 21:13:11,0,level_complete,4112,1,70147,0,528254,974211,29,641880
2025-04-29 21:13:11,0,level_complete,4113,1,70150,0,528324,974303,34,641962
2025-04-29 21:13:12,0,level_complete,4114,1,70151,0,528351,974334,31,641993
2025-04-29 21:13:12,0,level_complete,4115,1,70153,0,528380,974364,38,642033
2025-04-29 21:13:12,0,level_complete,4116,1,70154,0,528407,974391,33,642066
2025-04-29 21:13:12,0,level_complete,4117,1,70156,0,528456,974463,28,642125
2025-04-29 21:13:13,0,level_complete,4118,1,70161,0,528547,974598,35,642232
2025-04-29 21:13:14,0,level_complete,4119,1,70162,0,528574,974631,31,642263
2025-04-29 21:13:14,0,level_complete,4120,1,70164,0,528612,974688,33,642308
2025-04-29 21:13:14,0,level_complete,4121,1,70165,0,528639,974752,29,642337
2025-04-29 21:13:15,0,level_complete,4122,1,70167,0,528692,974844,29,642397
2025-04-29 21:13:15,0,level_complete,4123,1,70169,0,528729,974898,39,642452
2025-04-29 21:13:16,0,level_complete,4124,1,70170,0,528756,974948,32,642484
2025-04-29 21:13:16,0,level_complete,4125,1,70171,0,528783,974989,34,642518
2025-04-29 21:13:16,0,level_complete,4126,1,70173,0,528835,975051,32,642579
2025-04-29 21:13:17,0,level_complete,4127,1,70174,0,528862,975092,29,642608
2025-04-29 21:13:17,0,level_complete,4128,1,70176,0,528897,975153,29,642645
2025-04-29 21:13:18,0,level_complete,4129,1,70177,0,528924,975225,43,642688
2025-04-29 21:13:18,0,level_complete,4130,1,70179,0,528960,975264,33,642731
2025-04-29 21:13:18,0,level_complete,4131,1,70180,0,528987,975296,32,642763
2025-04-29 21:13:18,0,level_complete,4132,1,70184,0,529032,975344,32,642813
2025-04-29 21:13:38,0,level_complete,4133,1,70187,0,529085,978387,38,642881
2025-04-29 21:13:38,0,level_complete,4134,1,70188,0,529112,978416,31,642912
2025-04-29 21:13:39,0,level_complete,4135,1,70189,0,529139,978454,30,642942
2025-04-29 21:13:39,0,level_complete,4136,1,70190,0,529166,978492,31,642973
2025-04-29 21:13:40,0,level_complete,4137,1,70197,0,529265,978617,31,643088
2025-04-29 21:13:40,0,level_complete,4138,1,70200,0,529307,978665,30,643135
2025-04-29 21:13:40,0,level_complete,4139,1,70202,0,529357,978711,32,643194
2025-04-29 21:13:41,0,level_complete,4140,1,70211,0,529423,978783,36,643273
2025-04-29 21:13:42,0,level_complete,4141,1,70217,0,529523,978925,28,643393
2025-04-29 21:13:43,0,level_complete,4142,1,70233,0,529676,979074,33,643599
2025-04-29 21:13:44,0,level_complete,4143,1,70252,0,529791,979185,46,643746
2025-04-29 21:13:44,0,level_complete,4144,1,70253,0,529818,979212,33,643779
2025-04-29 21:13:44,0,level_complete,4145,1,70255,0,529861,979262,29,643831
2025-04-29 21:13:44,0,level_complete,4146,1,70256,0,529888,979286,35,643866
2025-04-29 21:13:45,0,level_complete,4147,1,70266,0,530016,979435,39,644021
2025-04-29 21:13:46,0,level_complete,4148,1,70270,0,530090,979507,33,644109
2025-04-29 21:13:46,0,level_complete,4149,1,70275,0,530171,979577,34,644213
2025-04-29 21:13:47,0,level_complete,4150,1,70277,0,530224,979643,29,644273
2025-04-29 21:13:47,0,level_complete,4151,1,70279,0,530276,979696,33,644342
2025-04-29 21:13:47,0,level_complete,4152,1,70280,0,530303,979721,34,644376
2025-04-29 21:13:48,0,level_complete,4153,1,70282,0,530332,979759,30,644408
2025-04-29 21:13:48,0,level_complete,4154,1,70283,0,530359,979792,30,644438
2025-04-29 21:13:48,0,level_complete,4155,1,70285,0,530389,979860,35,644476
2025-04-29 21:13:49,0,level_complete,4156,1,70286,0,530416,979900,38,644514
2025-04-29 21:13:49,0,level_complete,4157,1,70288,0,530452,979940,32,644555
2025-04-29 21:13:50,0,level_complete,4158,1,70295,0,530542,980034,33,644662
2025-04-29 21:13:50,0,level_complete,4159,1,70296,0,530569,980059,35,644697
2025-04-29 21:13:51,0,level_complete,4160,1,70306,0,530756,980254,33,644923
2025-04-29 21:13:52,0,level_complete,4161,1,70311,0,530832,980361,38,645023
2025-04-29 21:13:53,0,level_complete,4162,1,70323,0,531020,980557,31,645257
2025-04-29 21:13:53,0,level_complete,4163,1,70325,0,531065,980613,33,645318
2025-04-29 21:13:54,0,level_complete,4164,1,70326,0,531092,980649,34,645352
2025-04-29 21:13:54,0,level_complete,4165,1,70331,0,531142,980706,39,645417
2025-04-29 21:13:55,0,level_complete,4166,1,70336,0,531228,980789,31,645525
2025-04-29 21:13:55,0,level_complete,4167,1,70337,0,531255,980822,30,645555
2025-04-29 21:13:55,0,level_complete,4168,1,70338,0,531282,980873,35,645590
2025-04-29 21:13:56,0,level_complete,4169,1,70341,0,531343,980937,39,645668
2025-04-29 21:13:57,0,level_complete,4170,1,70349,0,531481,981079,32,645837
2025-04-29 21:13:57,0,level_complete,4171,1,70350,0,531508,981113,40,645877
2025-04-29 21:13:58,0,level_complete,4172,1,70358,0,531611,981242,29,645993
2025-04-29 21:13:59,0,level_complete,4173,1,70360,0,531663,981383,31,646053
2025-04-29 21:13:59,0,level_complete,4174,1,70361,0,531690,981410,39,646092
2025-04-29 21:13:59,0,level_complete,4175,1,70366,0,531767,981516,32,646188
2025-04-29 21:14:01,0,level_complete,4176,1,70376,0,531934,981740,36,646391
2025-04-29 21:14:02,0,level_complete,4177,1,70390,0,532140,981974,34,646640
2025-04-29 21:14:03,0,level_complete,4178,1,70392,0,532176,982017,31,646680
2025-04-29 21:14:04,0,level_complete,4179,1,70406,0,532295,982177,30,646821
2025-04-29 21:14:04,0,level_complete,4180,1,70407,0,532322,982210,31,646852
2025-04-29 21:14:34,0,level_complete,4181,1,70436,0,532636,986510,32,647263
2025-04-29 21:14:34,0,level_complete,4182,1,70438,0,532671,986557,36,647308
2025-04-29 21:14:35,0,level_complete,4183,1,70441,0,532743,986634,36,647398
2025-04-29 21:14:35,0,level_complete,4184,1,70442,0,532770,986673,28,647426
2025-04-29 21:14:36,0,level_complete,4185,1,70451,0,532961,986873,37,647683
2025-04-29 21:14:37,0,level_complete,4186,1,70461,0,533086,987005,33,647834
2025-04-29 21:14:38,0,level_complete,4187,1,70473,0,533220,987160,31,647994
2025-04-29 21:14:39,0,level_complete,4188,1,70480,0,533295,987235,34,648099
2025-04-29 21:14:39,0,level_complete,4189,1,70481,0,533322,987276,34,648133
2025-04-29 21:14:40,0,level_complete,4190,1,70484,0,533357,987337,33,648174
2025-04-29 21:14:40,0,level_complete,4191,1,70491,0,533479,987470,29,648323
2025-04-29 21:14:41,0,level_complete,4192,1,70496,0,533589,987614,34,648455
2025-04-29 21:14:42,0,level_complete,4193,1,70499,0,533639,987695,31,648517
2025-04-29 21:14:43,0,training_run_ep 70500,-,1,70501,0,533668,987729,0,648548
2025-04-29 21:14:44,0,level_complete,4194,1,70513,0,533837,987882,41,648782
2025-04-29 21:14:44,0,level_complete,4195,1,70515,0,533868,987930,32,648819
2025-04-29 21:14:44,0,level_complete,4196,1,70516,0,533895,987958,35,648854
2025-04-29 21:14:45,0,level_complete,4197,1,70522,0,533985,988104,29,648970
2025-04-29 21:14:46,0,level_complete,4198,1,70525,0,534038,988158,36,649035
2025-04-29 21:14:46,0,level_complete,4199,1,70527,0,534089,988205,36,649100
2025-04-29 21:14:46,0,level_complete,4200,1,70530,0,534144,988277,33,649165
2025-04-29 21:14:48,0,level_complete,4201,1,70543,0,534321,988454,38,649382
2025-04-29 21:14:48,0,level_complete,4202,1,70546,0,534365,988498,33,649436
2025-04-29 21:14:48,0,level_complete,4203,1,70548,0,534418,988564,39,649503
2025-04-29 21:14:49,0,level_complete,4204,1,70550,0,534469,988617,33,649566
2025-04-29 21:14:50,0,level_complete,4205,1,70558,0,534584,988742,31,649701
2025-04-29 21:14:50,0,level_complete,4206,1,70559,0,534611,988772,30,649731
2025-04-29 21:14:50,0,level_complete,4207,1,70563,0,534669,988836,32,649800
2025-04-29 21:14:51,0,level_complete,4208,1,70570,0,534791,988966,30,649947
2025-04-29 21:14:51,0,level_complete,4209,1,70573,0,534846,989029,31,650009
2025-04-29 21:14:52,0,level_complete,4210,1,70575,0,534893,989099,31,650065
2025-04-29 21:14:52,0,level_complete,4211,1,70577,0,534944,989162,33,650128
2025-04-29 21:14:53,0,level_complete,4212,1,70579,0,534991,989219,33,650183
2025-04-29 21:14:53,0,level_complete,4213,1,70580,0,535018,989248,31,650214
2025-04-29 21:14:53,0,level_complete,4214,1,70582,0,535063,989310,33,650269
2025-04-29 21:14:54,0,level_complete,4215,1,70585,0,535096,989362,29,650304
2025-04-29 21:14:55,0,level_complete,4216,1,70604,0,535262,989572,32,650501
2025-04-29 21:14:55,0,level_complete,4217,1,70605,0,535289,989608,29,650530
2025-04-29 21:14:56,0,level_complete,4218,1,70609,0,535350,989671,37,650610
2025-04-29 21:14:58,0,level_complete,4219,1,70625,0,535607,989944,34,650917
2025-04-29 21:14:58,0,level_complete,4220,1,70628,0,535673,990044,29,650996
2025-04-29 21:14:59,0,level_complete,4221,1,70630,0,535718,990117,29,651048
2025-04-29 21:14:59,0,level_complete,4222,1,70632,0,535756,990161,35,651095
2025-04-29 21:14:59,0,level_complete,4223,1,70633,0,535783,990196,35,651130
2025-04-29 21:15:00,0,level_complete,4224,1,70634,0,535810,990234,29,651159
2025-04-29 21:15:01,0,level_complete,4225,1,70643,0,535925,990382,29,651286
2025-04-29 21:15:01,0,level_complete,4226,1,70649,0,535995,990451,34,651372
2025-04-29 21:15:02,0,level_complete,4227,1,70651,0,536040,990517,30,651425
2025-04-29 21:15:02,0,level_complete,4228,1,70653,0,536089,990573,32,651481
2025-04-29 21:15:04,0,level_complete,4229,1,70674,0,536357,990851,30,651810
2025-04-29 21:15:05,0,level_complete,4230,1,70678,0,536427,990980,33,651900
2025-04-29 21:15:06,0,level_complete,4231,1,70684,0,536538,991143,38,652038
2025-04-29 21:15:07,0,level_complete,4232,1,70692,0,536713,991394,31,652250
2025-04-29 21:15:07,0,level_complete,4233,1,70693,0,536740,991425,30,652280
2025-04-29 21:15:08,0,level_complete,4234,1,70694,0,536767,991454,33,652313
2025-04-29 21:15:08,0,level_complete,4235,1,70695,0,536794,991491,37,652350
2025-04-29 21:15:08,0,level_complete,4236,1,70698,0,536843,991537,35,652412
2025-04-29 21:15:08,0,level_complete,4237,1,70699,0,536870,991574,31,652443
2025-04-29 21:15:10,0,level_complete,4238,1,70705,0,536989,991843,33,652581
2025-04-29 21:15:11,0,level_complete,4239,1,70707,0,537027,991888,31,652623
2025-04-29 21:15:11,0,level_complete,4240,1,70710,0,537091,991946,35,652704
2025-04-29 21:15:12,0,level_complete,4241,1,70719,0,537247,992153,29,652878
2025-04-29 21:15:13,0,level_complete,4242,1,70720,0,537274,992191,39,652917
2025-04-29 21:15:13,0,level_complete,4243,1,70721,0,537301,992227,31,652948
2025-04-29 21:15:13,0,level_complete,4244,1,70723,0,537353,992307,38,653020
2025-04-29 21:15:14,0,level_complete,4245,1,70725,0,537381,992353,35,653056
2025-04-29 21:15:14,0,level_complete,4246,1,70730,0,537462,992436,29,653149
2025-04-29 21:15:15,0,level_complete,4247,1,70735,0,537574,992562,34,653282
2025-04-29 21:15:16,0,level_complete,4248,1,70739,0,537653,992650,33,653374
2025-04-29 21:15:16,0,level_complete,4249,1,70741,0,537685,992687,39,653418
2025-04-29 21:15:16,0,level_complete,4250,1,70744,0,537740,992744,35,653488
2025-04-29 21:15:17,0,level_complete,4251,1,70745,0,537767,992783,32,653520
2025-04-29 21:15:17,0,level_complete,4252,1,70746,0,537794,992811,31,653551
2025-04-29 21:15:17,0,level_complete,4253,1,70747,0,537821,992837,31,653582
2025-04-29 21:15:17,0,level_complete,4254,1,70748,0,537848,992865,33,653615
2025-04-29 21:15:17,0,level_complete,4255,1,70749,0,537875,992895,38,653653
2025-04-29 21:15:18,0,level_complete,4256,1,70754,0,537961,993047,36,653758
2025-04-29 21:15:19,0,level_complete,4257,1,70756,0,538007,993114,28,653806
2025-04-29 21:15:19,0,level_complete,4258,1,70757,0,538034,993149,31,653837
2025-04-29 21:15:21,0,level_complete,4259,1,70765,0,538169,993456,29,653997
2025-04-29 21:15:21,0,level_complete,4260,1,70768,0,538219,993497,37,654063
2025-04-29 21:15:22,0,level_complete,4261,1,70769,0,538246,993524,35,654098
2025-04-29 21:15:22,0,level_complete,4262,1,70770,0,538273,993567,31,654129
2025-04-29 21:15:22,0,level_complete,4263,1,70771,0,538300,993603,31,654160
2025-04-29 21:15:23,0,level_complete,4264,1,70773,0,538348,993688,33,654215
2025-04-29 21:15:23,0,level_complete,4265,1,70774,0,538375,993715,31,654246
2025-04-29 21:15:23,0,level_complete,4266,1,70775,0,538402,993757,30,654276
2025-04-29 21:15:23,0,level_complete,4267,1,70776,0,538429,993794,29,654305
2025-04-29 21:15:24,0,level_complete,4268,1,70778,0,538462,993830,34,654345
2025-04-29 21:15:24,0,level_complete,4269,1,70781,0,538508,993881,30,654397
2025-04-29 21:15:24,0,level_complete,4270,1,70782,0,538535,993916,30,654427
2025-04-29 21:15:24,0,level_complete,4271,1,70783,0,538562,993950,34,654461
2025-04-29 21:15:25,0,level_complete,4272,1,70787,0,538649,994063,27,654554
2025-04-29 21:15:26,0,level_complete,4273,1,70791,0,538697,994124,31,654611
2025-04-29 21:15:27,0,level_complete,4274,1,70802,0,538835,994288,30,654776
2025-04-29 21:15:28,0,level_complete,4275,1,70812,0,538983,994496,32,654953
2025-04-29 21:15:28,0,level_complete,4276,1,70816,0,539036,994551,29,655018
2025-04-29 21:15:29,0,level_complete,4277,1,70822,0,539116,994648,29,655107
2025-04-29 21:15:31,0,level_complete,4278,1,70836,0,539326,994911,34,655361
2025-04-29 21:15:31,0,level_complete,4279,1,70837,0,539353,994968,31,655392
2025-04-29 21:15:32,0,level_complete,4280,1,70839,0,539406,995041,38,655462
2025-04-29 21:15:32,0,level_complete,4281,1,70840,0,539433,995069,32,655494
2025-04-29 21:15:33,0,level_complete,4282,1,70847,0,539549,995197,31,655637
2025-04-29 21:15:33,0,level_complete,4283,1,70849,0,539599,995274,36,655701
2025-04-29 21:15:33,0,level_complete,4284,1,70853,0,539648,995321,36,655760
2025-04-29 21:15:34,0,level_complete,4285,1,70856,0,539709,995407,31,655833
2025-04-29 21:15:35,0,level_complete,4286,1,70861,0,539779,995478,38,655923
2025-04-29 21:15:35,0,level_complete,4287,1,70865,0,539848,995562,32,656007
2025-04-29 21:15:35,0,level_complete,4288,1,70866,0,539875,995599,32,656039
2025-04-29 21:15:38,0,level_complete,4289,1,70881,0,540113,995935,37,656337
2025-04-29 21:15:38,0,level_complete,4290,1,70882,0,540140,995995,30,656367
2025-04-29 21:15:38,0,level_complete,4291,1,70885,0,540218,996077,39,656465
2025-04-29 21:15:39,0,level_complete,4292,1,70886,0,540245,996115,35,656500
2025-04-29 21:15:39,0,level_complete,4293,1,70887,0,540272,996147,32,656532
2025-04-29 21:15:39,0,level_complete,4294,1,70889,0,540325,996223,30,656593
2025-04-29 21:15:40,0,level_complete,4295,1,70890,0,540352,996264,29,656622
2025-04-29 21:15:40,0,level_complete,4296,1,70891,0,540379,996321,33,656655
2025-04-29 21:15:41,0,level_complete,4297,1,70895,0,540443,996395,33,656735
2025-04-29 21:15:41,0,level_complete,4298,1,70896,0,540470,996432,28,656763
2025-04-29 21:15:41,0,level_complete,4299,1,70898,0,540512,996482,32,656812
2025-04-29 21:15:42,0,level_complete,4300,1,70905,0,540644,996633,40,656978
2025-04-29 21:15:43,0,level_complete,4301,1,70906,0,540671,996681,30,657008
2025-04-29 21:15:43,0,level_complete,4302,1,70907,0,540698,996712,30,657038
2025-04-29 21:15:43,0,level_complete,4303,1,70908,0,540725,996743,36,657074
2025-04-29 21:15:44,0,level_complete,4304,1,70919,0,540883,996915,43,657274
2025-04-29 21:15:45,0,level_complete,4305,1,70924,0,540967,997016,31,657372
2025-04-29 21:15:45,0,level_complete,4306,1,70926,0,541010,997065,31,657426
2025-04-29 21:15:45,0,level_complete,4307,1,70927,0,541037,997097,29,657455
2025-04-29 21:15:46,0,level_complete,4308,1,70928,0,541064,997130,40,657495
2025-04-29 21:15:46,0,level_complete,4309,1,70929,0,541091,997159,39,657534
2025-04-29 21:15:47,0,level_complete,4310,1,70946,0,541302,997372,31,657776
2025-04-29 21:15:48,0,level_complete,4311,1,70954,0,541435,997534,31,657933
2025-04-29 21:15:52,0,level_complete,4312,1,70996,0,541901,998063,27,658485
2025-04-29 21:15:52,0,level_complete,4313,1,70997,0,541928,998084,37,658522
2025-04-29 21:15:52,0,level_complete,4314,1,70998,0,541955,998109,33,658555
2025-04-29 21:15:53,0,training_run_ep 71000,-,1,71001,0,541974,998124,0,658579
2025-04-29 21:15:54,0,level_complete,4315,1,71010,0,542134,998303,31,658764
2025-04-29 21:15:55,0,level_complete,4316,1,71018,0,542273,998446,36,658933
2025-04-29 21:15:55,0,level_complete,4317,1,71019,0,542300,998507,31,658964
2025-04-29 21:15:56,0,level_complete,4318,1,71025,0,542399,998647,32,659079
2025-04-29 21:15:56,0,level_complete,4319,1,71027,0,542427,998680,31,659111
2025-04-29 21:15:57,0,level_complete,4320,1,71028,0,542454,998710,37,659148
2025-04-29 21:15:57,0,level_complete,4321,1,71029,0,542481,998748,31,659179
2025-04-29 21:15:57,0,level_complete,4322,1,71031,0,542511,998775,31,659213
2025-04-29 21:15:58,0,level_complete,4323,1,71035,0,542590,998870,31,659315
2025-04-29 21:15:59,0,level_complete,4324,1,71042,0,542705,999017,32,659452
2025-04-29 21:16:00,0,level_complete,4325,1,71057,0,542906,999199,37,659715
2025-04-29 21:16:00,0,level_complete,4326,1,71058,0,542933,999255,31,659746
2025-04-29 21:16:01,0,level_complete,4327,1,71064,0,543027,999383,32,659860
2025-04-29 21:16:02,0,level_complete,4328,1,71070,0,543130,999508,34,659987
2025-04-29 21:16:05,0,level_complete,4329,1,71100,0,543484,999870,31,660413
2025-04-29 21:16:05,0,level_complete,4330,1,71103,0,543532,999939,41,660484
2025-04-29 21:16:06,0,level_complete,4331,1,71116,0,543664,1000082,32,660644
2025-04-29 21:16:07,0,level_complete,4332,1,71120,0,543737,1000177,34,660734
2025-04-29 21:16:07,0,level_complete,4333,1,71124,0,543782,1000222,35,660791
2025-04-29 21:16:08,0,level_complete,4334,1,71139,0,543969,1000400,37,661020
2025-04-29 21:16:09,0,level_complete,4335,1,71146,0,544057,1000480,35,661127
2025-04-29 21:16:10,0,level_complete,4336,1,71157,0,544215,1000661,39,661313
2025-04-29 21:16:10,0,level_complete,4337,1,71162,0,544283,1000743,37,661399
2025-04-29 21:16:11,0,level_complete,4338,1,71170,0,544391,1000886,36,661538
2025-04-29 21:16:12,0,level_complete,4339,1,71173,0,544442,1000971,40,661608
2025-04-29 21:16:13,0,level_complete,4340,1,71178,0,544524,1001078,31,661708
2025-04-29 21:16:13,0,level_complete,4341,1,71182,0,544570,1001142,35,661764
2025-04-29 21:16:36,0,level_complete,4342,1,71187,0,544673,1004475,33,661889
2025-04-29 21:16:36,0,level_complete,4343,1,71190,0,544713,1004524,33,661936
2025-04-29 21:16:48,0,level_complete,4344,1,71193,0,544774,1006260,35,662012
2025-04-29 21:16:51,0,level_complete,4345,1,71219,0,545133,1006613,35,662465
2025-04-29 21:16:51,0,level_complete,4346,1,71222,0,545188,1006675,31,662539
2025-04-29 21:16:52,0,level_complete,4347,1,71236,0,545362,1006865,35,662747
2025-04-29 21:16:53,0,level_complete,4348,1,71248,0,545556,1007039,35,662988
2025-04-29 21:16:54,0,level_complete,4349,1,71255,0,545645,1007139,38,663099
2025-04-29 21:16:55,0,level_complete,4350,1,71259,0,545734,1007259,29,663199
2025-04-29 21:16:56,0,level_complete,4351,1,71276,0,545948,1007497,28,663473
2025-04-29 21:16:57,0,level_complete,4352,1,71277,0,545975,1007532,36,663509
2025-04-29 21:16:59,0,level_complete,4353,1,71300,0,546358,1007947,33,663981
2025-04-29 21:17:00,0,level_complete,4354,1,71303,0,546431,1008037,28,664063
2025-04-29 21:17:01,0,level_complete,4355,1,71318,0,546636,1008238,31,664334
2025-04-29 21:17:05,0,level_complete,4356,1,71344,0,546990,1008770,40,664768
2025-04-29 21:17:05,0,level_complete,4357,1,71345,0,547017,1008811,36,664804
2025-04-29 21:17:05,0,level_complete,4358,1,71347,0,547044,1008839,33,664837
2025-04-29 21:17:06,0,level_complete,4359,1,71351,0,547133,1008962,37,664951
2025-04-29 21:17:06,0,level_complete,4360,1,71352,0,547160,1008998,29,664980
2025-04-29 21:17:06,0,level_complete,4361,1,71353,0,547187,1009030,29,665009
2025-04-29 21:17:07,0,level_complete,4362,1,71354,0,547214,1009082,32,665041
2025-04-29 21:17:07,0,level_complete,4363,1,71356,0,547255,1009135,28,665085
2025-04-29 21:17:08,0,level_complete,4364,1,71357,0,547282,1009212,35,665120
2025-04-29 21:17:08,0,level_complete,4365,1,71358,0,547309,1009248,31,665151
2025-04-29 21:17:08,0,level_complete,4366,1,71359,0,547336,1009289,31,665182
2025-04-29 21:17:09,0,level_complete,4367,1,71360,0,547363,1009347,28,665210
2025-04-29 21:17:09,0,level_complete,4368,1,71366,0,547466,1009465,34,665333
2025-04-29 21:17:10,0,level_complete,4369,1,71368,0,547515,1009513,37,665399
2025-04-29 21:17:10,0,level_complete,4370,1,71369,0,547542,1009549,32,665431
2025-04-29 21:17:10,0,level_complete,4371,1,71371,0,547589,1009623,27,665483
2025-04-29 21:17:11,0,level_complete,4372,1,71377,0,547642,1009688,30,665542
2025-04-29 21:17:11,0,level_complete,4373,1,71380,0,547714,1009766,33,665637
2025-04-29 21:17:12,0,level_complete,4374,1,71382,0,547762,1009826,32,665695
2025-04-29 21:17:13,0,level_complete,4375,1,71392,0,547940,1010002,34,665911
2025-04-29 21:17:13,0,level_complete,4376,1,71395,0,547993,1010060,33,665973
2025-04-29 21:17:14,0,level_complete,4377,1,71399,0,548069,1010176,33,666066
2025-04-29 21:17:14,0,level_complete,4378,1,71400,0,548096,1010211,29,666095
2025-04-29 21:17:15,0,level_complete,4379,1,71407,0,548201,1010338,43,666238
2025-04-29 21:17:16,0,level_complete,4380,1,71409,0,548241,1010406,38,666290
2025-04-29 21:17:17,0,level_complete,4381,1,71418,0,548390,1010587,32,666457
2025-04-29 21:17:20,0,level_complete,4382,1,71432,0,548603,1011028,36,666707
2025-04-29 21:17:20,0,level_complete,4383,1,71436,0,548664,1011110,36,666778
2025-04-29 21:17:21,0,level_complete,4384,1,71440,0,548714,1011177,32,666834
2025-04-29 21:17:21,0,level_complete,4385,1,71442,0,548765,1011251,35,666898
2025-04-29 21:17:22,0,level_complete,4386,1,71445,0,548821,1011322,30,666961
2025-04-29 21:17:22,0,level_complete,4387,1,71447,0,548859,1011360,33,667006
2025-04-29 21:17:24,0,level_complete,4388,1,71464,0,549062,1011581,32,667242
2025-04-29 21:17:24,0,level_complete,4389,1,71467,0,549104,1011641,32,667291
2025-04-29 21:17:24,0,level_complete,4390,1,71469,0,549138,1011683,33,667331
2025-04-29 21:17:25,0,level_complete,4391,1,71477,0,549277,1011840,37,667502
2025-04-29 21:17:26,0,level_complete,4392,1,71484,0,549383,1011950,30,667636
2025-04-29 21:17:27,0,level_complete,4393,1,71487,0,549441,1012025,35,667706
2025-04-29 21:17:27,0,level_complete,4394,1,71488,0,549468,1012083,30,667736
2025-04-29 21:17:28,0,level_complete,4395,1,71496,0,549594,1012210,30,667879
2025-04-29 21:17:28,0,level_complete,4396,1,71497,0,549621,1012249,32,667911
2025-04-29 21:17:28,0,level_complete,4397,1,71498,0,549648,1012301,30,667941
2025-04-29 21:17:29,0,training_run_ep 71500,-,1,71501,0,549683,1012368,0,667982
2025-04-29 21:17:30,0,level_complete,4398,1,71505,0,549742,1012486,44,668068
2025-04-29 21:17:31,0,level_complete,4399,1,71508,0,549816,1012583,32,668165
2025-04-29 21:17:32,0,level_complete,4400,1,71516,0,549948,1012747,32,668326
2025-04-29 21:17:32,0,level_complete,4401,1,71523,0,550042,1012835,29,668437
2025-04-29 21:17:33,0,level_complete,4402,1,71524,0,550069,1012873,33,668470
2025-04-29 21:17:34,0,level_complete,4403,1,71526,0,550113,1013030,28,668527
2025-04-29 21:17:35,0,level_complete,4404,1,71534,0,550241,1013171,31,668676
2025-04-29 21:17:35,0,level_complete,4405,1,71537,0,550306,1013228,35,668761
2025-04-29 21:17:35,0,level_complete,4406,1,71538,0,550333,1013260,38,668799
2025-04-29 21:17:37,0,level_complete,4407,1,71557,0,550579,1013577,32,669083
2025-04-29 21:17:39,0,level_complete,4408,1,71569,0,550753,1013776,33,669305
2025-04-29 21:17:41,0,level_complete,4409,1,71585,0,551048,1014073,31,669674
2025-04-29 21:17:41,0,level_complete,4410,1,71589,0,551099,1014123,39,669745
2025-04-29 21:17:42,0,level_complete,4411,1,71591,0,551151,1014221,31,669815
2025-04-29 21:17:42,0,level_complete,4412,1,71594,0,551221,1014296,37,669903
2025-04-29 21:17:42,0,level_complete,4413,1,71597,0,551274,1014345,36,669976
2025-04-29 21:17:43,0,level_complete,4414,1,71598,0,551301,1014373,35,670011
2025-04-29 21:17:43,0,level_complete,4415,1,71602,0,551334,1014422,32,670049
2025-04-29 21:17:45,0,level_complete,4416,1,71616,0,551517,1014647,29,670279
2025-04-29 21:17:45,0,level_complete,4417,1,71620,0,551560,1014705,27,670333
2025-04-29 21:17:46,0,level_complete,4418,1,71627,0,551637,1014789,30,670424
2025-04-29 21:17:47,0,level_complete,4419,1,71645,0,551837,1015021,32,670659
2025-04-29 21:17:48,0,level_complete,4420,1,71653,0,551915,1015095,33,670753
2025-04-29 21:17:48,0,level_complete,4421,1,71654,0,551942,1015138,31,670784
2025-04-29 21:17:49,0,level_complete,4422,1,71658,0,552032,1015238,29,670892
2025-04-29 21:17:49,0,level_complete,4423,1,71660,0,552062,1015277,32,670927
2025-04-29 21:17:49,0,level_complete,4424,1,71663,0,552103,1015323,36,670977
2025-04-29 21:17:51,0,level_complete,4425,1,71668,0,552192,1015561,28,671071
2025-04-29 21:17:51,0,level_complete,4426,1,71669,0,552219,1015610,37,671108
2025-04-29 21:17:52,0,level_complete,4427,1,71675,0,552306,1015706,31,671213
2025-04-29 21:17:52,0,level_complete,4428,1,71676,0,552333,1015733,31,671244
2025-04-29 21:17:52,0,level_complete,4429,1,71679,0,552383,1015807,27,671300
2025-04-29 21:17:53,0,level_complete,4430,1,71688,0,552495,1015916,35,671432
2025-04-29 21:17:55,0,level_complete,4431,1,71702,0,552685,1016165,46,671672
2025-04-29 21:17:56,0,level_complete,4432,1,71707,0,552792,1016284,32,671798
2025-04-29 21:17:56,0,level_complete,4433,1,71709,0,552830,1016328,31,671842
2025-04-29 21:17:57,0,level_complete,4434,1,71714,0,552913,1016431,32,671946
2025-04-29 21:17:57,0,level_complete,4435,1,71715,0,552940,1016453,34,671980
2025-04-29 21:17:57,0,level_complete,4436,1,71718,0,552986,1016537,31,672033
2025-04-29 21:17:58,0,level_complete,4437,1,71730,0,553089,1016633,34,672153
2025-04-29 21:17:58,0,level_complete,4438,1,71733,0,553132,1016678,36,672206
2025-04-29 21:17:59,0,level_complete,4439,1,71734,0,553159,1016721,35,672241
2025-04-29 21:18:00,0,level_complete,4440,1,71743,0,553299,1016913,30,672402
2025-04-29 21:18:03,0,level_complete,4441,1,71771,0,553642,1017322,30,672801
2025-04-29 21:18:04,0,level_complete,4442,1,71774,0,553700,1017499,34,672868
2025-04-29 21:18:04,0,level_complete,4443,1,71776,0,553736,1017546,30,672909
2025-04-29 21:18:05,0,level_complete,4444,1,71788,0,553836,1017747,32,673036
2025-04-29 21:18:06,0,level_complete,4445,1,71793,0,553874,1017814,31,673079
2025-04-29 21:18:06,0,level_complete,4446,1,71797,0,553945,1017919,38,673178
2025-04-29 21:18:07,0,level_complete,4447,1,71801,0,554036,1018024,35,673290
2025-04-29 21:18:07,0,level_complete,4448,1,71802,0,554063,1018064,37,673327
2025-04-29 21:18:08,0,level_complete,4449,1,71807,0,554121,1018162,35,673406
2025-04-29 21:18:12,0,level_complete,4450,1,71824,0,554308,1018685,30,673624
2025-04-29 21:18:12,0,level_complete,4451,1,71828,0,554365,1018747,34,673692
2025-04-29 21:18:13,0,level_complete,4452,1,71842,0,554504,1018915,33,673871
2025-04-29 21:18:15,0,level_complete,4453,1,71863,0,554733,1019189,30,674161
2025-04-29 21:18:16,0,level_complete,4454,1,71870,0,554845,1019304,30,674303
2025-04-29 21:18:16,0,level_complete,4455,1,71873,0,554897,1019373,32,674365
2025-04-29 21:18:17,0,level_complete,4456,1,71874,0,554924,1019430,31,674396
2025-04-29 21:18:17,0,level_complete,4457,1,71879,0,555005,1019517,31,674489
2025-04-29 21:18:17,0,level_complete,4458,1,71880,0,555032,1019546,30,674519
2025-04-29 21:18:18,0,level_complete,4459,1,71881,0,555059,1019586,30,674549
2025-04-29 21:18:18,0,level_complete,4460,1,71882,0,555086,1019631,31,674580
2025-04-29 21:18:19,0,level_complete,4461,1,71890,0,555161,1019717,35,674669
2025-04-29 21:18:21,0,level_complete,4462,1,71915,0,555414,1020053,52,675005
2025-04-29 21:18:21,0,level_complete,4463,1,71916,0,555441,1020107,32,675037
2025-04-29 21:18:22,0,level_complete,4464,1,71918,0,555489,1020225,31,675091
2025-04-29 21:18:24,0,level_complete,4465,1,71930,0,555678,1020488,31,675319
2025-04-29 21:18:26,0,level_complete,4466,1,71965,0,556032,1020838,42,675771
2025-04-29 21:18:27,0,level_complete,4467,1,71968,0,556094,1020929,36,675854
2025-04-29 21:18:27,0,level_complete,4468,1,71969,0,556121,1020974,32,675886
2025-04-29 21:18:28,0,level_complete,4469,1,71973,0,556183,1021039,35,675965
2025-04-29 21:18:29,0,level_complete,4470,1,71981,0,556250,1021193,29,676036
2025-04-29 21:18:30,0,training_run_ep 72000,-,1,72001,0,556414,1021380,0,676227
2025-04-29 21:18:34,0,level_complete,4471,1,72046,0,556852,1021889,31,676748
2025-04-29 21:18:37,0,level_complete,4472,1,72101,0,557334,1022321,33,677361
2025-04-29 21:18:42,0,level_complete,4473,1,72190,0,558030,1022985,32,678187
2025-04-29 21:18:46,0,level_complete,4474,1,72271,0,558602,1023524,32,678871
2025-04-29 21:18:47,0,level_complete,4475,1,72299,0,558822,1023724,30,679178
2025-04-29 21:18:48,0,level_complete,4476,1,72305,0,558886,1023797,29,679247
2025-04-29 21:18:53,0,level_complete,4477,1,72387,0,559659,1024582,32,680172
2025-04-29 21:18:55,0,level_complete,4478,1,72414,0,559873,1024801,34,680423
2025-04-29 21:18:56,0,level_complete,4479,1,72445,0,560126,1025061,32,680731
2025-04-29 21:18:57,0,level_complete,4480,1,72448,0,560163,1025101,35,680777
2025-04-29 21:18:57,0,level_complete,4481,1,72454,0,560265,1025199,30,680904
2025-04-29 21:18:58,0,level_complete,4482,1,72456,0,560298,1025238,32,680942
2025-04-29 21:19:00,0,level_complete,4483,1,72473,0,560538,1025547,29,681218
2025-04-29 21:19:00,0,level_complete,4484,1,72475,0,560568,1025603,31,681252
2025-04-29 21:19:01,0,level_complete,4485,1,72480,0,560675,1025798,35,681380
2025-04-29 21:19:02,0,level_complete,4486,1,72481,0,560702,1025846,31,681411
2025-04-29 21:19:02,0,level_complete,4487,1,72484,0,560742,1025899,32,681457
2025-04-29 21:19:02,0,level_complete,4488,1,72487,0,560796,1025959,32,681521
2025-04-29 21:19:15,0,level_complete,4489,1,72490,0,560869,1027978,32,681614
2025-04-29 21:19:15,0,level_complete,4490,1,72494,0,560921,1028034,31,681676
2025-04-29 21:19:16,0,level_complete,4491,1,72495,0,560948,1028091,30,681706
2025-04-29 21:19:16,0,level_complete,4492,1,72496,0,560975,1028143,33,681739
2025-04-29 21:19:16,0,level_complete,4493,1,72497,0,561002,1028180,30,681769
2025-04-29 21:19:17,0,level_complete,4494,1,72500,0,561062,1028256,30,681838
2025-04-29 21:19:17,0,level_complete,4495,1,72501,0,561089,1028314,36,681874
2025-04-29 21:19:18,0,training_run_ep 72500,-,1,72501,0,561089,1028314,36,681874
2025-04-29 21:19:19,0,level_complete,4496,1,72508,0,561176,1028412,33,681988
2025-04-29 21:19:19,0,level_complete,4497,1,72515,0,561241,1028483,30,682063
2025-04-29 21:19:30,0,level_complete,4498,1,72546,0,561539,1030043,32,682424
2025-04-29 21:19:31,0,level_complete,4499,1,72562,0,561666,1030152,34,682597
2025-04-29 21:19:31,0,level_complete,4500,1,72574,0,561810,1030288,35,682769
2025-04-29 21:19:32,0,level_complete,4501,1,72577,0,561854,1030346,29,682821
2025-04-29 21:19:33,0,level_complete,4502,1,72596,0,561961,1030458,30,682944
2025-04-29 21:19:36,0,level_complete,4503,1,72671,0,562436,1030921,39,683510
2025-04-29 21:19:38,0,level_complete,4504,1,72696,0,562658,1031173,30,683774
2025-04-29 21:19:38,0,level_complete,4505,1,72697,0,562685,1031204,33,683807
2025-04-29 21:19:39,0,level_complete,4506,1,72706,0,562768,1031292,32,683905
2025-04-29 21:19:39,0,level_complete,4507,1,72711,0,562867,1031398,33,684024
2025-04-29 21:19:41,0,level_complete,4508,1,72739,0,563101,1031625,31,684307
2025-04-29 21:19:41,0,level_complete,4509,1,72740,0,563128,1031664,37,684344
2025-04-29 21:19:41,0,level_complete,4510,1,72742,0,563155,1031698,32,684376
2025-04-29 21:19:43,0,level_complete,4511,1,72752,0,563288,1031850,30,684531
2025-04-29 21:19:43,0,level_complete,4512,1,72753,0,563315,1031887,29,684560
2025-04-29 21:19:43,0,level_complete,4513,1,72755,0,563356,1031948,32,684609
2025-04-29 21:19:44,0,level_complete,4514,1,72757,0,563407,1032003,31,684667
2025-04-29 21:19:44,0,level_complete,4515,1,72760,0,563463,1032075,31,684731
2025-04-29 21:19:44,0,level_complete,4516,1,72763,0,563511,1032120,34,684794
2025-04-29 21:19:45,0,level_complete,4517,1,72770,0,563621,1032241,42,684942
2025-04-29 21:19:46,0,level_complete,4518,1,72773,0,563674,1032320,30,685003
2025-04-29 21:19:46,0,level_complete,4519,1,72774,0,563701,1032365,36,685039
2025-04-29 21:20:01,0,level_complete,4520,1,72789,0,563896,1034639,30,685289
2025-04-29 21:20:02,0,level_complete,4521,1,72801,0,564029,1034776,32,685445
2025-04-29 21:20:02,0,level_complete,4522,1,72803,0,564068,1034830,34,685492
2025-04-29 21:20:03,0,level_complete,4523,1,72811,0,564196,1034983,32,685643
2025-04-29 21:20:04,0,level_complete,4524,1,72820,0,564296,1035087,32,685767
2025-04-29 21:20:05,0,level_complete,4525,1,72831,0,564425,1035274,29,685916
2025-04-29 21:20:16,0,level_complete,4526,1,72835,0,564481,1036957,40,685998
2025-04-29 21:20:16,0,level_complete,4527,1,72836,0,564508,1036991,31,686029
2025-04-29 21:20:17,0,level_complete,4528,1,72840,0,564563,1037071,31,686090
2025-04-29 21:20:17,0,level_complete,4529,1,72847,0,564634,1037162,33,686176
2025-04-29 21:20:18,0,level_complete,4530,1,72848,0,564661,1037232,33,686209
2025-04-29 21:20:18,0,level_complete,4531,1,72850,0,564691,1037264,45,686257
2025-04-29 21:20:18,0,level_complete,4532,1,72852,0,564737,1037318,32,686314
2025-04-29 21:20:19,0,level_complete,4533,1,72859,0,564841,1037418,31,686437
2025-04-29 21:20:19,0,level_complete,4534,1,72861,0,564884,1037460,29,686491
2025-04-29 21:20:47,0,level_complete,4535,1,72868,0,564981,1041622,29,686597
2025-04-29 21:20:48,0,level_complete,4536,1,72876,0,565092,1041738,39,686737
2025-04-29 21:20:48,0,level_complete,4537,1,72877,0,565119,1041768,32,686769
2025-04-29 21:20:49,0,level_complete,4538,1,72882,0,565216,1041866,36,686890
2025-04-29 21:20:49,0,level_complete,4539,1,72886,0,565293,1041942,29,686975
2025-04-29 21:20:50,0,level_complete,4540,1,72894,0,565428,1042101,33,687148
2025-04-29 21:20:51,0,level_complete,4541,1,72907,0,565566,1042237,32,687323
2025-04-29 21:20:53,0,level_complete,4542,1,72928,0,565761,1042497,32,687556
2025-04-29 21:20:53,0,level_complete,4543,1,72937,0,565837,1042583,36,687648
2025-04-29 21:20:54,0,level_complete,4544,1,72939,0,565887,1042637,32,687705
2025-04-29 21:20:54,0,level_complete,4545,1,72945,0,565950,1042720,35,687779
2025-04-29 21:21:06,0,level_complete,4546,1,72948,0,566011,1044407,29,687862
2025-04-29 21:21:06,0,level_complete,4547,1,72951,0,566062,1044493,30,687923
2025-04-29 21:21:07,0,level_complete,4548,1,72955,0,566139,1044570,32,688020
2025-04-29 21:21:07,0,level_complete,4549,1,72959,0,566212,1044649,29,688109
2025-04-29 21:21:08,0,level_complete,4550,1,72966,0,566320,1044792,38,688239
2025-04-29 21:21:09,0,level_complete,4551,1,72973,0,566396,1044894,34,688328
2025-04-29 21:21:09,0,level_complete,4552,1,72975,0,566433,1044966,31,688371
2025-04-29 21:21:10,0,level_complete,4553,1,72993,0,566599,1045128,36,688576
2025-04-29 21:21:28,0,training_run_ep 73000,-,1,73001,0,566688,1047544,0,688702
2025-04-29 21:21:29,0,level_complete,4554,1,73015,0,566805,1047691,29,688832
2025-04-29 21:21:29,0,level_complete,4555,1,73018,0,566845,1047734,36,688882
2025-04-29 21:21:31,0,level_complete,4556,1,73040,0,567112,1048031,28,689203
2025-04-29 21:21:32,0,level_complete,4557,1,73059,0,567244,1048169,30,689348
2025-04-29 21:21:32,0,level_complete,4558,1,73060,0,567271,1048197,29,689377
2025-04-29 21:21:33,0,level_complete,4559,1,73073,0,567397,1048329,33,689535
2025-04-29 21:21:34,0,level_complete,4560,1,73088,0,567517,1048451,35,689688
2025-04-29 21:21:35,0,level_complete,4561,1,73098,0,567605,1048542,31,689784
2025-04-29 21:21:35,0,level_complete,4562,1,73101,0,567645,1048607,31,689832
2025-04-29 21:21:36,0,level_complete,4563,1,73110,0,567762,1048731,34,689970
2025-04-29 21:21:36,0,level_complete,4564,1,73112,0,567800,1048768,35,690022
2025-04-29 21:21:37,0,level_complete,4565,1,73118,0,567867,1048860,35,690107
2025-04-29 21:21:38,0,level_complete,4566,1,73123,0,567956,1048962,34,690216
2025-04-29 21:21:38,0,level_complete,4567,1,73129,0,568032,1049049,34,690312
2025-04-29 21:21:38,0,level_complete,4568,1,73131,0,568060,1049080,33,690346
2025-04-29 21:21:39,0,level_complete,4569,1,73159,0,568205,1049213,32,690514
2025-04-29 21:21:40,0,level_complete,4570,1,73172,0,568319,1049321,30,690651
2025-04-29 21:21:47,0,level_complete,4571,1,73178,0,568413,1050259,31,690766
2025-04-29 21:21:49,0,level_complete,4572,1,73212,0,568708,1050600,32,691111
2025-04-29 21:21:50,0,level_complete,4573,1,73220,0,568851,1050777,41,691306
2025-04-29 21:21:51,0,level_complete,4574,1,73225,0,568938,1050872,34,691420
2025-04-29 21:21:51,0,level_complete,4575,1,73227,0,568977,1050919,44,691478
2025-04-29 21:21:51,0,level_complete,4576,1,73228,0,569004,1050953,31,691509
2025-04-29 21:21:52,0,level_complete,4577,1,73236,0,569091,1051041,33,691617
2025-04-29 21:21:53,0,level_complete,4578,1,73250,0,569214,1051163,29,691767
2025-04-29 21:21:56,0,level_complete,4579,1,73293,0,569619,1051598,31,692256
2025-04-29 21:21:58,0,level_complete,4580,1,73360,0,569966,1051918,37,692685
2025-04-29 21:21:58,0,level_complete,4581,1,73361,0,569993,1051959,37,692722
2025-04-29 21:21:59,0,level_complete,4582,1,73362,0,570020,1051989,38,692760
2025-04-29 21:21:59,0,level_complete,4583,1,73371,0,570074,1052043,37,692826
2025-04-29 21:22:00,0,level_complete,4584,1,73381,0,570188,1052156,33,692965
2025-04-29 21:22:00,0,level_complete,4585,1,73383,0,570228,1052205,34,693017
2025-04-29 21:22:02,0,level_complete,4586,1,73410,0,570432,1052400,28,693271
2025-04-29 21:22:05,0,level_complete,4587,1,73465,0,570883,1052906,30,693840
2025-04-29 21:22:07,0,training_run_ep 73500,-,1,73501,0,571152,1053154,0,694201
2025-04-29 21:22:08,0,level_complete,4588,1,73506,0,571229,1053254,32,694299
2025-04-29 21:22:41,0,level_complete,4589,1,73571,0,571713,1057983,30,694910
2025-04-29 21:23:25,0,level_complete,4590,1,73881,0,573438,1064387,32,696973
2025-04-29 21:23:33,0,training_run_ep 74000,-,1,74001,0,574250,1065499,0,697976
2025-04-29 21:23:42,0,level_complete,4591,1,74139,0,575037,1066830,32,698933
2025-04-29 21:23:49,0,level_complete,4592,1,74215,0,575808,1067717,43,699851
2025-04-29 21:23:52,0,level_complete,4593,1,74279,0,576353,1068270,32,700544
2025-04-29 21:23:53,0,level_complete,4594,1,74283,0,576404,1068338,29,700605
2025-04-29 21:23:54,0,level_complete,4595,1,74296,0,576599,1068535,30,700839
2025-04-29 21:23:56,0,level_complete,4596,1,74325,0,576917,1068859,35,701215
2025-04-29 21:23:58,0,level_complete,4597,1,74350,0,577194,1069150,36,701550
2025-04-29 21:24:00,0,level_complete,4598,1,74361,0,577357,1069318,31,701736
2025-04-29 21:24:02,0,level_complete,4599,1,74380,0,577650,1069626,32,702097
2025-04-29 21:24:02,0,level_complete,4600,1,74383,0,577717,1069712,31,702172
2025-04-29 21:24:03,0,level_complete,4601,1,74385,0,577766,1069780,31,702228
2025-04-29 21:24:04,0,level_complete,4602,1,74395,0,577910,1069941,32,702393
2025-04-29 21:24:05,0,level_complete,4603,1,74406,0,578087,1070115,32,702606
2025-04-29 21:24:05,0,level_complete,4604,1,74407,0,578114,1070147,38,702644
2025-04-29 21:24:05,0,level_complete,4605,1,74409,0,578149,1070192,30,702683
2025-04-29 21:24:06,0,level_complete,4606,1,74410,0,578176,1070233,43,702726
2025-04-29 21:24:06,0,level_complete,4607,1,74413,0,578214,1070276,29,702768
2025-04-29 21:24:06,0,level_complete,4608,1,74414,0,578241,1070310,36,702804
2025-04-29 21:24:07,0,level_complete,4609,1,74418,0,578306,1070389,31,702880
2025-04-29 21:24:08,0,level_complete,4610,1,74421,0,578356,1070506,36,702941
2025-04-29 21:24:10,0,level_complete,4611,1,74449,0,578752,1070948,32,703442
2025-04-29 21:24:11,0,level_complete,4612,1,74453,0,578804,1070999,37,703513
2025-04-29 21:24:11,0,level_complete,4613,1,74457,0,578844,1071039,40,703566
2025-04-29 21:24:12,0,level_complete,4614,1,74463,0,578908,1071110,30,703638
2025-04-29 21:24:12,0,level_complete,4615,1,74466,0,578943,1071151,31,703681
2025-04-29 21:24:12,0,level_complete,4616,1,74468,0,578973,1071193,33,703717
2025-04-29 21:24:14,0,level_complete,4617,1,74488,0,579256,1071523,30,704081
2025-04-29 21:24:15,0,level_complete,4618,1,74494,0,579358,1071647,34,704199
2025-04-29 21:24:16,0,level_complete,4619,1,74497,0,579414,1071727,33,704266
2025-04-29 21:24:16,0,training_run_ep 74500,-,1,74501,0,579441,1071753,0,704298
2025-04-29 21:24:17,0,level_complete,4620,1,74502,0,579468,1071786,36,704334
2025-04-29 21:24:17,0,level_complete,4621,1,74505,0,579527,1071847,29,704411
2025-04-29 21:24:18,0,level_complete,4622,1,74512,0,579622,1071938,41,704536
2025-04-29 21:24:18,0,level_complete,4623,1,74513,0,579649,1071982,31,704567
2025-04-29 21:24:19,0,level_complete,4624,1,74519,0,579756,1072110,33,704694
2025-04-29 21:24:19,0,level_complete,4625,1,74522,0,579827,1072196,32,704783
2025-04-29 21:24:20,0,level_complete,4626,1,74524,0,579879,1072257,34,704845
2025-04-29 21:24:20,0,level_complete,4627,1,74526,0,579927,1072323,31,704899
2025-04-29 21:24:21,0,level_complete,4628,1,74530,0,579995,1072391,36,704984
2025-04-29 21:24:21,0,level_complete,4629,1,74531,0,580022,1072420,30,705014
2025-04-29 21:24:21,0,level_complete,4630,1,74533,0,580069,1072471,36,705072
2025-04-29 21:24:27,0,level_complete,4631,1,74613,0,580954,1073380,29,706196
2025-04-29 21:24:28,0,level_complete,4632,1,74619,0,580998,1073431,29,706249
2025-04-29 21:24:28,0,level_complete,4633,1,74626,0,581093,1073522,30,706363
2025-04-29 21:24:29,0,level_complete,4634,1,74636,0,581211,1073645,34,706512
2025-04-29 21:24:30,0,level_complete,4635,1,74646,0,581381,1073826,42,706716
2025-04-29 21:24:31,0,level_complete,4636,1,74648,0,581432,1073934,32,706775
2025-04-29 21:24:32,0,level_complete,4637,1,74651,0,581506,1074024,30,706860
2025-04-29 21:24:32,0,level_complete,4638,1,74652,0,581533,1074052,34,706894
2025-04-29 21:24:32,0,level_complete,4639,1,74653,0,581560,1074100,32,706926
2025-04-29 21:24:33,0,level_complete,4640,1,74655,0,581609,1074171,32,706990
2025-04-29 21:24:33,0,level_complete,4641,1,74656,0,581636,1074207,33,707023
2025-04-29 21:24:34,0,level_complete,4642,1,74666,0,581790,1074389,41,707219
2025-04-29 21:24:35,0,level_complete,4643,1,74668,0,581840,1074456,33,707281
2025-04-29 21:24:35,0,level_complete,4644,1,74669,0,581867,1074498,36,707317
2025-04-29 21:24:35,0,level_complete,4645,1,74670,0,581894,1074530,29,707346
2025-04-29 21:24:35,0,level_complete,4646,1,74672,0,581942,1074586,30,707400
2025-04-29 21:24:36,0,level_complete,4647,1,74676,0,582028,1074676,31,707506
2025-04-29 21:24:36,0,level_complete,4648,1,74677,0,582055,1074720,28,707534
2025-04-29 21:24:39,0,level_complete,4649,1,74696,0,582335,1075043,29,707860
2025-04-29 21:24:39,0,level_complete,4650,1,74698,0,582372,1075113,32,707904
2025-04-29 21:24:41,0,level_complete,4651,1,74713,0,582601,1075369,33,708202
2025-04-29 21:24:41,0,level_complete,4652,1,74718,0,582667,1075467,30,708285
2025-04-29 21:24:42,0,level_complete,4653,1,74720,0,582709,1075520,32,708332
2025-04-29 21:24:42,0,level_complete,4654,1,74721,0,582736,1075560,30,708362
2025-04-29 21:24:42,0,level_complete,4655,1,74723,0,582785,1075632,33,708419
2025-04-29 21:24:45,0,level_complete,4656,1,74748,0,583109,1075944,31,708827
2025-04-29 21:24:46,0,level_complete,4657,1,74754,0,583232,1076099,30,708972
2025-04-29 21:24:46,0,level_complete,4658,1,74755,0,583259,1076152,30,709002
2025-04-29 21:24:46,0,level_complete,4659,1,74757,0,583302,1076203,30,709054
2025-04-29 21:24:47,0,level_complete,4660,1,74759,0,583346,1076249,28,709100
2025-04-29 21:24:47,0,level_complete,4661,1,74762,0,583403,1076325,29,709165
2025-04-29 21:24:48,0,level_complete,4662,1,74766,0,583457,1076412,29,709228
2025-04-29 21:24:49,0,level_complete,4663,1,74774,0,583572,1076541,44,709389
2025-04-29 21:24:50,0,level_complete,4664,1,74787,0,583728,1076716,38,709571
2025-04-29 21:24:50,0,level_complete,4665,1,74788,0,583755,1076740,37,709608
2025-04-29 21:24:51,0,level_complete,4666,1,74796,0,583875,1076867,35,709765
2025-04-29 21:24:51,0,level_complete,4667,1,74797,0,583902,1076900,30,709795
2025-04-29 21:24:52,0,level_complete,4668,1,74806,0,584026,1077036,34,709942
2025-04-29 21:24:53,0,level_complete,4669,1,74824,0,584209,1077268,30,710161
2025-04-29 21:24:54,0,level_complete,4670,1,74826,0,584253,1077309,41,710221
2025-04-29 21:24:57,0,level_complete,4671,1,74868,0,584718,1077792,31,710781
2025-04-29 21:24:57,0,level_complete,4672,1,74869,0,584745,1077829,34,710815
2025-04-29 21:24:58,0,level_complete,4673,1,74870,0,584772,1077881,33,710848
2025-04-29 21:24:58,0,level_complete,4674,1,74873,0,584838,1077946,36,710936
2025-04-29 21:24:58,0,level_complete,4675,1,74874,0,584865,1077976,33,710969
2025-04-29 21:24:59,0,level_complete,4676,1,74875,0,584892,1078038,31,711000
2025-04-29 21:24:59,0,level_complete,4677,1,74876,0,584919,1078085,33,711033
2025-04-29 21:25:00,0,level_complete,4678,1,74894,0,585062,1078228,30,711198
2025-04-29 21:25:02,0,level_complete,4679,1,74917,0,585261,1078469,29,711442
2025-04-29 21:25:02,0,level_complete,4680,1,74919,0,585310,1078528,32,711501
2025-04-29 21:25:03,0,level_complete,4681,1,74929,0,585449,1078684,41,711684
2025-04-29 21:25:04,0,level_complete,4682,1,74934,0,585534,1078774,32,711789
2025-04-29 21:25:04,0,level_complete,4683,1,74936,0,585580,1078819,32,711851
2025-04-29 21:25:04,0,level_complete,4684,1,74937,0,585607,1078854,40,711891
2025-04-29 21:25:05,0,level_complete,4685,1,74938,0,585634,1078891,40,711931
2025-04-29 21:25:05,0,level_complete,4686,1,74944,0,585721,1078967,41,712046
2025-04-29 21:25:05,0,level_complete,4687,1,74945,0,585748,1079009,33,712079
2025-04-29 21:25:08,0,level_complete,4688,1,74961,0,586030,1079372,30,712431
2025-04-29 21:25:08,0,level_complete,4689,1,74962,0,586057,1079395,36,712467
2025-04-29 21:25:09,0,level_complete,4690,1,74972,0,586165,1079530,33,712609
2025-04-29 21:25:10,0,level_complete,4691,1,74976,0,586256,1079642,32,712725
2025-04-29 21:25:10,0,level_complete,4692,1,74980,0,586331,1079714,35,712819
2025-04-29 21:25:11,0,level_complete,4693,1,74983,0,586392,1079785,37,712895
2025-04-29 21:25:11,0,level_complete,4694,1,74986,0,586441,1079869,43,712967
2025-04-29 21:25:11,0,level_complete,4695,1,74987,0,586468,1079915,31,712998
2025-04-29 21:25:13,0,training_run_ep 75000,-,1,75001,0,586592,1080044,0,713147
2025-04-29 21:25:14,0,level_complete,4696,1,75006,0,586658,1080141,31,713222
2025-04-29 21:25:15,0,level_complete,4697,1,75022,0,586851,1080351,31,713461
2025-04-29 21:25:15,0,level_complete,4698,1,75023,0,586878,1080382,30,713491
2025-04-29 21:25:16,0,level_complete,4699,1,75025,0,586910,1080423,29,713525
2025-04-29 21:25:17,0,level_complete,4700,1,75045,0,587167,1080689,29,713831
2025-04-29 21:25:19,0,level_complete,4701,1,75062,0,587406,1080969,30,714135
2025-04-29 21:25:20,0,level_complete,4702,1,75072,0,587507,1081065,37,714258
2025-04-29 21:25:22,0,level_complete,4703,1,75092,0,587734,1081327,39,714526
2025-04-29 21:25:22,0,level_complete,4704,1,75094,0,587768,1081363,33,714566
2025-04-29 21:25:22,0,level_complete,4705,1,75095,0,587795,1081402,35,714601
2025-04-29 21:25:23,0,level_complete,4706,1,75099,0,587850,1081500,27,714658
2025-04-29 21:25:23,0,level_complete,4707,1,75100,0,587877,1081531,38,714696
2025-04-29 21:25:26,0,level_complete,4708,1,75136,0,588252,1081933,30,715157
2025-04-29 21:25:26,0,level_complete,4709,1,75137,0,588279,1081982,38,715195
2025-04-29 21:25:27,0,level_complete,4710,1,75141,0,588342,1082056,45,715280
2025-04-29 21:25:27,0,level_complete,4711,1,75145,0,588425,1082173,29,715372
2025-04-29 21:25:28,0,level_complete,4712,1,75148,0,588480,1082273,36,715445
2025-04-29 21:25:28,0,level_complete,4713,1,75149,0,588507,1082305,34,715479
2025-04-29 21:25:29,0,level_complete,4714,1,75153,0,588572,1082401,30,715554
2025-04-29 21:25:29,0,level_complete,4715,1,75154,0,588599,1082428,37,715591
2025-04-29 21:25:29,0,level_complete,4716,1,75158,0,588634,1082474,35,715634
2025-04-29 21:25:31,0,level_complete,4717,1,75172,0,588801,1082724,30,715834
2025-04-29 21:25:32,0,level_complete,4718,1,75175,0,588839,1082799,30,715876
2025-04-29 21:25:32,0,level_complete,4719,1,75182,0,588932,1082897,34,715983
2025-04-29 21:25:33,0,level_complete,4720,1,75184,0,588964,1082950,33,716021
2025-04-29 21:25:33,0,level_complete,4721,1,75186,0,589014,1083011,36,716091
2025-04-29 21:25:33,0,level_complete,4722,1,75188,0,589065,1083081,34,716152
2025-04-29 21:25:34,0,level_complete,4723,1,75199,0,589207,1083229,35,716321
2025-04-29 21:25:35,0,level_complete,4724,1,75200,0,589234,1083257,32,716353
2025-04-29 21:25:35,0,level_complete,4725,1,75203,0,589288,1083327,30,716413
2025-04-29 21:25:36,0,level_complete,4726,1,75208,0,589343,1083387,33,716479
2025-04-29 21:25:36,0,level_complete,4727,1,75209,0,589370,1083424,31,716510
2025-04-29 21:25:36,0,level_complete,4728,1,75210,0,589397,1083463,28,716538
2025-04-29 21:25:37,0,level_complete,4729,1,75223,0,589595,1083653,31,716770
2025-04-29 21:25:38,0,level_complete,4730,1,75232,0,589698,1083786,31,716897
2025-04-29 21:25:40,0,level_complete,4731,1,75255,0,589947,1084064,33,717221
2025-04-29 21:25:41,0,level_complete,4732,1,75259,0,590012,1084133,33,717295
2025-04-29 21:25:41,0,level_complete,4733,1,75265,0,590125,1084247,29,717438
2025-04-29 21:25:41,0,level_complete,4734,1,75267,0,590153,1084279,38,717477
2025-04-29 21:25:43,0,level_complete,4735,1,75279,0,590345,1084511,33,717713
2025-04-29 21:25:43,0,level_complete,4736,1,75280,0,590372,1084544,44,717757
2025-04-29 21:25:47,0,level_complete,4737,1,75336,0,590969,1085179,31,718474
2025-04-29 21:25:48,0,level_complete,4738,1,75340,0,591039,1085260,33,718559
2025-04-29 21:25:48,0,level_complete,4739,1,75342,0,591069,1085294,31,718593
2025-04-29 21:25:49,0,level_complete,4740,1,75345,0,591106,1085352,32,718635
2025-04-29 21:25:49,0,level_complete,4741,1,75349,0,591161,1085422,36,718699
2025-04-29 21:25:49,0,level_complete,4742,1,75350,0,591188,1085462,29,718728
2025-04-29 21:25:50,0,level_complete,4743,1,75351,0,591215,1085492,30,718758
2025-04-29 21:25:50,0,level_complete,4744,1,75352,0,591242,1085540,35,718793
2025-04-29 21:25:50,0,level_complete,4745,1,75353,0,591269,1085572,29,718822
2025-04-29 21:25:51,0,level_complete,4746,1,75362,0,591416,1085714,38,719012
2025-04-29 21:25:51,0,level_complete,4747,1,75363,0,591443,1085761,32,719044
2025-04-29 21:25:52,0,level_complete,4748,1,75364,0,591470,1085791,30,719074
2025-04-29 21:25:52,0,level_complete,4749,1,75365,0,591497,1085849,29,719103
2025-04-29 21:25:52,0,level_complete,4750,1,75369,0,591565,1085924,31,719179
2025-04-29 21:25:54,0,level_complete,4751,1,75380,0,591743,1086141,28,719380
2025-04-29 21:25:54,0,level_complete,4752,1,75384,0,591779,1086202,30,719420
2025-04-29 21:25:55,0,level_complete,4753,1,75397,0,591947,1086363,44,719624
2025-04-29 21:25:56,0,level_complete,4754,1,75398,0,591974,1086406,29,719653
2025-04-29 21:25:57,0,level_complete,4755,1,75402,0,592018,1086672,32,719702
2025-04-29 21:26:00,0,level_complete,4756,1,75428,0,592326,1087015,30,720078
2025-04-29 21:26:00,0,level_complete,4757,1,75431,0,592375,1087073,30,720134
2025-04-29 21:26:00,0,level_complete,4758,1,75432,0,592402,1087103,33,720167
2025-04-29 21:26:01,0,level_complete,4759,1,75434,0,592441,1087261,30,720210
2025-04-29 21:26:02,0,level_complete,4760,1,75436,0,592493,1087332,33,720272
2025-04-29 21:26:02,0,level_complete,4761,1,75438,0,592543,1087410,34,720333
2025-04-29 21:26:03,0,level_complete,4762,1,75440,0,592570,1087450,32,720365
2025-04-29 21:26:03,0,level_complete,4763,1,75444,0,592648,1087550,29,720467
2025-04-29 21:26:04,0,level_complete,4764,1,75448,0,592743,1087658,32,720597
2025-04-29 21:26:05,0,level_complete,4765,1,75450,0,592793,1087730,30,720651
2025-04-29 21:26:05,0,level_complete,4766,1,75455,0,592898,1087869,28,720775
2025-04-29 21:26:06,0,level_complete,4767,1,75456,0,592925,1087933,30,720805
2025-04-29 21:26:06,0,level_complete,4768,1,75458,0,592953,1087958,45,720851
2025-04-29 21:26:06,0,level_complete,4769,1,75459,0,592980,1087988,36,720887
2025-04-29 21:26:06,0,level_complete,4770,1,75460,0,593007,1088016,32,720919
2025-04-29 21:26:07,0,level_complete,4771,1,75463,0,593083,1088110,34,721018
2025-04-29 21:26:07,0,level_complete,4772,1,75464,0,593110,1088140,30,721048
2025-04-29 21:26:08,0,level_complete,4773,1,75466,0,593145,1088198,30,721086
2025-04-29 21:26:08,0,level_complete,4774,1,75467,0,593172,1088263,35,721121
2025-04-29 21:26:08,0,level_complete,4775,1,75469,0,593212,1088296,36,721172
2025-04-29 21:26:09,0,level_complete,4776,1,75470,0,593239,1088367,29,721201
2025-04-29 21:26:09,0,level_complete,4777,1,75471,0,593266,1088417,35,721236
2025-04-29 21:26:09,0,level_complete,4778,1,75472,0,593293,1088474,32,721268
2025-04-29 21:26:10,0,level_complete,4779,1,75473,0,593320,1088505,32,721300
2025-04-29 21:26:10,0,level_complete,4780,1,75476,0,593355,1088556,30,721338
2025-04-29 21:26:10,0,level_complete,4781,1,75477,0,593382,1088593,29,721367
2025-04-29 21:26:11,0,level_complete,4782,1,75482,0,593464,1088707,32,721460
2025-04-29 21:26:11,0,level_complete,4783,1,75483,0,593491,1088747,39,721499
2025-04-29 21:26:13,0,training_run_ep 75500,-,1,75501,0,593653,1088923,0,721693
2025-04-29 21:26:14,0,level_complete,4784,1,75515,0,593769,1089055,28,721821
2025-04-29 21:26:15,0,level_complete,4785,1,75522,0,593857,1089211,32,721931
2025-04-29 21:26:16,0,level_complete,4786,1,75528,0,593943,1089297,38,722040
2025-04-29 21:26:16,0,level_complete,4787,1,75531,0,593979,1089330,32,722083
2025-04-29 21:26:16,0,level_complete,4788,1,75532,0,594006,1089374,34,722117
2025-04-29 21:26:16,0,level_complete,4789,1,75533,0,594033,1089418,33,722150
2025-04-29 21:26:17,0,level_complete,4790,1,75534,0,594060,1089462,29,722179
2025-04-29 21:26:17,0,level_complete,4791,1,75537,0,594103,1089508,29,722228
2025-04-29 21:26:17,0,level_complete,4792,1,75538,0,594130,1089539,29,722257
2025-04-29 21:26:18,0,level_complete,4793,1,75539,0,594157,1089569,33,722290
2025-04-29 21:26:39,0,level_complete,4794,1,75547,0,594244,1092888,34,722392
2025-04-29 21:26:40,0,level_complete,4795,1,75558,0,594366,1093044,33,722536
2025-04-29 21:26:40,0,level_complete,4796,1,75559,0,594393,1093072,31,722567
2025-04-29 21:26:41,0,level_complete,4797,1,75570,0,594495,1093174,33,722685
2025-04-29 21:26:41,0,level_complete,4798,1,75571,0,594522,1093204,32,722717
2025-04-29 21:26:42,0,level_complete,4799,1,75590,0,594706,1093411,33,722944
2025-04-29 21:26:43,0,level_complete,4800,1,75597,0,594810,1093526,30,723059
2025-04-29 21:26:43,0,level_complete,4801,1,75599,0,594841,1093570,36,723099
2025-04-29 21:26:44,0,level_complete,4802,1,75603,0,594930,1093687,28,723202
2025-04-29 21:26:45,0,level_complete,4803,1,75608,0,595028,1093797,34,723318
2025-04-29 21:26:45,0,level_complete,4804,1,75611,0,595082,1093850,44,723397
2025-04-29 21:26:46,0,level_complete,4805,1,75622,0,595192,1093970,43,723537
2025-04-29 21:26:46,0,level_complete,4806,1,75624,0,595237,1094030,28,723594
2025-04-29 21:26:49,0,level_complete,4807,1,75648,0,595543,1094359,30,723961
2025-04-29 21:26:49,0,level_complete,4808,1,75657,0,595649,1094466,33,724085
2025-04-29 21:26:50,0,level_complete,4809,1,75664,0,595709,1094543,36,724172
2025-04-29 21:26:51,0,level_complete,4810,1,75668,0,595767,1094638,30,724235
2025-04-29 21:26:51,0,level_complete,4811,1,75669,0,595794,1094677,35,724270
2025-04-29 21:26:51,0,level_complete,4812,1,75671,0,595832,1094715,42,724324
2025-04-29 21:26:52,0,level_complete,4813,1,75677,0,595924,1094870,31,724438
2025-04-29 21:26:52,0,level_complete,4814,1,75682,0,595969,1094924,30,724489
2025-04-29 21:26:53,0,level_complete,4815,1,75687,0,596080,1095038,30,724620
2025-04-29 21:26:54,0,level_complete,4816,1,75696,0,596212,1095193,31,724779
2025-04-29 21:26:55,0,level_complete,4817,1,75703,0,596292,1095296,35,724869
2025-04-29 21:26:57,0,level_complete,4818,1,75724,0,596546,1095568,28,725176
2025-04-29 21:26:57,0,level_complete,4819,1,75725,0,596573,1095606,29,725205
2025-04-29 21:26:58,0,level_complete,4820,1,75733,0,596689,1095734,28,725338
2025-04-29 21:26:58,0,level_complete,4821,1,75734,0,596716,1095778,34,725372
2025-04-29 21:27:00,0,level_complete,4822,1,75754,0,596965,1096048,39,725682
2025-04-29 21:27:01,0,level_complete,4823,1,75758,0,597032,1096123,32,725760
2025-04-29 21:27:01,0,level_complete,4824,1,75761,0,597080,1096178,32,725821
2025-04-29 21:27:02,0,level_complete,4825,1,75764,0,597145,1096281,29,725897
2025-04-29 21:27:02,0,level_complete,4826,1,75766,0,597179,1096325,32,725942
2025-04-29 21:27:03,0,level_complete,4827,1,75772,0,597270,1096425,33,726050
2025-04-29 21:27:03,0,level_complete,4828,1,75775,0,597323,1096508,30,726111
2025-04-29 21:27:04,0,level_complete,4829,1,75781,0,597424,1096649,30,726228
2025-04-29 21:27:05,0,level_complete,4830,1,75788,0,597490,1096732,36,726308
2025-04-29 21:27:05,0,level_complete,4831,1,75790,0,597543,1096812,34,726376
2025-04-29 21:27:06,0,level_complete,4832,1,75793,0,597613,1096894,35,726459
2025-04-29 21:27:06,0,level_complete,4833,1,75798,0,597711,1097008,31,726571
2025-04-29 21:27:08,0,level_complete,4834,1,75806,0,597876,1097186,30,726771
2025-04-29 21:27:08,0,level_complete,4835,1,75807,0,597903,1097220,32,726803
2025-04-29 21:27:09,0,level_complete,4836,1,75817,0,598044,1097373,35,726984
2025-04-29 21:27:10,0,level_complete,4837,1,75829,0,598161,1097492,31,727124
2025-04-29 21:27:10,0,level_complete,4838,1,75832,0,598214,1097557,41,727196
2025-04-29 21:27:11,0,level_complete,4839,1,75836,0,598284,1097641,32,727281
2025-04-29 21:27:11,0,level_complete,4840,1,75840,0,598359,1097712,35,727373
2025-04-29 21:27:11,0,level_complete,4841,1,75841,0,598386,1097742,36,727409
2025-04-29 21:27:12,0,level_complete,4842,1,75842,0,598413,1097775,42,727451
2025-04-29 21:27:12,0,level_complete,4843,1,75845,0,598467,1097835,30,727513
2025-04-29 21:27:13,0,level_complete,4844,1,75850,0,598593,1097992,30,727670
2025-04-29 21:27:13,0,level_complete,4845,1,75853,0,598641,1098050,36,727731
2025-04-29 21:27:14,0,level_complete,4846,1,75854,0,598668,1098082,31,727762
2025-04-29 21:27:15,0,level_complete,4847,1,75866,0,598820,1098265,29,727937
2025-04-29 21:27:16,0,level_complete,4848,1,75872,0,598910,1098368,30,728049
2025-04-29 21:27:18,0,level_complete,4849,1,75896,0,599245,1098735,29,728484
2025-04-29 21:27:18,0,level_complete,4850,1,75898,0,599285,1098777,34,728535
2025-04-29 21:27:19,0,level_complete,4851,1,75899,0,599312,1098831,32,728567
2025-04-29 21:27:19,0,level_complete,4852,1,75902,0,599357,1098898,36,728621
2025-04-29 21:27:19,0,level_complete,4853,1,75903,0,599384,1098937,32,728653
2025-04-29 21:27:20,0,level_complete,4854,1,75907,0,599471,1099055,30,728754
2025-04-29 21:27:21,0,level_complete,4855,1,75913,0,599525,1099122,30,728817
2025-04-29 21:27:23,0,level_complete,4856,1,75930,0,599780,1099423,31,729134
2025-04-29 21:27:23,0,level_complete,4857,1,75931,0,599807,1099462,32,729166
2025-04-29 21:27:23,0,level_complete,4858,1,75934,0,599848,1099506,34,729215
2025-04-29 21:27:24,0,level_complete,4859,1,75941,0,599950,1099632,40,729354
2025-04-29 21:27:24,0,level_complete,4860,1,75943,0,599996,1099683,32,729411
2025-04-29 21:27:25,0,level_complete,4861,1,75948,0,600071,1099768,29,729495
2025-04-29 21:27:26,0,level_complete,4862,1,75963,0,600275,1099983,30,729739
2025-04-29 21:27:27,0,level_complete,4863,1,75969,0,600352,1100070,29,729827
2025-04-29 21:27:28,0,level_complete,4864,1,75977,0,600460,1100219,33,729956
2025-04-29 21:27:28,0,level_complete,4865,1,75978,0,600487,1100255,33,729989
2025-04-29 21:27:29,0,level_complete,4866,1,75980,0,600536,1100307,37,730053
2025-04-29 21:27:29,0,level_complete,4867,1,75982,0,600575,1100355,38,730105
2025-04-29 21:27:29,0,level_complete,4868,1,75983,0,600602,1100401,32,730137
2025-04-29 21:27:30,0,level_complete,4869,1,75989,0,600653,1100450,35,730199
2025-04-29 21:27:30,0,level_complete,4870,1,75991,0,600680,1100487,38,730237
2025-04-29 21:27:31,0,training_run_ep 76000,-,1,76001,0,600806,1100615,0,730384
2025-04-29 21:27:32,0,level_complete,4871,1,76002,0,600833,1100660,29,730413
2025-04-29 21:27:34,0,level_complete,4872,1,76024,0,601132,1100958,29,730775
2025-04-29 21:27:35,0,level_complete,4873,1,76039,0,601291,1101128,31,730966
2025-04-29 21:27:35,0,level_complete,4874,1,76041,0,601341,1101188,33,731031
2025-04-29 21:27:38,0,level_complete,4875,1,76077,0,601721,1101609,31,731466
2025-04-29 21:27:39,0,level_complete,4876,1,76085,0,601861,1101772,35,731638
2025-04-29 21:27:39,0,level_complete,4877,1,76086,0,601888,1101804,30,731668
2025-04-29 21:27:40,0,level_complete,4878,1,76092,0,601957,1101880,30,731752
2025-04-29 21:27:40,0,level_complete,4879,1,76094,0,601995,1101918,33,731798
2025-04-29 21:27:40,0,level_complete,4880,1,76096,0,602029,1101979,29,731834
2025-04-29 21:27:41,0,level_complete,4881,1,76097,0,602056,1102039,32,731866
2025-04-29 21:27:41,0,level_complete,4882,1,76098,0,602083,1102071,32,731898
2025-04-29 21:27:42,0,level_complete,4883,1,76102,0,602154,1102148,32,731983
2025-04-29 21:27:42,0,level_complete,4884,1,76103,0,602181,1102187,29,732012
2025-04-29 21:27:42,0,level_complete,4885,1,76109,0,602256,1102280,30,732098
2025-04-29 21:27:43,0,level_complete,4886,1,76117,0,602371,1102385,28,732245
2025-04-29 21:27:44,0,level_complete,4887,1,76128,0,602520,1102570,31,732415
2025-04-29 21:27:45,0,level_complete,4888,1,76129,0,602547,1102606,34,732449
2025-04-29 21:27:46,0,level_complete,4889,1,76138,0,602693,1102796,30,732624
2025-04-29 21:27:46,0,level_complete,4890,1,76142,0,602754,1102858,32,732700
2025-04-29 21:27:47,0,level_complete,4891,1,76145,0,602808,1102954,29,732765
2025-04-29 21:27:47,0,level_complete,4892,1,76147,0,602846,1103023,34,732811
2025-04-29 21:27:48,0,level_complete,4893,1,76150,0,602900,1103100,29,732872
2025-04-29 21:27:48,0,level_complete,4894,1,76151,0,602927,1103133,28,732900
2025-04-29 21:27:48,0,level_complete,4895,1,76152,0,602954,1103160,34,732934
2025-04-29 21:27:49,0,level_complete,4896,1,76153,0,602981,1103193,35,732969
2025-04-29 21:27:50,0,level_complete,4897,1,76171,0,603223,1103430,34,733266
2025-04-29 21:27:50,0,level_complete,4898,1,76173,0,603251,1103465,33,733300
2025-04-29 21:27:51,0,level_complete,4899,1,76181,0,603373,1103612,30,733452
2025-04-29 21:27:52,0,level_complete,4900,1,76191,0,603469,1103753,32,733566
2025-04-29 21:28:01,0,level_complete,4901,1,76346,0,604575,1104996,48,734909
2025-04-29 21:28:02,0,level_complete,4902,1,76355,0,604679,1105129,31,735036
2025-04-29 21:28:03,0,level_complete,4903,1,76358,0,604726,1105207,32,735092
2025-04-29 21:28:05,0,level_complete,4904,1,76395,0,605080,1105617,33,735499
2025-04-29 21:28:06,0,level_complete,4905,1,76399,0,605150,1105702,32,735580
2025-04-29 21:28:07,0,level_complete,4906,1,76413,0,605279,1105819,33,735746
2025-04-29 21:28:07,0,level_complete,4907,1,76418,0,605328,1105870,31,735800
2025-04-29 21:28:09,0,level_complete,4908,1,76436,0,605541,1106107,30,736061
2025-04-29 21:28:10,0,level_complete,4909,1,76454,0,605724,1106295,29,736265
2025-04-29 21:28:11,0,level_complete,4910,1,76459,0,605808,1106384,35,736362
2025-04-29 21:28:12,0,level_complete,4911,1,76482,0,606038,1106618,32,736656
2025-04-29 21:28:13,0,level_complete,4912,1,76488,0,606091,1106674,34,736718
2025-04-29 21:28:14,0,level_complete,4913,1,76498,0,606255,1106868,33,736914
2025-04-29 21:28:14,0,level_complete,4914,1,76499,0,606282,1106908,39,736953
2025-04-29 21:28:15,0,training_run_ep 76500,-,1,76501,0,606292,1106918,0,736963
2025-04-29 21:28:15,0,level_complete,4915,1,76502,0,606319,1106965,29,736992
2025-04-29 21:28:15,0,level_complete,4916,1,76503,0,606346,1106997,30,737022
2025-04-29 21:28:16,0,level_complete,4917,1,76506,0,606396,1107064,31,737079
2025-04-29 21:28:17,0,level_complete,4918,1,76529,0,606626,1107274,36,737396
2025-04-29 21:28:20,0,level_complete,4919,1,76560,0,606973,1107639,32,737816
2025-04-29 21:28:21,0,level_complete,4920,1,76574,0,607148,1107830,32,738026
2025-04-29 21:28:23,0,level_complete,4921,1,76596,0,607396,1108122,31,738323
2025-04-29 21:28:23,0,level_complete,4922,1,76597,0,607423,1108194,31,738354
2025-04-29 21:28:24,0,level_complete,4923,1,76605,0,607518,1108301,27,738464
2025-04-29 21:28:26,0,level_complete,4924,1,76626,0,607767,1108575,31,738760
2025-04-29 21:28:27,0,level_complete,4925,1,76635,0,607906,1108745,34,738933
2025-04-29 21:28:29,0,level_complete,4926,1,76648,0,608095,1108948,40,739164
2025-04-29 21:28:30,0,level_complete,4927,1,76661,0,608251,1109123,30,739337
2025-04-29 21:28:30,0,level_complete,4928,1,76663,0,608293,1109171,32,739387
2025-04-29 21:28:30,0,level_complete,4929,1,76664,0,608320,1109204,29,739416
2025-04-29 21:28:36,0,level_complete,4930,1,76681,0,608534,1110086,41,739678
2025-04-29 21:28:37,0,level_complete,4931,1,76682,0,608561,1110120,33,739711
2025-04-29 21:28:37,0,level_complete,4932,1,76683,0,608588,1110154,35,739746
2025-04-29 21:28:38,0,level_complete,4933,1,76686,0,608666,1110251,31,739836
2025-04-29 21:28:38,0,level_complete,4934,1,76687,0,608693,1110287,32,739868
2025-04-29 21:28:38,0,level_complete,4935,1,76688,0,608720,1110348,31,739899
2025-04-29 21:28:38,0,level_complete,4936,1,76689,0,608747,1110380,31,739930
2025-04-29 21:28:39,0,level_complete,4937,1,76694,0,608816,1110468,33,740009
2025-04-29 21:28:39,0,level_complete,4938,1,76695,0,608843,1110515,37,740046
2025-04-29 21:28:40,0,level_complete,4939,1,76696,0,608870,1110561,35,740081
2025-04-29 21:28:40,0,level_complete,4940,1,76700,0,608937,1110626,39,740167
2025-04-29 21:28:40,0,level_complete,4941,1,76701,0,608964,1110666,37,740204
2025-04-29 21:28:44,0,level_complete,4942,1,76719,0,609237,1111182,32,740544
2025-04-29 21:28:45,0,level_complete,4943,1,76727,0,609357,1111344,33,740701
2025-04-29 21:28:46,0,level_complete,4944,1,76746,0,609582,1111590,32,740963
2025-04-29 21:28:47,0,level_complete,4945,1,76754,0,609687,1111736,31,741093
2025-04-29 21:28:56,0,level_complete,4946,1,76756,0,609720,1112953,39,741138
2025-04-29 21:28:56,0,level_complete,4947,1,76757,0,609747,1112978,45,741183
2025-04-29 21:28:56,0,level_complete,4948,1,76760,0,609813,1113067,30,741263
2025-04-29 21:28:57,0,level_complete,4949,1,76765,0,609890,1113159,28,741349
2025-04-29 21:28:57,0,level_complete,4950,1,76766,0,609917,1113203,35,741384
2025-04-29 21:28:58,0,level_complete,4951,1,76768,0,609964,1113277,28,741446
2025-04-29 21:28:58,0,level_complete,4952,1,76771,0,610015,1113337,30,741512
2025-04-29 21:29:00,0,level_complete,4953,1,76790,0,610262,1113603,35,741806
2025-04-29 21:29:01,0,level_complete,4954,1,76793,0,610332,1113697,30,741890
2025-04-29 21:29:01,0,level_complete,4955,1,76795,0,610383,1113808,32,741948
2025-04-29 21:29:02,0,level_complete,4956,1,76796,0,610410,1113835,36,741984
2025-04-29 21:29:03,0,level_complete,4957,1,76800,0,610483,1114071,32,742080
2025-04-29 21:29:03,0,level_complete,4958,1,76801,0,610510,1114109,32,742112
2025-04-29 21:29:07,0,level_complete,4959,1,76803,0,610562,1114679,42,742185
2025-04-29 21:29:08,0,level_complete,4960,1,76806,0,610630,1114773,33,742266
2025-04-29 21:29:10,0,level_complete,4961,1,76810,0,610682,1115162,33,742328
2025-04-29 21:29:11,0,level_complete,4962,1,76815,0,610770,1115249,35,742441
2025-04-29 21:29:11,0,level_complete,4963,1,76816,0,610797,1115276,39,742480
2025-04-29 21:29:12,0,level_complete,4964,1,76829,0,610951,1115441,29,742672
2025-04-29 21:29:13,0,level_complete,4965,1,76840,0,611069,1115561,48,742822
2025-04-29 21:29:13,0,level_complete,4966,1,76843,0,611122,1115632,33,742890
2025-04-29 21:29:15,0,level_complete,4967,1,76856,0,611305,1115855,30,743115
2025-04-29 21:29:15,0,level_complete,4968,1,76862,0,611416,1115978,28,743241
2025-04-29 21:29:16,0,level_complete,4969,1,76868,0,611492,1116045,38,743337
2025-04-29 21:29:24,0,level_complete,4970,1,76896,0,611758,1117240,32,743648
2025-04-29 21:29:25,0,level_complete,4971,1,76905,0,611893,1117414,31,743812
2025-04-29 21:29:27,0,level_complete,4972,1,76931,0,612176,1117743,34,744147
2025-04-29 21:29:28,0,level_complete,4973,1,76945,0,612351,1117910,29,744357
2025-04-29 21:29:29,0,level_complete,4974,1,76947,0,612394,1117960,33,744408
2025-04-29 21:29:29,0,level_complete,4975,1,76954,0,612484,1118039,42,744525
2025-04-29 21:29:30,0,level_complete,4976,1,76961,0,612561,1118124,33,744620
2025-04-29 21:29:30,0,level_complete,4977,1,76966,0,612615,1118184,32,744681
2025-04-29 21:29:31,0,level_complete,4978,1,76977,0,612740,1118335,29,744827
2025-04-29 21:29:32,0,level_complete,4979,1,76987,0,612864,1118456,33,744968
2025-04-29 21:29:32,0,level_complete,4980,1,76989,0,612909,1118517,34,745022
2025-04-29 21:29:33,0,level_complete,4981,1,76991,0,612941,1118556,31,745059
2025-04-29 21:29:33,0,level_complete,4982,1,76999,0,613034,1118663,38,745170
2025-04-29 21:29:34,0,training_run_ep 77000,-,1,77001,0,613046,1118675,0,745183
2025-04-29 21:29:35,0,level_complete,4983,1,77008,0,613119,1118762,29,745265
2025-04-29 21:29:36,0,level_complete,4984,1,77016,0,613215,1118894,36,745388
2025-04-29 21:29:36,0,level_complete,4985,1,77023,0,613285,1119004,29,745470
2025-04-29 21:29:37,0,level_complete,4986,1,77024,0,613312,1119056,34,745504
2025-04-29 21:29:38,0,level_complete,4987,1,77037,0,613487,1119244,34,745724
2025-04-29 21:29:40,0,level_complete,4988,1,77052,0,613687,1119473,35,745962
2025-04-29 21:29:41,0,level_complete,4989,1,77069,0,613871,1119704,27,746173
2025-04-29 21:29:42,0,level_complete,4990,1,77080,0,614012,1119883,31,746334
2025-04-29 21:29:43,0,level_complete,4991,1,77084,0,614082,1119967,34,746436
2025-04-29 21:29:44,0,level_complete,4992,1,77098,0,614251,1120118,42,746666
2025-04-29 21:29:44,0,level_complete,4993,1,77100,0,614279,1120161,30,746697
2025-04-29 21:29:45,0,level_complete,4994,1,77102,0,614307,1120210,29,746727
2025-04-29 21:29:46,0,level_complete,4995,1,77123,0,614513,1120411,33,746965
2025-04-29 21:29:47,0,level_complete,4996,1,77129,0,614579,1120527,31,747044
2025-04-29 21:29:47,0,level_complete,4997,1,77136,0,614657,1120606,37,747142
2025-04-29 21:29:48,0,level_complete,4998,1,77141,0,614721,1120696,36,747220
2025-04-29 21:29:48,0,level_complete,4999,1,77142,0,614748,1120717,36,747256
2025-04-29 21:29:49,0,level_complete,5000,1,77150,0,614875,1120856,31,747414
2025-04-29 21:29:49,0,level_complete,5001,1,77154,0,614941,1120919,30,747494
2025-04-29 21:29:50,0,level_complete,5002,1,77159,0,615035,1121021,33,747605
2025-04-29 21:29:50,0,level_complete,5003,1,77160,0,615062,1121056,30,747635
2025-04-29 21:29:51,0,level_complete,5004,1,77164,0,615120,1121146,36,747707
2025-04-29 21:29:52,0,level_complete,5005,1,77168,0,615201,1121239,33,747815
2025-04-29 21:29:52,0,level_complete,5006,1,77169,0,615228,1121267,35,747850
2025-04-29 21:29:53,0,level_complete,5007,1,77178,0,615335,1121391,37,747992
2025-04-29 21:29:53,0,level_complete,5008,1,77180,0,615368,1121429,32,748031
2025-04-29 21:29:53,0,level_complete,5009,1,77183,0,615436,1121496,36,748114
2025-04-29 21:29:54,0,level_complete,5010,1,77185,0,615467,1121551,31,748149
2025-04-29 21:29:55,0,level_complete,5011,1,77191,0,615581,1121678,32,748287
2025-04-29 21:29:55,0,level_complete,5012,1,77194,0,615628,1121732,37,748347
2025-04-29 21:29:55,0,level_complete,5013,1,77197,0,615684,1121816,28,748410
2025-04-29 21:29:56,0,level_complete,5014,1,77198,0,615711,1121841,35,748445
2025-04-29 21:29:56,0,level_complete,5015,1,77199,0,615738,1121868,33,748478
2025-04-29 21:29:58,0,level_complete,5016,1,77222,0,616062,1122188,31,748892
2025-04-29 21:29:58,0,level_complete,5017,1,77224,0,616093,1122221,31,748927
2025-04-29 21:29:59,0,level_complete,5018,1,77230,0,616196,1122331,29,749068
2025-04-29 21:30:00,0,level_complete,5019,1,77237,0,616313,1122473,36,749211
2025-04-29 21:30:00,0,level_complete,5020,1,77238,0,616340,1122505,35,749246
2025-04-29 21:30:00,0,level_complete,5021,1,77240,0,616368,1122556,31,749278
2025-04-29 21:30:01,0,level_complete,5022,1,77248,0,616497,1122698,34,749433
2025-04-29 21:30:02,0,level_complete,5023,1,77251,0,616553,1122775,31,749495
2025-04-29 21:30:05,0,level_complete,5024,1,77281,0,616959,1123214,29,749992
2025-04-29 21:30:06,0,level_complete,5025,1,77294,0,617097,1123349,31,750155
2025-04-29 21:30:06,0,level_complete,5026,1,77297,0,617169,1123421,32,750239
2025-04-29 21:30:07,0,level_complete,5027,1,77298,0,617196,1123467,30,750269
2025-04-29 21:30:07,0,level_complete,5028,1,77304,0,617263,1123532,45,750357
2025-04-29 21:30:09,0,level_complete,5029,1,77335,0,617612,1123893,28,750773
2025-04-29 21:30:12,0,level_complete,5030,1,77360,0,617964,1124259,33,751197
2025-04-29 21:30:32,0,level_complete,5031,1,77363,0,618018,1127471,38,751266
2025-04-29 21:30:32,0,level_complete,5032,1,77364,0,618045,1127503,34,751300
2025-04-29 21:30:33,0,level_complete,5033,1,77365,0,618072,1127542,35,751335
2025-04-29 21:30:33,0,level_complete,5034,1,77367,0,618102,1127578,33,751371
2025-04-29 21:30:33,0,level_complete,5035,1,77369,0,618134,1127613,32,751408
2025-04-29 21:30:33,0,level_complete,5036,1,77370,0,618161,1127648,31,751439
2025-04-29 21:30:34,0,level_complete,5037,1,77380,0,618303,1127803,29,751618
2025-04-29 21:30:35,0,level_complete,5038,1,77384,0,618366,1127865,32,751699
2025-04-29 21:30:35,0,level_complete,5039,1,77386,0,618416,1127927,28,751756
2025-04-29 21:30:36,0,level_complete,5040,1,77387,0,618443,1127969,29,751785
2025-04-29 21:30:36,0,level_complete,5041,1,77388,0,618470,1128005,30,751815
2025-04-29 21:30:36,0,level_complete,5042,1,77390,0,618507,1128054,32,751858
2025-04-29 21:30:36,0,level_complete,5043,1,77391,0,618534,1128094,32,751890
2025-04-29 21:30:38,0,level_complete,5044,1,77405,0,618741,1128320,32,752150
2025-04-29 21:30:39,0,level_complete,5045,1,77410,0,618847,1128430,34,752283
2025-04-29 21:30:40,0,level_complete,5046,1,77421,0,619016,1128605,31,752509
2025-04-29 21:30:41,0,level_complete,5047,1,77431,0,619164,1128778,34,752691
2025-04-29 21:30:41,0,level_complete,5048,1,77432,0,619191,1128826,28,752719
2025-04-29 21:30:43,0,level_complete,5049,1,77437,0,619275,1129018,31,752824
2025-04-29 21:30:43,0,level_complete,5050,1,77440,0,619331,1129081,32,752890
2025-04-29 21:30:44,0,level_complete,5051,1,77446,0,619413,1129176,28,752980
2025-04-29 21:30:44,0,level_complete,5052,1,77447,0,619440,1129205,31,753011
2025-04-29 21:30:44,0,level_complete,5053,1,77448,0,619467,1129248,32,753043
2025-04-29 21:30:45,0,level_complete,5054,1,77450,0,619507,1129338,30,753087
2025-04-29 21:30:46,0,level_complete,5055,1,77462,0,619651,1129489,34,753276
2025-04-29 21:30:47,0,level_complete,5056,1,77471,0,619791,1129642,33,753455
2025-04-29 21:30:48,0,level_complete,5057,1,77481,0,619932,1129801,31,753614
2025-04-29 21:30:48,0,level_complete,5058,1,77483,0,619959,1129832,34,753648
2025-04-29 21:30:48,0,level_complete,5059,1,77485,0,620006,1129885,33,753702
2025-04-29 21:30:49,0,level_complete,5060,1,77492,0,620104,1129996,28,753820
2025-04-29 21:30:49,0,level_complete,5061,1,77493,0,620131,1130018,37,753857
2025-04-29 21:30:50,0,level_complete,5062,1,77497,0,620205,1130091,42,753955
2025-04-29 21:30:51,0,training_run_ep 77500,-,1,77501,0,620266,1130150,0,754033
2025-04-29 21:30:51,0,level_complete,5063,1,77503,0,620308,1130203,35,754094
2025-04-29 21:30:52,0,level_complete,5064,1,77508,0,620395,1130295,29,754203
2025-04-29 21:30:52,0,level_complete,5065,1,77510,0,620440,1130351,31,754254
2025-04-29 21:30:52,0,level_complete,5066,1,77511,0,620467,1130379,32,754286
2025-04-29 21:30:53,0,level_complete,5067,1,77515,0,620529,1130466,32,754358
2025-04-29 21:30:53,0,level_complete,5068,1,77519,0,620581,1130523,33,754428
2025-04-29 21:30:53,0,level_complete,5069,1,77521,0,620619,1130558,30,754472
2025-04-29 21:30:54,0,level_complete,5070,1,77523,0,620651,1130597,33,754510
2025-04-29 21:30:54,0,level_complete,5071,1,77524,0,620678,1130639,36,754546
2025-04-29 21:30:54,0,level_complete,5072,1,77526,0,620729,1130712,39,754614
2025-04-29 21:30:55,0,level_complete,5073,1,77531,0,620813,1130789,33,754719
2025-04-29 21:30:56,0,level_complete,5074,1,77536,0,620896,1130870,41,754835
2025-04-29 21:30:56,0,level_complete,5075,1,77539,0,620954,1130930,32,754904
2025-04-29 21:30:56,0,level_complete,5076,1,77541,0,621007,1131006,36,754970
2025-04-29 21:30:57,0,level_complete,5077,1,77544,0,621072,1131072,40,755058
2025-04-29 21:30:57,0,level_complete,5078,1,77545,0,621099,1131100,36,755094
2025-04-29 21:30:58,0,level_complete,5079,1,77549,0,621156,1131172,39,755168
2025-04-29 21:30:58,0,level_complete,5080,1,77551,0,621186,1131212,30,755201
2025-04-29 21:30:58,0,level_complete,5081,1,77554,0,621243,1131294,29,755265
2025-04-29 21:30:59,0,level_complete,5082,1,77555,0,621270,1131328,33,755298
2025-04-29 21:30:59,0,level_complete,5083,1,77558,0,621326,1131417,31,755361
2025-04-29 21:30:59,0,level_complete,5084,1,77560,0,621358,1131459,32,755399
2025-04-29 21:31:00,0,level_complete,5085,1,77565,0,621446,1131587,32,755503
2025-04-29 21:31:01,0,level_complete,5086,1,77570,0,621535,1131694,33,755611
2025-04-29 21:31:01,0,level_complete,5087,1,77572,0,621587,1131769,34,755671
2025-04-29 21:31:03,0,level_complete,5088,1,77587,0,621791,1132006,31,755956
2025-04-29 21:31:03,0,level_complete,5089,1,77588,0,621818,1132047,37,755993
2025-04-29 21:31:04,0,level_complete,5090,1,77589,0,621845,1132086,31,756024
2025-04-29 21:31:05,0,level_complete,5091,1,77594,0,621944,1132308,32,756133
2025-04-29 21:31:05,0,level_complete,5092,1,77596,0,621986,1132374,34,756187
2025-04-29 21:31:06,0,level_complete,5093,1,77599,0,622036,1132439,28,756243
2025-04-29 21:31:06,0,level_complete,5094,1,77600,0,622063,1132486,30,756273
2025-04-29 21:31:07,0,level_complete,5095,1,77603,0,622121,1132560,32,756338
2025-04-29 21:31:07,0,level_complete,5096,1,77604,0,622148,1132587,41,756379
2025-04-29 21:31:07,0,level_complete,5097,1,77605,0,622175,1132641,30,756409
2025-04-29 21:31:07,0,level_complete,5098,1,77606,0,622202,1132680,33,756442
2025-04-29 21:31:08,0,level_complete,5099,1,77608,0,622241,1132766,29,756489
2025-04-29 21:31:09,0,level_complete,5100,1,77614,0,622361,1132884,38,756643
2025-04-29 21:31:09,0,level_complete,5101,1,77617,0,622424,1132976,35,756719
2025-04-29 21:31:10,0,level_complete,5102,1,77618,0,622451,1133011,30,756749
2025-04-29 21:31:12,0,level_complete,5103,1,77626,0,622603,1133335,39,756938
2025-04-29 21:31:12,0,level_complete,5104,1,77632,0,622688,1133432,31,757052
2025-04-29 21:31:13,0,level_complete,5105,1,77639,0,622812,1133584,29,757191
2025-04-29 21:31:14,0,level_complete,5106,1,77642,0,622872,1133654,29,757270
2025-04-29 21:31:14,0,level_complete,5107,1,77643,0,622899,1133708,32,757302
2025-04-29 21:31:15,0,level_complete,5108,1,77646,0,622948,1133754,35,757365
2025-04-29 21:31:15,0,level_complete,5109,1,77647,0,622975,1133798,27,757392
2025-04-29 21:31:15,0,level_complete,5110,1,77648,0,623002,1133846,30,757422
2025-04-29 21:31:15,0,level_complete,5111,1,77650,0,623036,1133889,39,757469
2025-04-29 21:31:16,0,level_complete,5112,1,77651,0,623063,1133928,36,757505
2025-04-29 21:31:16,0,level_complete,5113,1,77652,0,623090,1133971,32,757537
2025-04-29 21:31:17,0,level_complete,5114,1,77657,0,623177,1134106,32,757639
2025-04-29 21:31:17,0,level_complete,5115,1,77658,0,623204,1134148,32,757671
2025-04-29 21:31:54,0,level_complete,5116,1,77665,0,623320,1140044,31,757812
2025-04-29 21:31:55,0,level_complete,5117,1,77667,0,623360,1140095,33,757859
2025-04-29 21:31:56,0,level_complete,5118,1,77671,0,623441,1140220,30,757962
2025-04-29 21:31:56,0,level_complete,5119,1,77674,0,623507,1140295,33,758042
2025-04-29 21:31:56,0,level_complete,5120,1,77675,0,623534,1140322,30,758072
2025-04-29 21:31:57,0,level_complete,5121,1,77681,0,623621,1140449,33,758177
2025-04-29 21:31:58,0,level_complete,5122,1,77684,0,623674,1140513,29,758234
2025-04-29 21:31:58,0,level_complete,5123,1,77689,0,623739,1140601,31,758310
2025-04-29 21:31:58,0,level_complete,5124,1,77690,0,623766,1140625,37,758347
2025-04-29 21:31:59,0,level_complete,5125,1,77692,0,623817,1140673,35,758415
2025-04-29 21:31:59,0,level_complete,5126,1,77695,0,623880,1140773,33,758493
2025-04-29 21:32:00,0,level_complete,5127,1,77697,0,623912,1140807,41,758540
2025-04-29 21:32:00,0,level_complete,5128,1,77699,0,623941,1140847,34,758576
2025-04-29 21:32:00,0,level_complete,5129,1,77701,0,623991,1140903,33,758641
2025-04-29 21:32:00,0,level_complete,5130,1,77702,0,624018,1140939,31,758672
2025-04-29 21:32:01,0,level_complete,5131,1,77705,0,624068,1140992,36,758735
2025-04-29 21:32:01,0,level_complete,5132,1,77708,0,624134,1141081,45,758827
2025-04-29 21:32:02,0,level_complete,5133,1,77713,0,624181,1141127,31,758881
2025-04-29 21:32:02,0,level_complete,5134,1,77715,0,624234,1141194,32,758955
2025-04-29 21:32:03,0,level_complete,5135,1,77718,0,624280,1141262,29,759005
2025-04-29 21:32:03,0,level_complete,5136,1,77719,0,624307,1141295,34,759039
2025-04-29 21:32:04,0,level_complete,5137,1,77726,0,624426,1141423,34,759179
2025-04-29 21:32:05,0,level_complete,5138,1,77739,0,624624,1141619,34,759430
2025-04-29 21:32:06,0,level_complete,5139,1,77744,0,624707,1141744,33,759531
2025-04-29 21:32:06,0,level_complete,5140,1,77750,0,624790,1141832,36,759642
2025-04-29 21:32:07,0,level_complete,5141,1,77751,0,624817,1141878,33,759675
2025-04-29 21:32:07,0,level_complete,5142,1,77752,0,624844,1141913,44,759719
2025-04-29 21:32:07,0,level_complete,5143,1,77753,0,624871,1141942,32,759751
2025-04-29 21:32:08,0,level_complete,5144,1,77755,0,624921,1142028,30,759811
2025-04-29 21:32:09,0,level_complete,5145,1,77768,0,625128,1142265,33,760060
2025-04-29 21:32:10,0,level_complete,5146,1,77770,0,625178,1142327,34,760119
2025-04-29 21:32:10,0,level_complete,5147,1,77773,0,625240,1142400,37,760199
2025-04-29 21:32:10,0,level_complete,5148,1,77774,0,625267,1142440,43,760242
2025-04-29 21:32:11,0,level_complete,5149,1,77775,0,625294,1142476,30,760272
2025-04-29 21:32:11,0,level_complete,5150,1,77778,0,625339,1142521,33,760327
2025-04-29 21:32:12,0,level_complete,5151,1,77783,0,625423,1142635,35,760425
2025-04-29 21:32:12,0,level_complete,5152,1,77784,0,625450,1142671,29,760454
2025-04-29 21:32:12,0,level_complete,5153,1,77786,0,625480,1142712,32,760489
2025-04-29 21:32:14,0,level_complete,5154,1,77803,0,625674,1142898,30,760738
2025-04-29 21:32:15,0,level_complete,5155,1,77806,0,625753,1143044,34,760833
2025-04-29 21:32:15,0,level_complete,5156,1,77810,0,625830,1143151,30,760921
2025-04-29 21:32:15,0,level_complete,5157,1,77811,0,625857,1143176,33,760954
2025-04-29 21:32:17,0,level_complete,5158,1,77829,0,626001,1143345,30,761122
2025-04-29 21:32:17,0,level_complete,5159,1,77830,0,626028,1143383,30,761152
2025-04-29 21:32:17,0,level_complete,5160,1,77833,0,626078,1143442,33,761213
2025-04-29 21:32:26,0,level_complete,5161,1,77839,0,626181,1144831,36,761344
2025-04-29 21:32:26,0,level_complete,5162,1,77840,0,626208,1144870,33,761377
2025-04-29 21:32:27,0,level_complete,5163,1,77841,0,626235,1144921,30,761407
2025-04-29 21:32:27,0,level_complete,5164,1,77842,0,626262,1144961,31,761438
2025-04-29 21:32:27,0,level_complete,5165,1,77846,0,626304,1145011,31,761484
2025-04-29 21:32:28,0,level_complete,5166,1,77848,0,626350,1145079,30,761536
2025-04-29 21:32:28,0,level_complete,5167,1,77849,0,626377,1145150,38,761574
2025-04-29 21:32:29,0,level_complete,5168,1,77850,0,626404,1145191,28,761602
2025-04-29 21:32:29,0,level_complete,5169,1,77851,0,626431,1145215,31,761633
2025-04-29 21:32:29,0,level_complete,5170,1,77853,0,626480,1145278,33,761690
2025-04-29 21:32:29,0,level_complete,5171,1,77854,0,626507,1145323,31,761721
2025-04-29 21:32:30,0,level_complete,5172,1,77855,0,626534,1145353,30,761751
2025-04-29 21:32:30,0,level_complete,5173,1,77859,0,626592,1145420,33,761818
2025-04-29 21:32:30,0,level_complete,5174,1,77860,0,626619,1145453,37,761855
2025-04-29 21:32:31,0,level_complete,5175,1,77865,0,626681,1145529,58,761957
2025-04-29 21:32:31,0,level_complete,5176,1,77866,0,626708,1145561,33,761990
2025-04-29 21:32:32,0,level_complete,5177,1,77871,0,626770,1145632,37,762065
2025-04-29 21:32:32,0,level_complete,5178,1,77872,0,626797,1145668,29,762094
2025-04-29 21:32:33,0,level_complete,5179,1,77878,0,626902,1145788,30,762217
2025-04-29 21:32:33,0,level_complete,5180,1,77881,0,626940,1145843,31,762260
2025-04-29 21:32:34,0,level_complete,5181,1,77894,0,627049,1145955,33,762403
2025-04-29 21:32:34,0,level_complete,5182,1,77895,0,627076,1145994,30,762433
2025-04-29 21:32:35,0,level_complete,5183,1,77898,0,627134,1146079,34,762505
2025-04-29 21:32:36,0,level_complete,5184,1,77911,0,627348,1146313,34,762786
2025-04-29 21:32:36,0,level_complete,5185,1,77912,0,627375,1146343,33,762819
2025-04-29 21:32:37,0,level_complete,5186,1,77913,0,627402,1146383,30,762849
2025-04-29 21:32:37,0,level_complete,5187,1,77919,0,627463,1146442,38,762932
2025-04-29 21:32:37,0,level_complete,5188,1,77920,0,627490,1146466,38,762970
2025-04-29 21:32:37,0,level_complete,5189,1,77921,0,627517,1146495,33,763003
2025-04-29 21:32:38,0,level_complete,5190,1,77922,0,627544,1146523,43,763046
2025-04-29 21:32:38,0,level_complete,5191,1,77924,0,627592,1146598,33,763107
2025-04-29 21:32:39,0,level_complete,5192,1,77928,0,627657,1146674,36,763184
2025-04-29 21:32:39,0,level_complete,5193,1,77934,0,627766,1146786,52,763338
2025-04-29 21:32:43,0,level_complete,5194,1,77940,0,627868,1147337,36,763459
2025-04-29 21:32:43,0,level_complete,5195,1,77942,0,627921,1147398,36,763524
2025-04-29 21:32:44,0,level_complete,5196,1,77945,0,627967,1147453,34,763580
2025-04-29 21:32:44,0,level_complete,5197,1,77949,0,628056,1147554,31,763683
2025-04-29 21:32:46,0,level_complete,5198,1,77968,0,628268,1147814,31,763939
2025-04-29 21:32:47,0,level_complete,5199,1,77977,0,628378,1147959,38,764076
2025-04-29 21:32:48,0,level_complete,5200,1,77979,0,628425,1148023,31,764130
2025-04-29 21:32:48,0,level_complete,5201,1,77980,0,628452,1148062,30,764160
2025-04-29 21:32:48,0,level_complete,5202,1,77981,0,628479,1148099,36,764196
2025-04-29 21:32:49,0,level_complete,5203,1,77983,0,628521,1148150,31,764247
2025-04-29 21:32:49,0,level_complete,5204,1,77990,0,628599,1148235,40,764363
2025-04-29 21:32:49,0,level_complete,5205,1,77991,0,628626,1148266,32,764395
2025-04-29 21:32:50,0,level_complete,5206,1,77992,0,628653,1148307,32,764427
2025-04-29 21:32:50,0,level_complete,5207,1,77995,0,628697,1148380,29,764483
2025-04-29 21:32:50,0,level_complete,5208,1,77996,0,628724,1148430,29,764512
2025-04-29 21:32:51,0,level_complete,5209,1,77997,0,628751,1148487,30,764542
2025-04-29 21:32:51,0,level_complete,5210,1,77998,0,628778,1148533,36,764578
2025-04-29 21:32:52,0,training_run_ep 78000,-,1,78001,0,628833,1148602,0,764647
2025-04-29 21:32:52,0,level_complete,5211,1,78004,0,628890,1148651,38,764725
2025-04-29 21:32:53,0,level_complete,5212,1,78007,0,628946,1148711,33,764790
2025-04-29 21:32:53,0,level_complete,5213,1,78012,0,629023,1148798,45,764894
2025-04-29 21:32:54,0,level_complete,5214,1,78014,0,629073,1148864,30,764952
2025-04-29 21:32:55,0,level_complete,5215,1,78021,0,629159,1148980,34,765063
2025-04-29 21:32:56,0,level_complete,5216,1,78037,0,629342,1149189,36,765301
2025-04-29 21:32:58,0,level_complete,5217,1,78079,0,629696,1149531,34,765713
2025-04-29 21:32:59,0,level_complete,5218,1,78088,0,629782,1149626,32,765815
2025-04-29 21:33:00,0,level_complete,5219,1,78099,0,629923,1149763,41,765993
2025-04-29 21:33:00,0,level_complete,5220,1,78100,0,629950,1149801,36,766029
2025-04-29 21:33:01,0,level_complete,5221,1,78104,0,630012,1149889,33,766110
2025-04-29 21:33:02,0,level_complete,5222,1,78109,0,630087,1150009,28,766202
2025-04-29 21:33:02,0,level_complete,5223,1,78110,0,630114,1150061,34,766236
2025-04-29 21:33:04,0,level_complete,5224,1,78129,0,630298,1150362,30,766466
2025-04-29 21:33:05,0,level_complete,5225,1,78141,0,630426,1150477,35,766630
2025-04-29 21:33:05,0,level_complete,5226,1,78144,0,630488,1150547,29,766702
2025-04-29 21:33:06,0,level_complete,5227,1,78145,0,630515,1150581,29,766731
2025-04-29 21:33:06,0,level_complete,5228,1,78149,0,630574,1150672,29,766802
2025-04-29 21:33:07,0,level_complete,5229,1,78154,0,630635,1150731,30,766873
2025-04-29 21:33:07,0,level_complete,5230,1,78155,0,630662,1150770,42,766915
2025-04-29 21:33:07,0,level_complete,5231,1,78159,0,630720,1150845,32,766982
2025-04-29 21:33:09,0,level_complete,5232,1,78173,0,630918,1151089,27,767210
2025-04-29 21:33:10,0,level_complete,5233,1,78177,0,630980,1151184,29,767277
2025-04-29 21:33:10,0,level_complete,5234,1,78178,0,631007,1151228,27,767304
2025-04-29 21:33:11,0,level_complete,5235,1,78183,0,631072,1151349,29,767372
2025-04-29 21:33:11,0,level_complete,5236,1,78185,0,631107,1151385,31,767411
2025-04-29 21:33:11,0,level_complete,5237,1,78187,0,631157,1151455,28,767466
2025-04-29 21:33:12,0,level_complete,5238,1,78188,0,631184,1151483,31,767497
2025-04-29 21:33:12,0,level_complete,5239,1,78192,0,631239,1151559,32,767568
2025-04-29 21:33:14,0,level_complete,5240,1,78202,0,631384,1151765,30,767734
2025-04-29 21:33:14,0,level_complete,5241,1,78211,0,631485,1151899,39,767856
2025-04-29 21:33:15,0,level_complete,5242,1,78212,0,631512,1151978,31,767887
2025-04-29 21:33:16,0,level_complete,5243,1,78216,0,631573,1152063,31,767956
2025-04-29 21:33:17,0,level_complete,5244,1,78229,0,631747,1152227,32,768184
2025-04-29 21:33:17,0,level_complete,5245,1,78234,0,631818,1152311,30,768270
2025-04-29 21:33:18,0,level_complete,5246,1,78245,0,631971,1152490,33,768457
2025-04-29 21:33:19,0,level_complete,5247,1,78248,0,632002,1152546,31,768492
2025-04-29 21:33:19,0,level_complete,5248,1,78250,0,632054,1152606,35,768557
2025-04-29 21:33:20,0,level_complete,5249,1,78253,0,632108,1152690,34,768625
2025-04-29 21:33:20,0,level_complete,5250,1,78256,0,632162,1152749,32,768693
2025-04-29 21:33:20,0,level_complete,5251,1,78257,0,632189,1152784,32,768725
2025-04-29 21:33:21,0,level_complete,5252,1,78259,0,632226,1152835,30,768765
2025-04-29 21:33:21,0,level_complete,5253,1,78260,0,632253,1152892,29,768794
2025-04-29 21:33:22,0,level_complete,5254,1,78265,0,632339,1153003,41,768903
2025-04-29 21:33:22,0,level_complete,5255,1,78268,0,632390,1153055,31,768959
2025-04-29 21:33:23,0,level_complete,5256,1,78269,0,632417,1153109,29,768988
2025-04-29 21:33:23,0,level_complete,5257,1,78272,0,632462,1153182,32,769040
2025-04-29 21:33:23,0,level_complete,5258,1,78273,0,632489,1153223,40,769080
2025-04-29 21:33:24,0,level_complete,5259,1,78281,0,632574,1153307,29,769175
2025-04-29 21:33:24,0,level_complete,5260,1,78286,0,632622,1153370,31,769231
2025-04-29 21:33:26,0,level_complete,5261,1,78312,0,632888,1153626,32,769561
2025-04-29 21:33:28,0,level_complete,5262,1,78333,0,633158,1153927,32,769914
2025-04-29 21:33:28,0,level_complete,5263,1,78334,0,633185,1153963,36,769950
2025-04-29 21:33:29,0,level_complete,5264,1,78339,0,633238,1154017,28,770009
2025-04-29 21:33:29,0,level_complete,5265,1,78345,0,633298,1154074,44,770093
2025-04-29 21:33:30,0,level_complete,5266,1,78350,0,633390,1154240,31,770206
2025-04-29 21:33:31,0,level_complete,5267,1,78362,0,633547,1154408,36,770413
2025-04-29 21:33:32,0,level_complete,5268,1,78363,0,633574,1154443,31,770444
2025-04-29 21:33:32,0,level_complete,5269,1,78366,0,633638,1154522,40,770531
2025-04-29 21:33:32,0,level_complete,5270,1,78367,0,633665,1154554,29,770560
2025-04-29 21:33:33,0,level_complete,5271,1,78368,0,633692,1154603,29,770589
2025-04-29 21:33:33,0,level_complete,5272,1,78369,0,633719,1154645,32,770621
2025-04-29 21:33:33,0,level_complete,5273,1,78370,0,633746,1154674,34,770655
2025-04-29 21:33:34,0,level_complete,5274,1,78373,0,633793,1154751,35,770727
2025-04-29 21:33:34,0,level_complete,5275,1,78376,0,633858,1154817,29,770808
2025-04-29 21:33:34,0,level_complete,5276,1,78377,0,633885,1154850,31,770839
2025-04-29 21:33:35,0,level_complete,5277,1,78379,0,633938,1154925,28,770894
2025-04-29 21:33:35,0,level_complete,5278,1,78381,0,633976,1154973,29,770935
2025-04-29 21:33:35,0,level_complete,5279,1,78383,0,634016,1155013,31,770981
2025-04-29 21:33:36,0,level_complete,5280,1,78384,0,634043,1155043,30,771011
2025-04-29 21:33:36,0,level_complete,5281,1,78385,0,634070,1155095,29,771040
2025-04-29 21:33:36,0,level_complete,5282,1,78386,0,634097,1155140,30,771070
2025-04-29 21:33:37,0,level_complete,5283,1,78387,0,634124,1155169,34,771104
2025-04-29 21:33:37,0,level_complete,5284,1,78389,0,634153,1155203,35,771141
2025-04-29 21:33:37,0,level_complete,5285,1,78390,0,634180,1155235,38,771179
2025-04-29 21:33:37,0,level_complete,5286,1,78391,0,634207,1155298,30,771209
2025-04-29 21:33:38,0,level_complete,5287,1,78392,0,634234,1155326,33,771242
2025-04-29 21:33:38,0,level_complete,5288,1,78395,0,634312,1155435,36,771338
2025-04-29 21:33:39,0,level_complete,5289,1,78399,0,634413,1155570,28,771454
2025-04-29 21:33:39,0,level_complete,5290,1,78401,0,634458,1155614,30,771506
2025-04-29 21:33:40,0,level_complete,5291,1,78403,0,634487,1155657,31,771539
2025-04-29 21:33:40,0,level_complete,5292,1,78406,0,634538,1155713,31,771605
2025-04-29 21:33:40,0,level_complete,5293,1,78408,0,634570,1155755,28,771638
2025-04-29 21:33:42,0,level_complete,5294,1,78420,0,634751,1155986,33,771846
2025-04-29 21:33:42,0,level_complete,5295,1,78421,0,634778,1156016,36,771882
2025-04-29 21:33:44,0,level_complete,5296,1,78440,0,634945,1156216,41,772104
2025-04-29 21:33:44,0,level_complete,5297,1,78443,0,635000,1156300,29,772173
2025-04-29 21:33:45,0,level_complete,5298,1,78445,0,635034,1156378,35,772216
2025-04-29 21:33:46,0,level_complete,5299,1,78461,0,635228,1156574,33,772450
2025-04-29 21:33:47,0,level_complete,5300,1,78469,0,635304,1156662,33,772538
2025-04-29 21:33:47,0,level_complete,5301,1,78474,0,635379,1156770,34,772638
2025-04-29 21:33:48,0,level_complete,5302,1,78482,0,635488,1156891,34,772769
2025-04-29 21:33:49,0,level_complete,5303,1,78488,0,635575,1156982,34,772879
2025-04-29 21:33:49,0,level_complete,5304,1,78494,0,635627,1157050,32,772938
2025-04-29 21:33:50,0,level_complete,5305,1,78501,0,635779,1157206,35,773133
2025-04-29 21:33:51,0,training_run_ep 78500,-,1,78501,0,635779,1157206,35,773133
2025-04-29 21:33:51,0,level_complete,5306,1,78503,0,635826,1157266,41,773197
2025-04-29 21:33:51,0,level_complete,5307,1,78505,0,635858,1157304,31,773233
2025-04-29 21:33:52,0,level_complete,5308,1,78506,0,635885,1157338,38,773271
2025-04-29 21:33:52,0,level_complete,5309,1,78508,0,635931,1157387,29,773327
2025-04-29 21:33:54,0,level_complete,5310,1,78512,0,636006,1157631,34,773437
2025-04-29 21:33:55,0,level_complete,5311,1,78519,0,636125,1157793,35,773581
2025-04-29 21:33:55,0,level_complete,5312,1,78523,0,636182,1157878,32,773651
2025-04-29 21:33:56,0,level_complete,5313,1,78529,0,636264,1157966,35,773750
2025-04-29 21:33:56,0,level_complete,5314,1,78534,0,636345,1158058,31,773853
2025-04-29 21:33:57,0,level_complete,5315,1,78535,0,636372,1158091,34,773887
2025-04-29 21:33:57,0,level_complete,5316,1,78536,0,636399,1158126,38,773925
2025-04-29 21:33:58,0,level_complete,5317,1,78549,0,636587,1158310,30,774153
2025-04-29 21:33:58,0,level_complete,5318,1,78552,0,636621,1158349,40,774200
2025-04-29 21:33:59,0,level_complete,5319,1,78555,0,636666,1158418,29,774254
2025-04-29 21:33:59,0,level_complete,5320,1,78557,0,636696,1158468,32,774289
2025-04-29 21:34:00,0,level_complete,5321,1,78561,0,636795,1158593,29,774406
2025-04-29 21:34:01,0,level_complete,5322,1,78564,0,636853,1158772,32,774477
2025-04-29 21:34:02,0,level_complete,5323,1,78567,0,636901,1158823,33,774539
2025-04-29 21:34:02,0,level_complete,5324,1,78569,0,636933,1158864,35,774579
2025-04-29 21:34:03,0,level_complete,5325,1,78578,0,637061,1158992,32,774730
2025-04-29 21:34:04,0,level_complete,5326,1,78584,0,637134,1159144,32,774829
2025-04-29 21:34:04,0,level_complete,5327,1,78585,0,637161,1159175,32,774861
2025-04-29 21:34:05,0,level_complete,5328,1,78594,0,637328,1159400,33,775074
2025-04-29 21:34:06,0,level_complete,5329,1,78596,0,637358,1159440,36,775113
2025-04-29 21:34:07,0,level_complete,5330,1,78615,0,637591,1159690,36,775397
2025-04-29 21:34:09,0,level_complete,5331,1,78633,0,637854,1159955,33,775724
2025-04-29 21:34:10,0,level_complete,5332,1,78638,0,637963,1160060,30,775859
2025-04-29 21:34:14,0,level_complete,5333,1,78673,0,638520,1160734,29,776548
2025-04-29 21:34:15,0,level_complete,5334,1,78690,0,638697,1160903,36,776777
2025-04-29 21:34:16,0,level_complete,5335,1,78700,0,638797,1161005,28,776889
2025-04-29 21:34:17,0,level_complete,5336,1,78706,0,638862,1161063,41,776977
2025-04-29 21:34:18,0,level_complete,5337,1,78713,0,638995,1161310,31,777141
2025-04-29 21:34:19,0,level_complete,5338,1,78719,0,639066,1161382,31,777224
2025-04-29 21:34:19,0,level_complete,5339,1,78723,0,639128,1161457,32,777293
2025-04-29 21:34:19,0,level_complete,5340,1,78724,0,639155,1161495,32,777325
2025-04-29 21:34:21,0,level_complete,5341,1,78732,0,639283,1161667,32,777479
2025-04-29 21:34:21,0,level_complete,5342,1,78734,0,639333,1161726,31,777537
2025-04-29 21:34:22,0,level_complete,5343,1,78743,0,639453,1161858,34,777674
2025-04-29 21:34:22,0,level_complete,5344,1,78747,0,639504,1161923,36,777738
2025-04-29 21:34:24,0,level_complete,5345,1,78764,0,639739,1162230,35,778021
2025-04-29 21:34:25,0,level_complete,5346,1,78767,0,639801,1162287,30,778089
2025-04-29 21:34:25,0,level_complete,5347,1,78772,0,639883,1162375,29,778187
2025-04-29 21:34:27,0,level_complete,5348,1,78797,0,640200,1162689,33,778566
2025-04-29 21:34:28,0,level_complete,5349,1,78802,0,640265,1162761,34,778646
2025-04-29 21:34:28,0,level_complete,5350,1,78804,0,640311,1162831,30,778696
2025-04-29 21:34:29,0,level_complete,5351,1,78805,0,640338,1162868,33,778729
2025-04-29 21:34:29,0,level_complete,5352,1,78808,0,640395,1162961,31,778799
2025-04-29 21:34:30,0,level_complete,5353,1,78810,0,640448,1163017,38,778868
2025-04-29 21:34:30,0,level_complete,5354,1,78818,0,640542,1163137,30,778975
2025-04-29 21:34:31,0,level_complete,5355,1,78820,0,640569,1163185,31,779006
2025-04-29 21:34:31,0,level_complete,5356,1,78822,0,640609,1163233,33,779054
2025-04-29 21:34:31,0,level_complete,5357,1,78823,0,640636,1163265,31,779085
2025-04-29 21:34:32,0,level_complete,5358,1,78830,0,640725,1163355,31,779191
2025-04-29 21:34:34,0,level_complete,5359,1,78844,0,640956,1163625,37,779475
2025-04-29 21:34:34,0,level_complete,5360,1,78845,0,640983,1163675,30,779505
2025-04-29 21:34:36,0,level_complete,5361,1,78863,0,641215,1163923,30,779795
2025-04-29 21:34:37,0,level_complete,5362,1,78873,0,641360,1164070,34,779968
2025-04-29 21:34:37,0,level_complete,5363,1,78876,0,641412,1164112,39,780039
2025-04-29 21:34:38,0,level_complete,5364,1,78884,0,641519,1164242,29,780161
2025-04-29 21:34:38,0,level_complete,5365,1,78888,0,641571,1164303,33,780223
2025-04-29 21:34:39,0,level_complete,5366,1,78893,0,641659,1164399,40,780332
2025-04-29 21:34:39,0,level_complete,5367,1,78896,0,641704,1164446,30,780384
2025-04-29 21:34:40,0,level_complete,5368,1,78908,0,641829,1164595,33,780539
2025-04-29 21:34:41,0,level_complete,5369,1,78912,0,641884,1164655,30,780603
2025-04-29 21:34:41,0,level_complete,5370,1,78913,0,641911,1164681,36,780639
2025-04-29 21:34:41,0,level_complete,5371,1,78921,0,641988,1164744,34,780743
2025-04-29 21:34:43,0,level_complete,5372,1,78938,0,642175,1164965,34,780961
2025-04-29 21:34:43,0,level_complete,5373,1,78939,0,642202,1165007,32,780993
2025-04-29 21:34:43,0,level_complete,5374,1,78940,0,642229,1165053,31,781024
2025-04-29 21:34:43,0,level_complete,5375,1,78941,0,642256,1165080,32,781056
2025-04-29 21:34:44,0,level_complete,5376,1,78943,0,642309,1165152,31,781119
2025-04-29 21:34:44,0,level_complete,5377,1,78944,0,642336,1165193,34,781153
2025-04-29 21:34:45,0,level_complete,5378,1,78948,0,642392,1165257,33,781226
2025-04-29 21:34:45,0,level_complete,5379,1,78951,0,642444,1165329,33,781290
2025-04-29 21:34:45,0,level_complete,5380,1,78953,0,642489,1165376,34,781348
2025-04-29 21:34:46,0,level_complete,5381,1,78956,0,642542,1165480,30,781410
2025-04-29 21:34:46,0,level_complete,5382,1,78957,0,642569,1165522,43,781453
2025-04-29 21:34:47,0,level_complete,5383,1,78960,0,642619,1165631,34,781519
2025-04-29 21:34:47,0,level_complete,5384,1,78961,0,642646,1165660,29,781548
2025-04-29 21:34:48,0,level_complete,5385,1,78963,0,642692,1165717,30,781602
2025-04-29 21:34:48,0,level_complete,5386,1,78967,0,642768,1165817,29,781685
2025-04-29 21:34:49,0,level_complete,5387,1,78968,0,642795,1165842,30,781715
2025-04-29 21:34:49,0,level_complete,5388,1,78974,0,642881,1165933,29,781807
2025-04-29 21:34:50,0,level_complete,5389,1,78978,0,642940,1166024,30,781872
2025-04-29 21:34:51,0,level_complete,5390,1,78999,0,643147,1166215,31,782123
2025-04-29 21:34:52,0,training_run_ep 79000,-,1,79001,0,643161,1166228,0,782138
2025-04-29 21:34:52,0,level_complete,5391,1,79007,0,643197,1166286,30,782177
2025-04-29 21:34:53,0,level_complete,5392,1,79020,0,643374,1166466,32,782431
2025-04-29 21:34:54,0,level_complete,5393,1,79022,0,643425,1166527,34,782493
2025-04-29 21:34:54,0,level_complete,5394,1,79023,0,643452,1166551,40,782533
2025-04-29 21:34:54,0,level_complete,5395,1,79025,0,643487,1166594,40,782581
2025-04-29 21:34:55,0,level_complete,5396,1,79032,0,643596,1166728,32,782710
2025-04-29 21:34:56,0,level_complete,5397,1,79040,0,643694,1166828,37,782831
2025-04-29 21:34:57,0,level_complete,5398,1,79043,0,643771,1166924,34,782941
2025-04-29 21:34:57,0,level_complete,5399,1,79046,0,643843,1167030,29,783017
2025-04-29 21:34:59,0,level_complete,5400,1,79055,0,643968,1167226,31,783160
2025-04-29 21:34:59,0,level_complete,5401,1,79063,0,644084,1167331,32,783304
2025-04-29 21:35:01,0,level_complete,5402,1,79081,0,644291,1167520,32,783568
2025-04-29 21:35:01,0,level_complete,5403,1,79083,0,644319,1167572,27,783596
2025-04-29 21:35:01,0,level_complete,5404,1,79084,0,644346,1167631,30,783626
2025-04-29 21:35:02,0,level_complete,5405,1,79085,0,644373,1167663,33,783659
2025-04-29 21:35:02,0,level_complete,5406,1,79089,0,644417,1167742,30,783707
2025-04-29 21:35:03,0,level_complete,5407,1,79093,0,644474,1167828,28,783770
2025-04-29 21:35:03,0,level_complete,5408,1,79096,0,644531,1167887,30,783836
2025-04-29 21:35:04,0,level_complete,5409,1,79098,0,644573,1167963,30,783881
2025-04-29 21:35:04,0,level_complete,5410,1,79107,0,644682,1168083,28,784004
2025-04-29 21:35:06,0,level_complete,5411,1,79115,0,644794,1168322,32,784136
2025-04-29 21:35:06,0,level_complete,5412,1,79116,0,644821,1168362,30,784166
2025-04-29 21:35:07,0,level_complete,5413,1,79118,0,644867,1168429,31,784218
2025-04-29 21:35:07,0,level_complete,5414,1,79120,0,644920,1168498,35,784284
2025-04-29 21:35:08,0,level_complete,5415,1,79122,0,644954,1168562,33,784325
2025-04-29 21:35:08,0,level_complete,5416,1,79125,0,645016,1168634,29,784397
2025-04-29 21:35:09,0,level_complete,5417,1,79129,0,645097,1168754,35,784498
2025-04-29 21:35:09,0,level_complete,5418,1,79130,0,645124,1168781,34,784532
2025-04-29 21:35:09,0,level_complete,5419,1,79131,0,645151,1168812,31,784563
2025-04-29 21:35:09,0,level_complete,5420,1,79132,0,645178,1168851,29,784592
2025-04-29 21:35:10,0,level_complete,5421,1,79134,0,645205,1168885,30,784622
2025-04-29 21:35:10,0,level_complete,5422,1,79136,0,645235,1168927,31,784656
2025-04-29 21:35:10,0,level_complete,5423,1,79138,0,645272,1168979,31,784698
2025-04-29 21:35:11,0,level_complete,5424,1,79140,0,645320,1169026,31,784752
2025-04-29 21:35:11,0,level_complete,5425,1,79146,0,645411,1169132,32,784873
2025-04-29 21:35:12,0,level_complete,5426,1,79148,0,645446,1169172,29,784911
2025-04-29 21:35:13,0,level_complete,5427,1,79153,0,645556,1169299,28,785038
2025-04-29 21:35:14,0,level_complete,5428,1,79171,0,645771,1169544,31,785290
2025-04-29 21:35:15,0,level_complete,5429,1,79180,0,645891,1169691,30,785434
2025-04-29 21:35:15,0,level_complete,5430,1,79182,0,645918,1169721,33,785467
2025-04-29 21:35:16,0,level_complete,5431,1,79187,0,646000,1169809,27,785564
2025-04-29 21:35:16,0,level_complete,5432,1,79188,0,646027,1169853,32,785596
2025-04-29 21:35:17,0,level_complete,5433,1,79189,0,646054,1169900,29,785625
2025-04-29 21:35:17,0,level_complete,5434,1,79192,0,646086,1169938,33,785664
2025-04-29 21:35:20,0,level_complete,5435,1,79214,0,646377,1170394,32,786007
2025-04-29 21:35:20,0,level_complete,5436,1,79216,0,646405,1170435,34,786042
2025-04-29 21:35:21,0,level_complete,5437,1,79229,0,646518,1170531,31,786181
2025-04-29 21:35:21,0,level_complete,5438,1,79234,0,646585,1170620,30,786262
2025-04-29 21:35:22,0,level_complete,5439,1,79236,0,646616,1170662,35,786301
2025-04-29 21:35:22,0,level_complete,5440,1,79239,0,646649,1170697,29,786336
2025-04-29 21:35:22,0,level_complete,5441,1,79245,0,646718,1170771,35,786419
2025-04-29 21:35:23,0,level_complete,5442,1,79246,0,646745,1170806,27,786446
2025-04-29 21:35:23,0,level_complete,5443,1,79249,0,646794,1170865,33,786503
2025-04-29 21:35:24,0,level_complete,5444,1,79255,0,646860,1170939,35,786586
2025-04-29 21:35:25,0,level_complete,5445,1,79261,0,646986,1171066,35,786747
2025-04-29 21:35:25,0,level_complete,5446,1,79263,0,647034,1171129,27,786799
2025-04-29 21:35:25,0,level_complete,5447,1,79265,0,647084,1171172,39,786865
2025-04-29 21:35:27,0,level_complete,5448,1,79281,0,647281,1171404,33,787095
2025-04-29 21:35:27,0,level_complete,5449,1,79282,0,647308,1171438,31,787126
2025-04-29 21:35:27,0,level_complete,5450,1,79283,0,647335,1171487,33,787159
2025-04-29 21:35:28,0,level_complete,5451,1,79285,0,647385,1171549,34,787219
2025-04-29 21:35:28,0,level_complete,5452,1,79287,0,647422,1171587,48,787278
2025-04-29 21:35:30,0,level_complete,5453,1,79305,0,647702,1171953,36,787607
2025-04-29 21:35:31,0,level_complete,5454,1,79306,0,647729,1172002,29,787636
2025-04-29 21:35:31,0,level_complete,5455,1,79309,0,647797,1172068,30,787715
2025-04-29 21:35:33,0,level_complete,5456,1,79330,0,648072,1172369,30,788051
2025-04-29 21:35:35,0,level_complete,5457,1,79334,0,648148,1172694,34,788147
2025-04-29 21:35:36,0,level_complete,5458,1,79337,0,648210,1172773,39,788226
2025-04-29 21:35:36,0,level_complete,5459,1,79341,0,648268,1172822,39,788309
2025-04-29 21:35:37,0,level_complete,5460,1,79343,0,648318,1172871,43,788381
2025-04-29 21:35:37,0,level_complete,5461,1,79344,0,648345,1172919,33,788414
2025-04-29 21:35:38,0,level_complete,5462,1,79349,0,648427,1173029,32,788512
2025-04-29 21:35:38,0,level_complete,5463,1,79352,0,648467,1173077,34,788559
2025-04-29 21:35:39,0,level_complete,5464,1,79355,0,648532,1173170,30,788631
2025-04-29 21:35:39,0,level_complete,5465,1,79356,0,648559,1173200,31,788662
2025-04-29 21:35:40,0,level_complete,5466,1,79365,0,648715,1173384,29,788866
2025-04-29 21:35:41,0,level_complete,5467,1,79370,0,648825,1173543,37,789000
2025-04-29 21:35:41,0,level_complete,5468,1,79371,0,648852,1173572,36,789036
2025-04-29 21:35:43,0,level_complete,5469,1,79390,0,649093,1173843,31,789334
2025-04-29 21:35:44,0,level_complete,5470,1,79397,0,649180,1173937,30,789434
2025-04-29 21:35:44,0,level_complete,5471,1,79399,0,649227,1173983,36,789491
2025-04-29 21:35:45,0,level_complete,5472,1,79404,0,649309,1174111,31,789591
2025-04-29 21:35:46,0,level_complete,5473,1,79411,0,649424,1174255,31,789731
2025-04-29 21:35:46,0,level_complete,5474,1,79413,0,649475,1174311,29,789796
2025-04-29 21:35:47,0,level_complete,5475,1,79414,0,649502,1174362,31,789827
2025-04-29 21:35:51,0,level_complete,5476,1,79477,0,650067,1174945,33,790525
2025-04-29 21:35:51,0,level_complete,5477,1,79482,0,650142,1175036,31,790611
2025-04-29 21:35:53,0,training_run_ep 79500,-,1,79501,0,650331,1175222,0,790847
2025-04-29 21:35:54,0,level_complete,5478,1,79506,0,650418,1175308,32,790966
2025-04-29 21:35:54,0,level_complete,5479,1,79508,0,650456,1175357,34,791013
2025-04-29 21:35:55,0,level_complete,5480,1,79520,0,650666,1175555,35,791273
2025-04-29 21:35:57,0,level_complete,5481,1,79532,0,650818,1175742,32,791451
2025-04-29 21:35:57,0,level_complete,5482,1,79535,0,650877,1175806,34,791531
2025-04-29 21:35:57,0,level_complete,5483,1,79536,0,650904,1175844,30,791561
2025-04-29 21:35:58,0,level_complete,5484,1,79538,0,650955,1175910,33,791623
2025-04-29 21:35:58,0,level_complete,5485,1,79540,0,651008,1175982,34,791687
2025-04-29 21:35:59,0,level_complete,5486,1,79542,0,651050,1176033,36,791739
2025-04-29 21:35:59,0,level_complete,5487,1,79546,0,651120,1176113,33,791836
2025-04-29 21:36:00,0,level_complete,5488,1,79552,0,651211,1176227,33,791940
2025-04-29 21:36:01,0,level_complete,5489,1,79563,0,651389,1176435,31,792155
2025-04-29 21:36:02,0,level_complete,5490,1,79565,0,651441,1176492,37,792224
2025-04-29 21:36:02,0,level_complete,5491,1,79567,0,651470,1176529,35,792261
2025-04-29 21:36:13,0,level_complete,5492,1,79570,0,651518,1178305,33,792320
2025-04-29 21:36:14,0,level_complete,5493,1,79571,0,651545,1178378,32,792352
2025-04-29 21:36:14,0,level_complete,5494,1,79572,0,651572,1178402,37,792389
2025-04-29 21:36:14,0,level_complete,5495,1,79573,0,651599,1178432,31,792420
2025-04-29 21:36:14,0,level_complete,5496,1,79575,0,651646,1178480,29,792475
2025-04-29 21:36:14,0,level_complete,5497,1,79576,0,651673,1178513,36,792511
2025-04-29 21:36:15,0,level_complete,5498,1,79578,0,651726,1178606,32,792573
2025-04-29 21:36:16,0,level_complete,5499,1,79585,0,651858,1178740,33,792738
2025-04-29 21:36:17,0,level_complete,5500,1,79592,0,651960,1178833,34,792875
2025-04-29 21:36:17,0,level_complete,5501,1,79593,0,651987,1178894,28,792903
2025-04-29 21:36:17,0,level_complete,5502,1,79594,0,652014,1178918,33,792936
2025-04-29 21:36:17,0,level_complete,5503,1,79595,0,652041,1178964,34,792970
2025-04-29 21:36:18,0,level_complete,5504,1,79597,0,652091,1179023,34,793031
2025-04-29 21:36:18,0,level_complete,5505,1,79600,0,652159,1179106,28,793109
2025-04-29 21:36:19,0,level_complete,5506,1,79604,0,652231,1179199,35,793197
2025-04-29 21:36:20,0,level_complete,5507,1,79615,0,652387,1179378,37,793384
2025-04-29 21:36:21,0,level_complete,5508,1,79621,0,652473,1179481,35,793486
2025-04-29 21:36:21,0,level_complete,5509,1,79624,0,652515,1179531,28,793531
2025-04-29 21:36:22,0,level_complete,5510,1,79628,0,652593,1179610,33,793629
2025-04-29 21:36:22,0,level_complete,5511,1,79637,0,652692,1179709,39,793754
2025-04-29 21:36:24,0,level_complete,5512,1,79657,0,652912,1179944,34,794034
2025-04-29 21:36:25,0,level_complete,5513,1,79662,0,653000,1180050,33,794146
2025-04-29 21:36:25,0,level_complete,5514,1,79666,0,653056,1180107,36,794217
2025-04-29 21:36:26,0,level_complete,5515,1,79678,0,653195,1180251,30,794379
2025-04-29 21:36:30,0,level_complete,5516,1,79753,0,653747,1180791,35,795064
2025-04-29 21:36:33,0,level_complete,5517,1,79788,0,654095,1181152,31,795480
2025-04-29 21:36:34,0,level_complete,5518,1,79802,0,654239,1181298,29,795649
2025-04-29 21:36:35,0,level_complete,5519,1,79817,0,654409,1181472,37,795871
2025-04-29 21:36:36,0,level_complete,5520,1,79829,0,654540,1181620,33,796021
2025-04-29 21:36:36,0,level_complete,5521,1,79830,0,654567,1181656,29,796050
2025-04-29 21:36:36,0,level_complete,5522,1,79835,0,654644,1181727,32,796139
2025-04-29 21:36:37,0,level_complete,5523,1,79839,0,654700,1181785,36,796214
2025-04-29 21:36:38,0,level_complete,5524,1,79853,0,654873,1182009,33,796431
2025-04-29 21:36:39,0,level_complete,5525,1,79855,0,654926,1182099,41,796509
2025-04-29 21:36:39,0,level_complete,5526,1,79856,0,654953,1182121,39,796548
2025-04-29 21:36:40,0,level_complete,5527,1,79859,0,655027,1182222,29,796645
2025-04-29 21:36:41,0,level_complete,5528,1,79871,0,655163,1182343,46,796857
2025-04-29 21:36:54,0,level_complete,5529,1,79875,0,655244,1184201,32,796955
2025-04-29 21:36:54,0,level_complete,5530,1,79877,0,655287,1184245,34,797008
2025-04-29 21:36:55,0,level_complete,5531,1,79882,0,655376,1184357,34,797127
2025-04-29 21:36:55,0,level_complete,5532,1,79884,0,655428,1184433,36,797205
2025-04-29 21:36:56,0,level_complete,5533,1,79885,0,655455,1184483,33,797238
2025-04-29 21:36:56,0,level_complete,5534,1,79886,0,655482,1184510,29,797267
2025-04-29 21:36:56,0,level_complete,5535,1,79889,0,655532,1184573,33,797326
2025-04-29 21:36:57,0,level_complete,5536,1,79898,0,655651,1184736,40,797495
2025-04-29 21:36:58,0,level_complete,5537,1,79901,0,655700,1184782,29,797549
2025-04-29 21:37:10,0,level_complete,5538,1,79913,0,655829,1186549,34,797710
2025-04-29 21:37:10,0,level_complete,5539,1,79914,0,655856,1186582,35,797745
2025-04-29 21:37:10,0,level_complete,5540,1,79918,0,655939,1186675,35,797858
2025-04-29 21:37:11,0,level_complete,5541,1,79921,0,656000,1186760,29,797923
2025-04-29 21:37:12,0,level_complete,5542,1,79927,0,656086,1186863,29,798017
2025-04-29 21:37:14,0,level_complete,5543,1,79952,0,656354,1187235,33,798339
2025-04-29 21:37:14,0,level_complete,5544,1,79954,0,656383,1187263,33,798374
2025-04-29 21:37:15,0,level_complete,5545,1,79957,0,656415,1187307,34,798413
2025-04-29 21:37:15,0,level_complete,5546,1,79962,0,656497,1187388,29,798508
2025-04-29 21:37:16,0,level_complete,5547,1,79964,0,656546,1187452,34,798570
2025-04-29 21:37:16,0,level_complete,5548,1,79965,0,656573,1187482,29,798599
2025-04-29 21:37:16,0,level_complete,5549,1,79969,0,656628,1187538,36,798668
2025-04-29 21:37:16,0,level_complete,5550,1,79971,0,656656,1187582,31,798700
2025-04-29 21:37:17,0,level_complete,5551,1,79972,0,656683,1187622,37,798737
2025-04-29 21:37:17,0,level_complete,5552,1,79974,0,656722,1187677,33,798784
2025-04-29 21:37:18,0,level_complete,5553,1,79979,0,656817,1187791,30,798888
2025-04-29 21:37:18,0,level_complete,5554,1,79980,0,656844,1187831,30,798918
2025-04-29 21:37:18,0,level_complete,5555,1,79981,0,656871,1187871,29,798947
2025-04-29 21:37:19,0,level_complete,5556,1,79984,0,656933,1187965,30,799030
2025-04-29 21:37:20,0,level_complete,5557,1,79993,0,657029,1188061,32,799144
2025-04-29 21:37:21,0,training_run_ep 80000,-,1,80001,0,657083,1188110,0,799212
2025-04-29 21:37:21,0,level_complete,5558,1,80005,0,657146,1188184,31,799281
2025-04-29 21:37:21,0,level_complete,5559,1,80006,0,657173,1188210,34,799315
2025-04-29 21:37:22,0,level_complete,5560,1,80013,0,657222,1188263,36,799376
2025-04-29 21:37:22,0,level_complete,5561,1,80021,0,657333,1188382,33,799517
2025-04-29 21:37:24,0,level_complete,5562,1,80042,0,657540,1188612,36,799749
2025-04-29 21:37:25,0,level_complete,5563,1,80050,0,657672,1188763,38,799906
2025-04-29 21:37:25,0,level_complete,5564,1,80052,0,657711,1188804,30,799952
2025-04-29 21:37:26,0,level_complete,5565,1,80054,0,657759,1188859,32,800006
2025-04-29 21:37:26,0,level_complete,5566,1,80057,0,657801,1188912,35,800064
2025-04-29 21:37:28,0,level_complete,5567,1,80079,0,658100,1189258,30,800426
2025-04-29 21:37:29,0,level_complete,5568,1,80080,0,658127,1189281,38,800464
2025-04-29 21:37:29,0,level_complete,5569,1,80082,0,658179,1189366,29,800523
2025-04-29 21:37:30,0,level_complete,5570,1,80090,0,658293,1189517,33,800658
2025-04-29 21:37:31,0,level_complete,5571,1,80097,0,658396,1189625,41,800794
2025-04-29 21:37:31,0,level_complete,5572,1,80105,0,658492,1189721,28,800903
2025-04-29 21:37:32,0,level_complete,5573,1,80115,0,658596,1189832,28,801025
2025-04-29 21:37:34,0,level_complete,5574,1,80125,0,658698,1190030,40,801157
2025-04-29 21:37:34,0,level_complete,5575,1,80127,0,658725,1190064,36,801193
2025-04-29 21:37:34,0,level_complete,5576,1,80128,0,658752,1190151,30,801223
2025-04-29 21:37:35,0,level_complete,5577,1,80141,0,658868,1190276,39,801362
2025-04-29 21:37:36,0,level_complete,5578,1,80155,0,658985,1190403,31,801494
2025-04-29 21:37:37,0,level_complete,5579,1,80168,0,659123,1190552,40,801680
2025-04-29 21:37:38,0,level_complete,5580,1,80174,0,659183,1190631,31,801746
2025-04-29 21:37:38,0,level_complete,5581,1,80185,0,659263,1190725,29,801840
2025-04-29 21:37:40,0,level_complete,5582,1,80209,0,659487,1191004,31,802093
2025-04-29 21:37:41,0,level_complete,5583,1,80211,0,659515,1191047,30,802124
2025-04-29 21:37:41,0,level_complete,5584,1,80212,0,659542,1191079,33,802157
2025-04-29 21:37:42,0,level_complete,5585,1,80223,0,659668,1191223,30,802307
2025-04-29 21:37:43,0,level_complete,5586,1,80225,0,659721,1191337,31,802369
2025-04-29 21:38:29,0,level_complete,5587,1,80229,0,659794,1198892,30,802455
2025-04-29 21:38:30,0,level_complete,5588,1,80235,0,659863,1198974,28,802538
2025-04-29 21:38:30,0,level_complete,5589,1,80242,0,659925,1199053,30,802610
2025-04-29 21:38:30,0,level_complete,5590,1,80246,0,659977,1199106,35,802676
2025-04-29 21:38:32,0,level_complete,5591,1,80273,0,660276,1199409,38,803044
2025-04-29 21:38:35,0,level_complete,5592,1,80284,0,660478,1199718,30,803309
2025-04-29 21:38:35,0,level_complete,5593,1,80294,0,660614,1199848,32,803475
2025-04-29 21:38:36,0,level_complete,5594,1,80299,0,660672,1199925,33,803544
2025-04-29 21:38:36,0,level_complete,5595,1,80302,0,660722,1199978,38,803607
2025-04-29 21:38:38,0,level_complete,5596,1,80315,0,660911,1200184,40,803846
2025-04-29 21:38:43,0,level_complete,5597,1,80371,0,661545,1200948,32,804598
2025-04-29 21:38:43,0,level_complete,5598,1,80379,0,661625,1201030,34,804696
2025-04-29 21:38:44,0,level_complete,5599,1,80381,0,661666,1201071,31,804744
2025-04-29 21:38:45,0,level_complete,5600,1,80387,0,661771,1201283,31,804882
2025-04-29 21:38:45,0,level_complete,5601,1,80388,0,661798,1201320,33,804915
2025-04-29 21:38:46,0,level_complete,5602,1,80392,0,661878,1201466,28,805007
2025-04-29 21:38:46,0,level_complete,5603,1,80393,0,661905,1201501,29,805036
2025-04-29 21:38:47,0,level_complete,5604,1,80398,0,661967,1201563,33,805114
2025-04-29 21:38:48,0,level_complete,5605,1,80409,0,662121,1201749,29,805318
2025-04-29 21:38:48,0,level_complete,5606,1,80410,0,662148,1201781,32,805350
2025-04-29 21:38:50,0,level_complete,5607,1,80427,0,662362,1202036,39,805632
2025-04-29 21:38:53,0,level_complete,5608,1,80459,0,662732,1202517,36,806082
2025-04-29 21:38:55,0,level_complete,5609,1,80472,0,662918,1202701,32,806298
2025-04-29 21:38:55,0,level_complete,5610,1,80480,0,662984,1202766,30,806378
2025-04-29 21:38:56,0,level_complete,5611,1,80490,0,663129,1202916,35,806555
2025-04-29 21:38:56,0,level_complete,5612,1,80491,0,663156,1202976,33,806588
2025-04-29 21:38:57,0,level_complete,5613,1,80492,0,663183,1203048,31,806619
2025-04-29 21:38:58,0,level_complete,5614,1,80501,0,663275,1203149,31,806731
2025-04-29 21:38:58,0,training_run_ep 80500,-,1,80501,0,663275,1203149,31,806731
2025-04-29 21:39:00,0,level_complete,5615,1,80523,0,663516,1203416,33,807013
2025-04-29 21:39:01,0,level_complete,5616,1,80532,0,663639,1203562,34,807153
2025-04-29 21:39:28,0,level_complete,5617,1,80547,0,663748,1207433,37,807281
2025-04-29 21:39:29,0,level_complete,5618,1,80563,0,663893,1207571,28,807463
2025-04-29 21:39:34,0,level_complete,5619,1,80640,0,664530,1208173,33,808229
2025-04-29 21:39:35,0,level_complete,5620,1,80647,0,664641,1208349,31,808362
2025-04-29 21:39:35,0,level_complete,5621,1,80651,0,664681,1208391,30,808406
2025-04-29 21:39:37,0,level_complete,5622,1,80659,0,664788,1208715,32,808528
2025-04-29 21:39:39,0,level_complete,5623,1,80681,0,665044,1208973,36,808872
2025-04-29 21:39:40,0,level_complete,5624,1,80686,0,665113,1209055,31,808958
2025-04-29 21:39:40,0,level_complete,5625,1,80687,0,665140,1209122,30,808988
2025-04-29 21:39:40,0,level_complete,5626,1,80688,0,665167,1209163,29,809017
2025-04-29 21:39:46,0,level_complete,5627,1,80770,0,665958,1210007,36,810008
2025-04-29 21:39:49,0,level_complete,5628,1,80803,0,666369,1210434,36,810521
2025-04-29 21:39:49,0,level_complete,5629,1,80804,0,666396,1210476,29,810550
2025-04-29 21:39:50,0,level_complete,5630,1,80815,0,666552,1210652,27,810731
2025-04-29 21:39:51,0,level_complete,5631,1,80819,0,666595,1210714,28,810775
2025-04-29 21:39:51,0,level_complete,5632,1,80823,0,666640,1210801,32,810831
2025-04-29 21:39:52,0,level_complete,5633,1,80824,0,666667,1210897,31,810862
2025-04-29 21:39:52,0,level_complete,5634,1,80826,0,666694,1210929,29,810891
2025-04-29 21:39:53,0,level_complete,5635,1,80830,0,666762,1211047,32,810966
2025-04-29 21:39:53,0,level_complete,5636,1,80833,0,666806,1211089,38,811023
2025-04-29 21:39:54,0,level_complete,5637,1,80839,0,666913,1211245,28,811144
2025-04-29 21:39:55,0,level_complete,5638,1,80842,0,666977,1211324,33,811219
2025-04-29 21:39:55,0,level_complete,5639,1,80843,0,667004,1211347,35,811254
2025-04-29 21:39:55,0,level_complete,5640,1,80845,0,667036,1211381,33,811292
2025-04-29 21:39:56,0,level_complete,5641,1,80848,0,667083,1211445,44,811361
2025-04-29 21:39:58,0,level_complete,5642,1,80873,0,667358,1211748,39,811703
2025-04-29 21:39:58,0,level_complete,5643,1,80877,0,667436,1211842,30,811796
2025-04-29 21:40:00,0,level_complete,5644,1,80903,0,667710,1212127,34,812121
2025-04-29 21:40:02,0,level_complete,5645,1,80921,0,667933,1212376,35,812407
2025-04-29 21:40:07,0,level_complete,5646,1,80978,0,668444,1213029,40,813019
2025-04-29 21:40:08,0,level_complete,5647,1,80986,0,668543,1213142,43,813142
2025-04-29 21:40:08,0,level_complete,5648,1,80990,0,668580,1213181,31,813183
2025-04-29 21:40:09,0,training_run_ep 81000,-,1,81001,0,668698,1213321,0,813312
2025-04-29 21:40:10,0,level_complete,5649,1,81002,0,668725,1213352,30,813342
2025-04-29 21:40:12,0,level_complete,5650,1,81024,0,668981,1213742,30,813634
2025-04-29 21:40:14,0,level_complete,5651,1,81041,0,669155,1213970,41,813865
2025-04-29 21:40:16,0,level_complete,5652,1,81075,0,669484,1214309,30,814274
2025-04-29 21:40:18,0,level_complete,5653,1,81094,0,669666,1214545,31,814504
2025-04-29 21:40:18,0,level_complete,5654,1,81095,0,669693,1214614,30,814534
2025-04-29 21:40:19,0,level_complete,5655,1,81105,0,669808,1214727,33,814671
2025-04-29 21:40:21,0,level_complete,5656,1,81131,0,670093,1215064,30,815016
2025-04-29 21:40:27,0,level_complete,5657,1,81213,0,670766,1215964,33,815820
2025-04-29 21:40:28,0,level_complete,5658,1,81228,0,670886,1216082,35,815959
2025-04-29 21:40:30,0,level_complete,5659,1,81238,0,671056,1216268,30,816169
2025-04-29 21:40:30,0,level_complete,5660,1,81240,0,671085,1216295,31,816202
2025-04-29 21:40:30,0,level_complete,5661,1,81242,0,671123,1216362,34,816249
2025-04-29 21:40:31,0,level_complete,5662,1,81246,0,671183,1216423,33,816321
2025-04-29 21:40:31,0,level_complete,5663,1,81249,0,671225,1216468,28,816368
2025-04-29 21:40:31,0,level_complete,5664,1,81251,0,671272,1216520,35,816433
2025-04-29 21:40:33,0,level_complete,5665,1,81261,0,671436,1216701,30,816633
2025-04-29 21:40:33,0,level_complete,5666,1,81262,0,671463,1216730,32,816665
2025-04-29 21:40:33,0,level_complete,5667,1,81263,0,671490,1216760,32,816697
2025-04-29 21:40:33,0,level_complete,5668,1,81264,0,671517,1216793,30,816727
2025-04-29 21:40:34,0,level_complete,5669,1,81267,0,671581,1216861,37,816814
2025-04-29 21:40:34,0,level_complete,5670,1,81268,0,671608,1216898,31,816845
2025-04-29 21:40:34,0,level_complete,5671,1,81274,0,671652,1216961,41,816904
2025-04-29 21:40:35,0,level_complete,5672,1,81275,0,671679,1217028,31,816935
2025-04-29 21:40:35,0,level_complete,5673,1,81276,0,671706,1217055,32,816967
2025-04-29 21:40:35,0,level_complete,5674,1,81278,0,671738,1217090,29,817001
2025-04-29 21:40:36,0,level_complete,5675,1,81280,0,671788,1217144,29,817056
2025-04-29 21:40:36,0,level_complete,5676,1,81281,0,671815,1217174,33,817089
2025-04-29 21:40:36,0,level_complete,5677,1,81286,0,671909,1217271,35,817209
2025-04-29 21:40:37,0,level_complete,5678,1,81291,0,672009,1217387,32,817327
2025-04-29 21:40:38,0,level_complete,5679,1,81292,0,672036,1217444,33,817360
2025-04-29 21:40:38,0,level_complete,5680,1,81293,0,672063,1217496,28,817388
2025-04-29 21:40:38,0,level_complete,5681,1,81295,0,672109,1217560,30,817442
2025-04-29 21:40:39,0,level_complete,5682,1,81297,0,672162,1217635,31,817506
2025-04-29 21:40:41,0,level_complete,5683,1,81311,0,672398,1217894,35,817797
2025-04-29 21:40:41,0,level_complete,5684,1,81316,0,672501,1218027,36,817925
2025-04-29 21:40:42,0,level_complete,5685,1,81319,0,672535,1218079,32,817964
2025-04-29 21:40:42,0,level_complete,5686,1,81325,0,672621,1218165,38,818068
2025-04-29 21:40:45,0,level_complete,5687,1,81355,0,672955,1218508,35,818487
2025-04-29 21:40:46,0,level_complete,5688,1,81362,0,673085,1218693,32,818645
2025-04-29 21:40:46,0,level_complete,5689,1,81363,0,673112,1218738,31,818676
2025-04-29 21:40:47,0,level_complete,5690,1,81371,0,673251,1218889,30,818852
2025-04-29 21:40:48,0,level_complete,5691,1,81373,0,673289,1218940,43,818906
2025-04-29 21:40:48,0,level_complete,5692,1,81374,0,673316,1219004,36,818942
2025-04-29 21:40:48,0,level_complete,5693,1,81375,0,673343,1219049,37,818979
2025-04-29 21:40:48,0,level_complete,5694,1,81376,0,673370,1219087,35,819014
2025-04-29 21:40:50,0,level_complete,5695,1,81382,0,673475,1219247,31,819133
2025-04-29 21:40:50,0,level_complete,5696,1,81384,0,673516,1219295,40,819189
2025-04-29 21:40:50,0,level_complete,5697,1,81385,0,673543,1219337,34,819223
2025-04-29 21:40:51,0,level_complete,5698,1,81388,0,673608,1219412,33,819300
2025-04-29 21:40:51,0,level_complete,5699,1,81390,0,673641,1219479,31,819338
2025-04-29 21:40:52,0,level_complete,5700,1,81391,0,673668,1219559,33,819371
2025-04-29 21:40:52,0,level_complete,5701,1,81392,0,673695,1219602,30,819401
2025-04-29 21:40:52,0,level_complete,5702,1,81397,0,673780,1219691,34,819506
2025-04-29 21:40:53,0,level_complete,5703,1,81401,0,673867,1219778,34,819621
2025-04-29 21:40:53,0,level_complete,5704,1,81403,0,673907,1219825,36,819672
2025-04-29 21:40:54,0,level_complete,5705,1,81405,0,673938,1219858,34,819711
2025-04-29 21:40:54,0,level_complete,5706,1,81407,0,673968,1219900,34,819748
2025-04-29 21:40:54,0,level_complete,5707,1,81410,0,673999,1219935,34,819786
2025-04-29 21:40:55,0,level_complete,5708,1,81415,0,674081,1220021,44,819895
2025-04-29 21:40:55,0,level_complete,5709,1,81420,0,674163,1220098,32,820008
2025-04-29 21:40:56,0,level_complete,5710,1,81424,0,674245,1220202,31,820101
2025-04-29 21:40:56,0,level_complete,5711,1,81425,0,674272,1220253,30,820131
2025-04-29 21:40:57,0,level_complete,5712,1,81430,0,674355,1220357,42,820240
2025-04-29 21:40:57,0,level_complete,5713,1,81431,0,674382,1220393,32,820272
2025-04-29 21:40:58,0,level_complete,5714,1,81432,0,674409,1220440,29,820301
2025-04-29 21:40:58,0,level_complete,5715,1,81433,0,674436,1220480,27,820328
2025-04-29 21:40:58,0,level_complete,5716,1,81434,0,674463,1220529,30,820358
2025-04-29 21:40:59,0,level_complete,5717,1,81444,0,674625,1220705,32,820558
2025-04-29 21:41:00,0,level_complete,5718,1,81455,0,674762,1220861,34,820744
2025-04-29 21:41:10,0,level_complete,5719,1,81499,0,675270,1222255,30,821350
2025-04-29 21:41:10,0,level_complete,5720,1,81500,0,675297,1222285,32,821382
2025-04-29 21:41:11,0,training_run_ep 81500,-,1,81501,0,675322,1222317,0,821412
2025-04-29 21:41:11,0,level_complete,5721,1,81503,0,675367,1222388,32,821466
2025-04-29 21:41:11,0,level_complete,5722,1,81504,0,675394,1222436,34,821500
2025-04-29 21:41:12,0,level_complete,5723,1,81507,0,675460,1222519,31,821580
2025-04-29 21:41:12,0,level_complete,5724,1,81508,0,675487,1222553,32,821612
2025-04-29 21:41:13,0,level_complete,5725,1,81516,0,675644,1222734,31,821808
2025-04-29 21:41:14,0,level_complete,5726,1,81519,0,675691,1222789,34,821865
2025-04-29 21:41:14,0,level_complete,5727,1,81521,0,675719,1222847,32,821898
2025-04-29 21:41:14,0,level_complete,5728,1,81522,0,675746,1222879,37,821935
2025-04-29 21:41:15,0,level_complete,5729,1,81526,0,675793,1222929,31,821990
2025-04-29 21:41:15,0,level_complete,5730,1,81527,0,675820,1223019,31,822021
2025-04-29 21:41:34,0,level_complete,5731,1,81534,0,675923,1225602,29,822152
2025-04-29 21:41:34,0,level_complete,5732,1,81537,0,675965,1225650,31,822201
2025-04-29 21:41:34,0,level_complete,5733,1,81539,0,676015,1225709,38,822265
2025-04-29 21:41:35,0,level_complete,5734,1,81540,0,676042,1225748,35,822300
2025-04-29 21:41:35,0,level_complete,5735,1,81541,0,676069,1225785,45,822345
2025-04-29 21:41:36,0,level_complete,5736,1,81552,0,676200,1225933,31,822516
2025-04-29 21:41:36,0,level_complete,5737,1,81553,0,676227,1225973,27,822543
2025-04-29 21:41:36,0,level_complete,5738,1,81555,0,676272,1226025,30,822593
2025-04-29 21:41:38,0,level_complete,5739,1,81574,0,676548,1226291,34,822929
2025-04-29 21:41:38,0,level_complete,5740,1,81575,0,676575,1226332,34,822963
2025-04-29 21:41:39,0,level_complete,5741,1,81576,0,676602,1226370,32,822995
2025-04-29 21:41:39,0,level_complete,5742,1,81577,0,676629,1226394,39,823034
2025-04-29 21:41:39,0,level_complete,5743,1,81578,0,676656,1226429,31,823065
2025-04-29 21:41:39,0,level_complete,5744,1,81581,0,676709,1226483,30,823128
2025-04-29 21:41:40,0,level_complete,5745,1,81582,0,676736,1226517,32,823160
2025-04-29 21:41:40,0,level_complete,5746,1,81586,0,676793,1226583,30,823226
2025-04-29 21:41:41,0,level_complete,5747,1,81590,0,676869,1226672,33,823316
2025-04-29 21:41:42,0,level_complete,5748,1,81599,0,676978,1226789,36,823450
2025-04-29 21:41:43,0,level_complete,5749,1,81617,0,677190,1227017,29,823696
2025-04-29 21:41:44,0,level_complete,5750,1,81629,0,677306,1227180,28,823825
2025-04-29 21:41:45,0,level_complete,5751,1,81635,0,677403,1227290,33,823944
2025-04-29 21:41:46,0,level_complete,5752,1,81651,0,677553,1227445,29,824122
2025-04-29 21:41:47,0,level_complete,5753,1,81657,0,677633,1227562,28,824209
2025-04-29 21:41:47,0,level_complete,5754,1,81658,0,677660,1227588,36,824245
2025-04-29 21:41:47,0,level_complete,5755,1,81661,0,677722,1227658,34,824321
2025-04-29 21:41:49,0,level_complete,5756,1,81683,0,677919,1227877,28,824566
2025-04-29 21:41:49,0,level_complete,5757,1,81684,0,677946,1227900,33,824599
2025-04-29 21:41:51,0,level_complete,5758,1,81720,0,678203,1228152,32,824907
2025-04-29 21:41:51,0,level_complete,5759,1,81722,0,678230,1228210,31,824938
2025-04-29 21:41:52,0,level_complete,5760,1,81723,0,678257,1228236,41,824979
2025-04-29 21:41:52,0,level_complete,5761,1,81724,0,678284,1228277,31,825010
2025-04-29 21:41:52,0,level_complete,5762,1,81726,0,678336,1228348,30,825072
2025-04-29 21:41:53,0,level_complete,5763,1,81734,0,678433,1228466,30,825184
2025-04-29 21:41:54,0,level_complete,5764,1,81742,0,678543,1228565,46,825328
2025-04-29 21:41:58,0,level_complete,5765,1,81798,0,679135,1229180,31,826068
2025-04-29 21:41:59,0,level_complete,5766,1,81808,0,679258,1229305,34,826215
2025-04-29 21:41:59,0,level_complete,5767,1,81816,0,679336,1229390,33,826308
2025-04-29 21:42:02,0,level_complete,5768,1,81843,0,679718,1229777,44,826798
2025-04-29 21:42:05,0,level_complete,5769,1,81885,0,680187,1230244,28,827374
2025-04-29 21:42:07,0,level_complete,5770,1,81887,0,680238,1230532,31,827438
2025-04-29 21:42:07,0,level_complete,5771,1,81888,0,680265,1230570,28,827466
2025-04-29 21:42:08,0,level_complete,5772,1,81890,0,680295,1230612,30,827499
2025-04-29 21:42:43,0,level_complete,5773,1,81892,0,680335,1236028,34,827550
2025-04-29 21:42:45,0,level_complete,5774,1,81909,0,680563,1236283,32,827812
2025-04-29 21:42:46,0,level_complete,5775,1,81914,0,680638,1236390,31,827903
2025-04-29 21:42:46,0,level_complete,5776,1,81917,0,680684,1236438,32,827959
2025-04-29 21:42:46,0,level_complete,5777,1,81918,0,680711,1236468,30,827989
2025-04-29 21:42:47,0,level_complete,5778,1,81920,0,680754,1236523,29,828037
2025-04-29 21:42:47,0,level_complete,5779,1,81922,0,680795,1236563,30,828085
2025-04-29 21:42:48,0,level_complete,5780,1,81930,0,680883,1236713,35,828198
2025-04-29 21:42:48,0,level_complete,5781,1,81931,0,680910,1236758,29,828227
2025-04-29 21:42:49,0,level_complete,5782,1,81933,0,680945,1236793,36,828272
2025-04-29 21:42:49,0,level_complete,5783,1,81938,0,681015,1236879,30,828356
2025-04-29 21:42:49,0,level_complete,5784,1,81940,0,681046,1236916,33,828393
2025-04-29 21:42:51,0,level_complete,5785,1,81952,0,681226,1237137,42,828617
2025-04-29 21:42:53,0,level_complete,5786,1,81974,0,681499,1237398,38,828954
2025-04-29 21:42:53,0,level_complete,5787,1,81975,0,681526,1237433,30,828984
2025-04-29 21:42:55,0,level_complete,5788,1,82000,0,681848,1237785,40,829385
2025-04-29 21:42:56,0,training_run_ep 82000,-,1,82001,0,681852,1237789,0,829389
2025-04-29 21:42:56,0,level_complete,5789,1,82002,0,681879,1237822,33,829422
2025-04-29 21:42:56,0,level_complete,5790,1,82003,0,681906,1237855,35,829457
2025-04-29 21:42:57,0,level_complete,5791,1,82019,0,682048,1238000,29,829617
2025-04-29 21:42:58,0,level_complete,5792,1,82020,0,682075,1238038,30,829647
2025-04-29 21:42:58,0,level_complete,5793,1,82021,0,682102,1238072,29,829676
2025-04-29 21:42:58,0,level_complete,5794,1,82022,0,682129,1238141,32,829708
2025-04-29 21:42:59,0,level_complete,5795,1,82025,0,682171,1238195,35,829759
2025-04-29 21:42:59,0,level_complete,5796,1,82027,0,682217,1238250,30,829812
2025-04-29 21:42:59,0,level_complete,5797,1,82029,0,682267,1238293,44,829884
2025-04-29 21:43:01,0,level_complete,5798,1,82045,0,682486,1238549,32,830158
2025-04-29 21:43:01,0,level_complete,5799,1,82048,0,682536,1238617,30,830213
2025-04-29 21:43:02,0,level_complete,5800,1,82052,0,682601,1238696,31,830289
2025-04-29 21:43:02,0,level_complete,5801,1,82054,0,682636,1238733,36,830334
2025-04-29 21:43:03,0,level_complete,5802,1,82055,0,682663,1238777,33,830367
2025-04-29 21:43:03,0,level_complete,5803,1,82061,0,682775,1238917,31,830501
2025-04-29 21:43:05,0,level_complete,5804,1,82070,0,682911,1239076,32,830667
2025-04-29 21:43:07,0,level_complete,5805,1,82088,0,683192,1239444,36,831023
2025-04-29 21:43:07,0,level_complete,5806,1,82091,0,683223,1239491,30,831057
2025-04-29 21:43:07,0,level_complete,5807,1,82092,0,683250,1239523,31,831088
2025-04-29 21:43:08,0,level_complete,5808,1,82093,0,683277,1239554,32,831120
2025-04-29 21:43:08,0,level_complete,5809,1,82097,0,683324,1239602,32,831174
2025-04-29 21:43:08,0,level_complete,5810,1,82098,0,683351,1239634,36,831210
2025-04-29 21:43:09,0,level_complete,5811,1,82101,0,683420,1239711,30,831287
2025-04-29 21:43:09,0,level_complete,5812,1,82102,0,683447,1239744,36,831323
2025-04-29 21:43:10,0,level_complete,5813,1,82113,0,683596,1239921,36,831512
2025-04-29 21:43:11,0,level_complete,5814,1,82117,0,683668,1240002,29,831595
2025-04-29 21:43:11,0,level_complete,5815,1,82122,0,683733,1240066,30,831669
2025-04-29 21:43:12,0,level_complete,5816,1,82126,0,683788,1240125,29,831732
2025-04-29 21:43:12,0,level_complete,5817,1,82128,0,683840,1240215,32,831790
2025-04-29 21:43:13,0,level_complete,5818,1,82133,0,683916,1240311,37,831885
2025-04-29 21:43:13,0,level_complete,5819,1,82136,0,683971,1240403,30,831946
2025-04-29 21:43:14,0,level_complete,5820,1,82137,0,683998,1240441,32,831978
2025-04-29 21:43:14,0,level_complete,5821,1,82143,0,684090,1240564,31,832081
2025-04-29 21:43:15,0,level_complete,5822,1,82145,0,684132,1240637,32,832129
2025-04-29 21:43:15,0,level_complete,5823,1,82146,0,684159,1240678,30,832159
2025-04-29 21:43:16,0,level_complete,5824,1,82149,0,684219,1240781,31,832233
2025-04-29 21:43:16,0,level_complete,5825,1,82151,0,684247,1240818,32,832266
2025-04-29 21:43:17,0,level_complete,5826,1,82168,0,684404,1240972,36,832454
2025-04-29 21:43:25,0,level_complete,5827,1,82235,0,685143,1242178,34,833367
2025-04-29 21:43:26,0,level_complete,5828,1,82237,0,685171,1242208,29,833397
2025-04-29 21:43:26,0,level_complete,5829,1,82245,0,685270,1242310,29,833513
2025-04-29 21:43:27,0,level_complete,5830,1,82256,0,685374,1242427,32,833640
2025-04-29 21:43:32,0,level_complete,5831,1,82332,0,686101,1243118,33,834528
2025-04-29 21:43:32,0,level_complete,5832,1,82337,0,686172,1243200,29,834610
2025-04-29 21:43:33,0,level_complete,5833,1,82344,0,686255,1243272,36,834721
2025-04-29 21:43:34,0,level_complete,5834,1,82353,0,686357,1243388,28,834836
2025-04-29 21:43:34,0,level_complete,5835,1,82354,0,686384,1243420,33,834869
2025-04-29 21:43:34,0,level_complete,5836,1,82358,0,686437,1243472,38,834938
2025-04-29 21:43:36,0,level_complete,5837,1,82375,0,686660,1243711,29,835212
2025-04-29 21:43:38,0,level_complete,5838,1,82379,0,686732,1244074,32,835298
2025-04-29 21:43:39,0,level_complete,5839,1,82393,0,686895,1244235,31,835507
2025-04-29 21:43:40,0,level_complete,5840,1,82396,0,686937,1244292,31,835558
2025-04-29 21:43:40,0,level_complete,5841,1,82397,0,686964,1244336,32,835590
2025-04-29 21:43:40,0,level_complete,5842,1,82398,0,686991,1244366,44,835634
2025-04-29 21:43:45,0,level_complete,5843,1,82435,0,687520,1245109,35,836269
2025-04-29 21:43:46,0,level_complete,5844,1,82449,0,687671,1245290,32,836448
2025-04-29 21:43:47,0,level_complete,5845,1,82453,0,687728,1245370,30,836513
2025-04-29 21:43:47,0,level_complete,5846,1,82454,0,687755,1245411,34,836547
2025-04-29 21:43:47,0,level_complete,5847,1,82455,0,687782,1245453,35,836582
2025-04-29 21:43:48,0,level_complete,5848,1,82462,0,687855,1245522,32,836664
2025-04-29 21:43:48,0,level_complete,5849,1,82465,0,687890,1245557,32,836705
2025-04-29 21:43:48,0,level_complete,5850,1,82469,0,687940,1245608,40,836773
2025-04-29 21:43:49,0,level_complete,5851,1,82470,0,687967,1245631,57,836830
2025-04-29 21:43:49,0,level_complete,5852,1,82472,0,688019,1245700,31,836889
2025-04-29 21:43:50,0,level_complete,5853,1,82474,0,688071,1245781,32,836951
2025-04-29 21:43:50,0,level_complete,5854,1,82477,0,688136,1245874,29,837032
2025-04-29 21:43:52,0,level_complete,5855,1,82485,0,688284,1246077,28,837230
2025-04-29 21:43:52,0,level_complete,5856,1,82489,0,688347,1246157,36,837311
2025-04-29 21:43:54,0,level_complete,5857,1,82501,0,688505,1246424,31,837497
2025-04-29 21:43:54,0,training_run_ep 82500,-,1,82501,0,688505,1246424,31,837497
2025-04-29 21:43:55,0,level_complete,5858,1,82506,0,688612,1246530,30,837623
2025-04-29 21:43:55,0,level_complete,5859,1,82507,0,688639,1246571,31,837654
2025-04-29 21:43:56,0,level_complete,5860,1,82509,0,688669,1246604,33,837690
2025-04-29 21:43:56,0,level_complete,5861,1,82510,0,688696,1246665,29,837719
2025-04-29 21:43:57,0,level_complete,5862,1,82515,0,688758,1246749,30,837787
2025-04-29 21:44:23,0,level_complete,5863,1,82518,0,688833,1250973,32,837872
2025-04-29 21:44:23,0,level_complete,5864,1,82521,0,688890,1251075,30,837937
2025-04-29 21:44:23,0,level_complete,5865,1,82522,0,688917,1251106,34,837971
2025-04-29 21:44:24,0,level_complete,5866,1,82524,0,688950,1251147,34,838011
2025-04-29 21:44:24,0,level_complete,5867,1,82525,0,688977,1251178,29,838040
2025-04-29 21:44:24,0,level_complete,5868,1,82529,0,689027,1251230,37,838108
2025-04-29 21:44:25,0,level_complete,5869,1,82531,0,689077,1251300,35,838168
2025-04-29 21:44:25,0,level_complete,5870,1,82532,0,689104,1251339,39,838207
2025-04-29 21:44:26,0,level_complete,5871,1,82538,0,689182,1251423,33,838298
2025-04-29 21:44:26,0,level_complete,5872,1,82539,0,689209,1251455,30,838328
2025-04-29 21:44:26,0,level_complete,5873,1,82540,0,689236,1251481,33,838361
2025-04-29 21:44:27,0,level_complete,5874,1,82542,0,689271,1251577,36,838405
2025-04-29 21:44:27,0,level_complete,5875,1,82546,0,689359,1251664,36,838519
2025-04-29 21:44:28,0,level_complete,5876,1,82549,0,689427,1251749,29,838596
2025-04-29 21:44:28,0,level_complete,5877,1,82551,0,689475,1251812,34,838658
2025-04-29 21:44:29,0,level_complete,5878,1,82554,0,689512,1251881,33,838701
2025-04-29 21:44:29,0,level_complete,5879,1,82559,0,689578,1251954,30,838779
2025-04-29 21:44:30,0,level_complete,5880,1,82564,0,689663,1252067,35,838884
2025-04-29 21:44:31,0,level_complete,5881,1,82570,0,689757,1252175,34,838999
2025-04-29 21:44:31,0,level_complete,5882,1,82571,0,689784,1252209,33,839032
2025-04-29 21:44:31,0,level_complete,5883,1,82575,0,689844,1252261,31,839107
2025-04-29 21:44:32,0,level_complete,5884,1,82577,0,689871,1252315,32,839139
2025-04-29 21:44:32,0,level_complete,5885,1,82579,0,689914,1252369,28,839185
2025-04-29 21:44:32,0,level_complete,5886,1,82587,0,689970,1252439,31,839246
2025-04-29 21:44:33,0,level_complete,5887,1,82588,0,689997,1252476,30,839276
2025-04-29 21:44:33,0,level_complete,5888,1,82593,0,690054,1252551,39,839349
2025-04-29 21:44:34,0,level_complete,5889,1,82596,0,690082,1252671,33,839383
2025-04-29 21:44:34,0,level_complete,5890,1,82597,0,690109,1252702,38,839421
2025-04-29 21:44:35,0,level_complete,5891,1,82598,0,690136,1252752,31,839452
2025-04-29 21:44:35,0,level_complete,5892,1,82603,0,690209,1252829,33,839535
2025-04-29 21:44:35,0,level_complete,5893,1,82604,0,690236,1252866,31,839566
2025-04-29 21:44:36,0,level_complete,5894,1,82611,0,690351,1252992,31,839699
2025-04-29 21:44:37,0,level_complete,5895,1,82614,0,690407,1253058,33,839770
2025-04-29 21:44:37,0,level_complete,5896,1,82615,0,690434,1253093,38,839808
2025-04-29 21:44:37,0,level_complete,5897,1,82619,0,690504,1253162,35,839907
2025-04-29 21:44:38,0,level_complete,5898,1,82620,0,690531,1253271,30,839937
2025-04-29 21:44:39,0,level_complete,5899,1,82622,0,690582,1253348,35,840000
2025-04-29 21:44:39,0,level_complete,5900,1,82624,0,690632,1253411,50,840076
2025-04-29 21:44:41,0,level_complete,5901,1,82644,0,690899,1253683,31,840412
2025-04-29 21:44:44,0,level_complete,5902,1,82665,0,691152,1254201,33,840713
2025-04-29 21:44:46,0,level_complete,5903,1,82681,0,691361,1254413,33,840966
2025-04-29 21:44:47,0,level_complete,5904,1,82688,0,691469,1254603,34,841107
2025-04-29 21:44:48,0,level_complete,5905,1,82693,0,691539,1254686,28,841188
2025-04-29 21:44:48,0,level_complete,5906,1,82695,0,691575,1254720,32,841233
2025-04-29 21:45:55,0,level_complete,5907,1,82720,0,691898,1264527,31,841605
2025-04-29 21:45:57,0,level_complete,5908,1,82738,0,692064,1264768,32,841800
2025-04-29 21:45:57,0,level_complete,5909,1,82741,0,692107,1264822,29,841849
2025-04-29 21:45:59,0,level_complete,5910,1,82761,0,692370,1265132,31,842160
2025-04-29 21:46:00,0,level_complete,5911,1,82772,0,692497,1265256,35,842311
2025-04-29 21:46:02,0,level_complete,5912,1,82790,0,692689,1265448,35,842551
2025-04-29 21:46:02,0,level_complete,5913,1,82794,0,692765,1265539,33,842639
2025-04-29 21:46:06,0,level_complete,5914,1,82822,0,693177,1266183,38,843137
2025-04-29 21:46:07,0,level_complete,5915,1,82826,0,693259,1266309,36,843242
2025-04-29 21:46:08,0,level_complete,5916,1,82829,0,693305,1266374,29,843292
2025-04-29 21:46:09,0,level_complete,5917,1,82838,0,693472,1266604,30,843495
2025-04-29 21:46:11,0,level_complete,5918,1,82856,0,693659,1266805,34,843715
2025-04-29 21:46:11,0,level_complete,5919,1,82860,0,693711,1266858,32,843781
2025-04-29 21:46:12,0,level_complete,5920,1,82864,0,693781,1266949,31,843864
2025-04-29 21:46:12,0,level_complete,5921,1,82869,0,693863,1267043,34,843958
2025-04-29 21:46:13,0,level_complete,5922,1,82874,0,693938,1267143,32,844043
2025-04-29 21:46:13,0,level_complete,5923,1,82875,0,693965,1267175,33,844076
2025-04-29 21:46:14,0,level_complete,5924,1,82879,0,694033,1267229,43,844166
2025-04-29 21:46:14,0,level_complete,5925,1,82882,0,694064,1267264,32,844202
2025-04-29 21:46:31,0,level_complete,5926,1,82898,0,694170,1269870,41,844342
2025-04-29 21:46:33,0,level_complete,5927,1,82917,0,694429,1270117,29,844664
2025-04-29 21:46:33,0,level_complete,5928,1,82920,0,694464,1270150,32,844707
2025-04-29 21:46:34,0,level_complete,5929,1,82922,0,694513,1270205,37,844774
2025-04-29 21:46:34,0,level_complete,5930,1,82923,0,694540,1270240,34,844808
2025-04-29 21:46:34,0,level_complete,5931,1,82924,0,694567,1270287,30,844838
2025-04-29 21:46:36,0,level_complete,5932,1,82943,0,694791,1270555,37,845106
2025-04-29 21:46:37,0,level_complete,5933,1,82948,0,694887,1270658,31,845223
2025-04-29 21:46:37,0,level_complete,5934,1,82950,0,694915,1270722,33,845257
2025-04-29 21:46:37,0,level_complete,5935,1,82953,0,694972,1270784,35,845325
2025-04-29 21:46:39,0,level_complete,5936,1,82964,0,695135,1270960,32,845521
2025-04-29 21:46:39,0,level_complete,5937,1,82968,0,695214,1271046,35,845616
2025-04-29 21:46:40,0,level_complete,5938,1,82977,0,695334,1271158,41,845783
2025-04-29 21:46:40,0,level_complete,5939,1,82980,0,695370,1271194,32,845825
2025-04-29 21:46:42,0,level_complete,5940,1,82993,0,695556,1271390,34,846049
2025-04-29 21:46:42,0,level_complete,5941,1,82995,0,695600,1271444,31,846102
2025-04-29 21:46:42,0,level_complete,5942,1,82997,0,695653,1271511,32,846165
2025-04-29 21:46:43,0,level_complete,5943,1,82998,0,695680,1271563,31,846196
2025-04-29 21:46:43,0,level_complete,5944,1,82999,0,695707,1271597,33,846229
2025-04-29 21:46:44,0,training_run_ep 83000,-,1,83001,0,695727,1271611,0,846257
2025-04-29 21:46:46,0,level_complete,5945,1,83021,0,696031,1271933,39,846647
2025-04-29 21:46:46,0,level_complete,5946,1,83022,0,696058,1271963,30,846677
2025-04-29 21:46:47,0,level_complete,5947,1,83037,0,696269,1272195,36,846942
2025-04-29 21:46:48,0,level_complete,5948,1,83038,0,696296,1272232,34,846976
2025-04-29 21:46:48,0,level_complete,5949,1,83042,0,696373,1272346,32,847073
2025-04-29 21:46:49,0,level_complete,5950,1,83046,0,696438,1272409,28,847152
2025-04-29 21:46:49,0,level_complete,5951,1,83047,0,696465,1272457,29,847181
2025-04-29 21:46:50,0,level_complete,5952,1,83050,0,696517,1272535,30,847243
2025-04-29 21:46:51,0,level_complete,5953,1,83066,0,696726,1272764,48,847505
2025-04-29 21:46:52,0,level_complete,5954,1,83068,0,696778,1272823,32,847574
2025-04-29 21:46:52,0,level_complete,5955,1,83080,0,696901,1272937,36,847720
2025-04-29 21:46:54,0,level_complete,5956,1,83091,0,697080,1273129,35,847944
2025-04-29 21:46:54,0,level_complete,5957,1,83092,0,697107,1273161,36,847980
2025-04-29 21:46:55,0,level_complete,5958,1,83101,0,697232,1273283,36,848134
2025-04-29 21:46:57,0,level_complete,5959,1,83116,0,697450,1273673,31,848403
2025-04-29 21:46:59,0,level_complete,5960,1,83124,0,697593,1273846,33,848592
2025-04-29 21:46:59,0,level_complete,5961,1,83128,0,697660,1273918,38,848684
2025-04-29 21:46:59,0,level_complete,5962,1,83129,0,697687,1273951,33,848717
2025-04-29 21:47:00,0,level_complete,5963,1,83130,0,697714,1273989,31,848748
2025-04-29 21:47:00,0,level_complete,5964,1,83132,0,697745,1274044,35,848787
2025-04-29 21:47:00,0,level_complete,5965,1,83135,0,697796,1274101,35,848851
2025-04-29 21:47:01,0,level_complete,5966,1,83136,0,697823,1274171,34,848885
2025-04-29 21:47:02,0,level_complete,5967,1,83149,0,697986,1274340,28,849092
2025-04-29 21:47:04,0,level_complete,5968,1,83166,0,698134,1274642,35,849280
2025-04-29 21:47:04,0,level_complete,5969,1,83168,0,698161,1274700,33,849313
2025-04-29 21:47:05,0,level_complete,5970,1,83171,0,698206,1274759,37,849368
2025-04-29 21:47:06,0,level_complete,5971,1,83186,0,698377,1274929,32,849583
2025-04-29 21:47:06,0,level_complete,5972,1,83187,0,698404,1274952,33,849616
2025-04-29 21:47:06,0,level_complete,5973,1,83189,0,698437,1274989,32,849654
2025-04-29 21:47:07,0,level_complete,5974,1,83192,0,698476,1275037,35,849704
2025-04-29 21:47:08,0,level_complete,5975,1,83207,0,698655,1275232,36,849925
2025-04-29 21:47:08,0,level_complete,5976,1,83208,0,698682,1275290,33,849958
2025-04-29 21:47:09,0,level_complete,5977,1,83211,0,698750,1275375,30,850036
2025-04-29 21:47:09,0,level_complete,5978,1,83213,0,698800,1275448,31,850093
2025-04-29 21:47:10,0,level_complete,5979,1,83215,0,698833,1275483,41,850141
2025-04-29 21:47:10,0,level_complete,5980,1,83216,0,698860,1275514,32,850173
2025-04-29 21:47:11,0,level_complete,5981,1,83221,0,698954,1275607,34,850296
2025-04-29 21:47:11,0,level_complete,5982,1,83226,0,699018,1275702,36,850374
2025-04-29 21:47:11,0,level_complete,5983,1,83227,0,699045,1275732,50,850424
2025-04-29 21:47:12,0,level_complete,5984,1,83235,0,699165,1275866,32,850570
2025-04-29 21:47:13,0,level_complete,5985,1,83238,0,699237,1275964,34,850655
2025-04-29 21:47:13,0,level_complete,5986,1,83242,0,699306,1276038,33,850746
2025-04-29 21:47:14,0,level_complete,5987,1,83244,0,699333,1276083,29,850775
2025-04-29 21:47:15,0,level_complete,5988,1,83254,0,699471,1276248,35,850961
2025-04-29 21:47:16,0,level_complete,5989,1,83265,0,699610,1276377,31,851135
2025-04-29 21:47:16,0,level_complete,5990,1,83266,0,699637,1276415,30,851165
2025-04-29 21:47:16,0,level_complete,5991,1,83267,0,699664,1276442,31,851196
2025-04-29 21:47:17,0,level_complete,5992,1,83268,0,699691,1276509,29,851225
2025-04-29 21:47:17,0,level_complete,5993,1,83270,0,699721,1276573,30,851258
2025-04-29 21:47:18,0,level_complete,5994,1,83274,0,699811,1276699,30,851367
2025-04-29 21:47:18,0,level_complete,5995,1,83275,0,699838,1276730,32,851399
2025-04-29 21:47:18,0,level_complete,5996,1,83276,0,699865,1276755,33,851432
2025-04-29 21:47:19,0,level_complete,5997,1,83279,0,699924,1276840,31,851497
2025-04-29 21:47:20,0,level_complete,5998,1,83287,0,700032,1276957,33,851629
2025-04-29 21:47:20,0,level_complete,5999,1,83288,0,700059,1276995,30,851659
2025-04-29 21:47:20,0,level_complete,6000,1,83289,0,700086,1277037,30,851689
2025-04-29 21:47:20,0,level_complete,6001,1,83290,0,700113,1277068,29,851718
2025-04-29 21:47:21,0,level_complete,6002,1,83291,0,700140,1277113,30,851748
2025-04-29 21:47:21,0,level_complete,6003,1,83292,0,700167,1277150,34,851782
2025-04-29 21:47:21,0,level_complete,6004,1,83293,0,700194,1277175,34,851816
2025-04-29 21:47:21,0,level_complete,6005,1,83294,0,700221,1277205,29,851845
2025-04-29 21:47:22,0,level_complete,6006,1,83295,0,700248,1277236,37,851882
2025-04-29 21:47:23,0,level_complete,6007,1,83297,0,700291,1277465,28,851930
2025-04-29 21:47:24,0,level_complete,6008,1,83301,0,700344,1277551,30,851989
2025-04-29 21:47:24,0,level_complete,6009,1,83303,0,700376,1277595,40,852034
2025-04-29 21:47:24,0,level_complete,6010,1,83307,0,700429,1277648,31,852100
2025-04-29 21:47:25,0,level_complete,6011,1,83314,0,700512,1277730,30,852202
2025-04-29 21:47:26,0,level_complete,6012,1,83318,0,700576,1277829,39,852282
2025-04-29 21:47:26,0,level_complete,6013,1,83320,0,700629,1277914,31,852342
2025-04-29 21:47:29,0,level_complete,6014,1,83340,0,700902,1278303,36,852684
2025-04-29 21:47:31,0,level_complete,6015,1,83357,0,701091,1278715,32,852910
2025-04-29 21:47:32,0,level_complete,6016,1,83360,0,701126,1278756,40,852958
2025-04-29 21:47:33,0,level_complete,6017,1,83367,0,701264,1278947,36,853120
2025-04-29 21:47:34,0,level_complete,6018,1,83370,0,701343,1279083,31,853216
2025-04-29 21:47:34,0,level_complete,6019,1,83371,0,701370,1279117,35,853251
2025-04-29 21:47:36,0,level_complete,6020,1,83395,0,701651,1279397,32,853589
2025-04-29 21:47:36,0,level_complete,6021,1,83397,0,701697,1279452,32,853649
2025-04-29 21:47:37,0,level_complete,6022,1,83401,0,701740,1279498,33,853699
2025-04-29 21:47:37,0,level_complete,6023,1,83408,0,701790,1279548,32,853755
2025-04-29 21:47:38,0,level_complete,6024,1,83414,0,701883,1279654,31,853873
2025-04-29 21:47:39,0,level_complete,6025,1,83430,0,702033,1279829,38,854076
2025-04-29 21:47:41,0,level_complete,6026,1,83464,0,702367,1280200,30,854491
2025-04-29 21:47:42,0,level_complete,6027,1,83467,0,702395,1280248,34,854526
2025-04-29 21:47:42,0,level_complete,6028,1,83469,0,702425,1280285,30,854559
2025-04-29 21:47:45,0,training_run_ep 83500,-,1,83501,0,702718,1280583,0,854928
2025-04-29 21:47:45,0,level_complete,6029,1,83511,0,702813,1280696,40,855052
2025-04-29 21:47:47,0,level_complete,6030,1,83520,0,702896,1280903,33,855144
2025-04-29 21:47:47,0,level_complete,6031,1,83522,0,702926,1280930,34,855181
2025-04-29 21:47:47,0,level_complete,6032,1,83523,0,702953,1280966,42,855223
2025-04-29 21:47:49,0,level_complete,6033,1,83553,0,703179,1281183,35,855507
2025-04-29 21:47:49,0,level_complete,6034,1,83555,0,703227,1281237,31,855563
2025-04-29 21:47:50,0,level_complete,6035,1,83568,0,703386,1281385,32,855754
2025-04-29 21:48:10,0,level_complete,6036,1,83601,0,703778,1284331,32,856246
2025-04-29 21:48:11,0,level_complete,6037,1,83611,0,703871,1284420,30,856354
2025-04-29 21:48:12,0,level_complete,6038,1,83613,0,703921,1284487,29,856408
2025-04-29 21:48:12,0,level_complete,6039,1,83614,0,703948,1284518,30,856438
2025-04-29 21:48:13,0,level_complete,6040,1,83621,0,704038,1284623,29,856549
2025-04-29 21:48:13,0,level_complete,6041,1,83625,0,704095,1284686,44,856627
2025-04-29 21:48:14,0,level_complete,6042,1,83635,0,704227,1284822,39,856799
2025-04-29 21:48:14,0,level_complete,6043,1,83638,0,704260,1284872,30,856835
2025-04-29 21:48:15,0,level_complete,6044,1,83645,0,704311,1284942,33,856895
2025-04-29 21:48:15,0,level_complete,6045,1,83651,0,704399,1285044,30,857001
2025-04-29 21:48:54,0,level_complete,6046,1,83664,0,704544,1290756,28,857165
2025-04-29 21:48:54,0,level_complete,6047,1,83668,0,704591,1290803,32,857224
2025-04-29 21:49:00,0,level_complete,6048,1,83754,0,705375,1291591,33,858177
2025-04-29 21:49:01,0,level_complete,6049,1,83774,0,705537,1291755,36,858372
2025-04-29 21:49:01,0,level_complete,6050,1,83775,0,705564,1291793,30,858402
2025-04-29 21:49:04,0,level_complete,6051,1,83814,0,705871,1292130,30,858774
2025-04-29 21:49:09,0,level_complete,6052,1,83885,0,706415,1292919,35,859439
2025-04-29 21:49:12,0,level_complete,6053,1,83927,0,706792,1293267,28,859910
2025-04-29 21:49:15,0,level_complete,6054,1,83980,0,707316,1293778,30,860554
2025-04-29 21:49:16,0,level_complete,6055,1,83990,0,707425,1293903,32,860685
2025-04-29 21:49:16,0,level_complete,6056,1,83993,0,707462,1293953,30,860726
2025-04-29 21:49:17,0,training_run_ep 84000,-,1,84001,0,707551,1294049,0,860826
2025-04-29 21:49:20,0,level_complete,6057,1,84016,0,707807,1294355,34,861150
2025-04-29 21:49:20,0,level_complete,6058,1,84018,0,707860,1294422,34,861217
2025-04-29 21:49:21,0,level_complete,6059,1,84023,0,707946,1294522,37,861344
2025-04-29 21:49:22,0,level_complete,6060,1,84045,0,708177,1294764,32,861628
2025-04-29 21:49:24,0,level_complete,6061,1,84057,0,708380,1294975,38,861896
2025-04-29 21:49:24,0,level_complete,6062,1,84061,0,708428,1295041,34,861955
2025-04-29 21:49:24,0,level_complete,6063,1,84062,0,708455,1295071,35,861990
2025-04-29 21:49:25,0,level_complete,6064,1,84065,0,708503,1295123,30,862044
2025-04-29 21:49:25,0,level_complete,6065,1,84076,0,708608,1295235,31,862172
2025-04-29 21:49:26,0,level_complete,6066,1,84082,0,708701,1295348,35,862288
2025-04-29 21:49:26,0,level_complete,6067,1,84083,0,708728,1295374,35,862323
2025-04-29 21:49:27,0,level_complete,6068,1,84090,0,708825,1295495,33,862435
2025-04-29 21:49:28,0,level_complete,6069,1,84093,0,708873,1295556,38,862501
2025-04-29 21:49:28,0,level_complete,6070,1,84102,0,708974,1295676,28,862617
2025-04-29 21:49:29,0,level_complete,6071,1,84108,0,709075,1295771,39,862749
2025-04-29 21:49:29,0,level_complete,6072,1,84110,0,709120,1295817,31,862801
2025-04-29 21:49:30,0,level_complete,6073,1,84117,0,709222,1295960,32,862926
2025-04-29 21:49:32,0,level_complete,6074,1,84130,0,709379,1296139,32,863124
2025-04-29 21:49:32,0,level_complete,6075,1,84131,0,709406,1296165,45,863169
2025-04-29 21:49:35,0,level_complete,6076,1,84188,0,709879,1296600,35,863740
2025-04-29 21:49:36,0,level_complete,6077,1,84212,0,710097,1296832,28,863990
2025-04-29 21:49:38,0,level_complete,6078,1,84226,0,710274,1297036,33,864204
2025-04-29 21:49:38,0,level_complete,6079,1,84229,0,710345,1297119,34,864293
2025-04-29 21:49:39,0,level_complete,6080,1,84230,0,710372,1297165,28,864321
2025-04-29 21:49:40,0,level_complete,6081,1,84242,0,710514,1297318,30,864489
2025-04-29 21:49:40,0,level_complete,6082,1,84243,0,710541,1297345,31,864520
2025-04-29 21:49:41,0,level_complete,6083,1,84253,0,710620,1297434,35,864612
2025-04-29 21:49:43,0,level_complete,6084,1,84283,0,710900,1297796,31,864967
2025-04-29 21:49:44,0,level_complete,6085,1,84289,0,710997,1297900,32,865089
2025-04-29 21:49:45,0,level_complete,6086,1,84297,0,711112,1298067,33,865236
2025-04-29 21:49:46,0,level_complete,6087,1,84302,0,711188,1298180,32,865328
2025-04-29 21:49:46,0,level_complete,6088,1,84307,0,711238,1298256,33,865389
2025-04-29 21:49:46,0,level_complete,6089,1,84309,0,711267,1298305,32,865423
2025-04-29 21:49:47,0,level_complete,6090,1,84314,0,711338,1298396,30,865502
2025-04-29 21:49:48,0,level_complete,6091,1,84323,0,711464,1298540,46,865678
2025-04-29 21:49:49,0,level_complete,6092,1,84334,0,711638,1298740,34,865885
2025-04-29 21:49:51,0,level_complete,6093,1,84352,0,711844,1298990,35,866121
2025-04-29 21:49:52,0,level_complete,6094,1,84369,0,712011,1299161,34,866321
2025-04-29 21:49:53,0,level_complete,6095,1,84384,0,712181,1299359,30,866520
2025-04-29 21:49:54,0,level_complete,6096,1,84391,0,712262,1299452,31,866618
2025-04-29 21:49:54,0,level_complete,6097,1,84393,0,712313,1299510,34,866677
2025-04-29 21:49:55,0,level_complete,6098,1,84394,0,712340,1299559,30,866707
2025-04-29 21:49:55,0,level_complete,6099,1,84396,0,712372,1299599,30,866742
2025-04-29 21:49:57,0,level_complete,6100,1,84404,0,712503,1299827,28,866892
2025-04-29 21:49:57,0,level_complete,6101,1,84406,0,712532,1299862,30,866924
2025-04-29 21:49:58,0,level_complete,6102,1,84424,0,712714,1300069,30,867132
2025-04-29 21:50:02,0,level_complete,6103,1,84471,0,713189,1300550,32,867733
2025-04-29 21:50:02,0,level_complete,6104,1,84472,0,713216,1300602,31,867764
2025-04-29 21:50:03,0,level_complete,6105,1,84484,0,713375,1300755,39,867960
2025-04-29 21:50:04,0,level_complete,6106,1,84489,0,713448,1300843,31,868047
2025-04-29 21:50:05,0,level_complete,6107,1,84500,0,713570,1300986,33,868194
2025-04-29 21:50:05,0,training_run_ep 84500,-,1,84501,0,713571,1300987,0,868195
2025-04-29 21:50:06,0,level_complete,6108,1,84508,0,713630,1301063,33,868260
2025-04-29 21:50:06,0,level_complete,6109,1,84516,0,713737,1301177,31,868385
2025-04-29 21:50:08,0,level_complete,6110,1,84526,0,713904,1301404,30,868578
2025-04-29 21:50:08,0,level_complete,6111,1,84528,0,713936,1301448,34,868618
2025-04-29 21:50:09,0,level_complete,6112,1,84547,0,714077,1301599,30,868791
2025-04-29 21:50:13,0,level_complete,6113,1,84582,0,714423,1302104,32,869201
2025-04-29 21:50:13,0,level_complete,6114,1,84585,0,714477,1302172,31,869264
2025-04-29 21:50:14,0,level_complete,6115,1,84590,0,714552,1302253,34,869351
2025-04-29 21:50:14,0,level_complete,6116,1,84591,0,714579,1302280,43,869394
2025-04-29 21:50:15,0,level_complete,6117,1,84594,0,714655,1302380,30,869485
2025-04-29 21:50:16,0,level_complete,6118,1,84605,0,714776,1302535,32,869618
2025-04-29 21:50:16,0,level_complete,6119,1,84608,0,714819,1302594,30,869665
2025-04-29 21:50:17,0,level_complete,6120,1,84621,0,714952,1302792,34,869818
2025-04-29 21:50:18,0,level_complete,6121,1,84625,0,715031,1302880,35,869915
2025-04-29 21:50:19,0,level_complete,6122,1,84630,0,715101,1302965,35,870006
2025-04-29 21:50:19,0,level_complete,6123,1,84632,0,715138,1303005,51,870068
2025-04-29 21:50:21,0,level_complete,6124,1,84658,0,715455,1303372,33,870473
2025-04-29 21:50:23,0,level_complete,6125,1,84693,0,715711,1303624,36,870802
2025-04-29 21:50:23,0,level_complete,6126,1,84695,0,715748,1303667,30,870843
2025-04-29 21:50:24,0,level_complete,6127,1,84709,0,715909,1303834,29,871030
2025-04-29 21:50:25,0,level_complete,6128,1,84714,0,715997,1303946,31,871133
2025-04-29 21:50:27,0,level_complete,6129,1,84746,0,716294,1304232,33,871500
2025-04-29 21:50:30,0,level_complete,6130,1,84787,0,716647,1304600,31,871933
2025-04-29 21:50:31,0,level_complete,6131,1,84803,0,716818,1304798,33,872132
2025-04-29 21:50:32,0,level_complete,6132,1,84806,0,716861,1304851,33,872182
2025-04-29 21:50:32,0,level_complete,6133,1,84809,0,716931,1304952,32,872267
2025-04-29 21:50:32,0,level_complete,6134,1,84810,0,716958,1304992,34,872301
2025-04-29 21:50:33,0,level_complete,6135,1,84816,0,717046,1305079,30,872406
2025-04-29 21:50:34,0,level_complete,6136,1,84819,0,717086,1305198,30,872451
2025-04-29 21:50:35,0,level_complete,6137,1,84821,0,717139,1305349,36,872515
2025-04-29 21:50:36,0,level_complete,6138,1,84828,0,717288,1305536,32,872697
2025-04-29 21:50:37,0,level_complete,6139,1,84838,0,717416,1305702,31,872845
2025-04-29 21:50:37,0,level_complete,6140,1,84839,0,717443,1305749,29,872874
2025-04-29 21:50:38,0,level_complete,6141,1,84847,0,717553,1305895,32,873012
2025-04-29 21:50:39,0,level_complete,6142,1,84850,0,717599,1305954,34,873071
2025-04-29 21:50:39,0,level_complete,6143,1,84851,0,717626,1306000,32,873103
2025-04-29 21:50:39,0,level_complete,6144,1,84852,0,717653,1306068,33,873136
2025-04-29 21:50:40,0,level_complete,6145,1,84858,0,717738,1306157,36,873232
2025-04-29 21:50:40,0,level_complete,6146,1,84859,0,717765,1306196,28,873260
2025-04-29 21:50:41,0,level_complete,6147,1,84860,0,717792,1306242,35,873295
2025-04-29 21:50:41,0,level_complete,6148,1,84862,0,717845,1306318,28,873355
2025-04-29 21:50:42,0,level_complete,6149,1,84865,0,717893,1306375,35,873421
2025-04-29 21:50:42,0,level_complete,6150,1,84867,0,717946,1306446,39,873492
2025-04-29 21:50:43,0,level_complete,6151,1,84872,0,718041,1306588,31,873603
2025-04-29 21:50:44,0,level_complete,6152,1,84883,0,718232,1306797,37,873838
2025-04-29 21:50:45,0,level_complete,6153,1,84884,0,718259,1306830,43,873881
2025-04-29 21:50:45,0,level_complete,6154,1,84886,0,718312,1306927,29,873939
2025-04-29 21:50:46,0,level_complete,6155,1,84889,0,718367,1306994,32,874006
2025-04-29 21:50:46,0,level_complete,6156,1,84890,0,718394,1307027,30,874036
2025-04-29 21:50:46,0,level_complete,6157,1,84892,0,718444,1307097,30,874092
2025-04-29 21:50:47,0,level_complete,6158,1,84902,0,718586,1307267,35,874268
2025-04-29 21:50:48,0,level_complete,6159,1,84904,0,718622,1307309,32,874310
2025-04-29 21:50:48,0,level_complete,6160,1,84907,0,718662,1307358,34,874357
2025-04-29 21:50:49,0,level_complete,6161,1,84912,0,718752,1307479,35,874461
2025-04-29 21:50:51,0,level_complete,6162,1,84932,0,719063,1307857,30,874832
2025-04-29 21:50:52,0,level_complete,6163,1,84934,0,719108,1307907,33,874886
2025-04-29 21:50:52,0,level_complete,6164,1,84938,0,719180,1307987,27,874970
2025-04-29 21:50:53,0,level_complete,6165,1,84939,0,719207,1308021,36,875006
2025-04-29 21:50:54,0,level_complete,6166,1,84955,0,719405,1308214,44,875256
2025-04-29 21:50:54,0,level_complete,6167,1,84960,0,719475,1308290,39,875347
2025-04-29 21:50:55,0,level_complete,6168,1,84965,0,719574,1308391,33,875475
2025-04-29 21:50:56,0,level_complete,6169,1,84970,0,719689,1308551,32,875612
2025-04-29 21:50:57,0,level_complete,6170,1,84974,0,719755,1308752,32,875692
2025-04-29 21:50:58,0,level_complete,6171,1,84983,0,719836,1308852,28,875779
2025-04-29 21:50:59,0,level_complete,6172,1,84989,0,719911,1308933,30,875866
2025-04-29 21:50:59,0,level_complete,6173,1,84996,0,719990,1309006,33,875963
2025-04-29 21:51:00,0,training_run_ep 85000,-,1,85001,0,720061,1309084,0,876052
2025-04-29 21:51:01,0,level_complete,6174,1,85007,0,720167,1309219,28,876175
2025-04-29 21:51:02,0,level_complete,6175,1,85015,0,720234,1309279,40,876259
2025-04-29 21:51:04,0,level_complete,6176,1,85046,0,720571,1309630,29,876651
2025-04-29 21:51:04,0,level_complete,6177,1,85047,0,720598,1309666,31,876682
2025-04-29 21:51:05,0,level_complete,6178,1,85048,0,720625,1309714,29,876711
2025-04-29 21:51:05,0,level_complete,6179,1,85049,0,720652,1309751,32,876743
2025-04-29 21:51:06,0,level_complete,6180,1,85057,0,720760,1309897,29,876868
2025-04-29 21:51:07,0,level_complete,6181,1,85072,0,720896,1310042,29,877028
2025-04-29 21:51:09,0,level_complete,6182,1,85089,0,721123,1310307,31,877307
2025-04-29 21:51:09,0,level_complete,6183,1,85093,0,721174,1310360,29,877366
2025-04-29 21:51:12,0,level_complete,6184,1,85121,0,721533,1310753,32,877795
2025-04-29 21:51:14,0,level_complete,6185,1,85151,0,721899,1311143,39,878260
2025-04-29 21:51:15,0,level_complete,6186,1,85155,0,721967,1311218,32,878344
2025-04-29 21:51:16,0,level_complete,6187,1,85170,0,722139,1311417,33,878549
2025-04-29 21:51:17,0,level_complete,6188,1,85174,0,722197,1311479,34,878628
2025-04-29 21:51:17,0,level_complete,6189,1,85177,0,722244,1311542,32,878681
2025-04-29 21:51:18,0,level_complete,6190,1,85190,0,722390,1311705,33,878858
2025-04-29 21:51:18,0,level_complete,6191,1,85192,0,722418,1311731,35,878894
2025-04-29 21:51:19,0,level_complete,6192,1,85193,0,722445,1311763,38,878932
2025-04-29 21:51:19,0,level_complete,6193,1,85194,0,722472,1311825,29,878961
2025-04-29 21:51:20,0,level_complete,6194,1,85201,0,722592,1311967,30,879096
2025-04-29 21:51:20,0,level_complete,6195,1,85202,0,722619,1312008,36,879132
2025-04-29 21:51:21,0,level_complete,6196,1,85206,0,722689,1312101,37,879220
2025-04-29 21:51:23,0,level_complete,6197,1,85227,0,722969,1312500,35,879558
2025-04-29 21:51:24,0,level_complete,6198,1,85228,0,722996,1312532,34,879592
2025-04-29 21:51:26,0,level_complete,6199,1,85258,0,723307,1312885,30,879955
2025-04-29 21:51:27,0,level_complete,6200,1,85267,0,723416,1313002,35,880089
2025-04-29 21:51:27,0,level_complete,6201,1,85268,0,723443,1313045,32,880121
2025-04-29 21:51:29,0,level_complete,6202,1,85290,0,723645,1313265,29,880371
2025-04-29 21:51:30,0,level_complete,6203,1,85304,0,723754,1313500,29,880496
2025-04-29 21:51:30,0,level_complete,6204,1,85305,0,723781,1313543,29,880525
2025-04-29 21:51:31,0,level_complete,6205,1,85308,0,723830,1313609,31,880590
2025-04-29 21:51:32,0,level_complete,6206,1,85318,0,723966,1313793,33,880741
2025-04-29 21:51:32,0,level_complete,6207,1,85319,0,723993,1313827,29,880770
2025-04-29 21:51:34,0,level_complete,6208,1,85328,0,724128,1314005,32,880923
2025-04-29 21:51:34,0,level_complete,6209,1,85330,0,724177,1314067,29,880979
2025-04-29 21:51:35,0,level_complete,6210,1,85334,0,724259,1314171,41,881086
2025-04-29 21:51:36,0,level_complete,6211,1,85342,0,724399,1314314,32,881259
2025-04-29 21:51:36,0,level_complete,6212,1,85350,0,724463,1314409,31,881330
2025-04-29 21:51:36,0,level_complete,6213,1,85351,0,724490,1314441,30,881360
2025-04-29 21:51:37,0,level_complete,6214,1,85352,0,724517,1314476,31,881391
2025-04-29 21:51:37,0,level_complete,6215,1,85358,0,724585,1314555,33,881469
2025-04-29 21:51:37,0,level_complete,6216,1,85359,0,724612,1314591,35,881504
2025-04-29 21:51:38,0,level_complete,6217,1,85360,0,724639,1314622,32,881536
2025-04-29 21:51:38,0,level_complete,6218,1,85361,0,724666,1314676,29,881565
2025-04-29 21:51:39,0,level_complete,6219,1,85374,0,724854,1314872,32,881803
2025-04-29 21:51:40,0,level_complete,6220,1,85379,0,724947,1314951,36,881931
2025-04-29 21:51:40,0,level_complete,6221,1,85386,0,725024,1315044,28,882020
2025-04-29 21:51:41,0,level_complete,6222,1,85387,0,725051,1315082,34,882054
2025-04-29 21:51:41,0,level_complete,6223,1,85389,0,725078,1315115,36,882090
2025-04-29 21:51:42,0,level_complete,6224,1,85397,0,725187,1315255,32,882228
2025-04-29 21:51:42,0,level_complete,6225,1,85399,0,725228,1315304,30,882276
2025-04-29 21:51:42,0,level_complete,6226,1,85400,0,725255,1315335,30,882306
2025-04-29 21:51:43,0,level_complete,6227,1,85405,0,725313,1315387,34,882376
2025-04-29 21:51:43,0,level_complete,6228,1,85406,0,725340,1315424,31,882407
2025-04-29 21:51:43,0,level_complete,6229,1,85407,0,725367,1315467,31,882438
2025-04-29 21:51:44,0,level_complete,6230,1,85409,0,725404,1315512,33,882484
2025-04-29 21:51:44,0,level_complete,6231,1,85410,0,725431,1315540,31,882515
2025-04-29 21:51:44,0,level_complete,6232,1,85415,0,725508,1315614,32,882609
2025-04-29 21:51:45,0,level_complete,6233,1,85417,0,725544,1315674,33,882652
2025-04-29 21:51:45,0,level_complete,6234,1,85418,0,725571,1315701,33,882685
2025-04-29 21:51:45,0,level_complete,6235,1,85421,0,725622,1315747,34,882758
2025-04-29 21:51:46,0,level_complete,6236,1,85432,0,725739,1315876,35,882901
2025-04-29 21:51:46,0,level_complete,6237,1,85434,0,725788,1315917,32,882964
2025-04-29 21:51:47,0,level_complete,6238,1,85441,0,725887,1316056,30,883078
2025-04-29 21:51:50,0,level_complete,6239,1,85480,0,726236,1316387,30,883509
2025-04-29 21:51:50,0,level_complete,6240,1,85490,0,726344,1316502,33,883649
2025-04-29 21:51:52,0,training_run_ep 85500,-,1,85501,0,726437,1316583,0,883764
2025-04-29 21:51:52,0,level_complete,6241,1,85507,0,726508,1316662,37,883855
2025-04-29 21:51:56,0,level_complete,6242,1,85568,0,727077,1317220,29,884543
2025-04-29 21:51:56,0,level_complete,6243,1,85572,0,727115,1317272,35,884590
2025-04-29 21:51:57,0,level_complete,6244,1,85573,0,727142,1317308,28,884618
2025-04-29 21:51:58,0,level_complete,6245,1,85596,0,727341,1317502,42,884867
2025-04-29 21:51:59,0,level_complete,6246,1,85604,0,727418,1317583,29,884956
2025-04-29 21:51:59,0,level_complete,6247,1,85606,0,727452,1317620,32,884996
2025-04-29 21:52:00,0,level_complete,6248,1,85614,0,727566,1317743,41,885141
2025-04-29 21:52:00,0,level_complete,6249,1,85615,0,727593,1317779,33,885174
2025-04-29 21:52:00,0,level_complete,6250,1,85619,0,727650,1317840,34,885247
2025-04-29 21:52:01,0,level_complete,6251,1,85620,0,727677,1317879,32,885279
2025-04-29 21:52:01,0,level_complete,6252,1,85621,0,727704,1317906,36,885315
2025-04-29 21:52:02,0,level_complete,6253,1,85630,0,727817,1318072,31,885450
2025-04-29 21:52:02,0,level_complete,6254,1,85632,0,727854,1318123,36,885496
2025-04-29 21:52:03,0,level_complete,6255,1,85635,0,727908,1318214,38,885565
2025-04-29 21:52:04,0,level_complete,6256,1,85637,0,727961,1318300,35,885631
2025-04-29 21:52:04,0,level_complete,6257,1,85642,0,728082,1318445,33,885780
2025-04-29 21:52:06,0,level_complete,6258,1,85654,0,728241,1318636,32,885970
2025-04-29 21:52:08,0,level_complete,6259,1,85670,0,728479,1318911,32,886265
2025-04-29 21:52:08,0,level_complete,6260,1,85671,0,728506,1318957,33,886298
2025-04-29 21:52:09,0,level_complete,6261,1,85678,0,728628,1319085,36,886447
2025-04-29 21:52:10,0,level_complete,6262,1,85684,0,728732,1319209,37,886570
2025-04-29 21:52:10,0,level_complete,6263,1,85688,0,728797,1319277,30,886644
2025-04-29 21:52:11,0,level_complete,6264,1,85693,0,728893,1319411,31,886759
2025-04-29 21:52:12,0,level_complete,6265,1,85709,0,729102,1319617,32,887015
2025-04-29 21:52:13,0,level_complete,6266,1,85711,0,729142,1319682,31,887062
2025-04-29 21:52:15,0,level_complete,6267,1,85719,0,729298,1320003,30,887254
2025-04-29 21:52:15,0,level_complete,6268,1,85721,0,729348,1320050,33,887316
2025-04-29 21:52:16,0,level_complete,6269,1,85725,0,729424,1320150,31,887405
2025-04-29 21:52:16,0,level_complete,6270,1,85728,0,729472,1320200,30,887458
2025-04-29 21:52:17,0,level_complete,6271,1,85734,0,729555,1320295,32,887561
2025-04-29 21:52:17,0,level_complete,6272,1,85737,0,729612,1320351,33,887632
2025-04-29 21:52:20,0,level_complete,6273,1,85771,0,729876,1320803,28,887938
2025-04-29 21:52:23,0,level_complete,6274,1,85784,0,730039,1321241,28,888140
2025-04-29 21:52:24,0,level_complete,6275,1,85785,0,730066,1321288,31,888171
2025-04-29 21:52:25,0,level_complete,6276,1,85789,0,730169,1321438,33,888293
2025-04-29 21:52:25,0,level_complete,6277,1,85792,0,730233,1321530,38,888373
2025-04-29 21:52:26,0,level_complete,6278,1,85796,0,730278,1321583,36,888432
2025-04-29 21:52:26,0,level_complete,6279,1,85799,0,730327,1321652,39,888501
2025-04-29 21:52:28,0,level_complete,6280,1,85819,0,730642,1322023,30,888885
2025-04-29 21:52:29,0,level_complete,6281,1,85820,0,730669,1322057,41,888926
2025-04-29 21:52:29,0,level_complete,6282,1,85824,0,730722,1322121,33,888986
2025-04-29 21:52:29,0,level_complete,6283,1,85825,0,730749,1322179,29,889015
2025-04-29 21:52:30,0,level_complete,6284,1,85827,0,730779,1322210,34,889052
2025-04-29 21:52:30,0,level_complete,6285,1,85828,0,730806,1322250,41,889093
2025-04-29 21:52:31,0,level_complete,6286,1,85832,0,730888,1322343,31,889187
2025-04-29 21:52:31,0,level_complete,6287,1,85833,0,730915,1322370,40,889227
2025-04-29 21:52:31,0,level_complete,6288,1,85836,0,730987,1322452,30,889309
2025-04-29 21:52:32,0,level_complete,6289,1,85838,0,731026,1322516,35,889357
2025-04-29 21:52:32,0,level_complete,6290,1,85841,0,731083,1322577,33,889428
2025-04-29 21:52:34,0,level_complete,6291,1,85856,0,731345,1322894,29,889739
2025-04-29 21:52:35,0,level_complete,6292,1,85858,0,731391,1322939,38,889798
2025-04-29 21:52:35,0,level_complete,6293,1,85860,0,731419,1322970,35,889834
2025-04-29 21:52:35,0,level_complete,6294,1,85861,0,731446,1323004,36,889870
2025-04-29 21:52:35,0,level_complete,6295,1,85862,0,731473,1323047,32,889902
2025-04-29 21:52:36,0,level_complete,6296,1,85863,0,731500,1323111,35,889937
2025-04-29 21:52:36,0,level_complete,6297,1,85867,0,731577,1323188,31,890028
2025-04-29 21:52:36,0,level_complete,6298,1,85868,0,731604,1323221,37,890065
2025-04-29 21:52:38,0,level_complete,6299,1,85888,0,731840,1323445,34,890359
2025-04-29 21:52:38,0,level_complete,6300,1,85894,0,731892,1323507,31,890419
2025-04-29 21:52:39,0,level_complete,6301,1,85899,0,731963,1323597,28,890497
2025-04-29 21:52:42,0,level_complete,6302,1,85918,0,732126,1324072,33,890697
2025-04-29 21:52:43,0,level_complete,6303,1,85927,0,732246,1324207,28,890842
2025-04-29 21:52:44,0,level_complete,6304,1,85933,0,732337,1324293,31,890951
2025-04-29 21:52:44,0,level_complete,6305,1,85935,0,732371,1324331,35,890994
2025-04-29 21:52:44,0,level_complete,6306,1,85938,0,732415,1324383,34,891046
2025-04-29 21:52:48,0,level_complete,6307,1,85958,0,732624,1324864,34,891302
2025-04-29 21:52:48,0,level_complete,6308,1,85959,0,732651,1324896,33,891335
2025-04-29 21:52:50,0,level_complete,6309,1,85989,0,732982,1325221,33,891766
2025-04-29 21:52:52,0,training_run_ep 86000,-,1,86001,0,733145,1325451,0,891962
2025-04-29 21:52:53,0,level_complete,6310,1,86006,0,733238,1325561,35,892075
2025-04-29 21:52:54,0,level_complete,6311,1,86023,0,733418,1325773,36,892296
2025-04-29 21:52:55,0,level_complete,6312,1,86027,0,733480,1325843,27,892363
2025-04-29 21:52:55,0,level_complete,6313,1,86029,0,733508,1325905,32,892396
2025-04-29 21:52:56,0,level_complete,6314,1,86034,0,733581,1325981,30,892481
2025-04-29 21:52:56,0,level_complete,6315,1,86035,0,733608,1326005,36,892517
2025-04-29 21:52:57,0,level_complete,6316,1,86050,0,733803,1326191,33,892756
2025-04-29 21:52:57,0,level_complete,6317,1,86051,0,733830,1326229,49,892805
2025-04-29 21:52:58,0,level_complete,6318,1,86054,0,733902,1326302,33,892898
2025-04-29 21:52:58,0,level_complete,6319,1,86057,0,733962,1326372,34,892972
2025-04-29 21:52:59,0,level_complete,6320,1,86058,0,733989,1326406,31,893003
2025-04-29 21:52:59,0,level_complete,6321,1,86060,0,734033,1326450,35,893063
2025-04-29 21:53:00,0,level_complete,6322,1,86064,0,734097,1326549,36,893141
2025-04-29 21:53:00,0,level_complete,6323,1,86066,0,734132,1326583,35,893184
2025-04-29 21:53:01,0,level_complete,6324,1,86070,0,734208,1326687,32,893270
2025-04-29 21:53:01,0,level_complete,6325,1,86072,0,734257,1326750,30,893325
2025-04-29 21:53:02,0,level_complete,6326,1,86075,0,734329,1326844,30,893413
2025-04-29 21:53:03,0,level_complete,6327,1,86084,0,734461,1327010,33,893574
2025-04-29 21:53:05,0,level_complete,6328,1,86101,0,734705,1327365,34,893876
2025-04-29 21:53:05,0,level_complete,6329,1,86104,0,734751,1327424,33,893932
2025-04-29 21:53:06,0,level_complete,6330,1,86107,0,734799,1327497,33,893988
2025-04-29 21:53:06,0,level_complete,6331,1,86108,0,734826,1327539,32,894020
2025-04-29 21:53:07,0,level_complete,6332,1,86110,0,734878,1327608,30,894081
2025-04-29 21:53:37,0,level_complete,6333,1,86114,0,734948,1332609,30,894161
2025-04-29 21:53:38,0,level_complete,6334,1,86116,0,734993,1332687,41,894224
2025-04-29 21:53:39,0,level_complete,6335,1,86124,0,735073,1332788,30,894326
2025-04-29 21:53:39,0,level_complete,6336,1,86127,0,735133,1332851,29,894403
2025-04-29 21:53:39,0,level_complete,6337,1,86128,0,735160,1332892,40,894443
2025-04-29 21:53:40,0,level_complete,6338,1,86129,0,735187,1332920,35,894478
2025-04-29 21:53:40,0,level_complete,6339,1,86133,0,735231,1332972,34,894530
2025-04-29 21:53:41,0,level_complete,6340,1,86146,0,735404,1333213,32,894738
2025-04-29 21:53:42,0,level_complete,6341,1,86154,0,735495,1333357,35,894847
2025-04-29 21:53:43,0,level_complete,6342,1,86158,0,735533,1333394,30,894888
2025-04-29 21:53:43,0,level_complete,6343,1,86160,0,735582,1333447,40,894956
2025-04-29 21:53:43,0,level_complete,6344,1,86162,0,735630,1333503,32,895010
2025-04-29 21:53:44,0,level_complete,6345,1,86166,0,735702,1333647,28,895094
2025-04-29 21:53:45,0,level_complete,6346,1,86172,0,735765,1333722,36,895168
2025-04-29 21:53:45,0,level_complete,6347,1,86176,0,735801,1333760,34,895211
2025-04-29 21:53:46,0,level_complete,6348,1,86179,0,735861,1333817,30,895285
2025-04-29 21:53:46,0,level_complete,6349,1,86181,0,735891,1333846,32,895320
2025-04-29 21:53:46,0,level_complete,6350,1,86185,0,735961,1333924,32,895399
2025-04-29 21:53:47,0,level_complete,6351,1,86186,0,735988,1333965,38,895437
2025-04-29 21:53:47,0,level_complete,6352,1,86191,0,736053,1334044,29,895506
2025-04-29 21:53:48,0,level_complete,6353,1,86198,0,736168,1334174,42,895649
2025-04-29 21:53:48,0,level_complete,6354,1,86204,0,736242,1334256,33,895734
2025-04-29 21:53:49,0,level_complete,6355,1,86205,0,736269,1334286,33,895767
2025-04-29 21:53:50,0,level_complete,6356,1,86221,0,736468,1334544,33,896005
2025-04-29 21:53:51,0,level_complete,6357,1,86227,0,736552,1334628,35,896114
2025-04-29 21:53:52,0,level_complete,6358,1,86231,0,736613,1334702,31,896187
2025-04-29 21:53:52,0,level_complete,6359,1,86234,0,736643,1334821,32,896222
2025-04-29 21:53:53,0,level_complete,6360,1,86235,0,736670,1334850,35,896257
2025-04-29 21:53:53,0,level_complete,6361,1,86236,0,736697,1334883,33,896290
2025-04-29 21:53:53,0,level_complete,6362,1,86238,0,736742,1334940,29,896343
2025-04-29 21:53:54,0,level_complete,6363,1,86248,0,736904,1335135,30,896530
2025-04-29 21:53:55,0,level_complete,6364,1,86250,0,736957,1335218,36,896594
2025-04-29 21:53:55,0,level_complete,6365,1,86251,0,736984,1335254,28,896622
2025-04-29 21:53:56,0,level_complete,6366,1,86252,0,737011,1335295,36,896658
2025-04-29 21:53:56,0,level_complete,6367,1,86258,0,737115,1335407,31,896779
2025-04-29 21:53:57,0,level_complete,6368,1,86259,0,737142,1335446,31,896810
2025-04-29 21:53:57,0,level_complete,6369,1,86260,0,737169,1335479,29,896839
2025-04-29 21:53:57,0,level_complete,6370,1,86261,0,737196,1335514,29,896868
2025-04-29 21:53:58,0,level_complete,6371,1,86266,0,737290,1335633,29,896978
2025-04-29 21:53:58,0,level_complete,6372,1,86267,0,737317,1335683,28,897006
2025-04-29 21:53:59,0,level_complete,6373,1,86272,0,737400,1335788,30,897097
2025-04-29 21:53:59,0,level_complete,6374,1,86277,0,737459,1335852,30,897165
2025-04-29 21:54:00,0,level_complete,6375,1,86280,0,737507,1335918,34,897223
2025-04-29 21:54:00,0,level_complete,6376,1,86282,0,737540,1335955,43,897272
2025-04-29 21:54:00,0,level_complete,6377,1,86284,0,737593,1336048,38,897338
2025-04-29 21:54:01,0,level_complete,6378,1,86287,0,737636,1336111,35,897391
2025-04-29 21:54:01,0,level_complete,6379,1,86289,0,737684,1336175,33,897447
2025-04-29 21:54:04,0,level_complete,6380,1,86309,0,738003,1336546,30,897834
2025-04-29 21:54:04,0,level_complete,6381,1,86314,0,738083,1336631,28,897929
2025-04-29 21:54:05,0,level_complete,6382,1,86318,0,738157,1336730,30,898012
2025-04-29 21:54:37,0,level_complete,6383,1,86335,0,738343,1341397,32,898217
2025-04-29 21:54:39,0,level_complete,6384,1,86355,0,738557,1341593,33,898502
2025-04-29 21:54:39,0,level_complete,6385,1,86357,0,738587,1341637,30,898535
2025-04-29 21:54:40,0,level_complete,6386,1,86363,0,738663,1341715,32,898625
2025-04-29 21:54:40,0,level_complete,6387,1,86366,0,738714,1341765,35,898689
2025-04-29 21:54:41,0,level_complete,6388,1,86373,0,738845,1341914,32,898851
2025-04-29 21:54:41,0,level_complete,6389,1,86376,0,738880,1341949,33,898893
2025-04-29 21:54:42,0,level_complete,6390,1,86380,0,738961,1342095,33,898996
2025-04-29 21:54:43,0,level_complete,6391,1,86385,0,739013,1342162,49,899074
2025-04-29 21:54:43,0,level_complete,6392,1,86386,0,739040,1342237,32,899106
2025-04-29 21:54:44,0,level_complete,6393,1,86391,0,739126,1342344,30,899201
2025-04-29 21:54:44,0,level_complete,6394,1,86392,0,739153,1342384,29,899230
2025-04-29 21:54:45,0,level_complete,6395,1,86398,0,739252,1342473,32,899352
2025-04-29 21:54:47,0,level_complete,6396,1,86419,0,739518,1342773,31,899668
2025-04-29 21:54:48,0,level_complete,6397,1,86430,0,739628,1342913,32,899800
2025-04-29 21:54:48,0,level_complete,6398,1,86441,0,739726,1343013,38,899929
2025-04-29 21:54:52,0,level_complete,6399,1,86479,0,740177,1343539,29,900448
2025-04-29 21:54:53,0,level_complete,6400,1,86491,0,740326,1343728,36,900627
2025-04-29 21:54:55,0,level_complete,6401,1,86496,0,740412,1344112,37,900728
2025-04-29 21:54:57,0,training_run_ep 86500,-,1,86501,0,740507,1344215,0,900846
2025-04-29 21:55:18,0,level_complete,6402,1,86590,0,741257,1347297,31,901727
2025-04-29 21:55:18,0,level_complete,6403,1,86595,0,741340,1347392,37,901830
2025-04-29 21:55:20,0,level_complete,6404,1,86619,0,741569,1347635,30,902105
2025-04-29 21:55:22,0,level_complete,6405,1,86640,0,741819,1347891,37,902424
2025-04-29 21:55:23,0,level_complete,6406,1,86646,0,741906,1348009,27,902539
2025-04-29 21:55:23,0,level_complete,6407,1,86648,0,741942,1348050,32,902581
2025-04-29 21:55:24,0,level_complete,6408,1,86655,0,742058,1348175,31,902731
2025-04-29 21:55:24,0,level_complete,6409,1,86660,0,742132,1348252,35,902822
2025-04-29 21:55:24,0,level_complete,6410,1,86661,0,742159,1348288,33,902855
2025-04-29 21:55:25,0,level_complete,6411,1,86662,0,742186,1348324,34,902889
2025-04-29 21:55:25,0,level_complete,6412,1,86666,0,742251,1348441,30,902963
2025-04-29 21:55:26,0,level_complete,6413,1,86667,0,742278,1348473,33,902996
2025-04-29 21:55:26,0,level_complete,6414,1,86674,0,742380,1348576,33,903114
2025-04-29 21:55:27,0,level_complete,6415,1,86675,0,742407,1348646,33,903147
2025-04-29 21:55:27,0,level_complete,6416,1,86677,0,742450,1348700,30,903194
2025-04-29 21:55:27,0,level_complete,6417,1,86678,0,742477,1348736,30,903224
2025-04-29 21:55:28,0,level_complete,6418,1,86679,0,742504,1348790,32,903256
2025-04-29 21:55:29,0,level_complete,6419,1,86680,0,742531,1348903,41,903297
2025-04-29 21:55:30,0,level_complete,6420,1,86681,0,742558,1349072,34,903331
2025-04-29 21:55:30,0,level_complete,6421,1,86684,0,742601,1349115,33,903384
2025-04-29 21:55:30,0,level_complete,6422,1,86686,0,742649,1349191,37,903446
2025-04-29 21:55:31,0,level_complete,6423,1,86687,0,742676,1349332,36,903482
2025-04-29 21:55:32,0,level_complete,6424,1,86688,0,742703,1349392,32,903514
2025-04-29 21:55:32,0,level_complete,6425,1,86690,0,742731,1349421,36,903551
2025-04-29 21:55:33,0,level_complete,6426,1,86694,0,742774,1349557,28,903599
2025-04-29 21:55:33,0,level_complete,6427,1,86695,0,742801,1349582,39,903638
2025-04-29 21:55:33,0,level_complete,6428,1,86699,0,742865,1349653,32,903715
2025-04-29 21:55:34,0,level_complete,6429,1,86705,0,742956,1349768,33,903827
2025-04-29 21:55:35,0,level_complete,6430,1,86710,0,743036,1349848,37,903929
2025-04-29 21:55:35,0,level_complete,6431,1,86713,0,743108,1349929,34,904017
2025-04-29 21:55:36,0,level_complete,6432,1,86722,0,743193,1350032,32,904112
2025-04-29 21:55:37,0,level_complete,6433,1,86737,0,743360,1350210,38,904318
2025-04-29 21:55:37,0,level_complete,6434,1,86739,0,743393,1350246,29,904353
2025-04-29 21:55:38,0,level_complete,6435,1,86742,0,743450,1350352,35,904429
2025-04-29 21:55:39,0,level_complete,6436,1,86745,0,743502,1350427,34,904488
2025-04-29 21:55:39,0,level_complete,6437,1,86749,0,743551,1350475,32,904550
2025-04-29 21:55:40,0,level_complete,6438,1,86754,0,743652,1350576,42,904677
2025-04-29 21:55:40,0,level_complete,6439,1,86756,0,743698,1350665,31,904731
2025-04-29 21:55:41,0,level_complete,6440,1,86761,0,743757,1350739,38,904805
2025-04-29 21:55:41,0,level_complete,6441,1,86762,0,743784,1350767,31,904836
2025-04-29 21:55:41,0,level_complete,6442,1,86763,0,743811,1350803,30,904866
2025-04-29 21:55:42,0,level_complete,6443,1,86767,0,743871,1350872,29,904932
2025-04-29 21:55:42,0,level_complete,6444,1,86771,0,743940,1350945,33,905014
2025-04-29 21:55:43,0,level_complete,6445,1,86773,0,743987,1351010,30,905071
2025-04-29 21:55:43,0,level_complete,6446,1,86774,0,744014,1351059,30,905101
2025-04-29 21:55:43,0,level_complete,6447,1,86780,0,744107,1351146,50,905238
2025-04-29 21:55:44,0,level_complete,6448,1,86786,0,744177,1351226,37,905320
2025-04-29 21:55:44,0,level_complete,6449,1,86787,0,744204,1351254,32,905352
2025-04-29 21:55:45,0,level_complete,6450,1,86789,0,744256,1351311,28,905415
2025-04-29 21:55:45,0,level_complete,6451,1,86790,0,744283,1351363,30,905445
2025-04-29 21:55:47,0,level_complete,6452,1,86810,0,744542,1351665,35,905764
2025-04-29 21:55:47,0,level_complete,6453,1,86816,0,744620,1351750,31,905853
2025-04-29 21:55:48,0,level_complete,6454,1,86818,0,744672,1351814,29,905910
2025-04-29 21:55:49,0,level_complete,6455,1,86831,0,744860,1352008,32,906135
2025-04-29 21:55:50,0,level_complete,6456,1,86836,0,744932,1352072,34,906223
2025-04-29 21:55:50,0,level_complete,6457,1,86840,0,744991,1352137,37,906304
2025-04-29 21:55:50,0,level_complete,6458,1,86842,0,745019,1352179,32,906337
2025-04-29 21:55:51,0,level_complete,6459,1,86843,0,745046,1352222,30,906367
2025-04-29 21:55:51,0,level_complete,6460,1,86844,0,745073,1352250,29,906396
2025-04-29 21:55:52,0,level_complete,6461,1,86852,0,745195,1352401,30,906549
2025-04-29 21:55:53,0,level_complete,6462,1,86866,0,745339,1352535,30,906719
2025-04-29 21:55:53,0,level_complete,6463,1,86867,0,745366,1352587,32,906751
2025-04-29 21:55:53,0,level_complete,6464,1,86870,0,745403,1352637,29,906792
2025-04-29 21:55:55,0,level_complete,6465,1,86886,0,745591,1352849,31,907009
2025-04-29 21:55:55,0,level_complete,6466,1,86889,0,745643,1352905,30,907075
2025-04-29 21:55:56,0,level_complete,6467,1,86894,0,745733,1353001,35,907189
2025-04-29 21:55:56,0,level_complete,6468,1,86898,0,745775,1353058,33,907237
2025-04-29 21:55:57,0,level_complete,6469,1,86899,0,745802,1353107,32,907269
2025-04-29 21:55:57,0,level_complete,6470,1,86902,0,745857,1353158,37,907336
2025-04-29 21:55:58,0,level_complete,6471,1,86907,0,745950,1353314,30,907449
2025-04-29 21:55:58,0,level_complete,6472,1,86908,0,745977,1353342,31,907480
2025-04-29 21:55:58,0,level_complete,6473,1,86909,0,746004,1353377,30,907510
2025-04-29 21:55:59,0,level_complete,6474,1,86913,0,746072,1353458,33,907590
2025-04-29 21:56:01,0,level_complete,6475,1,86926,0,746301,1353730,31,907863
2025-04-29 21:56:03,0,level_complete,6476,1,86944,0,746474,1354029,31,908068
2025-04-29 21:56:03,0,level_complete,6477,1,86946,0,746508,1354065,35,908110
2025-04-29 21:56:03,0,level_complete,6478,1,86947,0,746535,1354115,32,908142
2025-04-29 21:56:04,0,level_complete,6479,1,86949,0,746577,1354196,33,908192
2025-04-29 21:56:04,0,level_complete,6480,1,86951,0,746614,1354240,31,908234
2025-04-29 21:56:08,0,level_complete,6481,1,86975,0,746962,1354734,34,908655
2025-04-29 21:56:08,0,level_complete,6482,1,86976,0,746989,1354781,31,908686
2025-04-29 21:56:10,0,level_complete,6483,1,87001,0,747239,1355072,30,908977
2025-04-29 21:56:10,0,training_run_ep 87000,-,1,87001,0,747239,1355072,30,908977
2025-04-29 21:56:11,0,level_complete,6484,1,87005,0,747306,1355162,34,909075
2025-04-29 21:56:11,0,level_complete,6485,1,87008,0,747360,1355215,40,909147
2025-04-29 21:56:12,0,level_complete,6486,1,87017,0,747485,1355354,33,909290
2025-04-29 21:56:13,0,level_complete,6487,1,87020,0,747524,1355399,27,909329
2025-04-29 21:56:14,0,level_complete,6488,1,87040,0,747636,1355509,39,909466
2025-04-29 21:56:14,0,level_complete,6489,1,87045,0,747681,1355565,32,909517
2025-04-29 21:56:16,0,level_complete,6490,1,87076,0,747991,1355879,45,909892
2025-04-29 21:56:17,0,level_complete,6491,1,87081,0,748072,1355979,30,909984
2025-04-29 21:56:17,0,level_complete,6492,1,87084,0,748119,1356022,32,910042
2025-04-29 21:56:20,0,level_complete,6493,1,87128,0,748436,1356374,31,910417
2025-04-29 21:56:20,0,level_complete,6494,1,87130,0,748476,1356423,30,910464
2025-04-29 21:56:20,0,level_complete,6495,1,87134,0,748534,1356480,32,910534
2025-04-29 21:56:21,0,level_complete,6496,1,87135,0,748561,1356515,37,910571
2025-04-29 21:56:21,0,level_complete,6497,1,87137,0,748614,1356586,34,910636
2025-04-29 21:56:21,0,level_complete,6498,1,87138,0,748641,1356627,32,910668
2025-04-29 21:56:22,0,level_complete,6499,1,87142,0,748686,1356670,43,910731
2025-04-29 21:56:22,0,level_complete,6500,1,87143,0,748713,1356712,32,910763
2025-04-29 21:56:22,0,level_complete,6501,1,87144,0,748740,1356747,30,910793
2025-04-29 21:56:22,0,level_complete,6502,1,87145,0,748767,1356774,33,910826
2025-04-29 21:56:24,0,level_complete,6503,1,87155,0,748956,1357081,53,911075
2025-04-29 21:56:25,0,level_complete,6504,1,87159,0,749030,1357190,32,911165
2025-04-29 21:56:25,0,level_complete,6505,1,87160,0,749057,1357250,32,911197
2025-04-29 21:56:26,0,level_complete,6506,1,87161,0,749084,1357282,34,911231
2025-04-29 21:56:26,0,level_complete,6507,1,87163,0,749118,1357328,30,911268
2025-04-29 21:56:28,0,level_complete,6508,1,87179,0,749346,1357610,33,911531
2025-04-29 21:56:29,0,level_complete,6509,1,87189,0,749507,1357786,31,911724
2025-04-29 21:56:30,0,level_complete,6510,1,87192,0,749562,1357870,33,911789
2025-04-29 21:56:30,0,level_complete,6511,1,87193,0,749589,1357902,32,911821
2025-04-29 21:56:30,0,level_complete,6512,1,87194,0,749616,1357936,33,911854
2025-04-29 21:56:31,0,level_complete,6513,1,87197,0,749674,1358008,30,911920
2025-04-29 21:56:31,0,level_complete,6514,1,87200,0,749728,1358065,37,911990
2025-04-29 21:56:31,0,level_complete,6515,1,87202,0,749779,1358133,30,912051
2025-04-29 21:56:33,0,level_complete,6516,1,87223,0,750034,1358403,31,912366
2025-04-29 21:56:34,0,level_complete,6517,1,87230,0,750171,1358559,32,912532
2025-04-29 21:56:35,0,level_complete,6518,1,87240,0,750291,1358707,37,912683
2025-04-29 21:56:36,0,level_complete,6519,1,87243,0,750353,1358774,30,912761
2025-04-29 21:56:38,0,level_complete,6520,1,87267,0,750624,1359123,33,913095
2025-04-29 21:56:39,0,level_complete,6521,1,87269,0,750665,1359178,31,913142
2025-04-29 21:56:39,0,level_complete,6522,1,87280,0,750772,1359294,28,913260
2025-04-29 21:56:40,0,level_complete,6523,1,87282,0,750808,1359342,44,913315
2025-04-29 21:56:40,0,level_complete,6524,1,87283,0,750835,1359394,31,913346
2025-04-29 21:56:40,0,level_complete,6525,1,87284,0,750862,1359449,30,913376
2025-04-29 21:56:41,0,level_complete,6526,1,87288,0,750960,1359581,44,913499
2025-04-29 21:56:42,0,level_complete,6527,1,87293,0,751074,1359763,34,913635
2025-04-29 21:56:43,0,level_complete,6528,1,87298,0,751142,1359824,30,913720
2025-04-29 21:56:46,0,level_complete,6529,1,87303,0,751246,1360404,35,913845
2025-04-29 21:56:49,0,level_complete,6530,1,87331,0,751624,1360789,41,914335
2025-04-29 21:56:49,0,level_complete,6531,1,87332,0,751651,1360841,33,914368
2025-04-29 21:56:50,0,level_complete,6532,1,87339,0,751763,1360985,34,914504
2025-04-29 21:56:51,0,level_complete,6533,1,87342,0,751797,1361015,32,914544
2025-04-29 21:56:54,0,level_complete,6534,1,87384,0,752324,1361557,30,915183
2025-04-29 21:56:55,0,level_complete,6535,1,87389,0,752385,1361637,29,915251
2025-04-29 21:56:55,0,level_complete,6536,1,87390,0,752412,1361676,32,915283
2025-04-29 21:56:56,0,level_complete,6537,1,87395,0,752483,1361787,31,915368
2025-04-29 21:56:56,0,level_complete,6538,1,87399,0,752553,1361888,33,915449
2025-04-29 21:56:58,0,level_complete,6539,1,87409,0,752708,1362063,32,915626
2025-04-29 21:56:58,0,level_complete,6540,1,87418,0,752820,1362176,31,915767
2025-04-29 21:56:59,0,level_complete,6541,1,87425,0,752919,1362293,31,915895
2025-04-29 21:57:00,0,level_complete,6542,1,87433,0,752976,1362335,37,915974
2025-04-29 21:57:00,0,level_complete,6543,1,87438,0,753014,1362421,31,916017
2025-04-29 21:57:00,0,level_complete,6544,1,87439,0,753041,1362460,33,916050
2025-04-29 21:57:01,0,level_complete,6545,1,87443,0,753110,1362557,30,916132
2025-04-29 21:57:01,0,level_complete,6546,1,87445,0,753147,1362607,30,916174
2025-04-29 21:57:02,0,level_complete,6547,1,87449,0,753226,1362696,35,916283
2025-04-29 21:57:02,0,level_complete,6548,1,87450,0,753253,1362751,35,916318
2025-04-29 21:57:03,0,level_complete,6549,1,87453,0,753305,1362819,33,916380
2025-04-29 21:57:03,0,level_complete,6550,1,87455,0,753352,1362871,27,916432
2025-04-29 21:57:05,0,level_complete,6551,1,87475,0,753653,1363229,28,916782
2025-04-29 21:57:06,0,level_complete,6552,1,87479,0,753720,1363310,30,916861
2025-04-29 21:57:07,0,level_complete,6553,1,87492,0,753890,1363480,31,917064
2025-04-29 21:57:08,0,level_complete,6554,1,87494,0,753927,1363534,41,917115
2025-04-29 21:57:08,0,level_complete,6555,1,87496,0,753966,1363595,31,917158
2025-04-29 21:57:08,0,level_complete,6556,1,87498,0,753995,1363639,31,917191
2025-04-29 21:57:08,0,level_complete,6557,1,87499,0,754022,1363666,36,917227
2025-04-29 21:57:09,0,level_complete,6558,1,87501,0,754070,1363730,33,917284
2025-04-29 21:57:09,0,training_run_ep 87500,-,1,87501,0,754070,1363730,33,917284
2025-04-29 21:57:10,0,level_complete,6559,1,87503,0,754099,1363761,46,917332
2025-04-29 21:57:10,0,level_complete,6560,1,87506,0,754157,1363833,36,917407
2025-04-29 21:57:10,0,level_complete,6561,1,87507,0,754184,1363859,31,917438
2025-04-29 21:57:11,0,level_complete,6562,1,87509,0,754218,1363911,28,917474
2025-04-29 21:57:11,0,level_complete,6563,1,87515,0,754281,1363979,28,917548
2025-04-29 21:57:12,0,level_complete,6564,1,87517,0,754311,1364026,30,917581
2025-04-29 21:57:12,0,level_complete,6565,1,87518,0,754338,1364050,49,917630
2025-04-29 21:57:12,0,level_complete,6566,1,87521,0,754397,1364115,36,917707
2025-04-29 21:57:14,0,level_complete,6567,1,87546,0,754694,1364456,40,918058
2025-04-29 21:57:16,0,level_complete,6568,1,87569,0,754898,1364671,37,918318
2025-04-29 21:57:17,0,level_complete,6569,1,87579,0,755000,1364788,31,918432
2025-04-29 21:57:17,0,level_complete,6570,1,87584,0,755048,1364889,29,918488
2025-04-29 21:57:23,0,level_complete,6571,1,87668,0,755765,1365724,35,919359
2025-04-29 21:57:24,0,level_complete,6572,1,87671,0,755797,1365763,29,919393
2025-04-29 21:57:24,0,level_complete,6573,1,87672,0,755824,1365791,37,919430
2025-04-29 21:57:25,0,level_complete,6574,1,87683,0,755982,1365975,44,919627
2025-04-29 21:57:27,0,level_complete,6575,1,87715,0,756315,1366303,32,920041
2025-04-29 21:57:29,0,level_complete,6576,1,87732,0,756567,1366583,38,920360
2025-04-29 21:57:29,0,level_complete,6577,1,87735,0,756602,1366620,29,920398
2025-04-29 21:57:31,0,level_complete,6578,1,87760,0,756785,1366857,30,920607
2025-04-29 21:57:32,0,level_complete,6579,1,87766,0,756858,1366942,38,920704
2025-04-29 21:57:32,0,level_complete,6580,1,87769,0,756913,1367004,31,920769
2025-04-29 21:57:33,0,level_complete,6581,1,87782,0,757060,1367164,39,920953
2025-04-29 21:57:33,0,level_complete,6582,1,87785,0,757099,1367207,31,920998
2025-04-29 21:57:34,0,level_complete,6583,1,87789,0,757160,1367264,30,921070
2025-04-29 21:57:35,0,level_complete,6584,1,87797,0,757290,1367435,29,921219
2025-04-29 21:57:35,0,level_complete,6585,1,87799,0,757326,1367481,31,921265
2025-04-29 21:57:36,0,level_complete,6586,1,87801,0,757370,1367527,38,921321
2025-04-29 21:57:37,0,level_complete,6587,1,87810,0,757512,1367687,29,921490
2025-04-29 21:57:37,0,level_complete,6588,1,87814,0,757585,1367792,30,921574
2025-04-29 21:57:38,0,level_complete,6589,1,87815,0,757612,1367816,35,921609
2025-04-29 21:57:38,0,level_complete,6590,1,87816,0,757639,1367839,38,921647
2025-04-29 21:57:38,0,level_complete,6591,1,87819,0,757680,1367881,32,921694
2025-04-29 21:57:38,0,level_complete,6592,1,87821,0,757732,1367936,33,921760
2025-04-29 21:57:39,0,level_complete,6593,1,87823,0,757779,1368029,48,921834
2025-04-29 21:57:39,0,level_complete,6594,1,87824,0,757806,1368071,33,921867
2025-04-29 21:57:40,0,level_complete,6595,1,87825,0,757833,1368111,31,921898
2025-04-29 21:57:40,0,level_complete,6596,1,87828,0,757881,1368146,37,921965
2025-04-29 21:57:40,0,level_complete,6597,1,87830,0,757930,1368230,36,922029
2025-04-29 21:57:41,0,level_complete,6598,1,87831,0,757957,1368276,31,922060
2025-04-29 21:57:41,0,level_complete,6599,1,87835,0,757993,1368342,30,922099
2025-04-29 21:57:42,0,level_complete,6600,1,87839,0,758060,1368448,30,922172
2025-04-29 21:57:42,0,level_complete,6601,1,87840,0,758087,1368493,34,922206
2025-04-29 21:57:43,0,level_complete,6602,1,87844,0,758182,1368622,33,922325
2025-04-29 21:57:43,0,level_complete,6603,1,87845,0,758209,1368664,35,922360
2025-04-29 21:57:44,0,level_complete,6604,1,87847,0,758261,1368726,39,922435
2025-04-29 21:57:44,0,level_complete,6605,1,87848,0,758288,1368756,30,922465
2025-04-29 21:57:44,0,level_complete,6606,1,87850,0,758327,1368806,32,922511
2025-04-29 21:57:44,0,level_complete,6607,1,87851,0,758354,1368829,34,922545
2025-04-29 21:57:45,0,level_complete,6608,1,87853,0,758387,1368873,33,922584
2025-04-29 21:57:45,0,level_complete,6609,1,87855,0,758431,1368916,31,922633
2025-04-29 21:57:45,0,level_complete,6610,1,87860,0,758494,1368984,33,922715
2025-04-29 21:57:46,0,level_complete,6611,1,87862,0,758527,1369023,36,922757
2025-04-29 21:57:46,0,level_complete,6612,1,87863,0,758554,1369053,31,922788
2025-04-29 21:57:46,0,level_complete,6613,1,87864,0,758581,1369091,35,922823
2025-04-29 21:57:47,0,level_complete,6614,1,87869,0,758679,1369273,38,922950
2025-04-29 21:57:48,0,level_complete,6615,1,87871,0,758722,1369319,32,923000
2025-04-29 21:57:48,0,level_complete,6616,1,87873,0,758772,1369393,34,923063
2025-04-29 21:57:49,0,level_complete,6617,1,87875,0,758819,1369440,32,923121
2025-04-29 21:57:49,0,level_complete,6618,1,87876,0,758846,1369482,33,923154
2025-04-29 21:57:49,0,level_complete,6619,1,87878,0,758899,1369579,29,923211
2025-04-29 21:57:50,0,level_complete,6620,1,87881,0,758969,1369652,40,923302
2025-04-29 21:57:50,0,level_complete,6621,1,87882,0,758996,1369677,37,923339
2025-04-29 21:57:51,0,level_complete,6622,1,87885,0,759051,1369759,28,923397
2025-04-29 21:57:51,0,level_complete,6623,1,87888,0,759110,1369819,35,923470
2025-04-29 21:57:51,0,level_complete,6624,1,87889,0,759137,1369867,31,923501
2025-04-29 21:57:53,0,level_complete,6625,1,87911,0,759406,1370133,34,923837
2025-04-29 21:57:55,0,level_complete,6626,1,87919,0,759562,1370333,42,924035
2025-04-29 21:57:55,0,level_complete,6627,1,87930,0,759667,1370441,38,924163
2025-04-29 21:57:56,0,level_complete,6628,1,87935,0,759760,1370552,32,924270
2025-04-29 21:57:56,0,level_complete,6629,1,87937,0,759798,1370582,48,924332
2025-04-29 21:57:57,0,level_complete,6630,1,87944,0,759909,1370690,32,924467
2025-04-29 21:57:57,0,level_complete,6631,1,87945,0,759936,1370727,30,924497
2025-04-29 21:57:57,0,level_complete,6632,1,87947,0,759965,1370761,34,924533
2025-04-29 21:57:58,0,level_complete,6633,1,87948,0,759992,1370802,31,924564
2025-04-29 21:57:58,0,level_complete,6634,1,87949,0,760019,1370844,38,924602
2025-04-29 21:58:01,0,level_complete,6635,1,87952,0,760087,1371237,51,924697
2025-04-29 21:58:01,0,level_complete,6636,1,87953,0,760114,1371258,38,924735
2025-04-29 21:58:02,0,level_complete,6637,1,87966,0,760290,1371457,29,924959
2025-04-29 21:58:02,0,level_complete,6638,1,87967,0,760317,1371492,37,924996
2025-04-29 21:58:06,0,level_complete,6639,1,87996,0,760640,1371994,36,925424
2025-04-29 21:58:06,0,level_complete,6640,1,87998,0,760674,1372034,29,925461
2025-04-29 21:58:06,0,level_complete,6641,1,88001,0,760715,1372089,30,925506
2025-04-29 21:58:07,0,training_run_ep 88000,-,1,88001,0,760715,1372089,30,925506
2025-04-29 21:58:07,0,level_complete,6642,1,88003,0,760764,1372144,30,925564
2025-04-29 21:58:08,0,level_complete,6643,1,88006,0,760813,1372200,34,925621
2025-04-29 21:58:08,0,level_complete,6644,1,88011,0,760873,1372276,36,925699
2025-04-29 21:58:09,0,level_complete,6645,1,88019,0,761010,1372443,34,925867
2025-04-29 21:58:09,0,level_complete,6646,1,88021,0,761045,1372472,33,925909
2025-04-29 21:58:10,0,level_complete,6647,1,88027,0,761139,1372564,38,926029
2025-04-29 21:58:17,0,level_complete,6648,1,88042,0,761317,1373530,31,926239
2025-04-29 21:58:17,0,level_complete,6649,1,88045,0,761368,1373614,29,926296
2025-04-29 21:58:20,0,level_complete,6650,1,88054,0,761515,1374043,30,926478
2025-04-29 21:58:21,0,level_complete,6651,1,88058,0,761585,1374099,40,926576
2025-04-29 21:58:21,0,level_complete,6652,1,88064,0,761665,1374190,30,926669
2025-04-29 21:58:23,0,level_complete,6653,1,88068,0,761716,1374486,36,926734
2025-04-29 21:58:24,0,level_complete,6654,1,88076,0,761842,1374624,30,926889
2025-04-29 21:58:25,0,level_complete,6655,1,88077,0,761869,1374672,33,926922
2025-04-29 21:58:25,0,level_complete,6656,1,88083,0,761961,1374774,35,927035
2025-04-29 21:58:27,0,level_complete,6657,1,88093,0,762117,1375036,32,927222
2025-04-29 21:58:27,0,level_complete,6658,1,88095,0,762150,1375068,37,927265
2025-04-29 21:59:46,0,level_complete,6659,1,88097,0,762184,1386479,31,927303
2025-04-29 21:59:46,0,level_complete,6660,1,88099,0,762220,1386532,28,927342
2025-04-29 21:59:50,0,level_complete,6661,1,88137,0,762698,1387061,30,927914
2025-04-29 21:59:50,0,level_complete,6662,1,88139,0,762728,1387107,34,927951
2025-04-29 21:59:51,0,level_complete,6663,1,88143,0,762791,1387255,35,928026
2025-04-29 21:59:52,0,level_complete,6664,1,88145,0,762839,1387305,31,928084
2025-04-29 21:59:53,0,level_complete,6665,1,88148,0,762912,1387426,32,928173
2025-04-29 21:59:53,0,level_complete,6666,1,88150,0,762945,1387470,31,928210
2025-04-29 21:59:53,0,level_complete,6667,1,88151,0,762972,1387502,32,928242
2025-04-29 21:59:53,0,level_complete,6668,1,88152,0,762999,1387532,34,928276
2025-04-29 21:59:54,0,level_complete,6669,1,88153,0,763026,1387578,29,928305
2025-04-29 21:59:54,0,level_complete,6670,1,88154,0,763053,1387627,29,928334
2025-04-29 21:59:54,0,level_complete,6671,1,88155,0,763080,1387708,29,928363
2025-04-29 21:59:55,0,level_complete,6672,1,88159,0,763135,1387782,36,928430
2025-04-29 21:59:56,0,level_complete,6673,1,88163,0,763210,1387880,31,928529
2025-04-29 21:59:56,0,level_complete,6674,1,88165,0,763263,1387961,32,928593
2025-04-29 21:59:56,0,level_complete,6675,1,88167,0,763291,1388002,32,928626
2025-04-29 21:59:57,0,level_complete,6676,1,88170,0,763360,1388116,29,928701
2025-04-29 21:59:57,0,level_complete,6677,1,88172,0,763408,1388170,31,928756
2025-04-29 21:59:58,0,level_complete,6678,1,88174,0,763437,1388205,30,928788
2025-04-29 21:59:58,0,level_complete,6679,1,88175,0,763464,1388237,38,928826
2025-04-29 21:59:58,0,level_complete,6680,1,88176,0,763491,1388278,32,928858
2025-04-29 21:59:58,0,level_complete,6681,1,88177,0,763518,1388303,33,928891
2025-04-29 21:59:59,0,level_complete,6682,1,88182,0,763601,1388403,33,928988
2025-04-29 21:59:59,0,level_complete,6683,1,88183,0,763628,1388435,34,929022
2025-04-29 22:00:00,0,level_complete,6684,1,88184,0,763655,1388477,30,929052
2025-04-29 22:00:00,0,level_complete,6685,1,88192,0,763748,1388581,28,929158
2025-04-29 22:00:01,0,level_complete,6686,1,88193,0,763775,1388616,30,929188
2025-04-29 22:00:01,0,level_complete,6687,1,88196,0,763829,1388690,30,929254
2025-04-29 22:00:01,0,level_complete,6688,1,88198,0,763857,1388726,30,929285
2025-04-29 22:00:02,0,level_complete,6689,1,88202,0,763932,1388808,36,929373
2025-04-29 22:00:02,0,level_complete,6690,1,88203,0,763959,1388845,32,929405
2025-04-29 22:00:02,0,level_complete,6691,1,88204,0,763986,1388876,30,929435
2025-04-29 22:00:03,0,level_complete,6692,1,88209,0,764086,1388974,33,929556
2025-04-29 22:00:03,0,level_complete,6693,1,88210,0,764113,1389022,30,929586
2025-04-29 22:00:05,0,level_complete,6694,1,88223,0,764345,1389295,34,929856
2025-04-29 22:00:06,0,level_complete,6695,1,88237,0,764510,1389503,28,930043
2025-04-29 22:00:07,0,level_complete,6696,1,88241,0,764558,1389557,36,930103
2025-04-29 22:00:08,0,level_complete,6697,1,88245,0,764640,1389700,37,930205
2025-04-29 22:00:08,0,level_complete,6698,1,88247,0,764689,1389751,31,930261
2025-04-29 22:00:09,0,level_complete,6699,1,88253,0,764769,1389837,33,930361
2025-04-29 22:00:09,0,level_complete,6700,1,88258,0,764865,1389951,32,930476
2025-04-29 22:00:10,0,level_complete,6701,1,88264,0,764953,1390070,31,930580
2025-04-29 22:00:11,0,level_complete,6702,1,88265,0,764980,1390107,35,930615
2025-04-29 22:00:11,0,level_complete,6703,1,88266,0,765007,1390137,31,930646
2025-04-29 22:00:11,0,level_complete,6704,1,88267,0,765034,1390165,33,930679
2025-04-29 22:00:12,0,level_complete,6705,1,88272,0,765115,1390262,36,930779
2025-04-29 22:00:12,0,level_complete,6706,1,88276,0,765183,1390349,34,930870
2025-04-29 22:00:14,0,level_complete,6707,1,88287,0,765359,1390555,34,931080
2025-04-29 22:00:14,0,level_complete,6708,1,88288,0,765386,1390608,31,931111
2025-04-29 22:00:15,0,level_complete,6709,1,88300,0,765501,1390705,36,931277
2025-04-29 22:00:15,0,level_complete,6710,1,88305,0,765601,1390821,33,931397
2025-04-29 22:00:16,0,level_complete,6711,1,88307,0,765641,1390862,40,931457
2025-04-29 22:00:16,0,level_complete,6712,1,88308,0,765668,1390901,31,931488
2025-04-29 22:00:18,0,level_complete,6713,1,88323,0,765849,1391151,31,931702
2025-04-29 22:00:18,0,level_complete,6714,1,88329,0,765920,1391232,28,931787
2025-04-29 22:00:19,0,level_complete,6715,1,88331,0,765973,1391313,30,931847
2025-04-29 22:00:20,0,level_complete,6716,1,88342,0,766170,1391513,31,932087
2025-04-29 22:00:20,0,level_complete,6717,1,88344,0,766202,1391557,30,932123
2025-04-29 22:00:21,0,level_complete,6718,1,88350,0,766268,1391635,34,932210
2025-04-29 22:00:21,0,level_complete,6719,1,88352,0,766312,1391685,29,932258
2025-04-29 22:00:22,0,level_complete,6720,1,88353,0,766339,1391733,32,932290
2025-04-29 22:00:22,0,level_complete,6721,1,88357,0,766408,1391808,29,932377
2025-04-29 22:00:23,0,level_complete,6722,1,88360,0,766471,1391902,30,932460
2025-04-29 22:00:23,0,level_complete,6723,1,88366,0,766541,1391979,29,932540
2025-04-29 22:00:24,0,level_complete,6724,1,88369,0,766587,1392020,34,932602
2025-04-29 22:00:24,0,level_complete,6725,1,88371,0,766639,1392087,31,932670
2025-04-29 22:00:25,0,level_complete,6726,1,88379,0,766769,1392298,28,932817
2025-04-29 22:00:26,0,level_complete,6727,1,88386,0,766869,1392398,33,932945
2025-04-29 22:00:27,0,level_complete,6728,1,88393,0,766957,1392554,45,933061
2025-04-29 22:00:28,0,level_complete,6729,1,88397,0,767040,1392685,30,933160
2025-04-29 22:00:28,0,level_complete,6730,1,88398,0,767067,1392761,32,933192
2025-04-29 22:00:29,0,level_complete,6731,1,88402,0,767141,1392853,44,933295
2025-04-29 22:00:29,0,level_complete,6732,1,88404,0,767171,1392902,35,933333
2025-04-29 22:00:30,0,level_complete,6733,1,88405,0,767198,1392958,31,933364
2025-04-29 22:00:30,0,level_complete,6734,1,88408,0,767234,1392995,32,933406
2025-04-29 22:00:31,0,level_complete,6735,1,88410,0,767284,1393065,29,933461
2025-04-29 22:00:32,0,level_complete,6736,1,88420,0,767435,1393227,36,933657
2025-04-29 22:00:32,0,level_complete,6737,1,88424,0,767489,1393285,34,933722
2025-04-29 22:00:32,0,level_complete,6738,1,88426,0,767539,1393350,35,933786
2025-04-29 22:00:33,0,level_complete,6739,1,88429,0,767583,1393393,32,933840
2025-04-29 22:00:33,0,level_complete,6740,1,88432,0,767653,1393476,43,933937
2025-04-29 22:00:34,0,level_complete,6741,1,88439,0,767775,1393637,32,934083
2025-04-29 22:00:35,0,level_complete,6742,1,88447,0,767893,1393804,32,934230
2025-04-29 22:00:36,0,level_complete,6743,1,88452,0,767985,1393899,35,934341
2025-04-29 22:00:38,0,level_complete,6744,1,88462,0,768138,1394182,34,934521
2025-04-29 22:00:39,0,level_complete,6745,1,88466,0,768205,1394271,32,934603
2025-04-29 22:00:40,0,level_complete,6746,1,88481,0,768419,1394503,46,934875
2025-04-29 22:00:41,0,level_complete,6747,1,88485,0,768494,1394592,37,934968
2025-04-29 22:00:42,0,level_complete,6748,1,88497,0,768707,1394862,29,935225
2025-04-29 22:00:43,0,level_complete,6749,1,88498,0,768734,1394901,34,935259
2025-04-29 22:00:43,0,level_complete,6750,1,88499,0,768761,1394938,32,935291
2025-04-29 22:00:43,0,level_complete,6751,1,88501,0,768806,1395002,30,935340
2025-04-29 22:00:44,0,training_run_ep 88500,-,1,88501,0,768806,1395002,30,935340
2025-04-29 22:00:45,0,level_complete,6752,1,88503,0,768859,1395110,38,935407
2025-04-29 22:00:45,0,level_complete,6753,1,88506,0,768893,1395158,32,935446
2025-04-29 22:00:45,0,level_complete,6754,1,88508,0,768923,1395214,29,935478
2025-04-29 22:00:46,0,level_complete,6755,1,88510,0,768959,1395257,29,935517
2025-04-29 22:00:49,0,level_complete,6756,1,88553,0,769455,1395784,30,936102
2025-04-29 22:00:50,0,level_complete,6757,1,88559,0,769552,1395890,33,936235
2025-04-29 22:00:51,0,level_complete,6758,1,88572,0,769717,1396070,36,936435
2025-04-29 22:00:53,0,level_complete,6759,1,88596,0,769934,1396377,35,936708
2025-04-29 22:00:56,0,level_complete,6760,1,88634,0,770337,1396844,29,937197
2025-04-29 22:00:57,0,level_complete,6761,1,88645,0,770440,1396959,29,937319
2025-04-29 22:00:58,0,level_complete,6762,1,88650,0,770506,1397025,33,937397
2025-04-29 22:00:59,0,level_complete,6763,1,88674,0,770730,1397289,35,937658
2025-04-29 22:01:01,0,level_complete,6764,1,88687,0,770908,1397480,29,937884
2025-04-29 22:01:01,0,level_complete,6765,1,88692,0,770991,1397574,36,937986
2025-04-29 22:01:03,0,level_complete,6766,1,88715,0,771249,1397851,40,938296
2025-04-29 22:01:04,0,level_complete,6767,1,88728,0,771359,1397964,28,938428
2025-04-29 22:01:05,0,level_complete,6768,1,88740,0,771488,1398104,33,938591
2025-04-29 22:01:06,0,level_complete,6769,1,88752,0,771609,1398277,43,938743
2025-04-29 22:01:07,0,level_complete,6770,1,88755,0,771675,1398352,40,938828
2025-04-29 22:01:07,0,level_complete,6771,1,88756,0,771702,1398384,33,938861
2025-04-29 22:01:07,0,level_complete,6772,1,88758,0,771750,1398424,31,938934
2025-04-29 22:01:07,0,level_complete,6773,1,88759,0,771777,1398454,34,938968
2025-04-29 22:01:08,0,level_complete,6774,1,88764,0,771827,1398511,31,939024
2025-04-29 22:01:08,0,level_complete,6775,1,88769,0,771910,1398591,33,939134
2025-04-29 22:01:10,0,level_complete,6776,1,88790,0,772146,1398850,34,939423
2025-04-29 22:01:11,0,level_complete,6777,1,88794,0,772218,1398932,32,939515
2025-04-29 22:01:11,0,level_complete,6778,1,88802,0,772314,1399023,32,939630
2025-04-29 22:01:12,0,level_complete,6779,1,88809,0,772420,1399131,32,939778
2025-04-29 22:01:13,0,level_complete,6780,1,88816,0,772509,1399236,29,939879
2025-04-29 22:01:13,0,level_complete,6781,1,88817,0,772536,1399267,29,939908
2025-04-29 22:01:13,0,level_complete,6782,1,88820,0,772584,1399326,32,939964
2025-04-29 22:01:14,0,level_complete,6783,1,88828,0,772705,1399495,32,940106
2025-04-29 22:01:15,0,level_complete,6784,1,88830,0,772745,1399563,30,940152
2025-04-29 22:01:17,0,level_complete,6785,1,88845,0,772947,1399860,30,940402
2025-04-29 22:01:17,0,level_complete,6786,1,88846,0,772974,1399897,35,940437
2025-04-29 22:01:17,0,level_complete,6787,1,88848,0,773011,1399938,31,940481
2025-04-29 22:01:18,0,level_complete,6788,1,88851,0,773057,1399992,31,940536
2025-04-29 22:01:18,0,level_complete,6789,1,88853,0,773106,1400052,29,940589
2025-04-29 22:01:18,0,level_complete,6790,1,88854,0,773133,1400087,30,940619
2025-04-29 22:01:19,0,level_complete,6791,1,88859,0,773235,1400203,32,940745
2025-04-29 22:01:19,0,level_complete,6792,1,88860,0,773262,1400243,37,940782
2025-04-29 22:01:20,0,level_complete,6793,1,88862,0,773305,1400286,32,940832
2025-04-29 22:01:20,0,level_complete,6794,1,88863,0,773332,1400325,33,940865
2025-04-29 22:01:20,0,level_complete,6795,1,88864,0,773359,1400358,30,940895
2025-04-29 22:01:20,0,level_complete,6796,1,88865,0,773386,1400392,29,940924
2025-04-29 22:01:21,0,level_complete,6797,1,88869,0,773466,1400503,31,941021
2025-04-29 22:01:21,0,level_complete,6798,1,88870,0,773493,1400540,29,941050
2025-04-29 22:01:22,0,level_complete,6799,1,88871,0,773520,1400572,33,941083
2025-04-29 22:01:23,0,level_complete,6800,1,88879,0,773652,1400742,38,941245
2025-04-29 22:01:25,0,level_complete,6801,1,88903,0,773986,1401150,31,941643
2025-04-29 22:01:26,0,level_complete,6802,1,88904,0,774013,1401189,36,941679
2025-04-29 22:01:26,0,level_complete,6803,1,88906,0,774057,1401246,30,941728
2025-04-29 22:01:26,0,level_complete,6804,1,88908,0,774090,1401307,30,941764
2025-04-29 22:01:27,0,level_complete,6805,1,88910,0,774122,1401354,30,941799
2025-04-29 22:01:27,0,level_complete,6806,1,88915,0,774195,1401424,28,941892
2025-04-29 22:01:28,0,level_complete,6807,1,88920,0,774270,1401572,29,941977
2025-04-29 22:01:29,0,level_complete,6808,1,88922,0,774322,1401647,31,942034
2025-04-29 22:01:29,0,level_complete,6809,1,88929,0,774402,1401770,31,942135
2025-04-29 22:01:30,0,level_complete,6810,1,88931,0,774430,1401814,33,942169
2025-04-29 22:01:30,0,level_complete,6811,1,88932,0,774457,1401853,30,942199
2025-04-29 22:01:30,0,level_complete,6812,1,88934,0,774486,1401914,36,942237
2025-04-29 22:01:31,0,level_complete,6813,1,88936,0,774532,1401974,28,942289
2025-04-29 22:01:31,0,level_complete,6814,1,88938,0,774566,1402008,35,942332
2025-04-29 22:01:31,0,level_complete,6815,1,88940,0,774612,1402066,31,942383
2025-04-29 22:01:32,0,level_complete,6816,1,88941,0,774639,1402104,31,942414
2025-04-29 22:01:32,0,level_complete,6817,1,88943,0,774688,1402163,32,942478
2025-04-29 22:01:33,0,level_complete,6818,1,88946,0,774743,1402242,33,942546
2025-04-29 22:01:33,0,level_complete,6819,1,88949,0,774795,1402295,32,942611
2025-04-29 22:01:33,0,level_complete,6820,1,88952,0,774844,1402337,30,942692
2025-04-29 22:01:33,0,level_complete,6821,1,88953,0,774871,1402369,29,942721
2025-04-29 22:01:34,0,level_complete,6822,1,88954,0,774898,1402400,33,942754
2025-04-29 22:01:35,0,level_complete,6823,1,88974,0,775091,1402617,33,942990
2025-04-29 22:01:36,0,level_complete,6824,1,88982,0,775214,1402764,32,943129
2025-04-29 22:01:36,0,level_complete,6825,1,88983,0,775241,1402803,30,943159
2025-04-29 22:01:37,0,level_complete,6826,1,88986,0,775275,1402831,37,943204
2025-04-29 22:01:37,0,level_complete,6827,1,88989,0,775305,1402863,38,943245
2025-04-29 22:01:37,0,level_complete,6828,1,88991,0,775340,1402942,31,943285
2025-04-29 22:01:38,0,level_complete,6829,1,88994,0,775391,1403016,34,943348
2025-04-29 22:01:38,0,level_complete,6830,1,88995,0,775418,1403052,32,943380
2025-04-29 22:01:38,0,level_complete,6831,1,88996,0,775445,1403086,29,943409
2025-04-29 22:01:39,0,level_complete,6832,1,88998,0,775498,1403165,36,943487
2025-04-29 22:01:39,0,level_complete,6833,1,88999,0,775525,1403218,31,943518
2025-04-29 22:01:40,0,training_run_ep 89000,-,1,89001,0,775559,1403246,0,943562
2025-04-29 22:01:44,0,level_complete,6834,1,89006,0,775638,1403935,37,943669
2025-04-29 22:01:44,0,level_complete,6835,1,89007,0,775665,1403972,29,943698
2025-04-29 22:01:45,0,level_complete,6836,1,89008,0,775692,1404003,34,943732
2025-04-29 22:01:45,0,level_complete,6837,1,89011,0,775748,1404060,32,943798
2025-04-29 22:01:46,0,level_complete,6838,1,89014,0,775813,1404132,34,943886
2025-04-29 22:01:46,0,level_complete,6839,1,89018,0,775908,1404261,31,943998
2025-04-29 22:01:47,0,level_complete,6840,1,89019,0,775935,1404300,32,944030
2025-04-29 22:01:47,0,level_complete,6841,1,89021,0,775983,1404360,30,944093
2025-04-29 22:01:47,0,level_complete,6842,1,89022,0,776010,1404398,30,944123
2025-04-29 22:01:48,0,level_complete,6843,1,89023,0,776037,1404430,32,944155
2025-04-29 22:01:48,0,level_complete,6844,1,89024,0,776064,1404473,30,944185
2025-04-29 22:01:48,0,level_complete,6845,1,89026,0,776117,1404557,30,944247
2025-04-29 22:01:49,0,level_complete,6846,1,89027,0,776144,1404594,35,944282
2025-04-29 22:01:53,0,level_complete,6847,1,89033,0,776245,1405328,32,944405
2025-04-29 22:01:55,0,level_complete,6848,1,89058,0,776532,1405645,37,944758
2025-04-29 22:01:56,0,level_complete,6849,1,89061,0,776584,1405699,44,944832
2025-04-29 22:01:56,0,level_complete,6850,1,89062,0,776611,1405725,29,944861
2025-04-29 22:01:57,0,level_complete,6851,1,89072,0,776764,1405897,32,945043
2025-04-29 22:01:58,0,level_complete,6852,1,89076,0,776842,1406032,30,945147
2025-04-29 22:01:59,0,level_complete,6853,1,89084,0,776984,1406176,32,945320
2025-04-29 22:01:59,0,level_complete,6854,1,89089,0,777084,1406278,37,945446
2025-04-29 22:02:00,0,level_complete,6855,1,89096,0,777139,1406358,29,945504
2025-04-29 22:02:01,0,level_complete,6856,1,89104,0,777235,1406479,34,945620
2025-04-29 22:02:01,0,level_complete,6857,1,89108,0,777280,1406547,32,945672
2025-04-29 22:02:02,0,level_complete,6858,1,89123,0,777365,1406631,33,945772
2025-04-29 22:02:02,0,level_complete,6859,1,89125,0,777414,1406693,39,945836
2025-04-29 22:02:03,0,level_complete,6860,1,89127,0,777450,1406735,29,945876
2025-04-29 22:02:03,0,level_complete,6861,1,89128,0,777477,1406773,29,945905
2025-04-29 22:02:04,0,level_complete,6862,1,89139,0,777645,1406970,32,946106
2025-04-29 22:02:05,0,level_complete,6863,1,89142,0,777677,1407020,36,946148
2025-04-29 22:02:05,0,level_complete,6864,1,89150,0,777790,1407148,36,946284
2025-04-29 22:02:31,0,level_complete,6865,1,89179,0,778070,1410885,33,946606
2025-04-29 22:02:32,0,level_complete,6866,1,89194,0,778212,1411057,32,946772
2025-04-29 22:02:59,0,level_complete,6867,1,89198,0,778280,1415411,33,946851
2025-04-29 22:02:59,0,level_complete,6868,1,89199,0,778307,1415445,35,946886
2025-04-29 22:02:59,0,level_complete,6869,1,89200,0,778334,1415473,30,946916
2025-04-29 22:03:00,0,level_complete,6870,1,89209,0,778442,1415596,52,947059
2025-04-29 22:03:01,0,level_complete,6871,1,89212,0,778478,1415644,30,947098
2025-04-29 22:03:01,0,level_complete,6872,1,89215,0,778554,1415728,31,947186
2025-04-29 22:03:06,0,level_complete,6873,1,89276,0,779144,1416416,32,947920
2025-04-29 22:03:06,0,level_complete,6874,1,89277,0,779171,1416467,33,947953
2025-04-29 22:03:08,0,level_complete,6875,1,89285,0,779308,1416648,36,948117
2025-04-29 22:03:08,0,level_complete,6876,1,89290,0,779342,1416692,30,948154
2025-04-29 22:03:08,0,level_complete,6877,1,89291,0,779369,1416724,32,948186
2025-04-29 22:03:10,0,level_complete,6878,1,89309,0,779643,1417055,29,948524
2025-04-29 22:03:11,0,level_complete,6879,1,89317,0,779717,1417127,30,948609
2025-04-29 22:03:15,0,level_complete,6880,1,89342,0,780067,1417730,32,949012
2025-04-29 22:03:16,0,level_complete,6881,1,89350,0,780164,1417858,33,949124
2025-04-29 22:03:16,0,level_complete,6882,1,89351,0,780191,1417903,32,949156
2025-04-29 22:03:16,0,level_complete,6883,1,89352,0,780218,1417942,30,949186
2025-04-29 22:03:17,0,level_complete,6884,1,89362,0,780329,1418074,30,949319
2025-04-29 22:03:17,0,level_complete,6885,1,89364,0,780377,1418130,38,949381
2025-04-29 22:03:18,0,level_complete,6886,1,89365,0,780404,1418161,31,949412
2025-04-29 22:03:18,0,level_complete,6887,1,89366,0,780431,1418195,34,949446
2025-04-29 22:03:18,0,level_complete,6888,1,89368,0,780479,1418262,29,949500
2025-04-29 22:03:19,0,level_complete,6889,1,89370,0,780518,1418316,29,949542
2025-04-29 22:03:19,0,level_complete,6890,1,89371,0,780545,1418348,33,949575
2025-04-29 22:03:19,0,level_complete,6891,1,89372,0,780572,1418391,33,949608
2025-04-29 22:03:20,0,level_complete,6892,1,89381,0,780735,1418571,35,949805
2025-04-29 22:03:21,0,level_complete,6893,1,89387,0,780818,1418659,29,949907
2025-04-29 22:03:23,0,level_complete,6894,1,89390,0,780870,1418955,29,949974
2025-04-29 22:03:23,0,level_complete,6895,1,89391,0,780897,1418999,34,950008
2025-04-29 22:03:23,0,level_complete,6896,1,89392,0,780924,1419031,34,950042
2025-04-29 22:03:25,0,level_complete,6897,1,89411,0,781135,1419246,54,950317
2025-04-29 22:03:25,0,level_complete,6898,1,89412,0,781162,1419298,34,950351
2025-04-29 22:03:49,0,level_complete,6899,1,89430,0,781357,1422779,30,950588
2025-04-29 22:03:51,0,level_complete,6900,1,89449,0,781563,1422970,30,950847
2025-04-29 22:03:52,0,level_complete,6901,1,89453,0,781654,1423077,30,950948
2025-04-29 22:03:52,0,level_complete,6902,1,89455,0,781681,1423116,36,950984
2025-04-29 22:03:52,0,level_complete,6903,1,89457,0,781722,1423168,35,951037
2025-04-29 22:03:52,0,level_complete,6904,1,89458,0,781749,1423210,31,951068
2025-04-29 22:03:53,0,level_complete,6905,1,89469,0,781899,1423371,30,951240
2025-04-29 22:03:54,0,level_complete,6906,1,89470,0,781926,1423399,30,951270
2025-04-29 22:03:54,0,level_complete,6907,1,89471,0,781953,1423429,34,951304
2025-04-29 22:03:55,0,level_complete,6908,1,89476,0,782064,1423551,39,951450
2025-04-29 22:03:55,0,level_complete,6909,1,89481,0,782146,1423626,35,951557
2025-04-29 22:03:56,0,level_complete,6910,1,89486,0,782194,1423676,31,951611
2025-04-29 22:03:56,0,level_complete,6911,1,89491,0,782249,1423825,28,951673
2025-04-29 22:03:57,0,level_complete,6912,1,89493,0,782299,1423907,36,951736
2025-04-29 22:03:58,0,training_run_ep 89500,-,1,89501,0,782398,1424009,0,951862
2025-04-29 22:04:00,0,level_complete,6913,1,89512,0,782599,1424232,33,952106
2025-04-29 22:04:01,0,level_complete,6914,1,89517,0,782681,1424370,35,952210
2025-04-29 22:04:03,0,level_complete,6915,1,89529,0,782923,1424665,30,952487
2025-04-29 22:04:03,0,level_complete,6916,1,89531,0,782951,1424700,33,952521
2025-04-29 22:04:04,0,level_complete,6917,1,89542,0,783066,1424865,33,952658
2025-04-29 22:04:05,0,level_complete,6918,1,89550,0,783153,1424963,33,952759
2025-04-29 22:04:05,0,level_complete,6919,1,89551,0,783180,1425006,35,952794
2025-04-29 22:04:05,0,level_complete,6920,1,89557,0,783263,1425094,34,952898
2025-04-29 22:04:06,0,level_complete,6921,1,89560,0,783335,1425188,34,952985
2025-04-29 22:04:06,0,level_complete,6922,1,89561,0,783362,1425229,32,953017
2025-04-29 22:04:07,0,level_complete,6923,1,89565,0,783408,1425275,31,953072
2025-04-29 22:04:07,0,level_complete,6924,1,89567,0,783440,1425313,29,953106
2025-04-29 22:04:08,0,level_complete,6925,1,89572,0,783532,1425417,30,953215
2025-04-29 22:04:08,0,level_complete,6926,1,89573,0,783559,1425451,33,953248
2025-04-29 22:04:09,0,level_complete,6927,1,89590,0,783765,1425660,33,953485
2025-04-29 22:04:10,0,level_complete,6928,1,89592,0,783801,1425714,30,953527
2025-04-29 22:04:10,0,level_complete,6929,1,89593,0,783828,1425749,33,953560
2025-04-29 22:04:10,0,level_complete,6930,1,89594,0,783855,1425782,31,953591
2025-04-29 22:04:10,0,level_complete,6931,1,89598,0,783912,1425839,48,953675
2025-04-29 22:04:11,0,level_complete,6932,1,89603,0,784005,1425949,32,953780
2025-04-29 22:04:11,0,level_complete,6933,1,89604,0,784032,1425983,35,953815
2025-04-29 22:04:12,0,level_complete,6934,1,89606,0,784065,1426019,45,953867
2025-04-29 22:04:12,0,level_complete,6935,1,89607,0,784092,1426055,33,953900
2025-04-29 22:04:13,0,level_complete,6936,1,89616,0,784276,1426285,34,954112
2025-04-29 22:04:14,0,level_complete,6937,1,89621,0,784369,1426411,35,954223
2025-04-29 22:04:16,0,level_complete,6938,1,89633,0,784566,1426678,32,954473
2025-04-29 22:04:16,0,level_complete,6939,1,89637,0,784625,1426765,34,954542
2025-04-29 22:04:17,0,level_complete,6940,1,89641,0,784695,1426838,38,954630
2025-04-29 22:04:17,0,level_complete,6941,1,89643,0,784722,1426903,32,954662
2025-04-29 22:04:19,0,level_complete,6942,1,89654,0,784912,1427152,31,954883
2025-04-29 22:04:20,0,level_complete,6943,1,89662,0,785017,1427257,30,955015
2025-04-29 22:04:21,0,level_complete,6944,1,89670,0,785121,1427384,32,955143
2025-04-29 22:05:06,0,level_complete,6945,1,89685,0,785321,1433888,31,955383
2025-04-29 22:05:06,0,level_complete,6946,1,89688,0,785367,1433939,31,955444
2025-04-29 22:05:06,0,level_complete,6947,1,89691,0,785413,1433992,33,955498
2025-04-29 22:05:07,0,level_complete,6948,1,89696,0,785490,1434093,30,955585
2025-04-29 22:05:07,0,level_complete,6949,1,89699,0,785545,1434150,31,955652
2025-04-29 22:05:08,0,level_complete,6950,1,89702,0,785587,1434197,33,955701
2025-04-29 22:05:08,0,level_complete,6951,1,89703,0,785614,1434255,30,955731
2025-04-29 22:05:08,0,level_complete,6952,1,89705,0,785655,1434306,30,955778
2025-04-29 22:05:09,0,level_complete,6953,1,89707,0,785687,1434357,45,955828
2025-04-29 22:05:09,0,level_complete,6954,1,89709,0,785725,1434402,28,955868
2025-04-29 22:05:10,0,level_complete,6955,1,89718,0,785859,1434519,34,956039
2025-04-29 22:05:10,0,level_complete,6956,1,89719,0,785886,1434555,35,956074
2025-04-29 22:05:10,0,level_complete,6957,1,89720,0,785913,1434593,36,956110
2025-04-29 22:05:11,0,level_complete,6958,1,89721,0,785940,1434617,31,956141
2025-04-29 22:05:11,0,level_complete,6959,1,89727,0,786016,1434707,33,956233
2025-04-29 22:05:12,0,level_complete,6960,1,89732,0,786121,1434823,34,956366
2025-04-29 22:05:12,0,level_complete,6961,1,89733,0,786148,1434853,32,956398
2025-04-29 22:05:13,0,level_complete,6962,1,89735,0,786186,1434905,33,956447
2025-04-29 22:05:13,0,level_complete,6963,1,89736,0,786213,1434937,30,956477
2025-04-29 22:05:13,0,level_complete,6964,1,89737,0,786240,1434965,30,956507
2025-04-29 22:05:13,0,level_complete,6965,1,89738,0,786267,1435034,31,956538
2025-04-29 22:05:14,0,level_complete,6966,1,89741,0,786338,1435117,34,956626
2025-04-29 22:05:14,0,level_complete,6967,1,89743,0,786384,1435164,34,956684
2025-04-29 22:05:15,0,level_complete,6968,1,89752,0,786491,1435294,32,956813
2025-04-29 22:05:15,0,level_complete,6969,1,89753,0,786518,1435328,30,956843
2025-04-29 22:05:16,0,level_complete,6970,1,89767,0,786687,1435500,29,957041
2025-04-29 22:05:17,0,level_complete,6971,1,89773,0,786771,1435602,33,957144
2025-04-29 22:05:17,0,level_complete,6972,1,89774,0,786798,1435631,34,957178
2025-04-29 22:05:18,0,level_complete,6973,1,89779,0,786860,1435699,30,957249
2025-04-29 22:05:18,0,level_complete,6974,1,89780,0,786887,1435750,31,957280
2025-04-29 22:05:19,0,level_complete,6975,1,89783,0,786936,1435798,40,957347
2025-04-29 22:05:19,0,level_complete,6976,1,89784,0,786963,1435826,31,957378
2025-04-29 22:05:19,0,level_complete,6977,1,89785,0,786990,1435860,33,957411
2025-04-29 22:05:20,0,level_complete,6978,1,89790,0,787099,1435970,32,957567
2025-04-29 22:05:20,0,level_complete,6979,1,89793,0,787155,1436043,31,957632
2025-04-29 22:05:20,0,level_complete,6980,1,89794,0,787182,1436079,30,957662
2025-04-29 22:05:22,0,level_complete,6981,1,89797,0,787246,1436323,31,957743
2025-04-29 22:05:22,0,level_complete,6982,1,89800,0,787284,1436386,30,957785
2025-04-29 22:05:23,0,level_complete,6983,1,89811,0,787391,1436495,34,957920
2025-04-29 22:05:25,0,level_complete,6984,1,89826,0,787584,1436706,29,958140
2025-04-29 22:05:25,0,level_complete,6985,1,89827,0,787611,1436730,44,958184
2025-04-29 22:05:25,0,level_complete,6986,1,89829,0,787660,1436787,33,958244
2025-04-29 22:05:26,0,level_complete,6987,1,89834,0,787745,1436903,33,958353
2025-04-29 22:05:27,0,level_complete,6988,1,89840,0,787833,1436997,38,958466
2025-04-29 22:05:27,0,level_complete,6989,1,89843,0,787897,1437066,32,958544
2025-04-29 22:05:29,0,level_complete,6990,1,89864,0,788130,1437292,31,958840
2025-04-29 22:05:30,0,level_complete,6991,1,89874,0,788264,1437440,34,959009
2025-04-29 22:05:30,0,level_complete,6992,1,89880,0,788356,1437550,32,959118
2025-04-29 22:05:31,0,level_complete,6993,1,89882,0,788390,1437596,32,959157
2025-04-29 22:05:31,0,level_complete,6994,1,89889,0,788499,1437720,32,959285
2025-04-29 22:05:32,0,level_complete,6995,1,89892,0,788533,1437753,36,959329
2025-04-29 22:05:33,0,level_complete,6996,1,89894,0,788585,1437900,36,959395
2025-04-29 22:05:33,0,level_complete,6997,1,89895,0,788612,1437935,32,959427
2025-04-29 22:05:33,0,level_complete,6998,1,89899,0,788650,1437977,31,959469
2025-04-29 22:05:33,0,level_complete,6999,1,89902,0,788690,1438027,27,959510
2025-04-29 22:05:34,0,level_complete,7000,1,89911,0,788788,1438137,28,959625
2025-04-29 22:05:35,0,level_complete,7001,1,89922,0,788925,1438269,33,959792
2025-04-29 22:05:36,0,level_complete,7002,1,89928,0,789007,1438351,29,959890
2025-04-29 22:05:37,0,level_complete,7003,1,89941,0,789220,1438599,33,960161
2025-04-29 22:05:39,0,level_complete,7004,1,89965,0,789466,1438863,37,960479
2025-04-29 22:05:42,0,training_run_ep 90000,-,1,90001,0,789792,1439233,0,960868
2025-04-29 22:05:43,0,level_complete,7005,1,90009,0,789885,1439328,39,961007
2025-04-29 22:05:45,0,level_complete,7006,1,90032,0,790176,1439622,38,961379
2025-04-29 22:05:45,0,level_complete,7007,1,90040,0,790264,1439702,32,961489
2025-04-29 22:05:46,0,level_complete,7008,1,90051,0,790372,1439838,34,961617
2025-04-29 22:05:47,0,level_complete,7009,1,90063,0,790499,1439975,32,961765
2025-04-29 22:05:49,0,level_complete,7010,1,90071,0,790643,1440184,32,961943
2025-04-29 22:05:49,0,level_complete,7011,1,90075,0,790679,1440246,31,961986
2025-04-29 22:05:49,0,level_complete,7012,1,90076,0,790706,1440292,33,962019
2025-04-29 22:05:50,0,level_complete,7013,1,90077,0,790733,1440316,32,962051
2025-04-29 22:05:50,0,level_complete,7014,1,90079,0,790785,1440387,30,962113
2025-04-29 22:05:50,0,level_complete,7015,1,90082,0,790839,1440442,36,962185
2025-04-29 22:05:51,0,level_complete,7016,1,90086,0,790940,1440563,28,962300
2025-04-29 22:05:51,0,level_complete,7017,1,90087,0,790967,1440600,31,962331
2025-04-29 22:05:52,0,level_complete,7018,1,90090,0,791017,1440680,35,962393
2025-04-29 22:05:54,0,level_complete,7019,1,90106,0,791235,1440933,36,962658
2025-04-29 22:05:54,0,level_complete,7020,1,90112,0,791329,1441031,35,962776
2025-04-29 22:05:55,0,level_complete,7021,1,90114,0,791368,1441083,39,962830
2025-04-29 22:05:55,0,level_complete,7022,1,90117,0,791409,1441140,45,962896
2025-04-29 22:05:56,0,level_complete,7023,1,90123,0,791504,1441262,34,963024
2025-04-29 22:05:56,0,level_complete,7024,1,90126,0,791561,1441348,31,963086
2025-04-29 22:05:57,0,level_complete,7025,1,90127,0,791588,1441382,28,963114
2025-04-29 22:05:57,0,level_complete,7026,1,90129,0,791617,1441434,49,963165
2025-04-29 22:05:57,0,level_complete,7027,1,90131,0,791644,1441471,32,963197
2025-04-29 22:05:58,0,level_complete,7028,1,90134,0,791696,1441560,30,963267
2025-04-29 22:05:58,0,level_complete,7029,1,90139,0,791775,1441653,32,963365
2025-04-29 22:05:59,0,level_complete,7030,1,90142,0,791843,1441724,30,963450
2025-04-29 22:05:59,0,level_complete,7031,1,90143,0,791870,1441757,30,963480
2025-04-29 22:05:59,0,level_complete,7032,1,90144,0,791897,1441781,49,963529
2025-04-29 22:06:01,0,level_complete,7033,1,90155,0,792103,1442003,34,963807
2025-04-29 22:06:01,0,level_complete,7034,1,90157,0,792154,1442058,48,963884
2025-04-29 22:06:02,0,level_complete,7035,1,90160,0,792231,1442162,36,963977
2025-04-29 22:06:02,0,level_complete,7036,1,90161,0,792258,1442220,31,964008
2025-04-29 22:06:03,0,level_complete,7037,1,90168,0,792350,1442329,30,964109
2025-04-29 22:06:05,0,level_complete,7038,1,90196,0,792592,1442571,33,964394
2025-04-29 22:06:09,0,level_complete,7039,1,90244,0,793091,1443168,31,965009
2025-04-29 22:06:10,0,level_complete,7040,1,90253,0,793190,1443292,35,965138
2025-04-29 22:06:13,0,level_complete,7041,1,90289,0,793576,1443731,30,965597
2025-04-29 22:06:17,0,level_complete,7042,1,90307,0,793777,1444359,30,965837
2025-04-29 22:06:18,0,level_complete,7043,1,90326,0,794022,1444600,29,966133
2025-04-29 22:06:19,0,level_complete,7044,1,90335,0,794128,1444723,31,966253
2025-04-29 22:06:20,0,level_complete,7045,1,90338,0,794172,1444778,30,966303
2025-04-29 22:06:21,0,level_complete,7046,1,90353,0,794327,1444949,39,966497
2025-04-29 22:06:21,0,level_complete,7047,1,90355,0,794357,1444978,35,966535
2025-04-29 22:06:22,0,level_complete,7048,1,90359,0,794427,1445159,33,966619
2025-04-29 22:06:23,0,level_complete,7049,1,90363,0,794512,1445277,33,966732
2025-04-29 22:06:23,0,level_complete,7050,1,90364,0,794539,1445304,31,966763
2025-04-29 22:06:24,0,level_complete,7051,1,90374,0,794660,1445418,32,966909
2025-04-29 22:06:26,0,level_complete,7052,1,90386,0,794854,1445635,30,967149
2025-04-29 22:06:26,0,level_complete,7053,1,90387,0,794881,1445675,36,967185
2025-04-29 22:06:26,0,level_complete,7054,1,90388,0,794908,1445748,28,967213
2025-04-29 22:06:29,0,level_complete,7055,1,90414,0,795204,1446139,45,967603
2025-04-29 22:06:30,0,level_complete,7056,1,90420,0,795301,1446251,31,967725
2025-04-29 22:06:31,0,level_complete,7057,1,90429,0,795425,1446385,34,967873
2025-04-29 22:06:31,0,level_complete,7058,1,90436,0,795537,1446499,32,968008
2025-04-29 22:06:32,0,level_complete,7059,1,90439,0,795573,1446551,32,968055
2025-04-29 22:06:32,0,level_complete,7060,1,90443,0,795644,1446643,33,968142
2025-04-29 22:06:33,0,level_complete,7061,1,90444,0,795671,1446677,41,968183
2025-04-29 22:06:33,0,level_complete,7062,1,90445,0,795698,1446710,36,968219
2025-04-29 22:06:34,0,level_complete,7063,1,90457,0,795855,1446855,33,968444
2025-04-29 22:06:36,0,level_complete,7064,1,90471,0,796052,1447129,32,968678
2025-04-29 22:06:37,0,level_complete,7065,1,90488,0,796186,1447298,33,968835
2025-04-29 22:06:38,0,training_run_ep 90500,-,1,90501,0,796285,1447419,0,968951
2025-04-29 22:06:39,0,level_complete,7066,1,90510,0,796397,1447571,34,969083
2025-04-29 22:06:40,0,level_complete,7067,1,90514,0,796443,1447648,35,969138
2025-04-29 22:06:40,0,level_complete,7068,1,90515,0,796470,1447679,31,969169
2025-04-29 22:06:40,0,level_complete,7069,1,90516,0,796497,1447733,34,969203
2025-04-29 22:06:40,0,level_complete,7070,1,90517,0,796524,1447772,35,969238
2025-04-29 22:06:41,0,level_complete,7071,1,90524,0,796586,1447850,32,969313
2025-04-29 22:06:42,0,level_complete,7072,1,90537,0,796659,1447941,33,969399
2025-04-29 22:06:48,0,level_complete,7073,1,90635,0,797556,1448829,34,970523
2025-04-29 22:06:48,0,level_complete,7074,1,90637,0,797593,1448869,34,970571
2025-04-29 22:06:48,0,level_complete,7075,1,90638,0,797620,1448907,36,970607
2025-04-29 22:06:50,0,level_complete,7076,1,90643,0,797736,1449141,32,970755
2025-04-29 22:06:53,0,level_complete,7077,1,90648,0,797800,1449670,29,970826
2025-04-29 22:06:54,0,level_complete,7078,1,90654,0,797875,1449778,31,970911
2025-04-29 22:06:55,0,level_complete,7079,1,90661,0,797988,1449906,32,971055
2025-04-29 22:06:56,0,level_complete,7080,1,90668,0,798059,1449988,36,971139
2025-04-29 22:06:56,0,level_complete,7081,1,90673,0,798151,1450098,35,971252
2025-04-29 22:07:30,0,level_complete,7082,1,90714,0,798593,1454913,31,971789
2025-04-29 22:07:30,0,level_complete,7083,1,90715,0,798620,1454952,28,971817
2025-04-29 22:07:31,0,level_complete,7084,1,90719,0,798687,1455009,39,971906
2025-04-29 22:07:31,0,level_complete,7085,1,90723,0,798748,1455084,32,971982
2025-04-29 22:07:34,0,level_complete,7086,1,90763,0,799132,1455474,28,972442
2025-04-29 22:07:34,0,level_complete,7087,1,90764,0,799159,1455518,28,972470
2025-04-29 22:07:34,0,level_complete,7088,1,90765,0,799186,1455546,41,972511
2025-04-29 22:07:35,0,level_complete,7089,1,90770,0,799264,1455651,39,972616
2025-04-29 22:07:36,0,level_complete,7090,1,90777,0,799347,1455757,30,972712
2025-04-29 22:07:36,0,level_complete,7091,1,90778,0,799374,1455794,30,972742
2025-04-29 22:07:36,0,level_complete,7092,1,90785,0,799444,1455875,34,972825
2025-04-29 22:07:37,0,level_complete,7093,1,90788,0,799513,1455940,34,972907
2025-04-29 22:07:37,0,level_complete,7094,1,90790,0,799544,1455986,33,972944
2025-04-29 22:07:38,0,level_complete,7095,1,90796,0,799646,1456113,30,973080
2025-04-29 22:07:39,0,level_complete,7096,1,90807,0,799779,1456268,28,973228
2025-04-29 22:07:40,0,level_complete,7097,1,90819,0,799956,1456453,31,973445
2025-04-29 22:07:41,0,level_complete,7098,1,90822,0,800032,1456558,31,973536
2025-04-29 22:07:41,0,level_complete,7099,1,90824,0,800068,1456589,37,973583
2025-04-29 22:07:41,0,level_complete,7100,1,90825,0,800095,1456620,33,973616
2025-04-29 22:07:43,0,level_complete,7101,1,90834,0,800249,1456810,29,973791
2025-04-29 22:07:43,0,level_complete,7102,1,90835,0,800276,1456848,32,973823
2025-04-29 22:07:44,0,level_complete,7103,1,90840,0,800378,1456956,41,973956
2025-04-29 22:07:44,0,level_complete,7104,1,90842,0,800406,1456992,35,973992
2025-04-29 22:07:45,0,level_complete,7105,1,90847,0,800497,1457111,32,974104
2025-04-29 22:07:47,0,level_complete,7106,1,90878,0,800845,1457472,30,974535
2025-04-29 22:07:47,0,level_complete,7107,1,90882,0,800891,1457512,33,974598
2025-04-29 22:07:48,0,level_complete,7108,1,90891,0,800986,1457619,29,974711
2025-04-29 22:07:50,0,level_complete,7109,1,90910,0,801205,1457838,39,975024
2025-04-29 22:08:01,0,level_complete,7110,1,90935,0,801528,1459705,30,975430
2025-04-29 22:08:02,0,level_complete,7111,1,90945,0,801658,1459835,32,975587
2025-04-29 22:08:03,0,level_complete,7112,1,90947,0,801698,1459878,46,975649
2025-04-29 22:08:04,0,level_complete,7113,1,90965,0,801917,1460146,31,975930
2025-04-29 22:08:05,0,level_complete,7114,1,90968,0,801982,1460217,32,976011
2025-04-29 22:08:08,0,level_complete,7115,1,90977,0,802105,1460667,31,976156
2025-04-29 22:08:09,0,level_complete,7116,1,90983,0,802170,1460796,44,976244
2025-04-29 22:08:09,0,level_complete,7117,1,90984,0,802197,1460835,31,976275
2025-04-29 22:08:09,0,level_complete,7118,1,90985,0,802224,1460873,36,976311
2025-04-29 22:08:10,0,level_complete,7119,1,90994,0,802354,1461011,33,976470
2025-04-29 22:08:11,0,training_run_ep 91000,-,1,91001,0,802406,1461056,0,976535
2025-04-29 22:08:12,0,level_complete,7120,1,91006,0,802468,1461136,30,976601
2025-04-29 22:08:13,0,level_complete,7121,1,91020,0,802671,1461352,33,976861
2025-04-29 22:08:13,0,level_complete,7122,1,91021,0,802698,1461391,36,976897
2025-04-29 22:08:14,0,level_complete,7123,1,91028,0,802807,1461508,31,977053
2025-04-29 22:08:15,0,level_complete,7124,1,91033,0,802870,1461600,34,977130
2025-04-29 22:08:16,0,level_complete,7125,1,91043,0,803005,1461739,30,977293
2025-04-29 22:08:27,0,level_complete,7126,1,91069,0,803349,1463457,32,977733
2025-04-29 22:08:28,0,level_complete,7127,1,91087,0,803521,1463638,31,977940
2025-04-29 22:08:29,0,level_complete,7128,1,91089,0,803570,1463695,33,978004
2025-04-29 22:08:29,0,level_complete,7129,1,91092,0,803614,1463755,31,978055
2025-04-29 22:08:29,0,level_complete,7130,1,91093,0,803641,1463794,31,978086
2025-04-29 22:08:30,0,level_complete,7131,1,91095,0,803683,1463852,31,978134
2025-04-29 22:08:31,0,level_complete,7132,1,91110,0,803859,1464036,31,978342
2025-04-29 22:08:31,0,level_complete,7133,1,91114,0,803929,1464115,32,978422
2025-04-29 22:08:32,0,level_complete,7134,1,91115,0,803956,1464151,35,978457
2025-04-29 22:08:32,0,level_complete,7135,1,91117,0,803992,1464194,36,978508
2025-04-29 22:08:33,0,level_complete,7136,1,91126,0,804145,1464378,32,978683
2025-04-29 22:08:35,0,level_complete,7137,1,91140,0,804341,1464612,34,978918
2025-04-29 22:08:35,0,level_complete,7138,1,91142,0,804387,1464667,30,978969
2025-04-29 22:08:35,0,level_complete,7139,1,91144,0,804414,1464701,30,978999
2025-04-29 22:08:36,0,level_complete,7140,1,91145,0,804441,1464735,32,979031
2025-04-29 22:08:36,0,level_complete,7141,1,91147,0,804492,1464799,34,979094
2025-04-29 22:08:36,0,level_complete,7142,1,91149,0,804526,1464837,32,979134
2025-04-29 22:08:36,0,level_complete,7143,1,91151,0,804566,1464871,36,979186
2025-04-29 22:08:38,0,level_complete,7144,1,91161,0,804737,1465064,36,979392
2025-04-29 22:08:38,0,level_complete,7145,1,91162,0,804764,1465101,31,979423
2025-04-29 22:08:39,0,level_complete,7146,1,91165,0,804819,1465183,34,979488
2025-04-29 22:08:39,0,level_complete,7147,1,91169,0,804872,1465249,32,979554
2025-04-29 22:08:40,0,level_complete,7148,1,91172,0,804942,1465331,30,979657
2025-04-29 22:08:40,0,level_complete,7149,1,91173,0,804969,1465361,31,979688
2025-04-29 22:08:41,0,level_complete,7150,1,91180,0,805045,1465549,29,979774
2025-04-29 22:08:42,0,level_complete,7151,1,91188,0,805138,1465642,40,979898
2025-04-29 22:08:42,0,level_complete,7152,1,91195,0,805257,1465763,35,980041
2025-04-29 22:08:43,0,level_complete,7153,1,91196,0,805284,1465797,31,980072
2025-04-29 22:08:43,0,level_complete,7154,1,91198,0,805337,1465882,39,980137
2025-04-29 22:08:43,0,level_complete,7155,1,91200,0,805365,1465913,30,980168
2025-04-29 22:08:44,0,level_complete,7156,1,91206,0,805467,1466031,29,980293
2025-04-29 22:08:45,0,level_complete,7157,1,91217,0,805602,1466190,31,980459
2025-04-29 22:08:46,0,level_complete,7158,1,91219,0,805630,1466221,29,980489
2025-04-29 22:08:46,0,level_complete,7159,1,91225,0,805718,1466341,43,980608
2025-04-29 22:08:47,0,level_complete,7160,1,91226,0,805745,1466376,30,980638
2025-04-29 22:08:47,0,level_complete,7161,1,91228,0,805795,1466431,31,980701
2025-04-29 22:08:47,0,level_complete,7162,1,91229,0,805822,1466479,34,980735
2025-04-29 22:08:48,0,level_complete,7163,1,91232,0,805875,1466555,39,980805
2025-04-29 22:08:48,0,level_complete,7164,1,91233,0,805902,1466581,37,980842
2025-04-29 22:08:48,0,level_complete,7165,1,91235,0,805940,1466621,33,980887
2025-04-29 22:08:48,0,level_complete,7166,1,91236,0,805967,1466653,37,980924
2025-04-29 22:08:50,0,level_complete,7167,1,91252,0,806161,1466895,29,981156
2025-04-29 22:08:50,0,level_complete,7168,1,91253,0,806188,1466944,28,981184
2025-04-29 22:08:51,0,level_complete,7169,1,91254,0,806215,1466984,28,981212
2025-04-29 22:08:51,0,level_complete,7170,1,91255,0,806242,1467012,32,981244
2025-04-29 22:08:51,0,level_complete,7171,1,91257,0,806287,1467070,32,981296
2025-04-29 22:08:52,0,level_complete,7172,1,91260,0,806348,1467142,35,981368
2025-04-29 22:08:52,0,level_complete,7173,1,91261,0,806375,1467183,30,981398
2025-04-29 22:08:52,0,level_complete,7174,1,91264,0,806421,1467242,44,981468
2025-04-29 22:08:53,0,level_complete,7175,1,91265,0,806448,1467272,32,981500
2025-04-29 22:08:53,0,level_complete,7176,1,91266,0,806475,1467303,33,981533
2025-04-29 22:08:53,0,level_complete,7177,1,91267,0,806502,1467331,35,981568
2025-04-29 22:08:53,0,level_complete,7178,1,91269,0,806545,1467409,37,981623
2025-04-29 22:08:54,0,level_complete,7179,1,91272,0,806621,1467503,32,981715
2025-04-29 22:08:54,0,level_complete,7180,1,91273,0,806648,1467543,33,981748
2025-04-29 22:08:55,0,level_complete,7181,1,91274,0,806675,1467587,29,981777
2025-04-29 22:08:55,0,level_complete,7182,1,91276,0,806728,1467652,32,981841
2025-04-29 22:08:55,0,level_complete,7183,1,91277,0,806755,1467722,31,981872
2025-04-29 22:08:56,0,level_complete,7184,1,91278,0,806782,1467752,33,981905
2025-04-29 22:08:56,0,level_complete,7185,1,91281,0,806843,1467826,35,981987
2025-04-29 22:08:56,0,level_complete,7186,1,91282,0,806870,1467861,31,982018
2025-04-29 22:08:57,0,level_complete,7187,1,91283,0,806897,1467895,33,982051
2025-04-29 22:08:57,0,level_complete,7188,1,91286,0,806961,1467955,37,982137
2025-04-29 22:08:57,0,level_complete,7189,1,91288,0,807000,1467997,32,982182
2025-04-29 22:08:58,0,level_complete,7190,1,91293,0,807108,1468110,29,982323
2025-04-29 22:08:59,0,level_complete,7191,1,91297,0,807174,1468181,31,982401
2025-04-29 22:08:59,0,level_complete,7192,1,91301,0,807239,1468262,33,982490
2025-04-29 22:08:59,0,level_complete,7193,1,91302,0,807266,1468300,30,982520
2025-04-29 22:09:00,0,level_complete,7194,1,91304,0,807299,1468366,31,982557
2025-04-29 22:09:00,0,level_complete,7195,1,91305,0,807326,1468414,28,982585
2025-04-29 22:09:00,0,level_complete,7196,1,91307,0,807358,1468442,39,982629
2025-04-29 22:09:01,0,level_complete,7197,1,91308,0,807385,1468484,30,982659
2025-04-29 22:09:01,0,level_complete,7198,1,91309,0,807412,1468510,29,982688
2025-04-29 22:09:01,0,level_complete,7199,1,91312,0,807466,1468596,32,982753
2025-04-29 22:09:03,0,level_complete,7200,1,91320,0,807618,1468801,37,982943
2025-04-29 22:09:03,0,level_complete,7201,1,91321,0,807645,1468831,35,982978
2025-04-29 22:09:03,0,level_complete,7202,1,91322,0,807672,1468863,39,983017
2025-04-29 22:09:03,0,level_complete,7203,1,91323,0,807699,1468905,31,983048
2025-04-29 22:09:04,0,level_complete,7204,1,91327,0,807768,1468986,32,983132
2025-04-29 22:09:04,0,level_complete,7205,1,91329,0,807804,1469033,31,983173
2025-04-29 22:09:04,0,level_complete,7206,1,91331,0,807844,1469074,27,983214
2025-04-29 22:09:05,0,level_complete,7207,1,91333,0,807894,1469144,34,983277
2025-04-29 22:09:06,0,level_complete,7208,1,91341,0,807990,1469265,36,983396
2025-04-29 22:09:07,0,level_complete,7209,1,91346,0,808090,1469410,32,983522
2025-04-29 22:09:07,0,level_complete,7210,1,91349,0,808148,1469481,32,983589
2025-04-29 22:09:07,0,level_complete,7211,1,91350,0,808175,1469523,30,983619
2025-04-29 22:09:08,0,level_complete,7212,1,91352,0,808206,1469566,30,983653
2025-04-29 22:09:08,0,level_complete,7213,1,91354,0,808247,1469628,40,983710
2025-04-29 22:09:08,0,level_complete,7214,1,91355,0,808274,1469664,32,983742
2025-04-29 22:09:09,0,level_complete,7215,1,91358,0,808325,1469712,32,983807
2025-04-29 22:09:09,0,level_complete,7216,1,91359,0,808352,1469742,30,983837
2025-04-29 22:09:10,0,level_complete,7217,1,91363,0,808421,1469856,33,983926
2025-04-29 22:09:10,0,level_complete,7218,1,91365,0,808470,1469913,28,983987
2025-04-29 22:09:11,0,level_complete,7219,1,91370,0,808541,1469998,40,984075
2025-04-29 22:09:12,0,level_complete,7220,1,91378,0,808679,1470149,32,984241
2025-04-29 22:09:13,0,level_complete,7221,1,91390,0,808805,1470289,37,984403
2025-04-29 22:09:13,0,level_complete,7222,1,91393,0,808865,1470346,34,984480
2025-04-29 22:09:13,0,level_complete,7223,1,91395,0,808909,1470411,30,984533
2025-04-29 22:09:14,0,level_complete,7224,1,91401,0,809009,1470511,31,984656
2025-04-29 22:09:15,0,level_complete,7225,1,91405,0,809077,1470587,34,984741
2025-04-29 22:09:15,0,level_complete,7226,1,91416,0,809160,1470673,30,984841
2025-04-29 22:09:16,0,level_complete,7227,1,91421,0,809237,1470761,30,984926
2025-04-29 22:09:16,0,level_complete,7228,1,91422,0,809264,1470788,30,984956
2025-04-29 22:09:17,0,level_complete,7229,1,91426,0,809331,1470933,32,985039
2025-04-29 22:09:18,0,level_complete,7230,1,91432,0,809404,1471040,32,985125
2025-04-29 22:09:18,0,level_complete,7231,1,91438,0,809494,1471160,32,985237
2025-04-29 22:09:19,0,level_complete,7232,1,91447,0,809595,1471297,29,985352
2025-04-29 22:09:20,0,level_complete,7233,1,91448,0,809622,1471347,33,985385
2025-04-29 22:09:20,0,level_complete,7234,1,91449,0,809649,1471384,34,985419
2025-04-29 22:09:20,0,level_complete,7235,1,91450,0,809676,1471423,31,985450
2025-04-29 22:09:21,0,level_complete,7236,1,91453,0,809736,1471511,28,985525
2025-04-29 22:09:21,0,level_complete,7237,1,91455,0,809776,1471585,34,985573
2025-04-29 22:09:22,0,level_complete,7238,1,91460,0,809847,1471676,29,985657
2025-04-29 22:09:23,0,level_complete,7239,1,91464,0,809933,1471802,29,985754
2025-04-29 22:09:23,0,level_complete,7240,1,91465,0,809960,1471846,33,985787
2025-04-29 22:09:23,0,level_complete,7241,1,91466,0,809987,1471890,29,985816
2025-04-29 22:09:24,0,level_complete,7242,1,91471,0,810050,1471971,29,985890
2025-04-29 22:09:25,0,level_complete,7243,1,91482,0,810181,1472105,34,986039
2025-04-29 22:09:25,0,level_complete,7244,1,91485,0,810254,1472196,29,986146
2025-04-29 22:09:27,0,training_run_ep 91500,-,1,91501,0,810455,1472430,0,986407
2025-04-29 22:09:28,0,level_complete,7245,1,91504,0,810506,1472508,31,986468
2025-04-29 22:09:28,0,level_complete,7246,1,91506,0,810539,1472554,34,986508
2025-04-29 22:09:29,0,level_complete,7247,1,91512,0,810632,1472667,31,986615
2025-04-29 22:09:30,0,level_complete,7248,1,91521,0,810779,1472819,33,986790
2025-04-29 22:09:31,0,level_complete,7249,1,91528,0,810881,1473021,38,986913
2025-04-29 22:09:32,0,level_complete,7250,1,91530,0,810908,1473053,31,986944
2025-04-29 22:09:32,0,level_complete,7251,1,91531,0,810935,1473088,32,986976
2025-04-29 22:09:32,0,level_complete,7252,1,91532,0,810962,1473127,34,987010
2025-04-29 22:09:32,0,level_complete,7253,1,91533,0,810989,1473165,40,987050
2025-04-29 22:09:33,0,level_complete,7254,1,91534,0,811016,1473199,29,987079
2025-04-29 22:09:33,0,level_complete,7255,1,91535,0,811043,1473243,28,987107
2025-04-29 22:09:35,0,level_complete,7256,1,91556,0,811346,1473627,31,987494
2025-04-29 22:09:36,0,level_complete,7257,1,91560,0,811421,1473731,35,987592
2025-04-29 22:09:36,0,level_complete,7258,1,91562,0,811471,1473780,33,987653
2025-04-29 22:09:37,0,level_complete,7259,1,91564,0,811524,1473860,37,987723
2025-04-29 22:09:37,0,level_complete,7260,1,91566,0,811570,1473909,28,987774
2025-04-29 22:09:38,0,level_complete,7261,1,91568,0,811609,1473952,28,987815
2025-04-29 22:09:38,0,level_complete,7262,1,91570,0,811644,1473982,37,987861
2025-04-29 22:09:39,0,level_complete,7263,1,91582,0,811847,1474216,35,988119
2025-04-29 22:09:40,0,level_complete,7264,1,91584,0,811884,1474284,30,988162
2025-04-29 22:09:40,0,level_complete,7265,1,91586,0,811923,1474338,36,988210
2025-04-29 22:09:40,0,level_complete,7266,1,91588,0,811958,1474376,33,988252
2025-04-29 22:09:41,0,level_complete,7267,1,91590,0,812010,1474438,31,988312
2025-04-29 22:09:41,0,level_complete,7268,1,91591,0,812037,1474473,31,988343
2025-04-29 22:09:42,0,level_complete,7269,1,91601,0,812196,1474698,38,988546
2025-04-29 22:09:44,0,level_complete,7270,1,91606,0,812293,1474936,33,988675
2025-04-29 22:09:45,0,level_complete,7271,1,91612,0,812393,1475037,34,988795
2025-04-29 22:09:45,0,level_complete,7272,1,91613,0,812420,1475067,31,988826
2025-04-29 22:09:45,0,level_complete,7273,1,91617,0,812468,1475156,30,988878
2025-04-29 22:09:46,0,level_complete,7274,1,91624,0,812521,1475229,30,988936
2025-04-29 22:09:46,0,level_complete,7275,1,91628,0,812571,1475284,33,988997
2025-04-29 22:09:47,0,level_complete,7276,1,91631,0,812611,1475360,36,989048
2025-04-29 22:09:47,0,level_complete,7277,1,91634,0,812665,1475436,36,989113
2025-04-29 22:09:48,0,level_complete,7278,1,91645,0,812781,1475559,35,989262
2025-04-29 22:09:51,0,level_complete,7279,1,91673,0,813116,1475996,33,989656
2025-04-29 22:09:52,0,level_complete,7280,1,91676,0,813172,1476126,28,989718
2025-04-29 22:09:53,0,level_complete,7281,1,91687,0,813331,1476299,35,989917
2025-04-29 22:09:56,0,level_complete,7282,1,91721,0,813737,1476762,31,990410
2025-04-29 22:10:00,0,level_complete,7283,1,91775,0,814195,1477322,38,990953
2025-04-29 22:10:04,0,level_complete,7284,1,91823,0,814738,1477855,39,991645
2025-04-29 22:10:04,0,level_complete,7285,1,91826,0,814784,1477928,33,991699
2025-04-29 22:10:04,0,level_complete,7286,1,91827,0,814811,1477963,33,991732
2025-04-29 22:10:05,0,level_complete,7287,1,91836,0,814950,1478110,34,991903
2025-04-29 22:10:06,0,level_complete,7288,1,91842,0,815038,1478189,39,992023
2025-04-29 22:10:07,0,level_complete,7289,1,91850,0,815127,1478275,32,992131
2025-04-29 22:10:07,0,level_complete,7290,1,91855,0,815194,1478358,31,992206
2025-04-29 22:10:11,0,level_complete,7291,1,91902,0,815744,1478984,33,992882
2025-04-29 22:10:13,0,level_complete,7292,1,91916,0,815907,1479220,32,993072
2025-04-29 22:10:13,0,level_complete,7293,1,91918,0,815934,1479248,33,993105
2025-04-29 22:10:14,0,level_complete,7294,1,91929,0,816063,1479394,30,993249
2025-04-29 22:10:17,0,level_complete,7295,1,91970,0,816509,1479869,45,993790
2025-04-29 22:10:19,0,level_complete,7296,1,91996,0,816703,1480069,33,994031
2025-04-29 22:10:20,0,training_run_ep 92000,-,1,92001,0,816754,1480119,0,994086
2025-04-29 22:10:21,0,level_complete,7297,1,92022,0,816891,1480251,33,994251
2025-04-29 22:10:23,0,level_complete,7298,1,92055,0,817130,1480496,31,994556
2025-04-29 22:10:24,0,level_complete,7299,1,92071,0,817335,1480728,31,994808
2025-04-29 22:10:26,0,level_complete,7300,1,92086,0,817499,1481047,29,995003
2025-04-29 22:10:29,0,level_complete,7301,1,92113,0,817719,1481511,30,995262
2025-04-29 22:10:30,0,level_complete,7302,1,92126,0,817801,1481594,36,995363
2025-04-29 22:10:35,0,level_complete,7303,1,92214,0,818404,1482262,36,996104
2025-04-29 22:10:37,0,level_complete,7304,1,92239,0,818657,1482528,35,996417
2025-04-29 22:10:37,0,level_complete,7305,1,92242,0,818722,1482656,29,996489
2025-04-29 22:10:38,0,level_complete,7306,1,92248,0,818777,1482703,34,996556
2025-04-29 22:11:00,0,level_complete,7307,1,92314,0,819386,1486001,28,997300
2025-04-29 22:11:02,0,level_complete,7308,1,92344,0,819649,1486282,31,997609
2025-04-29 22:11:04,0,level_complete,7309,1,92369,0,819868,1486523,31,997856
2025-04-29 22:11:07,0,level_complete,7310,1,92398,0,820281,1486946,31,998361
2025-04-29 22:11:10,0,level_complete,7311,1,92432,0,820671,1487393,34,998837
2025-04-29 22:11:11,0,level_complete,7312,1,92448,0,820907,1487651,30,999115
2025-04-29 22:11:13,0,level_complete,7313,1,92465,0,821123,1487916,30,999365
2025-04-29 22:11:14,0,level_complete,7314,1,92472,0,821208,1488007,33,999467
2025-04-29 22:11:17,0,training_run_ep 92500,-,1,92501,0,821485,1488332,0,999803
2025-04-29 22:11:19,0,level_complete,7315,1,92539,0,821817,1488670,30,1000208
2025-04-29 22:11:22,0,level_complete,7316,1,92583,0,822161,1489048,35,1000632
2025-04-29 22:11:23,0,level_complete,7317,1,92596,0,822334,1489275,31,1000839
2025-04-29 22:11:26,0,level_complete,7318,1,92636,0,822738,1489759,32,1001318
2025-04-29 22:11:29,0,level_complete,7319,1,92664,0,823070,1490130,28,1001704
2025-04-29 22:11:31,0,level_complete,7320,1,92689,0,823341,1490406,32,1002029
2025-04-29 22:11:33,0,level_complete,7321,1,92711,0,823632,1490709,28,1002368
2025-04-29 22:11:33,0,level_complete,7322,1,92713,0,823684,1490776,30,1002429
2025-04-29 22:11:35,0,level_complete,7323,1,92736,0,823930,1491090,38,1002725
2025-04-29 22:12:34,0,level_complete,7324,1,92756,0,824189,1500218,32,1003032
2025-04-29 22:12:34,0,level_complete,7325,1,92760,0,824263,1500301,31,1003124
2025-04-29 22:12:35,0,level_complete,7326,1,92764,0,824328,1500380,37,1003206
2025-04-29 22:12:35,0,level_complete,7327,1,92770,0,824420,1500477,31,1003314
2025-04-29 22:12:35,0,level_complete,7328,1,92771,0,824447,1500505,34,1003348
2025-04-29 22:12:36,0,level_complete,7329,1,92780,0,824509,1500566,29,1003415
2025-04-29 22:12:36,0,level_complete,7330,1,92781,0,824536,1500608,30,1003445
2025-04-29 22:12:37,0,level_complete,7331,1,92783,0,824583,1500677,30,1003496
2025-04-29 22:12:38,0,level_complete,7332,1,92798,0,824746,1500868,37,1003713
2025-04-29 22:12:38,0,level_complete,7333,1,92800,0,824775,1500919,34,1003749
2025-04-29 22:12:40,0,level_complete,7334,1,92817,0,824993,1501192,29,1004013
2025-04-29 22:12:41,0,level_complete,7335,1,92829,0,825121,1501332,28,1004157
2025-04-29 22:12:42,0,level_complete,7336,1,92842,0,825260,1501490,32,1004337
2025-04-29 22:12:42,0,level_complete,7337,1,92843,0,825287,1501526,32,1004369
2025-04-29 22:12:43,0,level_complete,7338,1,92851,0,825378,1501618,33,1004482
2025-04-29 22:12:43,0,level_complete,7339,1,92853,0,825406,1501651,38,1004521
2025-04-29 22:12:44,0,level_complete,7340,1,92862,0,825553,1501846,28,1004699
2025-04-29 22:12:45,0,level_complete,7341,1,92864,0,825601,1501903,36,1004765
2025-04-29 22:12:57,0,level_complete,7342,1,92902,0,825976,1503722,31,1005238
2025-04-29 22:12:58,0,level_complete,7343,1,92908,0,826043,1503819,29,1005310
2025-04-29 22:12:59,0,level_complete,7344,1,92911,0,826086,1503878,30,1005358
2025-04-29 22:12:59,0,level_complete,7345,1,92917,0,826216,1504013,34,1005536
2025-04-29 22:13:00,0,level_complete,7346,1,92919,0,826248,1504055,29,1005571
2025-04-29 22:13:00,0,level_complete,7347,1,92920,0,826275,1504092,32,1005603
2025-04-29 22:13:00,0,level_complete,7348,1,92921,0,826302,1504129,34,1005637
2025-04-29 22:13:00,0,level_complete,7349,1,92922,0,826329,1504163,29,1005666
2025-04-29 22:13:01,0,level_complete,7350,1,92926,0,826379,1504218,30,1005725
2025-04-29 22:13:02,0,level_complete,7351,1,92932,0,826479,1504338,30,1005846
2025-04-29 22:13:02,0,level_complete,7352,1,92934,0,826525,1504385,28,1005901
2025-04-29 22:13:04,0,level_complete,7353,1,92949,0,826702,1504632,34,1006132
2025-04-29 22:13:04,0,level_complete,7354,1,92952,0,826757,1504700,39,1006205
2025-04-29 22:13:04,0,level_complete,7355,1,92954,0,826793,1504734,35,1006249
2025-04-29 22:13:05,0,level_complete,7356,1,92962,0,826941,1504904,31,1006423
2025-04-29 22:13:06,0,level_complete,7357,1,92966,0,827006,1504978,34,1006505
2025-04-29 22:13:07,0,level_complete,7358,1,92981,0,827158,1505118,38,1006696
2025-04-29 22:13:07,0,level_complete,7359,1,92982,0,827185,1505152,40,1006736
2025-04-29 22:13:07,0,level_complete,7360,1,92983,0,827212,1505179,36,1006772
2025-04-29 22:13:08,0,level_complete,7361,1,92984,0,827239,1505230,29,1006801
2025-04-29 22:13:08,0,level_complete,7362,1,92989,0,827353,1505363,33,1006933
2025-04-29 22:13:09,0,level_complete,7363,1,92990,0,827380,1505403,29,1006962
2025-04-29 22:13:10,0,training_run_ep 93000,-,1,93001,0,827530,1505547,0,1007148
2025-04-29 22:13:10,0,level_complete,7364,1,93004,0,827558,1505581,45,1007194
2025-04-29 22:13:11,0,level_complete,7365,1,93008,0,827634,1505667,32,1007285
2025-04-29 22:13:12,0,level_complete,7366,1,93012,0,827714,1505770,36,1007385
2025-04-29 22:13:12,0,level_complete,7367,1,93019,0,827772,1505824,38,1007458
2025-04-29 22:13:12,0,level_complete,7368,1,93020,0,827799,1505864,30,1007488
2025-04-29 22:13:13,0,level_complete,7369,1,93024,0,827833,1505898,35,1007530
2025-04-29 22:13:13,0,level_complete,7370,1,93027,0,827882,1505953,33,1007589
2025-04-29 22:13:13,0,level_complete,7371,1,93029,0,827909,1505980,40,1007629
2025-04-29 22:13:14,0,level_complete,7372,1,93034,0,827990,1506073,31,1007730
2025-04-29 22:13:15,0,level_complete,7373,1,93044,0,828125,1506253,49,1007906
2025-04-29 22:13:15,0,level_complete,7374,1,93046,0,828177,1506318,33,1007966
2025-04-29 22:13:17,0,level_complete,7375,1,93060,0,828361,1506498,34,1008207
2025-04-29 22:13:17,0,level_complete,7376,1,93061,0,828388,1506560,29,1008236
2025-04-29 22:13:17,0,level_complete,7377,1,93062,0,828415,1506594,33,1008269
2025-04-29 22:13:18,0,level_complete,7378,1,93064,0,828460,1506651,31,1008319
2025-04-29 22:13:18,0,level_complete,7379,1,93065,0,828487,1506682,32,1008351
2025-04-29 22:13:18,0,level_complete,7380,1,93066,0,828514,1506711,27,1008378
2025-04-29 22:13:19,0,level_complete,7381,1,93068,0,828564,1506785,37,1008445
2025-04-29 22:13:19,0,level_complete,7382,1,93071,0,828621,1506849,28,1008508
2025-04-29 22:13:19,0,level_complete,7383,1,93074,0,828684,1506921,36,1008593
2025-04-29 22:13:20,0,level_complete,7384,1,93080,0,828770,1507004,35,1008711
2025-04-29 22:13:21,0,level_complete,7385,1,93082,0,828822,1507107,31,1008769
2025-04-29 22:13:21,0,level_complete,7386,1,93083,0,828849,1507154,30,1008799
2025-04-29 22:13:21,0,level_complete,7387,1,93084,0,828876,1507209,32,1008831
2025-04-29 22:13:22,0,level_complete,7388,1,93085,0,828903,1507238,52,1008883
2025-04-29 22:13:23,0,level_complete,7389,1,93090,0,828972,1507505,41,1008972
2025-04-29 22:13:24,0,level_complete,7390,1,93091,0,828999,1507549,32,1009004
2025-04-29 22:13:24,0,level_complete,7391,1,93092,0,829026,1507584,35,1009039
2025-04-29 22:13:24,0,level_complete,7392,1,93094,0,829071,1507632,33,1009102
2025-04-29 22:13:24,0,level_complete,7393,1,93095,0,829098,1507660,38,1009140
2025-04-29 22:13:25,0,level_complete,7394,1,93097,0,829151,1507719,37,1009213
2025-04-29 22:13:25,0,level_complete,7395,1,93098,0,829178,1507778,31,1009244
2025-04-29 22:13:25,0,level_complete,7396,1,93100,0,829205,1507811,33,1009277
2025-04-29 22:13:26,0,level_complete,7397,1,93102,0,829252,1507873,35,1009338
2025-04-29 22:13:26,0,level_complete,7398,1,93104,0,829279,1507910,38,1009376
2025-04-29 22:13:27,0,level_complete,7399,1,93107,0,829345,1508012,35,1009476
2025-04-29 22:13:27,0,level_complete,7400,1,93111,0,829396,1508068,28,1009534
2025-04-29 22:13:27,0,level_complete,7401,1,93113,0,829425,1508108,29,1009565
2025-04-29 22:13:28,0,level_complete,7402,1,93116,0,829492,1508202,29,1009637
2025-04-29 22:13:28,0,level_complete,7403,1,93118,0,829520,1508234,31,1009669
2025-04-29 22:13:29,0,level_complete,7404,1,93123,0,829600,1508380,28,1009758
2025-04-29 22:13:29,0,level_complete,7405,1,93124,0,829627,1508410,29,1009787
2025-04-29 22:13:30,0,level_complete,7406,1,93126,0,829660,1508462,34,1009827
2025-04-29 22:13:30,0,level_complete,7407,1,93128,0,829713,1508538,30,1009887
2025-04-29 22:13:31,0,level_complete,7408,1,93137,0,829815,1508652,46,1010018
2025-04-29 22:13:33,0,level_complete,7409,1,93152,0,830019,1508896,33,1010275
2025-04-29 22:13:33,0,level_complete,7410,1,93153,0,830046,1508947,36,1010311
2025-04-29 22:13:35,0,level_complete,7411,1,93165,0,830171,1509212,30,1010452
2025-04-29 22:13:35,0,level_complete,7412,1,93167,0,830214,1509262,31,1010502
2025-04-29 22:13:36,0,level_complete,7413,1,93170,0,830275,1509331,34,1010574
2025-04-29 22:13:41,0,level_complete,7414,1,93181,0,830415,1510100,33,1010747
2025-04-29 22:13:41,0,level_complete,7415,1,93182,0,830442,1510128,39,1010786
2025-04-29 22:13:41,0,level_complete,7416,1,93184,0,830485,1510183,33,1010840
2025-04-29 22:13:42,0,level_complete,7417,1,93189,0,830532,1510243,33,1010896
2025-04-29 22:13:43,0,level_complete,7418,1,93199,0,830670,1510406,28,1011057
2025-04-29 22:13:45,0,level_complete,7419,1,93216,0,830898,1510678,44,1011340
2025-04-29 22:13:46,0,level_complete,7420,1,93235,0,831098,1510919,29,1011569
2025-04-29 22:13:49,0,level_complete,7421,1,93259,0,831377,1511355,34,1011906
2025-04-29 22:13:50,0,level_complete,7422,1,93274,0,831528,1511520,38,1012085
2025-04-29 22:13:51,0,level_complete,7423,1,93275,0,831555,1511554,30,1012115
2025-04-29 22:13:51,0,level_complete,7424,1,93278,0,831616,1511617,30,1012190
2025-04-29 22:13:52,0,level_complete,7425,1,93281,0,831668,1511674,30,1012263
2025-04-29 22:13:52,0,level_complete,7426,1,93283,0,831719,1511801,32,1012320
2025-04-29 22:13:53,0,level_complete,7427,1,93285,0,831754,1511839,34,1012362
2025-04-29 22:13:53,0,level_complete,7428,1,93286,0,831781,1511876,33,1012395
2025-04-29 22:13:54,0,level_complete,7429,1,93290,0,831860,1511970,28,1012484
2025-04-29 22:13:54,0,level_complete,7430,1,93291,0,831887,1512006,36,1012520
2025-04-29 22:13:54,0,level_complete,7431,1,93292,0,831914,1512042,31,1012551
2025-04-29 22:13:54,0,level_complete,7432,1,93293,0,831941,1512091,29,1012580
2025-04-29 22:13:54,0,level_complete,7433,1,93294,0,831968,1512113,35,1012615
2025-04-29 22:13:56,0,level_complete,7434,1,93304,0,832124,1512308,30,1012806
2025-04-29 22:13:56,0,level_complete,7435,1,93305,0,832151,1512334,37,1012843
2025-04-29 22:13:57,0,level_complete,7436,1,93314,0,832262,1512470,30,1012973
2025-04-29 22:13:58,0,level_complete,7437,1,93323,0,832394,1512643,29,1013132
2025-04-29 22:13:59,0,level_complete,7438,1,93331,0,832496,1512754,30,1013244
2025-04-29 22:13:59,0,level_complete,7439,1,93332,0,832523,1512807,33,1013277
2025-04-29 22:13:59,0,level_complete,7440,1,93333,0,832550,1512838,34,1013311
2025-04-29 22:13:59,0,level_complete,7441,1,93334,0,832577,1512866,31,1013342
2025-04-29 22:14:00,0,level_complete,7442,1,93336,0,832628,1512931,30,1013404
2025-04-29 22:14:00,0,level_complete,7443,1,93337,0,832655,1512966,31,1013435
2025-04-29 22:14:00,0,level_complete,7444,1,93338,0,832682,1512998,33,1013468
2025-04-29 22:14:01,0,level_complete,7445,1,93339,0,832709,1513040,38,1013506
2025-04-29 22:14:01,0,level_complete,7446,1,93340,0,832736,1513075,31,1013537
2025-04-29 22:14:02,0,level_complete,7447,1,93344,0,832824,1513186,30,1013638
2025-04-29 22:14:02,0,level_complete,7448,1,93347,0,832885,1513275,31,1013710
2025-04-29 22:14:03,0,level_complete,7449,1,93351,0,832968,1513385,31,1013816
2025-04-29 22:14:03,0,level_complete,7450,1,93353,0,833019,1513443,36,1013879
2025-04-29 22:14:04,0,level_complete,7451,1,93360,0,833152,1513610,31,1014035
2025-04-29 22:14:05,0,level_complete,7452,1,93365,0,833210,1513680,32,1014120
2025-04-29 22:14:05,0,level_complete,7453,1,93366,0,833237,1513721,31,1014151
2025-04-29 22:14:06,0,level_complete,7454,1,93370,0,833281,1513842,30,1014199
2025-04-29 22:14:07,0,level_complete,7455,1,93381,0,833405,1514006,29,1014351
2025-04-29 22:14:07,0,level_complete,7456,1,93382,0,833432,1514033,33,1014384
2025-04-29 22:14:09,0,level_complete,7457,1,93408,0,833711,1514316,40,1014732
2025-04-29 22:14:09,0,level_complete,7458,1,93410,0,833743,1514353,30,1014767
2025-04-29 22:14:10,0,level_complete,7459,1,93414,0,833794,1514403,30,1014843
2025-04-29 22:14:10,0,level_complete,7460,1,93416,0,833832,1514444,30,1014884
2025-04-29 22:14:12,0,level_complete,7461,1,93421,0,833918,1514738,28,1014982
2025-04-29 22:14:12,0,level_complete,7462,1,93425,0,833957,1514789,29,1015024
2025-04-29 22:14:13,0,level_complete,7463,1,93428,0,834022,1514863,33,1015104
2025-04-29 22:14:18,0,training_run_ep 93500,-,1,93501,0,834772,1515610,0,1016028
2025-04-29 22:14:19,0,level_complete,7464,1,93507,0,834837,1515683,29,1016109
2025-04-29 22:14:19,0,level_complete,7465,1,93508,0,834864,1515733,31,1016140
2025-04-29 22:14:20,0,level_complete,7466,1,93511,0,834926,1515801,29,1016219
2025-04-29 22:14:20,0,level_complete,7467,1,93514,0,834984,1515871,28,1016286
2025-04-29 22:14:21,0,level_complete,7468,1,93519,0,835092,1515993,31,1016418
2025-04-29 22:14:21,0,level_complete,7469,1,93520,0,835119,1516022,34,1016452
2025-04-29 22:14:23,0,level_complete,7470,1,93529,0,835252,1516217,30,1016605
2025-04-29 22:14:25,0,level_complete,7471,1,93558,0,835578,1516550,35,1016985
2025-04-29 22:14:28,0,level_complete,7472,1,93592,0,835928,1516938,34,1017411
2025-04-29 22:14:28,0,level_complete,7473,1,93596,0,836009,1517042,29,1017505
2025-04-29 22:14:29,0,level_complete,7474,1,93604,0,836098,1517153,35,1017613
2025-04-29 22:14:30,0,level_complete,7475,1,93606,0,836151,1517243,31,1017675
2025-04-29 22:14:30,0,level_complete,7476,1,93610,0,836240,1517358,35,1017812
2025-04-29 22:14:31,0,level_complete,7477,1,93624,0,836340,1517474,31,1017925
2025-04-29 22:14:32,0,level_complete,7478,1,93635,0,836448,1517587,29,1018055
2025-04-29 22:14:33,0,level_complete,7479,1,93652,0,836598,1517779,37,1018230
2025-04-29 22:14:34,0,level_complete,7480,1,93657,0,836674,1517872,32,1018328
2025-04-29 22:14:35,0,level_complete,7481,1,93661,0,836732,1517949,36,1018399
2025-04-29 22:14:35,0,level_complete,7482,1,93662,0,836759,1517977,46,1018445
2025-04-29 22:14:35,0,level_complete,7483,1,93666,0,836820,1518038,39,1018524
2025-04-29 22:14:36,0,level_complete,7484,1,93667,0,836847,1518091,30,1018554
2025-04-29 22:14:36,0,level_complete,7485,1,93670,0,836911,1518168,28,1018625
2025-04-29 22:14:36,0,level_complete,7486,1,93672,0,836957,1518212,34,1018680
2025-04-29 22:14:37,0,level_complete,7487,1,93674,0,836984,1518252,30,1018710
2025-04-29 22:14:37,0,level_complete,7488,1,93675,0,837011,1518298,33,1018743
2025-04-29 22:14:37,0,level_complete,7489,1,93676,0,837038,1518334,30,1018773
2025-04-29 22:14:38,0,level_complete,7490,1,93682,0,837151,1518455,29,1018914
2025-04-29 22:14:39,0,level_complete,7491,1,93695,0,837329,1518647,33,1019149
2025-04-29 22:14:40,0,level_complete,7492,1,93707,0,837469,1518772,32,1019323
2025-04-29 22:14:40,0,level_complete,7493,1,93708,0,837496,1518825,31,1019354
2025-04-29 22:14:41,0,level_complete,7494,1,93709,0,837523,1518875,33,1019387
2025-04-29 22:14:42,0,level_complete,7495,1,93726,0,837727,1519089,38,1019637
2025-04-29 22:14:43,0,level_complete,7496,1,93738,0,837830,1519185,32,1019764
2025-04-29 22:14:43,0,level_complete,7497,1,93742,0,837870,1519223,51,1019829
2025-04-29 22:14:44,0,level_complete,7498,1,93746,0,837918,1519268,31,1019892
2025-04-29 22:14:45,0,level_complete,7499,1,93757,0,838101,1519476,34,1020111
2025-04-29 22:14:48,0,level_complete,7500,1,93789,0,838495,1519979,34,1020622
2025-04-29 22:14:49,0,level_complete,7501,1,93790,0,838522,1520055,27,1020649
2025-04-29 22:14:49,0,level_complete,7502,1,93793,0,838558,1520101,35,1020693
2025-04-29 22:14:50,0,level_complete,7503,1,93821,0,838770,1520294,29,1020963
2025-04-29 22:14:52,0,level_complete,7504,1,93847,0,839037,1520574,30,1021294
2025-04-29 22:14:53,0,level_complete,7505,1,93850,0,839111,1520685,30,1021384
2025-04-29 22:14:53,0,level_complete,7506,1,93852,0,839156,1520737,32,1021442
2025-04-29 22:14:55,0,level_complete,7507,1,93863,0,839327,1521028,31,1021640
2025-04-29 22:14:56,0,level_complete,7508,1,93868,0,839416,1521122,32,1021741
2025-04-29 22:14:57,0,level_complete,7509,1,93872,0,839497,1521215,30,1021829
2025-04-29 22:14:57,0,level_complete,7510,1,93876,0,839560,1521301,32,1021909
2025-04-29 22:14:58,0,level_complete,7511,1,93879,0,839609,1521358,33,1021971
2025-04-29 22:14:58,0,level_complete,7512,1,93882,0,839652,1521406,30,1022020
2025-04-29 22:14:58,0,level_complete,7513,1,93883,0,839679,1521440,31,1022051
2025-04-29 22:14:59,0,level_complete,7514,1,93886,0,839730,1521497,32,1022110
2025-04-29 22:14:59,0,level_complete,7515,1,93888,0,839758,1521523,42,1022153
2025-04-29 22:14:59,0,level_complete,7516,1,93891,0,839802,1521572,34,1022205
2025-04-29 22:15:00,0,level_complete,7517,1,93895,0,839902,1521715,29,1022322
2025-04-29 22:15:01,0,level_complete,7518,1,93896,0,839929,1521803,33,1022355
2025-04-29 22:15:01,0,level_complete,7519,1,93898,0,839970,1521843,42,1022412
2025-04-29 22:15:02,0,level_complete,7520,1,93903,0,840057,1521990,31,1022509
2025-04-29 22:15:04,0,level_complete,7521,1,93923,0,840324,1522275,29,1022824
2025-04-29 22:15:05,0,level_complete,7522,1,93936,0,840503,1522475,35,1023039
2025-04-29 22:15:08,0,level_complete,7523,1,93950,0,840754,1522865,39,1023348
2025-04-29 22:15:08,0,level_complete,7524,1,93952,0,840790,1522905,38,1023395
2025-04-29 22:15:08,0,level_complete,7525,1,93954,0,840843,1522969,29,1023455
2025-04-29 22:15:09,0,level_complete,7526,1,93956,0,840873,1523006,30,1023488
2025-04-29 22:15:09,0,level_complete,7527,1,93961,0,840967,1523127,40,1023601
2025-04-29 22:15:10,0,level_complete,7528,1,93971,0,841104,1523277,36,1023778
2025-04-29 22:15:11,0,level_complete,7529,1,93974,0,841150,1523329,32,1023830
2025-04-29 22:15:12,0,level_complete,7530,1,93981,0,841304,1523531,30,1024002
2025-04-29 22:15:13,0,level_complete,7531,1,93990,0,841423,1523654,29,1024159
2025-04-29 22:15:14,0,training_run_ep 94000,-,1,94001,0,841504,1523725,0,1024257
2025-04-29 22:15:17,0,level_complete,7532,1,94036,0,841933,1524154,39,1024799
2025-04-29 22:15:19,0,level_complete,7533,1,94071,0,842225,1524444,28,1025190
2025-04-29 22:15:20,0,level_complete,7534,1,94076,0,842290,1524521,31,1025266
2025-04-29 22:15:20,0,level_complete,7535,1,94085,0,842432,1524647,32,1025442
2025-04-29 22:15:21,0,level_complete,7536,1,94086,0,842459,1524682,29,1025471
2025-04-29 22:15:21,0,level_complete,7537,1,94088,0,842511,1524753,32,1025531
2025-04-29 22:15:21,0,level_complete,7538,1,94089,0,842538,1524793,33,1025564
2025-04-29 22:15:22,0,level_complete,7539,1,94092,0,842603,1524901,32,1025641
2025-04-29 22:15:23,0,level_complete,7540,1,94101,0,842689,1524980,31,1025764
2025-04-29 22:15:23,0,level_complete,7541,1,94103,0,842736,1525061,37,1025840
2025-04-29 22:15:26,0,level_complete,7542,1,94138,0,843100,1525422,31,1026279
2025-04-29 22:15:26,0,level_complete,7543,1,94142,0,843151,1525486,35,1026339
2025-04-29 22:15:27,0,level_complete,7544,1,94149,0,843232,1525582,27,1026438
2025-04-29 22:15:30,0,level_complete,7545,1,94190,0,843678,1526037,34,1026984
2025-04-29 22:15:32,0,level_complete,7546,1,94211,0,843912,1526288,34,1027283
2025-04-29 22:15:33,0,level_complete,7547,1,94224,0,844077,1526476,30,1027486
2025-04-29 22:15:35,0,level_complete,7548,1,94247,0,844338,1526775,30,1027795
2025-04-29 22:15:35,0,level_complete,7549,1,94249,0,844386,1526846,29,1027855
2025-04-29 22:15:36,0,level_complete,7550,1,94252,0,844441,1526910,32,1027925
2025-04-29 22:15:36,0,level_complete,7551,1,94253,0,844468,1526946,30,1027955
2025-04-29 22:15:39,0,level_complete,7552,1,94278,0,844800,1527391,29,1028363
2025-04-29 22:15:41,0,level_complete,7553,1,94299,0,845016,1527710,32,1028621
2025-04-29 22:15:42,0,level_complete,7554,1,94305,0,845100,1527854,33,1028719
2025-04-29 22:15:43,0,level_complete,7555,1,94312,0,845206,1527994,29,1028835
2025-04-29 22:15:44,0,level_complete,7556,1,94317,0,845271,1528080,29,1028907
2025-04-29 22:15:44,0,level_complete,7557,1,94318,0,845298,1528111,42,1028949
2025-04-29 22:15:44,0,level_complete,7558,1,94320,0,845351,1528178,31,1029012
2025-04-29 22:15:45,0,level_complete,7559,1,94325,0,845402,1528245,35,1029074
2025-04-29 22:15:45,0,level_complete,7560,1,94327,0,845447,1528299,38,1029136
2025-04-29 22:15:52,0,level_complete,7561,1,94410,0,846365,1529397,35,1030267
2025-04-29 22:15:53,0,level_complete,7562,1,94418,0,846451,1529493,29,1030366
2025-04-29 22:15:54,0,level_complete,7563,1,94424,0,846532,1529592,36,1030472
2025-04-29 22:15:54,0,level_complete,7564,1,94425,0,846559,1529634,35,1030507
2025-04-29 22:15:55,0,level_complete,7565,1,94431,0,846662,1529750,30,1030624
2025-04-29 22:15:55,0,level_complete,7566,1,94434,0,846702,1529793,35,1030674
2025-04-29 22:15:56,0,level_complete,7567,1,94439,0,846801,1529925,34,1030788
2025-04-29 22:15:56,0,level_complete,7568,1,94442,0,846844,1529969,33,1030839
2025-04-29 22:15:57,0,level_complete,7569,1,94445,0,846891,1530011,37,1030906
2025-04-29 22:15:57,0,level_complete,7570,1,94446,0,846918,1530037,46,1030952
2025-04-29 22:15:58,0,level_complete,7571,1,94455,0,847047,1530184,30,1031105
2025-04-29 22:15:58,0,level_complete,7572,1,94456,0,847074,1530223,33,1031138
2025-04-29 22:15:58,0,level_complete,7573,1,94459,0,847125,1530275,40,1031205
2025-04-29 22:16:04,0,level_complete,7574,1,94462,0,847170,1531010,37,1031265
2025-04-29 22:16:04,0,level_complete,7575,1,94463,0,847197,1531053,32,1031297
2025-04-29 22:16:26,0,level_complete,7576,1,94466,0,847229,1534186,32,1031334
2025-04-29 22:16:26,0,level_complete,7577,1,94468,0,847258,1534222,30,1031366
2025-04-29 22:16:27,0,level_complete,7578,1,94469,0,847285,1534303,31,1031397
2025-04-29 22:16:27,0,level_complete,7579,1,94473,0,847353,1534385,33,1031476
2025-04-29 22:16:27,0,level_complete,7580,1,94476,0,847390,1534428,32,1031518
2025-04-29 22:16:28,0,level_complete,7581,1,94479,0,847449,1534488,42,1031601
2025-04-29 22:16:28,0,level_complete,7582,1,94481,0,847478,1534536,36,1031639
2025-04-29 22:16:28,0,level_complete,7583,1,94482,0,847505,1534577,31,1031670
2025-04-29 22:16:29,0,level_complete,7584,1,94484,0,847541,1534658,30,1031709
2025-04-29 22:16:29,0,level_complete,7585,1,94485,0,847568,1534712,29,1031738
2025-04-29 22:16:30,0,level_complete,7586,1,94488,0,847634,1534792,36,1031822
2025-04-29 22:16:30,0,level_complete,7587,1,94491,0,847679,1534864,31,1031873
2025-04-29 22:16:31,0,level_complete,7588,1,94494,0,847709,1534906,33,1031909
2025-04-29 22:16:31,0,level_complete,7589,1,94496,0,847758,1534999,29,1031968
2025-04-29 22:16:32,0,level_complete,7590,1,94500,0,847828,1535085,32,1032047
2025-04-29 22:16:32,0,training_run_ep 94500,-,1,94501,0,847850,1535113,0,1032075
2025-04-29 22:16:33,0,level_complete,7591,1,94502,0,847877,1535179,31,1032106
2025-04-29 22:16:33,0,level_complete,7592,1,94503,0,847904,1535210,30,1032136
2025-04-29 22:16:33,0,level_complete,7593,1,94505,0,847936,1535257,29,1032170
2025-04-29 22:16:34,0,level_complete,7594,1,94511,0,848040,1535371,34,1032309
2025-04-29 22:16:35,0,level_complete,7595,1,94517,0,848137,1535473,32,1032428
2025-04-29 22:16:35,0,level_complete,7596,1,94518,0,848164,1535505,29,1032457
2025-04-29 22:16:35,0,level_complete,7597,1,94520,0,848204,1535546,32,1032503
2025-04-29 22:16:36,0,level_complete,7598,1,94522,0,848255,1535621,30,1032568
2025-04-29 22:16:36,0,level_complete,7599,1,94526,0,848298,1535658,42,1032628
2025-04-29 22:16:36,0,level_complete,7600,1,94527,0,848325,1535683,39,1032667
2025-04-29 22:16:37,0,level_complete,7601,1,94528,0,848352,1535738,33,1032700
2025-04-29 22:16:37,0,level_complete,7602,1,94533,0,848385,1535779,28,1032734
2025-04-29 22:16:37,0,level_complete,7603,1,94534,0,848412,1535812,36,1032770
2025-04-29 22:16:38,0,level_complete,7604,1,94538,0,848489,1535929,37,1032864
2025-04-29 22:16:38,0,level_complete,7605,1,94539,0,848516,1535957,49,1032913
2025-04-29 22:16:39,0,level_complete,7606,1,94541,0,848568,1536028,37,1032978
2025-04-29 22:16:41,0,level_complete,7607,1,94555,0,848816,1536348,32,1033265
2025-04-29 22:16:41,0,level_complete,7608,1,94562,0,848895,1536446,35,1033364
2025-04-29 22:16:42,0,level_complete,7609,1,94566,0,848967,1536543,38,1033453
2025-04-29 22:16:43,0,level_complete,7610,1,94571,0,849056,1536641,37,1033559
2025-04-29 22:16:43,0,level_complete,7611,1,94573,0,849088,1536694,31,1033595
2025-04-29 22:16:44,0,level_complete,7612,1,94578,0,849163,1536793,29,1033680
2025-04-29 22:16:44,0,level_complete,7613,1,94579,0,849190,1536830,34,1033714
2025-04-29 22:16:45,0,level_complete,7614,1,94594,0,849349,1537002,34,1033905
2025-04-29 22:16:46,0,level_complete,7615,1,94605,0,849449,1537144,33,1034051
2025-04-29 22:16:47,0,level_complete,7616,1,94609,0,849532,1537236,36,1034152
2025-04-29 22:16:47,0,level_complete,7617,1,94612,0,849591,1537304,32,1034226
2025-04-29 22:16:48,0,level_complete,7618,1,94615,0,849660,1537403,29,1034307
2025-04-29 22:16:48,0,level_complete,7619,1,94616,0,849687,1537451,46,1034353
2025-04-29 22:16:48,0,level_complete,7620,1,94617,0,849714,1537503,34,1034387
2025-04-29 22:16:49,0,level_complete,7621,1,94622,0,849784,1537570,34,1034471
2025-04-29 22:16:49,0,level_complete,7622,1,94628,0,849872,1537659,30,1034573
2025-04-29 22:16:51,0,level_complete,7623,1,94641,0,850058,1537885,36,1034797
2025-04-29 22:16:52,0,level_complete,7624,1,94648,0,850157,1537997,35,1034917
2025-04-29 22:16:52,0,level_complete,7625,1,94651,0,850208,1538062,34,1034977
2025-04-29 22:16:54,0,level_complete,7626,1,94663,0,850433,1538342,38,1035252
2025-04-29 22:16:55,0,level_complete,7627,1,94673,0,850592,1538520,35,1035455
2025-04-29 22:16:56,0,level_complete,7628,1,94675,0,850644,1538594,29,1035511
2025-04-29 22:16:56,0,level_complete,7629,1,94678,0,850688,1538649,33,1035566
2025-04-29 22:16:56,0,level_complete,7630,1,94689,0,850766,1538721,32,1035662
2025-04-29 22:16:57,0,level_complete,7631,1,94693,0,850838,1538805,32,1035750
2025-04-29 22:16:57,0,level_complete,7632,1,94696,0,850899,1538880,30,1035817
2025-04-29 22:16:58,0,level_complete,7633,1,94697,0,850926,1538915,41,1035858
2025-04-29 22:16:58,0,level_complete,7634,1,94702,0,850994,1538981,30,1035951
2025-04-29 22:17:00,0,level_complete,7635,1,94715,0,851199,1539225,30,1036189
2025-04-29 22:17:00,0,level_complete,7636,1,94717,0,851235,1539286,33,1036231
2025-04-29 22:17:01,0,level_complete,7637,1,94726,0,851334,1539389,30,1036343
2025-04-29 22:17:01,0,level_complete,7638,1,94727,0,851361,1539418,29,1036372
2025-04-29 22:17:01,0,level_complete,7639,1,94728,0,851388,1539455,30,1036402
2025-04-29 22:17:01,0,level_complete,7640,1,94729,0,851415,1539487,29,1036431
2025-04-29 22:17:02,0,level_complete,7641,1,94732,0,851486,1539590,33,1036522
2025-04-29 22:17:02,0,level_complete,7642,1,94733,0,851513,1539632,32,1036554
2025-04-29 22:17:03,0,level_complete,7643,1,94736,0,851578,1539717,39,1036643
2025-04-29 22:17:04,0,level_complete,7644,1,94743,0,851673,1539875,28,1036768
2025-04-29 22:17:05,0,level_complete,7645,1,94752,0,851798,1540022,32,1036923
2025-04-29 22:17:05,0,level_complete,7646,1,94753,0,851825,1540073,34,1036957
2025-04-29 22:17:06,0,level_complete,7647,1,94759,0,851893,1540142,45,1037048
2025-04-29 22:17:07,0,level_complete,7648,1,94771,0,852074,1540342,31,1037269
2025-04-29 22:17:09,0,level_complete,7649,1,94784,0,852292,1540596,34,1037528
2025-04-29 22:17:09,0,level_complete,7650,1,94787,0,852349,1540695,34,1037594
2025-04-29 22:17:10,0,level_complete,7651,1,94790,0,852415,1540784,34,1037676
2025-04-29 22:17:11,0,level_complete,7652,1,94795,0,852507,1540887,36,1037798
2025-04-29 22:17:11,0,level_complete,7653,1,94799,0,852569,1540956,34,1037877
2025-04-29 22:17:12,0,level_complete,7654,1,94801,0,852610,1541001,29,1037927
2025-04-29 22:17:12,0,level_complete,7655,1,94806,0,852687,1541088,30,1038024
2025-04-29 22:17:12,0,level_complete,7656,1,94808,0,852730,1541145,30,1038073
2025-04-29 22:17:13,0,level_complete,7657,1,94812,0,852779,1541208,33,1038130
2025-04-29 22:17:14,0,level_complete,7658,1,94816,0,852877,1541303,32,1038265
2025-04-29 22:17:14,0,level_complete,7659,1,94819,0,852929,1541357,31,1038323
2025-04-29 22:17:15,0,level_complete,7660,1,94824,0,852994,1541472,32,1038399
2025-04-29 22:17:15,0,level_complete,7661,1,94827,0,853059,1541570,31,1038476
2025-04-29 22:17:17,0,level_complete,7662,1,94838,0,853265,1541859,29,1038724
2025-04-29 22:17:18,0,level_complete,7663,1,94841,0,853318,1541953,37,1038789
2025-04-29 22:17:18,0,level_complete,7664,1,94846,0,853385,1542009,33,1038881
2025-04-29 22:17:19,0,level_complete,7665,1,94849,0,853433,1542065,31,1038935
2025-04-29 22:17:21,0,level_complete,7666,1,94865,0,853684,1542387,31,1039231
2025-04-29 22:17:21,0,level_complete,7667,1,94869,0,853738,1542473,35,1039297
2025-04-29 22:17:22,0,level_complete,7668,1,94871,0,853769,1542513,30,1039331
2025-04-29 22:17:22,0,level_complete,7669,1,94875,0,853849,1542611,31,1039425
2025-04-29 22:17:23,0,level_complete,7670,1,94879,0,853936,1542709,33,1039535
2025-04-29 22:17:23,0,level_complete,7671,1,94888,0,854033,1542795,29,1039658
2025-04-29 22:17:24,0,level_complete,7672,1,94893,0,854063,1542824,46,1039707
2025-04-29 22:17:24,0,level_complete,7673,1,94900,0,854173,1542934,37,1039843
2025-04-29 22:17:25,0,level_complete,7674,1,94902,0,854216,1542979,33,1039898
2025-04-29 22:17:26,0,level_complete,7675,1,94913,0,854355,1543132,35,1040055
2025-04-29 22:17:26,0,level_complete,7676,1,94914,0,854382,1543162,29,1040084
2025-04-29 22:17:26,0,level_complete,7677,1,94919,0,854446,1543230,28,1040152
2025-04-29 22:17:27,0,level_complete,7678,1,94920,0,854473,1543270,33,1040185
2025-04-29 22:17:27,0,level_complete,7679,1,94922,0,854502,1543301,32,1040219
2025-04-29 22:17:27,0,level_complete,7680,1,94924,0,854551,1543357,35,1040284
2025-04-29 22:17:30,0,level_complete,7681,1,94941,0,854859,1543714,32,1040677
2025-04-29 22:17:30,0,level_complete,7682,1,94945,0,854908,1543763,29,1040735
2025-04-29 22:17:30,0,level_complete,7683,1,94946,0,854935,1543829,34,1040769
2025-04-29 22:17:31,0,level_complete,7684,1,94949,0,854993,1543901,30,1040839
2025-04-29 22:17:31,0,level_complete,7685,1,94955,0,855074,1543983,35,1040935
2025-04-29 22:17:32,0,level_complete,7686,1,94959,0,855174,1544097,40,1041057
2025-04-29 22:17:32,0,level_complete,7687,1,94960,0,855201,1544126,37,1041094
2025-04-29 22:17:35,0,level_complete,7688,1,94977,0,855438,1544480,36,1041380
2025-04-29 22:17:36,0,level_complete,7689,1,94992,0,855635,1544705,43,1041636
2025-04-29 22:17:38,0,training_run_ep 95000,-,1,95001,0,855759,1544848,0,1041776
2025-04-29 22:17:38,0,level_complete,7690,1,95004,0,855829,1544928,34,1041865
2025-04-29 22:17:39,0,level_complete,7691,1,95010,0,855916,1545034,35,1041977
2025-04-29 22:17:39,0,level_complete,7692,1,95011,0,855943,1545060,34,1042011
2025-04-29 22:17:40,0,level_complete,7693,1,95020,0,856102,1545268,37,1042204
2025-04-29 22:17:41,0,level_complete,7694,1,95022,0,856155,1545339,35,1042272
2025-04-29 22:17:41,0,level_complete,7695,1,95023,0,856182,1545378,36,1042308
2025-04-29 22:17:42,0,level_complete,7696,1,95027,0,856260,1545467,29,1042403
2025-04-29 22:17:42,0,level_complete,7697,1,95030,0,856336,1545554,30,1042494
2025-04-29 22:17:44,0,level_complete,7698,1,95042,0,856514,1545755,32,1042710
2025-04-29 22:17:44,0,level_complete,7699,1,95044,0,856548,1545800,33,1042750
2025-04-29 22:17:45,0,level_complete,7700,1,95047,0,856596,1545999,32,1042814
2025-04-29 22:17:46,0,level_complete,7701,1,95049,0,856644,1546076,33,1042869
2025-04-29 22:17:46,0,level_complete,7702,1,95052,0,856700,1546130,36,1042939
2025-04-29 22:17:46,0,level_complete,7703,1,95053,0,856727,1546170,35,1042974
2025-04-29 22:17:48,0,level_complete,7704,1,95060,0,856870,1546352,32,1043152
2025-04-29 22:17:48,0,level_complete,7705,1,95061,0,856897,1546391,30,1043182
2025-04-29 22:17:48,0,level_complete,7706,1,95063,0,856926,1546418,31,1043215
2025-04-29 22:17:49,0,level_complete,7707,1,95064,0,856953,1546491,33,1043248
2025-04-29 22:17:49,0,level_complete,7708,1,95066,0,857004,1546563,32,1043305
2025-04-29 22:17:49,0,level_complete,7709,1,95067,0,857031,1546611,28,1043333
2025-04-29 22:17:50,0,level_complete,7710,1,95068,0,857058,1546653,42,1043375
2025-04-29 22:17:50,0,level_complete,7711,1,95071,0,857106,1546694,40,1043440
2025-04-29 22:17:50,0,level_complete,7712,1,95074,0,857154,1546767,32,1043499
2025-04-29 22:17:51,0,level_complete,7713,1,95075,0,857181,1546805,30,1043529
2025-04-29 22:17:51,0,level_complete,7714,1,95078,0,857234,1546876,41,1043604
2025-04-29 22:17:52,0,level_complete,7715,1,95081,0,857310,1546963,32,1043706
2025-04-29 22:17:53,0,level_complete,7716,1,95089,0,857472,1547226,29,1043900
2025-04-29 22:17:54,0,level_complete,7717,1,95090,0,857499,1547268,36,1043936
2025-04-29 22:17:54,0,level_complete,7718,1,95095,0,857579,1547370,29,1044039
2025-04-29 22:17:55,0,level_complete,7719,1,95096,0,857606,1547408,31,1044070
2025-04-29 22:17:55,0,level_complete,7720,1,95106,0,857714,1547531,37,1044202
2025-04-29 22:17:56,0,level_complete,7721,1,95111,0,857780,1547610,31,1044285
2025-04-29 22:17:57,0,level_complete,7722,1,95116,0,857881,1547749,29,1044426
2025-04-29 22:17:57,0,level_complete,7723,1,95118,0,857931,1547818,32,1044485
2025-04-29 22:17:58,0,level_complete,7724,1,95121,0,858003,1547948,30,1044564
2025-04-29 22:18:00,0,level_complete,7725,1,95138,0,858248,1548238,33,1044863
2025-04-29 22:18:01,0,level_complete,7726,1,95142,0,858334,1548336,29,1044959
2025-04-29 22:18:01,0,level_complete,7727,1,95145,0,858388,1548404,34,1045030
2025-04-29 22:18:01,0,level_complete,7728,1,95147,0,858417,1548443,31,1045063
2025-04-29 22:18:02,0,level_complete,7729,1,95152,0,858519,1548618,30,1045183
2025-04-29 22:18:03,0,level_complete,7730,1,95155,0,858586,1548709,29,1045262
2025-04-29 22:18:04,0,level_complete,7731,1,95156,0,858613,1548782,32,1045294
2025-04-29 22:18:04,0,level_complete,7732,1,95158,0,858654,1548853,36,1045346
2025-04-29 22:18:04,0,level_complete,7733,1,95160,0,858686,1548888,37,1045388
2025-04-29 22:18:04,0,level_complete,7734,1,95161,0,858713,1548918,39,1045427
2025-04-29 22:18:05,0,level_complete,7735,1,95166,0,858791,1548995,32,1045532
2025-04-29 22:18:05,0,level_complete,7736,1,95168,0,858819,1549024,35,1045568
2025-04-29 22:18:05,0,level_complete,7737,1,95170,0,858859,1549066,29,1045612
2025-04-29 22:18:06,0,level_complete,7738,1,95172,0,858912,1549136,31,1045671
2025-04-29 22:18:06,0,level_complete,7739,1,95176,0,858974,1549200,37,1045748
2025-04-29 22:18:07,0,level_complete,7740,1,95180,0,859048,1549278,31,1045848
2025-04-29 22:18:07,0,level_complete,7741,1,95182,0,859079,1549329,31,1045883
2025-04-29 22:18:08,0,level_complete,7742,1,95192,0,859212,1549483,31,1046049
2025-04-29 22:18:08,0,level_complete,7743,1,95193,0,859239,1549513,33,1046082
2025-04-29 22:18:09,0,level_complete,7744,1,95194,0,859266,1549560,33,1046115
2025-04-29 22:18:10,0,level_complete,7745,1,95202,0,859379,1549711,35,1046248
2025-04-29 22:18:10,0,level_complete,7746,1,95203,0,859406,1549770,29,1046277
2025-04-29 22:18:11,0,level_complete,7747,1,95207,0,859466,1549892,34,1046347
2025-04-29 22:18:15,0,level_complete,7748,1,95256,0,859923,1550478,35,1046949
2025-04-29 22:18:17,0,level_complete,7749,1,95281,0,860146,1550700,36,1047218
2025-04-29 22:18:17,0,level_complete,7750,1,95288,0,860228,1550791,34,1047319
2025-04-29 22:18:19,0,level_complete,7751,1,95300,0,860398,1551037,38,1047539
2025-04-29 22:18:20,0,level_complete,7752,1,95313,0,860564,1551231,32,1047732
2025-04-29 22:18:22,0,level_complete,7753,1,95332,0,860769,1551491,31,1047994
2025-04-29 22:18:22,0,level_complete,7754,1,95335,0,860836,1551559,35,1048081
2025-04-29 22:18:23,0,level_complete,7755,1,95338,0,860865,1551616,32,1048115
2025-04-29 22:18:23,0,level_complete,7756,1,95342,0,860931,1551709,40,1048198
2025-04-29 22:18:24,0,level_complete,7757,1,95343,0,860958,1551744,36,1048234
2025-04-29 22:18:25,0,level_complete,7758,1,95352,0,861099,1551923,29,1048402
2025-04-29 22:18:25,0,level_complete,7759,1,95353,0,861126,1551952,30,1048432
2025-04-29 22:18:26,0,level_complete,7760,1,95360,0,861250,1552079,29,1048582
2025-04-29 22:18:26,0,level_complete,7761,1,95361,0,861277,1552117,39,1048621
2025-04-29 22:18:26,0,level_complete,7762,1,95362,0,861304,1552161,29,1048650
2025-04-29 22:18:27,0,level_complete,7763,1,95363,0,861331,1552203,33,1048683
2025-04-29 22:18:29,0,level_complete,7764,1,95378,0,861572,1552514,37,1048981
2025-04-29 22:18:29,0,level_complete,7765,1,95379,0,861599,1552553,33,1049014
2025-04-29 22:18:29,0,level_complete,7766,1,95380,0,861626,1552609,34,1049048
2025-04-29 22:18:29,0,level_complete,7767,1,95381,0,861653,1552650,28,1049076
2025-04-29 22:18:30,0,level_complete,7768,1,95383,0,861702,1552703,31,1049131
2025-04-29 22:18:30,0,level_complete,7769,1,95385,0,861749,1552796,29,1049184
2025-04-29 22:18:31,0,level_complete,7770,1,95386,0,861776,1552841,35,1049219
2025-04-29 22:18:31,0,level_complete,7771,1,95387,0,861803,1552913,36,1049255
2025-04-29 22:18:32,0,level_complete,7772,1,95395,0,861924,1553049,32,1049401
2025-04-29 22:18:32,0,level_complete,7773,1,95397,0,861951,1553086,31,1049432
2025-04-29 22:18:33,0,level_complete,7774,1,95398,0,861978,1553114,31,1049463
2025-04-29 22:18:33,0,level_complete,7775,1,95399,0,862005,1553143,37,1049500
2025-04-29 22:18:33,0,level_complete,7776,1,95401,0,862044,1553205,31,1049544
2025-04-29 22:18:34,0,level_complete,7777,1,95409,0,862142,1553361,32,1049657
2025-04-29 22:18:59,0,level_complete,7778,1,95441,0,862506,1556933,35,1050086
2025-04-29 22:19:00,0,level_complete,7779,1,95451,0,862671,1557091,31,1050280
2025-04-29 22:19:01,0,level_complete,7780,1,95458,0,862810,1557274,28,1050443
2025-04-29 22:19:02,0,level_complete,7781,1,95461,0,862867,1557329,29,1050511
2025-04-29 22:19:02,0,level_complete,7782,1,95463,0,862911,1557391,34,1050564
2025-04-29 22:19:02,0,level_complete,7783,1,95464,0,862938,1557444,28,1050592
2025-04-29 22:19:03,0,level_complete,7784,1,95465,0,862965,1557487,31,1050623
2025-04-29 22:19:03,0,level_complete,7785,1,95466,0,862992,1557525,31,1050654
2025-04-29 22:19:03,0,level_complete,7786,1,95467,0,863019,1557550,31,1050685
2025-04-29 22:19:04,0,level_complete,7787,1,95472,0,863107,1557713,30,1050793
2025-04-29 22:19:05,0,level_complete,7788,1,95475,0,863166,1557790,38,1050870
2025-04-29 22:19:05,0,level_complete,7789,1,95477,0,863214,1557841,37,1050931
2025-04-29 22:19:05,0,level_complete,7790,1,95478,0,863241,1557871,32,1050963
2025-04-29 22:19:05,0,level_complete,7791,1,95481,0,863306,1557931,34,1051046
2025-04-29 22:19:08,0,level_complete,7792,1,95488,0,863410,1558364,29,1051167
2025-04-29 22:19:09,0,level_complete,7793,1,95497,0,863551,1558508,34,1051335
2025-04-29 22:19:10,0,training_run_ep 95500,-,1,95501,0,863577,1558532,0,1051365
2025-04-29 22:19:11,0,level_complete,7794,1,95503,0,863605,1558566,32,1051398
2025-04-29 22:19:11,0,level_complete,7795,1,95504,0,863632,1558590,32,1051430
2025-04-29 22:19:11,0,level_complete,7796,1,95507,0,863683,1558644,31,1051498
2025-04-29 22:19:14,0,level_complete,7797,1,95511,0,863742,1558964,31,1051567
2025-04-29 22:19:14,0,level_complete,7798,1,95512,0,863769,1559018,30,1051597
2025-04-29 22:19:14,0,level_complete,7799,1,95513,0,863796,1559062,30,1051627
2025-04-29 22:19:15,0,level_complete,7800,1,95522,0,863880,1559155,30,1051716
2025-04-29 22:19:17,0,level_complete,7801,1,95524,0,863929,1559369,29,1051775
2025-04-29 22:19:17,0,level_complete,7802,1,95529,0,863996,1559462,33,1051854
2025-04-29 22:19:17,0,level_complete,7803,1,95531,0,864037,1559507,29,1051899
2025-04-29 22:19:18,0,level_complete,7804,1,95535,0,864077,1559546,35,1051948
2025-04-29 22:19:18,0,level_complete,7805,1,95538,0,864147,1559646,33,1052033
2025-04-29 22:19:19,0,level_complete,7806,1,95542,0,864200,1559708,36,1052104
2025-04-29 22:19:19,0,level_complete,7807,1,95543,0,864227,1559738,33,1052137
2025-04-29 22:19:19,0,level_complete,7808,1,95548,0,864298,1559806,37,1052226
2025-04-29 22:19:20,0,level_complete,7809,1,95549,0,864325,1559830,33,1052259
2025-04-29 22:19:20,0,level_complete,7810,1,95550,0,864352,1559868,29,1052288
2025-04-29 22:19:20,0,level_complete,7811,1,95552,0,864400,1559921,32,1052349
2025-04-29 22:19:21,0,level_complete,7812,1,95560,0,864545,1560109,30,1052524
2025-04-29 22:19:22,0,level_complete,7813,1,95571,0,864703,1560282,34,1052716
2025-04-29 22:19:23,0,level_complete,7814,1,95573,0,864756,1560356,28,1052775
2025-04-29 22:19:23,0,level_complete,7815,1,95574,0,864783,1560382,30,1052805
2025-04-29 22:19:23,0,level_complete,7816,1,95575,0,864810,1560416,32,1052837
2025-04-29 22:19:24,0,level_complete,7817,1,95576,0,864837,1560468,28,1052865
2025-04-29 22:19:24,0,level_complete,7818,1,95577,0,864864,1560513,35,1052900
2025-04-29 22:19:24,0,level_complete,7819,1,95579,0,864900,1560549,33,1052943
2025-04-29 22:19:25,0,level_complete,7820,1,95580,0,864927,1560622,31,1052974
2025-04-29 22:19:25,0,level_complete,7821,1,95581,0,864954,1560665,32,1053006
2025-04-29 22:19:25,0,level_complete,7822,1,95582,0,864981,1560691,32,1053038
2025-04-29 22:19:25,0,level_complete,7823,1,95583,0,865008,1560736,30,1053068
2025-04-29 22:19:26,0,level_complete,7824,1,95584,0,865035,1560778,30,1053098
2025-04-29 22:19:26,0,level_complete,7825,1,95585,0,865062,1560805,33,1053131
2025-04-29 22:19:27,0,level_complete,7826,1,95589,0,865124,1560887,31,1053201
2025-04-29 22:19:27,0,level_complete,7827,1,95590,0,865151,1560922,30,1053231
2025-04-29 22:19:27,0,level_complete,7828,1,95592,0,865183,1560967,31,1053267
2025-04-29 22:19:28,0,level_complete,7829,1,95595,0,865235,1561028,37,1053333
2025-04-29 22:19:28,0,level_complete,7830,1,95597,0,865265,1561061,37,1053373
2025-04-29 22:19:30,0,level_complete,7831,1,95607,0,865444,1561387,33,1053602
2025-04-29 22:19:32,0,level_complete,7832,1,95623,0,865664,1561598,33,1053881
2025-04-29 22:19:32,0,level_complete,7833,1,95627,0,865722,1561695,29,1053954
2025-04-29 22:19:32,0,level_complete,7834,1,95628,0,865749,1561724,34,1053988
2025-04-29 22:19:33,0,level_complete,7835,1,95629,0,865776,1561748,38,1054026
2025-04-29 22:19:34,0,level_complete,7836,1,95636,0,865894,1561905,29,1054175
2025-04-29 22:19:34,0,level_complete,7837,1,95638,0,865946,1562007,31,1054238
2025-04-29 22:19:35,0,level_complete,7838,1,95646,0,866048,1562131,31,1054356
2025-04-29 22:19:36,0,level_complete,7839,1,95654,0,866145,1562225,29,1054475
2025-04-29 22:19:36,0,level_complete,7840,1,95655,0,866172,1562253,33,1054508
2025-04-29 22:19:37,0,level_complete,7841,1,95670,0,866306,1562392,31,1054667
2025-04-29 22:19:38,0,level_complete,7842,1,95683,0,866485,1562596,29,1054882
2025-04-29 22:19:39,0,level_complete,7843,1,95685,0,866515,1562625,33,1054918
2025-04-29 22:19:40,0,level_complete,7844,1,95700,0,866746,1562884,32,1055199
2025-04-29 22:19:40,0,level_complete,7845,1,95704,0,866793,1562922,33,1055255
2025-04-29 22:19:43,0,level_complete,7846,1,95728,0,867089,1563254,30,1055598
2025-04-29 22:19:44,0,level_complete,7847,1,95735,0,867171,1563459,40,1055698
2025-04-29 22:19:44,0,level_complete,7848,1,95738,0,867218,1563502,36,1055754
2025-04-29 22:19:45,0,level_complete,7849,1,95739,0,867245,1563527,35,1055789
2025-04-29 22:19:45,0,level_complete,7850,1,95741,0,867282,1563568,29,1055831
2025-04-29 22:19:45,0,level_complete,7851,1,95743,0,867327,1563614,34,1055890
2025-04-29 22:19:46,0,level_complete,7852,1,95746,0,867371,1563676,37,1055945
2025-04-29 22:19:46,0,level_complete,7853,1,95748,0,867408,1563718,31,1055989
2025-04-29 22:19:48,0,level_complete,7854,1,95762,0,867648,1564030,36,1056283
2025-04-29 22:19:48,0,level_complete,7855,1,95764,0,867684,1564072,35,1056330
2025-04-29 22:19:49,0,level_complete,7856,1,95768,0,867746,1564158,30,1056399
2025-04-29 22:19:50,0,level_complete,7857,1,95775,0,867853,1564297,29,1056520
2025-04-29 22:19:51,0,level_complete,7858,1,95792,0,868009,1564452,35,1056717
2025-04-29 22:19:52,0,level_complete,7859,1,95798,0,868104,1564579,38,1056834
2025-04-29 22:19:52,0,level_complete,7860,1,95806,0,868190,1564684,29,1056931
2025-04-29 22:20:16,0,level_complete,7861,1,95811,0,868283,1568500,31,1057051
2025-04-29 22:20:16,0,level_complete,7862,1,95816,0,868367,1568593,39,1057154
2025-04-29 22:20:19,0,level_complete,7863,1,95836,0,868699,1569044,28,1057559
2025-04-29 22:21:07,0,level_complete,7864,1,95850,0,868850,1576570,34,1057747
2025-04-29 22:21:08,0,level_complete,7865,1,95852,0,868881,1576604,28,1057779
2025-04-29 22:21:08,0,level_complete,7866,1,95857,0,868924,1576643,34,1057832
2025-04-29 22:21:12,0,level_complete,7867,1,95910,0,869460,1577182,31,1058457
2025-04-29 22:21:14,0,level_complete,7868,1,95933,0,869857,1577564,36,1058952
2025-04-29 22:21:15,0,level_complete,7869,1,95935,0,869899,1577620,28,1059000
2025-04-29 22:21:15,0,level_complete,7870,1,95936,0,869926,1577666,32,1059032
2025-04-29 22:21:16,0,level_complete,7871,1,95939,0,869960,1577773,29,1059068
2025-04-29 22:21:16,0,level_complete,7872,1,95942,0,870004,1577828,30,1059115
2025-04-29 22:21:16,0,level_complete,7873,1,95943,0,870031,1577876,27,1059142
2025-04-29 22:21:17,0,level_complete,7874,1,95946,0,870075,1577934,29,1059201
2025-04-29 22:21:17,0,level_complete,7875,1,95947,0,870102,1577960,35,1059236
2025-04-29 22:21:18,0,level_complete,7876,1,95956,0,870212,1578079,36,1059370
2025-04-29 22:21:19,0,level_complete,7877,1,95967,0,870340,1578215,44,1059530
2025-04-29 22:21:20,0,level_complete,7878,1,95989,0,870545,1578445,32,1059768
2025-04-29 22:21:22,0,training_run_ep 96000,-,1,96001,0,870649,1578539,0,1059893
2025-04-29 22:21:23,0,level_complete,7879,1,96022,0,870890,1578793,31,1060164
2025-04-29 22:21:24,0,level_complete,7880,1,96024,0,870926,1578847,30,1060203
2025-04-29 22:21:24,0,level_complete,7881,1,96028,0,870959,1578896,29,1060238
2025-04-29 22:21:26,0,level_complete,7882,1,96049,0,871210,1579167,30,1060577
2025-04-29 22:21:27,0,level_complete,7883,1,96055,0,871307,1579270,31,1060694
2025-04-29 22:21:29,0,level_complete,7884,1,96061,0,871383,1579629,42,1060790
2025-04-29 22:21:31,0,level_complete,7885,1,96079,0,871580,1579839,34,1061025
2025-04-29 22:21:32,0,level_complete,7886,1,96096,0,871732,1579988,33,1061198
2025-04-29 22:21:32,0,level_complete,7887,1,96105,0,871815,1580070,28,1061300
2025-04-29 22:21:34,0,level_complete,7888,1,96115,0,871967,1580299,31,1061469
2025-04-29 22:21:34,0,level_complete,7889,1,96116,0,871994,1580326,33,1061502
2025-04-29 22:21:34,0,level_complete,7890,1,96117,0,872021,1580357,31,1061533
2025-04-29 22:21:34,0,level_complete,7891,1,96118,0,872048,1580404,33,1061566
2025-04-29 22:21:35,0,level_complete,7892,1,96121,0,872100,1580451,30,1061631
2025-04-29 22:21:35,0,level_complete,7893,1,96126,0,872172,1580532,32,1061720
2025-04-29 22:21:36,0,level_complete,7894,1,96127,0,872199,1580570,30,1061750
2025-04-29 22:21:36,0,level_complete,7895,1,96131,0,872258,1580639,33,1061823
2025-04-29 22:21:38,0,level_complete,7896,1,96145,0,872440,1580896,32,1062036
2025-04-29 22:21:38,0,level_complete,7897,1,96147,0,872474,1580934,32,1062075
2025-04-29 22:21:38,0,level_complete,7898,1,96148,0,872501,1580968,31,1062106
2025-04-29 22:21:39,0,level_complete,7899,1,96149,0,872528,1581011,38,1062144
2025-04-29 22:21:39,0,level_complete,7900,1,96151,0,872578,1581064,35,1062208
2025-04-29 22:21:39,0,level_complete,7901,1,96152,0,872605,1581101,32,1062240
2025-04-29 22:21:39,0,level_complete,7902,1,96153,0,872632,1581131,37,1062277
2025-04-29 22:21:40,0,level_complete,7903,1,96154,0,872659,1581162,30,1062307
2025-04-29 22:21:40,0,level_complete,7904,1,96161,0,872740,1581240,33,1062403
2025-04-29 22:21:41,0,level_complete,7905,1,96164,0,872804,1581330,44,1062495
2025-04-29 22:21:46,0,level_complete,7906,1,96225,0,873532,1582073,32,1063384
2025-04-29 22:21:46,0,level_complete,7907,1,96226,0,873559,1582102,34,1063418
2025-04-29 22:21:48,0,level_complete,7908,1,96256,0,873889,1582439,33,1063831
2025-04-29 22:21:50,0,level_complete,7909,1,96271,0,874112,1582699,35,1064089
2025-04-29 22:21:50,0,level_complete,7910,1,96273,0,874162,1582749,36,1064155
2025-04-29 22:21:51,0,level_complete,7911,1,96274,0,874189,1582825,32,1064187
2025-04-29 22:21:52,0,level_complete,7912,1,96282,0,874303,1582946,29,1064321
2025-04-29 22:21:52,0,level_complete,7913,1,96285,0,874351,1582996,30,1064377
2025-04-29 22:21:52,0,level_complete,7914,1,96286,0,874378,1583031,41,1064418
2025-04-29 22:21:53,0,level_complete,7915,1,96290,0,874435,1583106,32,1064487
2025-04-29 22:21:53,0,level_complete,7916,1,96291,0,874462,1583159,32,1064519
2025-04-29 22:21:53,0,level_complete,7917,1,96292,0,874489,1583198,32,1064551
2025-04-29 22:21:55,0,level_complete,7918,1,96306,0,874673,1583387,32,1064775
2025-04-29 22:21:56,0,level_complete,7919,1,96317,0,874806,1583555,36,1064933
2025-04-29 22:21:56,0,level_complete,7920,1,96326,0,874920,1583665,29,1065077
2025-04-29 22:21:57,0,level_complete,7921,1,96331,0,875003,1583759,35,1065176
2025-04-29 22:21:59,0,level_complete,7922,1,96349,0,875220,1583972,33,1065437
2025-04-29 22:21:59,0,level_complete,7923,1,96354,0,875285,1584023,42,1065528
2025-04-29 22:22:00,0,level_complete,7924,1,96359,0,875380,1584133,30,1065643
2025-04-29 22:22:02,0,level_complete,7925,1,96364,0,875469,1584467,31,1065748
2025-04-29 22:22:02,0,level_complete,7926,1,96365,0,875496,1584508,31,1065779
2025-04-29 22:22:02,0,level_complete,7927,1,96366,0,875523,1584536,32,1065811
2025-04-29 22:22:03,0,level_complete,7928,1,96367,0,875550,1584569,30,1065841
2025-04-29 22:22:03,0,level_complete,7929,1,96368,0,875577,1584607,28,1065869
2025-04-29 22:22:03,0,level_complete,7930,1,96371,0,875627,1584662,31,1065930
2025-04-29 22:22:03,0,level_complete,7931,1,96372,0,875654,1584687,33,1065963
2025-04-29 22:22:04,0,level_complete,7932,1,96378,0,875755,1584806,32,1066081
2025-04-29 22:22:05,0,level_complete,7933,1,96379,0,875782,1584859,35,1066116
2025-04-29 22:22:05,0,level_complete,7934,1,96380,0,875809,1584892,32,1066148
2025-04-29 22:22:05,0,level_complete,7935,1,96381,0,875836,1584934,33,1066181
2025-04-29 22:22:06,0,level_complete,7936,1,96384,0,875879,1584986,30,1066230
2025-04-29 22:22:07,0,level_complete,7937,1,96400,0,876053,1585148,36,1066440
2025-04-29 22:22:10,0,level_complete,7938,1,96450,0,876526,1585596,31,1066997
2025-04-29 22:22:11,0,level_complete,7939,1,96460,0,876677,1585818,28,1067174
2025-04-29 22:22:14,0,level_complete,7940,1,96493,0,876986,1586144,34,1067545
2025-04-29 22:22:14,0,level_complete,7941,1,96496,0,877024,1586172,52,1067614
2025-04-29 22:22:14,0,level_complete,7942,1,96501,0,877104,1586278,35,1067715
2025-04-29 22:22:15,0,training_run_ep 96500,-,1,96501,0,877104,1586278,35,1067715
2025-04-29 22:22:16,0,level_complete,7943,1,96505,0,877170,1586375,30,1067791
2025-04-29 22:22:17,0,level_complete,7944,1,96513,0,877287,1586529,30,1067925
2025-04-29 22:22:17,0,level_complete,7945,1,96515,0,877318,1586569,32,1067961
2025-04-29 22:22:17,0,level_complete,7946,1,96519,0,877375,1586631,30,1068023
2025-04-29 22:22:18,0,level_complete,7947,1,96526,0,877473,1586748,31,1068132
2025-04-29 22:22:19,0,level_complete,7948,1,96530,0,877536,1586833,30,1068202
2025-04-29 22:22:20,0,level_complete,7949,1,96535,0,877611,1586933,34,1068298
2025-04-29 22:22:20,0,level_complete,7950,1,96542,0,877707,1587060,34,1068414
2025-04-29 22:22:21,0,level_complete,7951,1,96545,0,877765,1587140,31,1068480
2025-04-29 22:22:22,0,level_complete,7952,1,96550,0,877847,1587242,32,1068576
2025-04-29 22:22:22,0,level_complete,7953,1,96564,0,877956,1587358,34,1068703
2025-04-29 22:22:23,0,level_complete,7954,1,96570,0,878043,1587464,31,1068802
2025-04-29 22:22:24,0,level_complete,7955,1,96579,0,878189,1587621,29,1068991
2025-04-29 22:22:25,0,level_complete,7956,1,96581,0,878231,1587666,31,1069042
2025-04-29 22:22:25,0,level_complete,7957,1,96582,0,878258,1587699,30,1069072
2025-04-29 22:22:25,0,level_complete,7958,1,96583,0,878285,1587735,34,1069106
2025-04-29 22:22:26,0,level_complete,7959,1,96592,0,878422,1587881,32,1069272
2025-04-29 22:22:28,0,level_complete,7960,1,96617,0,878761,1588226,31,1069706
2025-04-29 22:22:29,0,level_complete,7961,1,96625,0,878867,1588332,30,1069824
2025-04-29 22:22:29,0,level_complete,7962,1,96627,0,878910,1588392,32,1069877
2025-04-29 22:22:30,0,level_complete,7963,1,96630,0,878955,1588444,32,1069932
2025-04-29 22:22:31,0,level_complete,7964,1,96642,0,879137,1588645,33,1070165
2025-04-29 22:22:32,0,level_complete,7965,1,96646,0,879223,1588728,30,1070269
2025-04-29 22:22:32,0,level_complete,7966,1,96647,0,879250,1588754,37,1070306
2025-04-29 22:22:32,0,level_complete,7967,1,96648,0,879277,1588790,36,1070342
2025-04-29 22:22:32,0,level_complete,7968,1,96650,0,879313,1588835,35,1070388
2025-04-29 22:22:33,0,level_complete,7969,1,96661,0,879461,1588994,31,1070578
2025-04-29 22:22:34,0,level_complete,7970,1,96662,0,879488,1589018,41,1070619
2025-04-29 22:22:34,0,level_complete,7971,1,96668,0,879591,1589144,34,1070734
2025-04-29 22:22:35,0,level_complete,7972,1,96670,0,879622,1589182,30,1070768
2025-04-29 22:22:37,0,level_complete,7973,1,96684,0,879900,1589487,30,1071114
2025-04-29 22:22:37,0,level_complete,7974,1,96687,0,879949,1589549,29,1071169
2025-04-29 22:22:38,0,level_complete,7975,1,96693,0,880064,1589695,31,1071296
2025-04-29 22:22:38,0,level_complete,7976,1,96695,0,880106,1589746,34,1071348
2025-04-29 22:22:39,0,level_complete,7977,1,96696,0,880133,1589788,29,1071377
2025-04-29 22:22:40,0,level_complete,7978,1,96700,0,880224,1589910,33,1071486
2025-04-29 22:22:41,0,level_complete,7979,1,96710,0,880407,1590163,31,1071709
2025-04-29 22:22:42,0,level_complete,7980,1,96713,0,880475,1590253,32,1071785
2025-04-29 22:22:42,0,level_complete,7981,1,96716,0,880513,1590300,29,1071826
2025-04-29 22:22:43,0,level_complete,7982,1,96722,0,880620,1590429,32,1071951
2025-04-29 22:22:44,0,level_complete,7983,1,96728,0,880720,1590636,36,1072077
2025-04-29 22:22:45,0,level_complete,7984,1,96729,0,880747,1590675,33,1072110
2025-04-29 22:22:45,0,level_complete,7985,1,96731,0,880777,1590708,37,1072150
2025-04-29 22:22:46,0,level_complete,7986,1,96737,0,880868,1590968,31,1072257
2025-04-29 22:22:47,0,level_complete,7987,1,96740,0,880919,1591044,34,1072324
2025-04-29 22:22:47,0,level_complete,7988,1,96741,0,880946,1591095,33,1072357
2025-04-29 22:22:47,0,level_complete,7989,1,96742,0,880973,1591122,40,1072397
2025-04-29 22:22:48,0,level_complete,7990,1,96743,0,881000,1591158,32,1072429
2025-04-29 22:22:48,0,level_complete,7991,1,96744,0,881027,1591190,32,1072461
2025-04-29 22:22:48,0,level_complete,7992,1,96745,0,881054,1591243,33,1072494
2025-04-29 22:22:49,0,level_complete,7993,1,96746,0,881081,1591285,38,1072532
2025-04-29 22:22:49,0,level_complete,7994,1,96748,0,881118,1591334,31,1072574
2025-04-29 22:22:49,0,level_complete,7995,1,96749,0,881145,1591382,29,1072603
2025-04-29 22:22:49,0,level_complete,7996,1,96751,0,881179,1591412,34,1072645
2025-04-29 22:22:50,0,level_complete,7997,1,96753,0,881225,1591465,33,1072700
2025-04-29 22:22:50,0,level_complete,7998,1,96757,0,881275,1591569,34,1072760
2025-04-29 22:22:51,0,level_complete,7999,1,96759,0,881313,1591633,35,1072807
2025-04-29 22:22:51,0,level_complete,8000,1,96760,0,881340,1591679,32,1072839
2025-04-29 22:22:52,0,level_complete,8001,1,96761,0,881367,1591722,30,1072869
2025-04-29 22:22:53,0,level_complete,8002,1,96767,0,881490,1591878,38,1073019
2025-04-29 22:22:53,0,level_complete,8003,1,96769,0,881542,1591951,32,1073079
2025-04-29 22:22:53,0,level_complete,8004,1,96771,0,881595,1592005,33,1073149
2025-04-29 22:22:54,0,level_complete,8005,1,96776,0,881712,1592136,30,1073305
2025-04-29 22:22:55,0,level_complete,8006,1,96786,0,881867,1592318,34,1073488
2025-04-29 22:22:56,0,level_complete,8007,1,96794,0,881983,1592442,34,1073636
2025-04-29 22:23:01,0,level_complete,8008,1,96869,0,882702,1593109,30,1074546
2025-04-29 22:23:03,0,level_complete,8009,1,96891,0,882893,1593379,33,1074756
2025-04-29 22:23:06,0,level_complete,8010,1,96920,0,883152,1593805,34,1075059
2025-04-29 22:23:07,0,level_complete,8011,1,96925,0,883239,1593904,36,1075174
2025-04-29 22:23:07,0,level_complete,8012,1,96929,0,883302,1593969,37,1075255
2025-04-29 22:23:07,0,level_complete,8013,1,96930,0,883329,1594005,33,1075288
2025-04-29 22:23:08,0,level_complete,8014,1,96931,0,883356,1594067,31,1075319
2025-04-29 22:23:08,0,level_complete,8015,1,96934,0,883409,1594129,40,1075398
2025-04-29 22:23:09,0,level_complete,8016,1,96941,0,883500,1594219,35,1075505
2025-04-29 22:23:11,0,level_complete,8017,1,96947,0,883614,1594574,40,1075665
2025-04-29 22:23:12,0,level_complete,8018,1,96950,0,883677,1594648,29,1075736
2025-04-29 22:23:13,0,level_complete,8019,1,96963,0,883868,1594898,30,1075963
2025-04-29 22:23:14,0,level_complete,8020,1,96965,0,883900,1594932,30,1076001
2025-04-29 22:23:14,0,level_complete,8021,1,96971,0,883960,1594996,35,1076078
2025-04-29 22:23:14,0,level_complete,8022,1,96972,0,883987,1595036,37,1076115
2025-04-29 22:23:15,0,level_complete,8023,1,96973,0,884014,1595092,32,1076147
2025-04-29 22:23:15,0,level_complete,8024,1,96975,0,884051,1595150,32,1076190
2025-04-29 22:23:16,0,level_complete,8025,1,96978,0,884110,1595247,30,1076262
2025-04-29 22:23:16,0,level_complete,8026,1,96980,0,884157,1595299,31,1076313
2025-04-29 22:23:18,0,level_complete,8027,1,96985,0,884244,1595565,31,1076416
2025-04-29 22:23:19,0,training_run_ep 97000,-,1,97001,0,884324,1595642,0,1076512
2025-04-29 22:23:20,0,level_complete,8028,1,97015,0,884454,1595771,35,1076668
2025-04-29 22:23:20,0,level_complete,8029,1,97020,0,884521,1595841,30,1076751
2025-04-29 22:23:21,0,level_complete,8030,1,97022,0,884574,1595946,29,1076812
2025-04-29 22:23:21,0,level_complete,8031,1,97023,0,884601,1595988,33,1076845
2025-04-29 22:23:21,0,level_complete,8032,1,97024,0,884628,1596023,28,1076873
2025-04-29 22:23:22,0,level_complete,8033,1,97025,0,884655,1596060,38,1076911
2025-04-29 22:23:22,0,level_complete,8034,1,97027,0,884703,1596132,33,1076969
2025-04-29 22:23:22,0,level_complete,8035,1,97028,0,884730,1596170,30,1076999
2025-04-29 22:23:23,0,level_complete,8036,1,97031,0,884773,1596282,30,1077045
2025-04-29 22:23:24,0,level_complete,8037,1,97033,0,884821,1596342,31,1077101
2025-04-29 22:23:26,0,level_complete,8038,1,97039,0,884929,1596647,33,1077232
2025-04-29 22:23:26,0,level_complete,8039,1,97043,0,884991,1596730,31,1077306
2025-04-29 22:23:27,0,level_complete,8040,1,97050,0,885115,1596903,37,1077458
2025-04-29 22:23:28,0,level_complete,8041,1,97054,0,885193,1596987,41,1077556
2025-04-29 22:23:28,0,level_complete,8042,1,97056,0,885236,1597045,31,1077611
2025-04-29 22:23:29,0,level_complete,8043,1,97063,0,885328,1597154,33,1077724
2025-04-29 22:23:29,0,level_complete,8044,1,97065,0,885371,1597209,30,1077774
2025-04-29 22:23:30,0,level_complete,8045,1,97066,0,885398,1597238,32,1077806
2025-04-29 22:23:30,0,level_complete,8046,1,97067,0,885425,1597291,32,1077838
2025-04-29 22:23:31,0,level_complete,8047,1,97072,0,885503,1597391,29,1077925
2025-04-29 22:23:31,0,level_complete,8048,1,97074,0,885554,1597503,31,1077984
2025-04-29 22:23:32,0,level_complete,8049,1,97075,0,885581,1597551,30,1078014
2025-04-29 22:23:32,0,level_complete,8050,1,97076,0,885608,1597593,31,1078045
2025-04-29 22:23:32,0,level_complete,8051,1,97077,0,885635,1597632,34,1078079
2025-04-29 22:23:32,0,level_complete,8052,1,97078,0,885662,1597672,30,1078109
2025-04-29 22:23:33,0,level_complete,8053,1,97079,0,885689,1597714,31,1078140
2025-04-29 22:23:35,0,level_complete,8054,1,97086,0,885789,1598042,31,1078259
2025-04-29 22:23:35,0,level_complete,8055,1,97088,0,885821,1598080,29,1078294
2025-04-29 22:23:36,0,level_complete,8056,1,97090,0,885859,1598126,30,1078339
2025-04-29 22:23:36,0,level_complete,8057,1,97095,0,885922,1598193,31,1078417
2025-04-29 22:23:36,0,level_complete,8058,1,97097,0,885950,1598234,32,1078450
2025-04-29 22:23:37,0,level_complete,8059,1,97105,0,886070,1598372,31,1078597
2025-04-29 22:23:41,0,level_complete,8060,1,97118,0,886241,1598955,31,1078806
2025-04-29 22:23:42,0,level_complete,8061,1,97122,0,886297,1599018,38,1078880
2025-04-29 22:23:44,0,level_complete,8062,1,97148,0,886618,1599349,31,1079303
2025-04-29 22:23:44,0,level_complete,8063,1,97149,0,886645,1599422,34,1079337
2025-04-29 22:23:47,0,level_complete,8064,1,97175,0,886888,1599801,31,1079640
2025-04-29 22:23:52,0,level_complete,8065,1,97240,0,887632,1600554,33,1080549
2025-04-29 22:23:56,0,level_complete,8066,1,97254,0,887776,1601129,32,1080724
2025-04-29 22:23:58,0,level_complete,8067,1,97272,0,888019,1601414,34,1081040
2025-04-29 22:23:59,0,level_complete,8068,1,97278,0,888090,1601503,38,1081128
2025-04-29 22:24:10,0,level_complete,8069,1,97285,0,888171,1603098,37,1081224
2025-04-29 22:24:11,0,level_complete,8070,1,97297,0,888336,1603265,36,1081432
2025-04-29 22:24:12,0,level_complete,8071,1,97317,0,888497,1603434,33,1081636
2025-04-29 22:24:15,0,level_complete,8072,1,97353,0,888899,1603881,32,1082129
2025-04-29 22:24:15,0,level_complete,8073,1,97354,0,888926,1603909,33,1082162
2025-04-29 22:24:16,0,level_complete,8074,1,97367,0,889083,1604068,30,1082358
2025-04-29 22:24:17,0,level_complete,8075,1,97368,0,889110,1604088,43,1082401
2025-04-29 22:24:18,0,level_complete,8076,1,97375,0,889250,1604294,37,1082591
2025-04-29 22:24:18,0,level_complete,8077,1,97376,0,889277,1604326,30,1082621
2025-04-29 22:24:19,0,level_complete,8078,1,97378,0,889313,1604381,31,1082662
2025-04-29 22:24:19,0,level_complete,8079,1,97383,0,889383,1604467,35,1082744
2025-04-29 22:24:20,0,level_complete,8080,1,97387,0,889480,1604574,34,1082861
2025-04-29 22:24:20,0,level_complete,8081,1,97389,0,889530,1604645,33,1082921
2025-04-29 22:24:22,0,level_complete,8082,1,97399,0,889699,1604845,34,1083125
2025-04-29 22:24:22,0,level_complete,8083,1,97405,0,889798,1604949,42,1083266
2025-04-29 22:24:23,0,level_complete,8084,1,97415,0,889901,1605047,34,1083387
2025-04-29 22:24:24,0,level_complete,8085,1,97423,0,889982,1605173,34,1083484
2025-04-29 22:24:24,0,level_complete,8086,1,97424,0,890009,1605210,30,1083514
2025-04-29 22:24:27,0,level_complete,8087,1,97437,0,890249,1605594,46,1083821
2025-04-29 22:24:27,0,level_complete,8088,1,97438,0,890276,1605636,31,1083852
2025-04-29 22:24:28,0,level_complete,8089,1,97442,0,890344,1605727,30,1083936
2025-04-29 22:24:28,0,level_complete,8090,1,97448,0,890448,1605844,36,1084059
2025-04-29 22:24:29,0,level_complete,8091,1,97450,0,890487,1605905,30,1084101
2025-04-29 22:24:29,0,level_complete,8092,1,97451,0,890514,1605942,32,1084133
2025-04-29 22:24:30,0,level_complete,8093,1,97455,0,890560,1606026,31,1084185
2025-04-29 22:24:30,0,level_complete,8094,1,97457,0,890601,1606084,30,1084235
2025-04-29 22:24:30,0,level_complete,8095,1,97459,0,890630,1606152,37,1084274
2025-04-29 22:24:31,0,level_complete,8096,1,97460,0,890657,1606175,42,1084316
2025-04-29 22:24:31,0,level_complete,8097,1,97461,0,890684,1606219,30,1084346
2025-04-29 22:24:31,0,level_complete,8098,1,97467,0,890725,1606274,31,1084391
2025-04-29 22:24:32,0,level_complete,8099,1,97469,0,890765,1606330,27,1084433
2025-04-29 22:24:32,0,level_complete,8100,1,97470,0,890792,1606383,39,1084472
2025-04-29 22:24:32,0,level_complete,8101,1,97471,0,890819,1606420,34,1084506
2025-04-29 22:24:32,0,level_complete,8102,1,97472,0,890846,1606444,41,1084547
2025-04-29 22:24:33,0,level_complete,8103,1,97476,0,890908,1606502,41,1084639
2025-04-29 22:24:33,0,level_complete,8104,1,97477,0,890935,1606545,32,1084671
2025-04-29 22:24:34,0,level_complete,8105,1,97481,0,890990,1606618,35,1084742
2025-04-29 22:24:34,0,level_complete,8106,1,97482,0,891017,1606664,27,1084769
2025-04-29 22:24:34,0,level_complete,8107,1,97483,0,891044,1606701,36,1084805
2025-04-29 22:24:35,0,level_complete,8108,1,97485,0,891095,1606769,32,1084869
2025-04-29 22:24:35,0,level_complete,8109,1,97486,0,891122,1606804,31,1084900
2025-04-29 22:24:35,0,level_complete,8110,1,97488,0,891152,1606837,29,1084932
2025-04-29 22:24:35,0,level_complete,8111,1,97489,0,891179,1606872,31,1084963
2025-04-29 22:24:36,0,level_complete,8112,1,97490,0,891206,1606922,33,1084996
2025-04-29 22:24:36,0,level_complete,8113,1,97491,0,891233,1606951,32,1085028
2025-04-29 22:24:36,0,level_complete,8114,1,97494,0,891306,1607046,34,1085120
2025-04-29 22:24:37,0,level_complete,8115,1,97497,0,891372,1607144,28,1085198
2025-04-29 22:24:38,0,training_run_ep 97500,-,1,97501,0,891421,1607196,0,1085260
2025-04-29 22:24:38,0,level_complete,8116,1,97504,0,891452,1607232,31,1085295
2025-04-29 22:24:41,0,level_complete,8117,1,97510,0,891586,1607662,31,1085463
2025-04-29 22:24:41,0,level_complete,8118,1,97511,0,891613,1607694,32,1085495
2025-04-29 22:24:41,0,level_complete,8119,1,97513,0,891645,1607749,35,1085536
2025-04-29 22:24:42,0,level_complete,8120,1,97515,0,891693,1607813,32,1085590
2025-04-29 22:24:42,0,level_complete,8121,1,97518,0,891750,1607870,36,1085663
2025-04-29 22:24:43,0,level_complete,8122,1,97520,0,891794,1607928,30,1085725
2025-04-29 22:24:43,0,level_complete,8123,1,97522,0,891837,1607978,36,1085780
2025-04-29 22:24:43,0,level_complete,8124,1,97523,0,891864,1608057,30,1085810
2025-04-29 22:24:44,0,level_complete,8125,1,97526,0,891904,1608120,30,1085856
2025-04-29 22:24:45,0,level_complete,8126,1,97531,0,891974,1608212,31,1085938
2025-04-29 22:24:46,0,level_complete,8127,1,97545,0,892148,1608394,31,1086148
2025-04-29 22:24:46,0,level_complete,8128,1,97548,0,892192,1608447,33,1086202
2025-04-29 22:24:46,0,level_complete,8129,1,97549,0,892219,1608479,32,1086234
2025-04-29 22:24:51,0,level_complete,8130,1,97586,0,892635,1609207,29,1086749
2025-04-29 22:24:51,0,level_complete,8131,1,97587,0,892662,1609255,33,1086782
2025-04-29 22:24:52,0,level_complete,8132,1,97594,0,892778,1609397,50,1086945
2025-04-29 22:24:53,0,level_complete,8133,1,97595,0,892805,1609428,30,1086975
2025-04-29 22:24:53,0,level_complete,8134,1,97602,0,892889,1609517,34,1087086
2025-04-29 22:24:54,0,level_complete,8135,1,97604,0,892940,1609617,30,1087141
2025-04-29 22:24:54,0,level_complete,8136,1,97606,0,892991,1609670,34,1087223
2025-04-29 22:24:55,0,level_complete,8137,1,97616,0,893135,1609831,29,1087404
2025-04-29 22:24:56,0,level_complete,8138,1,97618,0,893163,1609865,32,1087437
2025-04-29 22:24:56,0,level_complete,8139,1,97622,0,893244,1609973,33,1087533
2025-04-29 22:24:57,0,level_complete,8140,1,97629,0,893338,1610069,30,1087642
2025-04-29 22:24:57,0,level_complete,8141,1,97631,0,893377,1610144,36,1087691
2025-04-29 22:24:58,0,level_complete,8142,1,97633,0,893419,1610218,28,1087737
2025-04-29 22:24:59,0,level_complete,8143,1,97641,0,893544,1610357,32,1087888
2025-04-29 22:25:00,0,level_complete,8144,1,97651,0,893719,1610546,29,1088121
2025-04-29 22:25:01,0,level_complete,8145,1,97655,0,893787,1610609,32,1088204
2025-04-29 22:25:02,0,level_complete,8146,1,97664,0,893951,1610784,36,1088428
2025-04-29 22:25:03,0,level_complete,8147,1,97669,0,894035,1610974,31,1088530
2025-04-29 22:25:05,0,level_complete,8148,1,97684,0,894346,1611342,29,1088902
2025-04-29 22:25:06,0,level_complete,8149,1,97691,0,894453,1611502,33,1089024
2025-04-29 22:25:07,0,level_complete,8150,1,97692,0,894480,1611532,32,1089056
2025-04-29 22:25:07,0,level_complete,8151,1,97694,0,894530,1611584,37,1089117
2025-04-29 22:25:08,0,level_complete,8152,1,97698,0,894623,1611696,28,1089225
2025-04-29 22:25:08,0,level_complete,8153,1,97703,0,894686,1611762,31,1089301
2025-04-29 22:25:09,0,level_complete,8154,1,97717,0,894845,1611936,29,1089484
2025-04-29 22:25:10,0,level_complete,8155,1,97720,0,894915,1612019,36,1089583
2025-04-29 22:25:12,0,level_complete,8156,1,97743,0,895169,1612299,32,1089889
2025-04-29 22:25:12,0,level_complete,8157,1,97746,0,895208,1612355,32,1089936
2025-04-29 22:25:13,0,level_complete,8158,1,97753,0,895291,1612435,37,1090035
2025-04-29 22:25:13,0,level_complete,8159,1,97754,0,895318,1612478,30,1090065
2025-04-29 22:25:15,0,level_complete,8160,1,97775,0,895625,1612793,49,1090476
2025-04-29 22:25:15,0,level_complete,8161,1,97776,0,895652,1612819,37,1090513
2025-04-29 22:25:17,0,level_complete,8162,1,97792,0,895873,1613066,30,1090781
2025-04-29 22:25:17,0,level_complete,8163,1,97793,0,895900,1613108,30,1090811
2025-04-29 22:25:18,0,level_complete,8164,1,97796,0,895955,1613188,36,1090877
2025-04-29 22:25:18,0,level_complete,8165,1,97797,0,895982,1613228,29,1090906
2025-04-29 22:25:18,0,level_complete,8166,1,97800,0,896037,1613302,30,1090968
2025-04-29 22:25:19,0,level_complete,8167,1,97801,0,896064,1613336,36,1091004
2025-04-29 22:25:20,0,level_complete,8168,1,97811,0,896198,1613469,35,1091175
2025-04-29 22:25:20,0,level_complete,8169,1,97814,0,896259,1613544,29,1091244
2025-04-29 22:25:21,0,level_complete,8170,1,97819,0,896327,1613629,29,1091332
2025-04-29 22:25:21,0,level_complete,8171,1,97823,0,896414,1613736,34,1091449
2025-04-29 22:25:22,0,level_complete,8172,1,97827,0,896489,1613832,33,1091544
2025-04-29 22:25:22,0,level_complete,8173,1,97829,0,896528,1613895,29,1091586
2025-04-29 22:25:23,0,level_complete,8174,1,97830,0,896555,1613977,35,1091621
2025-04-29 22:25:23,0,level_complete,8175,1,97831,0,896582,1614018,27,1091648
2025-04-29 22:25:24,0,level_complete,8176,1,97835,0,896644,1614118,30,1091720
2025-04-29 22:25:24,0,level_complete,8177,1,97837,0,896680,1614181,33,1091762
2025-04-29 22:25:25,0,level_complete,8178,1,97840,0,896710,1614210,37,1091802
2025-04-29 22:25:25,0,level_complete,8179,1,97841,0,896737,1614247,30,1091832
2025-04-29 22:25:25,0,level_complete,8180,1,97843,0,896780,1614294,29,1091879
2025-04-29 22:25:25,0,level_complete,8181,1,97844,0,896807,1614332,30,1091909
2025-04-29 22:25:26,0,level_complete,8182,1,97856,0,896959,1614487,30,1092097
2025-04-29 22:25:28,0,level_complete,8183,1,97863,0,897097,1614753,30,1092258
2025-04-29 22:25:28,0,level_complete,8184,1,97864,0,897124,1614784,33,1092291
2025-04-29 22:25:29,0,level_complete,8185,1,97867,0,897180,1614845,30,1092361
2025-04-29 22:25:29,0,level_complete,8186,1,97870,0,897238,1614937,35,1092429
2025-04-29 22:25:30,0,level_complete,8187,1,97871,0,897265,1614973,34,1092463
2025-04-29 22:25:30,0,level_complete,8188,1,97874,0,897324,1615049,38,1092539
2025-04-29 22:25:30,0,level_complete,8189,1,97875,0,897351,1615087,32,1092571
2025-04-29 22:25:31,0,level_complete,8190,1,97884,0,897495,1615264,32,1092742
2025-04-29 22:25:32,0,level_complete,8191,1,97885,0,897522,1615296,29,1092771
2025-04-29 22:25:32,0,level_complete,8192,1,97886,0,897549,1615339,29,1092800
2025-04-29 22:25:32,0,level_complete,8193,1,97889,0,897607,1615403,36,1092872
2025-04-29 22:25:33,0,level_complete,8194,1,97894,0,897691,1615496,33,1092974
2025-04-29 22:25:33,0,level_complete,8195,1,97896,0,897742,1615562,33,1093034
2025-04-29 22:25:35,0,level_complete,8196,1,97911,0,897954,1615767,33,1093286
2025-04-29 22:25:36,0,level_complete,8197,1,97917,0,898054,1615914,29,1093399
2025-04-29 22:26:44,0,level_complete,8198,1,97927,0,898204,1626897,33,1093582
2025-04-29 22:26:46,0,level_complete,8199,1,97938,0,898417,1627172,30,1093821
2025-04-29 22:26:46,0,level_complete,8200,1,97941,0,898467,1627224,31,1093878
2025-04-29 22:26:47,0,level_complete,8201,1,97949,0,898588,1627400,29,1094022
2025-04-29 22:26:48,0,level_complete,8202,1,97953,0,898670,1627482,31,1094123
2025-04-29 22:26:48,0,level_complete,8203,1,97955,0,898720,1627539,34,1094186
2025-04-29 22:26:48,0,level_complete,8204,1,97956,0,898747,1627583,32,1094218
2025-04-29 22:26:49,0,level_complete,8205,1,97961,0,898844,1627675,35,1094351
2025-04-29 22:26:49,0,level_complete,8206,1,97962,0,898871,1627700,39,1094390
2025-04-29 22:26:50,0,level_complete,8207,1,97963,0,898898,1627788,30,1094420
2025-04-29 22:26:50,0,level_complete,8208,1,97967,0,898965,1627889,36,1094503
2025-04-29 22:26:51,0,level_complete,8209,1,97974,0,899067,1628055,30,1094618
2025-04-29 22:26:52,0,level_complete,8210,1,97975,0,899094,1628095,32,1094650
2025-04-29 22:26:52,0,level_complete,8211,1,97981,0,899171,1628177,30,1094739
2025-04-29 22:26:52,0,level_complete,8212,1,97982,0,899198,1628202,40,1094779
2025-04-29 22:26:53,0,level_complete,8213,1,97983,0,899225,1628234,30,1094809
2025-04-29 22:26:55,0,training_run_ep 98000,-,1,98001,0,899477,1628510,0,1095112
2025-04-29 22:26:57,0,level_complete,8214,1,98017,0,899746,1628808,31,1095471
2025-04-29 22:26:58,0,level_complete,8215,1,98023,0,899826,1628884,34,1095577
2025-04-29 22:26:58,0,level_complete,8216,1,98027,0,899912,1628988,31,1095669
2025-04-29 22:26:59,0,level_complete,8217,1,98031,0,899984,1629090,30,1095752
2025-04-29 22:26:59,0,level_complete,8218,1,98032,0,900011,1629125,40,1095792
2025-04-29 22:27:00,0,level_complete,8219,1,98035,0,900074,1629232,35,1095874
2025-04-29 22:27:00,0,level_complete,8220,1,98037,0,900109,1629290,29,1095913
2025-04-29 22:27:00,0,level_complete,8221,1,98038,0,900136,1629319,28,1095941
2025-04-29 22:27:01,0,level_complete,8222,1,98039,0,900163,1629352,32,1095973
2025-04-29 22:27:01,0,level_complete,8223,1,98042,0,900210,1629405,31,1096029
2025-04-29 22:27:01,0,level_complete,8224,1,98043,0,900237,1629428,36,1096065
2025-04-29 22:27:02,0,level_complete,8225,1,98047,0,900300,1629504,33,1096136
2025-04-29 22:27:02,0,level_complete,8226,1,98048,0,900327,1629542,30,1096166
2025-04-29 22:27:04,0,level_complete,8227,1,98063,0,900577,1629849,44,1096486
2025-04-29 22:27:05,0,level_complete,8228,1,98078,0,900783,1630037,29,1096747
2025-04-29 22:27:06,0,level_complete,8229,1,98079,0,900810,1630083,35,1096782
2025-04-29 22:27:06,0,level_complete,8230,1,98083,0,900864,1630144,37,1096848
2025-04-29 22:27:07,0,level_complete,8231,1,98085,0,900912,1630227,28,1096898
2025-04-29 22:27:08,0,level_complete,8232,1,98097,0,901079,1630405,30,1097097
2025-04-29 22:27:09,0,level_complete,8233,1,98109,0,901245,1630583,33,1097288
2025-04-29 22:27:11,0,level_complete,8234,1,98142,0,901589,1630941,43,1097721
2025-04-29 22:27:12,0,level_complete,8235,1,98148,0,901644,1631002,37,1097788
2025-04-29 22:27:13,0,level_complete,8236,1,98157,0,901782,1631136,30,1097947
2025-04-29 22:27:16,0,level_complete,8237,1,98195,0,902078,1631607,39,1098302
2025-04-29 22:27:17,0,level_complete,8238,1,98200,0,902115,1631666,30,1098342
2025-04-29 22:27:20,0,level_complete,8239,1,98229,0,902532,1632127,33,1098855
2025-04-29 22:27:20,0,level_complete,8240,1,98230,0,902559,1632155,33,1098888
2025-04-29 22:27:20,0,level_complete,8241,1,98233,0,902621,1632231,34,1098966
2025-04-29 22:27:20,0,level_complete,8242,1,98234,0,902648,1632255,35,1099001
2025-04-29 22:27:21,0,level_complete,8243,1,98236,0,902689,1632302,31,1099048
2025-04-29 22:27:21,0,level_complete,8244,1,98239,0,902744,1632370,32,1099124
2025-04-29 22:27:22,0,level_complete,8245,1,98241,0,902792,1632420,34,1099183
2025-04-29 22:27:22,0,level_complete,8246,1,98242,0,902819,1632479,29,1099212
2025-04-29 22:27:22,0,level_complete,8247,1,98244,0,902859,1632533,29,1099260
2025-04-29 22:27:23,0,level_complete,8248,1,98247,0,902930,1632606,35,1099348
2025-04-29 22:27:29,0,level_complete,8249,1,98249,0,902969,1633593,32,1099393
2025-04-29 22:27:30,0,level_complete,8250,1,98251,0,903021,1633671,34,1099453
2025-04-29 22:27:30,0,level_complete,8251,1,98252,0,903048,1633707,30,1099483
2025-04-29 22:27:32,0,level_complete,8252,1,98271,0,903270,1633925,32,1099759
2025-04-29 22:27:32,0,level_complete,8253,1,98272,0,903297,1633952,31,1099790
2025-04-29 22:27:33,0,level_complete,8254,1,98288,0,903492,1634181,29,1100034
2025-04-29 22:27:34,0,level_complete,8255,1,98292,0,903561,1634263,33,1100120
2025-04-29 22:27:35,0,level_complete,8256,1,98294,0,903614,1634356,30,1100182
2025-04-29 22:27:35,0,level_complete,8257,1,98295,0,903641,1634399,32,1100214
2025-04-29 22:27:36,0,level_complete,8258,1,98307,0,903772,1634530,35,1100371
2025-04-29 22:27:36,0,level_complete,8259,1,98309,0,903799,1634587,33,1100404
2025-04-29 22:27:37,0,level_complete,8260,1,98311,0,903849,1634653,33,1100464
2025-04-29 22:27:38,0,level_complete,8261,1,98314,0,903928,1634798,34,1100559
2025-04-29 22:27:39,0,level_complete,8262,1,98325,0,904085,1634978,30,1100746
2025-04-29 22:27:41,0,level_complete,8263,1,98348,0,904448,1635352,38,1101186
2025-04-29 22:27:45,0,level_complete,8264,1,98354,0,904566,1635899,28,1101332
2025-04-29 22:27:47,0,level_complete,8265,1,98369,0,904720,1636132,31,1101507
2025-04-29 22:27:50,0,level_complete,8266,1,98412,0,905144,1636557,36,1102028
2025-04-29 22:27:52,0,level_complete,8267,1,98425,0,905343,1636850,39,1102296
2025-04-29 22:27:52,0,level_complete,8268,1,98429,0,905410,1636937,29,1102372
2025-04-29 22:27:53,0,level_complete,8269,1,98432,0,905479,1636998,32,1102469
2025-04-29 22:27:53,0,level_complete,8270,1,98433,0,905506,1637044,30,1102499
2025-04-29 22:27:53,0,level_complete,8271,1,98434,0,905533,1637082,32,1102531
2025-04-29 22:27:54,0,level_complete,8272,1,98437,0,905593,1637156,36,1102610
2025-04-29 22:27:54,0,level_complete,8273,1,98438,0,905620,1637187,33,1102643
2025-04-29 22:27:54,0,level_complete,8274,1,98439,0,905647,1637250,31,1102674
2025-04-29 22:27:55,0,level_complete,8275,1,98445,0,905721,1637312,38,1102769
2025-04-29 22:27:55,0,level_complete,8276,1,98449,0,905763,1637380,31,1102816
2025-04-29 22:27:56,0,level_complete,8277,1,98450,0,905790,1637434,35,1102851
2025-04-29 22:27:57,0,level_complete,8278,1,98462,0,905947,1637628,40,1103051
2025-04-29 22:27:58,0,level_complete,8279,1,98469,0,906037,1637726,34,1103164
2025-04-29 22:27:58,0,level_complete,8280,1,98470,0,906064,1637758,36,1103200
2025-04-29 22:27:59,0,level_complete,8281,1,98484,0,906221,1637954,30,1103396
2025-04-29 22:27:59,0,level_complete,8282,1,98486,0,906260,1637991,34,1103444
2025-04-29 22:28:01,0,training_run_ep 98500,-,1,98501,0,906486,1638213,0,1103725
2025-04-29 22:28:06,0,level_complete,8283,1,98585,0,907047,1638774,32,1104366
2025-04-29 22:28:08,0,level_complete,8284,1,98618,0,907315,1639159,30,1104669
2025-04-29 22:28:10,0,level_complete,8285,1,98631,0,907450,1639422,40,1104844
2025-04-29 22:28:13,0,level_complete,8286,1,98668,0,907807,1639813,32,1105271
2025-04-29 22:28:14,0,level_complete,8287,1,98682,0,907995,1640032,38,1105502
2025-04-29 22:28:15,0,level_complete,8288,1,98705,0,908197,1640234,33,1105741
2025-04-29 22:28:16,0,level_complete,8289,1,98707,0,908232,1640272,32,1105783
2025-04-29 22:28:16,0,level_complete,8290,1,98708,0,908259,1640310,31,1105814
2025-04-29 22:28:17,0,level_complete,8291,1,98723,0,908413,1640482,32,1106003
2025-04-29 22:28:17,0,level_complete,8292,1,98724,0,908440,1640507,38,1106041
2025-04-29 22:28:18,0,level_complete,8293,1,98726,0,908484,1640568,33,1106099
2025-04-29 22:28:18,0,level_complete,8294,1,98730,0,908541,1640623,34,1106168
2025-04-29 22:28:20,0,level_complete,8295,1,98747,0,908819,1640978,33,1106506
2025-04-29 22:28:21,0,level_complete,8296,1,98757,0,908948,1641109,31,1106670
2025-04-29 22:28:22,0,level_complete,8297,1,98770,0,909079,1641260,28,1106819
2025-04-29 22:28:23,0,level_complete,8298,1,98784,0,909233,1641406,35,1107010
2025-04-29 22:28:25,0,level_complete,8299,1,98802,0,909408,1641591,30,1107219
2025-04-29 22:28:26,0,level_complete,8300,1,98814,0,909542,1641748,32,1107376
2025-04-29 22:28:27,0,level_complete,8301,1,98830,0,909660,1641954,35,1107516
2025-04-29 22:28:28,0,level_complete,8302,1,98841,0,909756,1642074,28,1107622
2025-04-29 22:28:29,0,level_complete,8303,1,98846,0,909839,1642177,31,1107718
2025-04-29 22:28:33,0,level_complete,8304,1,98901,0,910424,1642752,31,1108465
2025-04-29 22:28:33,0,level_complete,8305,1,98907,0,910514,1642877,28,1108565
2025-04-29 22:28:34,0,level_complete,8306,1,98909,0,910554,1642916,30,1108619
2025-04-29 22:28:34,0,level_complete,8307,1,98911,0,910582,1642970,29,1108649
2025-04-29 22:28:36,0,level_complete,8308,1,98940,0,910798,1643174,29,1108912
2025-04-29 22:28:36,0,level_complete,8309,1,98944,0,910875,1643252,43,1109014
2025-04-29 22:28:37,0,level_complete,8310,1,98952,0,911003,1643453,28,1109166
2025-04-29 22:28:38,0,level_complete,8311,1,98953,0,911030,1643495,31,1109197
2025-04-29 22:28:38,0,level_complete,8312,1,98955,0,911083,1643568,32,1109258
2025-04-29 22:28:38,0,level_complete,8313,1,98957,0,911120,1643616,30,1109298
2025-04-29 22:28:39,0,level_complete,8314,1,98963,0,911213,1643715,36,1109410
2025-04-29 22:28:39,0,level_complete,8315,1,98964,0,911240,1643761,28,1109438
2025-04-29 22:28:41,0,level_complete,8316,1,98983,0,911453,1644058,36,1109711
2025-04-29 22:28:42,0,level_complete,8317,1,98987,0,911525,1644157,33,1109794
2025-04-29 22:28:43,0,level_complete,8318,1,98999,0,911653,1644297,34,1109944
2025-04-29 22:28:44,0,level_complete,8319,1,99001,0,911706,1644369,34,1110011
2025-04-29 22:28:44,0,training_run_ep 99000,-,1,99001,0,911706,1644369,34,1110011
2025-04-29 22:28:45,0,level_complete,8320,1,99004,0,911784,1644455,33,1110101
2025-04-29 22:28:45,0,level_complete,8321,1,99008,0,911865,1644534,34,1110201
2025-04-29 22:28:45,0,level_complete,8322,1,99009,0,911892,1644572,30,1110231
2025-04-29 22:28:46,0,level_complete,8323,1,99011,0,911930,1644635,29,1110276
2025-04-29 22:28:46,0,level_complete,8324,1,99018,0,912003,1644707,33,1110365
2025-04-29 22:28:47,0,level_complete,8325,1,99019,0,912030,1644738,36,1110401
2025-04-29 22:28:48,0,level_complete,8326,1,99027,0,912168,1644942,35,1110558
2025-04-29 22:28:48,0,level_complete,8327,1,99029,0,912204,1644985,32,1110603
2025-04-29 22:28:49,0,level_complete,8328,1,99030,0,912231,1645029,32,1110635
2025-04-29 22:28:49,0,level_complete,8329,1,99038,0,912353,1645157,27,1110781
2025-04-29 22:28:50,0,level_complete,8330,1,99040,0,912405,1645218,35,1110854
2025-04-29 22:28:51,0,level_complete,8331,1,99057,0,912593,1645432,31,1111068
2025-04-29 22:28:53,0,level_complete,8332,1,99078,0,912816,1645721,34,1111332
2025-04-29 22:28:55,0,level_complete,8333,1,99088,0,912979,1645927,30,1111544
2025-04-29 22:28:55,0,level_complete,8334,1,99091,0,913014,1645980,30,1111583
2025-04-29 22:28:55,0,level_complete,8335,1,99092,0,913041,1646004,36,1111619
2025-04-29 22:28:55,0,level_complete,8336,1,99094,0,913068,1646041,29,1111648
2025-04-29 22:28:56,0,level_complete,8337,1,99097,0,913105,1646091,44,1111703
2025-04-29 22:28:56,0,level_complete,8338,1,99099,0,913152,1646146,31,1111762
2025-04-29 22:28:57,0,level_complete,8339,1,99105,0,913266,1646280,32,1111907
2025-04-29 22:28:58,0,level_complete,8340,1,99119,0,913426,1646457,31,1112092
2025-04-29 22:28:59,0,level_complete,8341,1,99127,0,913503,1646535,35,1112187
2025-04-29 22:28:59,0,level_complete,8342,1,99129,0,913546,1646584,32,1112238
2025-04-29 22:29:00,0,level_complete,8343,1,99137,0,913688,1646732,40,1112418
2025-04-29 22:29:03,0,level_complete,8344,1,99154,0,913977,1647128,28,1112769
2025-04-29 22:29:03,0,level_complete,8345,1,99163,0,914045,1647190,31,1112853
2025-04-29 22:29:07,0,level_complete,8346,1,99185,0,914267,1647837,34,1113132
2025-04-29 22:29:08,0,level_complete,8347,1,99188,0,914307,1647898,30,1113178
2025-04-29 22:29:09,0,level_complete,8348,1,99200,0,914471,1648124,30,1113374
2025-04-29 22:29:12,0,level_complete,8349,1,99223,0,914644,1648461,34,1113591
2025-04-29 22:29:13,0,level_complete,8350,1,99241,0,914812,1648630,32,1113791
2025-04-29 22:29:14,0,level_complete,8351,1,99270,0,914995,1648832,30,1114027
2025-04-29 22:29:15,0,level_complete,8352,1,99271,0,915022,1648879,28,1114055
2025-04-29 22:29:19,0,level_complete,8353,1,99330,0,915566,1649506,31,1114721
2025-04-29 22:29:20,0,level_complete,8354,1,99337,0,915675,1649643,32,1114848
2025-04-29 22:29:20,0,level_complete,8355,1,99338,0,915702,1649672,31,1114879
2025-04-29 22:29:21,0,level_complete,8356,1,99350,0,915842,1649847,32,1115043
2025-04-29 22:29:23,0,level_complete,8357,1,99366,0,916010,1650061,32,1115249
2025-04-29 22:29:25,0,level_complete,8358,1,99392,0,916278,1650347,38,1115583
2025-04-29 22:29:25,0,level_complete,8359,1,99393,0,916305,1650368,39,1115622
2025-04-29 22:29:25,0,level_complete,8360,1,99396,0,916360,1650417,30,1115688
2025-04-29 22:29:25,0,level_complete,8361,1,99397,0,916387,1650445,36,1115724
2025-04-29 22:29:26,0,level_complete,8362,1,99399,0,916436,1650520,34,1115789
2025-04-29 22:29:27,0,level_complete,8363,1,99412,0,916604,1650692,32,1115995
2025-04-29 22:29:27,0,level_complete,8364,1,99413,0,916631,1650713,43,1116038
2025-04-29 22:29:30,0,level_complete,8365,1,99424,0,916787,1651059,35,1116220
2025-04-29 22:29:30,0,level_complete,8366,1,99425,0,916814,1651089,30,1116250
2025-04-29 22:29:30,0,level_complete,8367,1,99426,0,916841,1651134,28,1116278
2025-04-29 22:29:30,0,level_complete,8368,1,99429,0,916884,1651192,32,1116327
2025-04-29 22:29:31,0,level_complete,8369,1,99430,0,916911,1651234,37,1116364
2025-04-29 22:29:31,0,level_complete,8370,1,99432,0,916957,1651304,33,1116421
2025-04-29 22:29:32,0,level_complete,8371,1,99439,0,917066,1651417,32,1116546
2025-04-29 22:29:33,0,level_complete,8372,1,99447,0,917212,1651570,30,1116716
2025-04-29 22:29:34,0,level_complete,8373,1,99450,0,917290,1651660,36,1116814
2025-04-29 22:29:34,0,level_complete,8374,1,99452,0,917341,1651751,30,1116872
2025-04-29 22:29:34,0,level_complete,8375,1,99453,0,917368,1651774,31,1116903
2025-04-29 22:29:35,0,level_complete,8376,1,99454,0,917395,1651812,35,1116938
2025-04-29 22:29:38,0,training_run_ep 99500,-,1,99501,0,917869,1652229,0,1117527
2025-04-29 22:29:41,0,level_complete,8377,1,99552,0,918321,1652682,30,1118076
2025-04-29 22:29:42,0,level_complete,8378,1,99556,0,918391,1652765,30,1118169
2025-04-29 22:29:42,0,level_complete,8379,1,99559,0,918435,1652859,29,1118223
2025-04-29 22:29:44,0,level_complete,8380,1,99577,0,918612,1653035,32,1118437
2025-04-29 22:29:47,0,level_complete,8381,1,99589,0,918768,1653483,31,1118638
2025-04-29 22:30:12,0,level_complete,8382,1,99616,0,919052,1657024,35,1118977
2025-04-29 22:30:14,0,level_complete,8383,1,99641,0,919315,1657292,34,1119299
2025-04-29 22:30:15,0,level_complete,8384,1,99656,0,919471,1657476,30,1119477
2025-04-29 22:30:22,0,level_complete,8385,1,99685,0,919796,1658545,30,1119872
2025-04-29 22:30:23,0,level_complete,8386,1,99689,0,919884,1658680,35,1119985
2025-04-29 22:30:25,0,level_complete,8387,1,99715,0,920123,1658913,32,1120273
2025-04-29 22:30:25,0,level_complete,8388,1,99716,0,920150,1658945,32,1120305
2025-04-29 22:30:26,0,level_complete,8389,1,99721,0,920231,1659030,32,1120401
2025-04-29 22:30:27,0,level_complete,8390,1,99738,0,920400,1659208,32,1120615
2025-04-29 22:30:28,0,level_complete,8391,1,99744,0,920477,1659315,30,1120702
2025-04-29 22:30:28,0,level_complete,8392,1,99745,0,920504,1659349,30,1120732
2025-04-29 22:30:29,0,level_complete,8393,1,99763,0,920635,1659480,40,1120891
2025-04-29 22:30:30,0,level_complete,8394,1,99781,0,920755,1659628,34,1121033
2025-04-29 22:30:33,0,level_complete,8395,1,99839,0,921199,1660138,29,1121543
2025-04-29 22:30:40,0,level_complete,8396,1,99860,0,921387,1661083,32,1121789
2025-04-29 22:30:42,0,level_complete,8397,1,99881,0,921616,1661333,29,1122060
2025-04-29 22:30:42,0,level_complete,8398,1,99888,0,921691,1661422,31,1122146
2025-04-29 22:30:45,0,level_complete,8399,1,99908,0,921930,1661812,32,1122422
2025-04-29 22:30:51,0,training_run_ep 100000,-,1,100001,0,922703,1662590,0,1123338
2025-04-29 22:30:51,0,training_end_ep 100000,-,1,100001,0,922703,1662590,0,1123338
2025-04-30 03:41:11,0,level_complete,1,1,80,0,598,715,34,719
2025-04-30 03:42:53,0,level_complete,2,1,82,0,634,764,28,757
2025-04-30 04:04:18,0,level_complete,3,1,115,0,982,1366,29,1172
2025-04-30 04:07:22,0,level_complete,4,1,120,0,1040,1453,28,1233
2025-04-30 04:10:07,0,level_complete,5,1,129,0,1118,1531,33,1322
2025-04-30 04:13:49,0,level_complete,6,1,138,0,1223,1636,32,1462
2025-04-30 04:16:53,0,level_complete,7,1,142,0,1282,1723,31,1531
2025-04-30 04:20:57,0,level_complete,8,1,149,0,1382,1840,44,1658
2025-05-02 18:03:42,0,quit_button,-,1,8,0,26,19,1,41
2025-05-02 18:06:11,0,quit_button,-,1,8,0,62,66,0,71
2025-05-02 18:08:55,0,quit_button,-,1,10,0,60,63,2,69
2025-05-02 18:11:02,0,quit_button,-,1,11,0,44,55,1,50
2025-05-02 18:16:10,0,quit_button,-,1,2,0,2,3,2,2
2025-05-02 18:16:16,0,quit_button,-,1,2,0,0,0,0,0
2025-05-02 18:19:28,0,quit_button,-,1,5,0,35,64,0,37
2025-05-02 18:22:11,0,quit_button,-,1,13,0,63,66,2,71
2025-05-02 18:26:29,0,quit_button,-,1,10,0,68,61,4,80
2025-05-02 18:37:09,0,quit_button,-,1,6,0,31,23,1,41
2025-05-02 18:40:22,0,quit_button,-,1,7,0,61,64,3,79
