timestamp,game_id,event,level_logged,current_level,attempts_so_far,restart_attempts,total_bricks_destroyed,total_paddle_hits,points_curr,total_points
2025-04-18 17:36:33,0,ctrl_c,-,1,7,0,7,14,3,7
2025-04-18 17:39:16,0,training_run_ep 500,-,1,501,0,235,226,0,244
2025-04-18 17:39:22,0,training_run_ep 1000,-,1,1001,0,677,655,0,699
2025-04-18 17:39:28,0,training_run_ep 1500,-,1,1501,0,1126,1096,0,1184
2025-04-18 17:39:35,0,training_run_ep 2000,-,1,2001,0,1786,1733,0,1902
2025-04-18 17:39:44,0,training_run_ep 2500,-,1,2501,0,2621,2541,0,2838
2025-04-18 17:39:52,0,training_run_ep 3000,-,1,3001,0,3352,3296,0,3638
2025-04-18 17:40:02,0,training_run_ep 3500,-,1,3501,0,4290,4285,0,4698
2025-04-18 17:40:13,0,training_run_ep 4000,-,1,4001,0,5486,5413,0,6081
2025-04-18 17:40:24,0,training_run_ep 4500,-,1,4501,0,6653,6528,0,7399
2025-04-18 17:40:35,0,training_run_ep 5000,-,1,5001,0,7774,7606,0,8645
2025-04-18 17:40:47,0,training_run_ep 5500,-,1,5501,0,9063,8830,0,10114
2025-04-18 17:41:00,0,training_run_ep 6000,-,1,6001,0,10543,10218,0,11877
2025-04-18 17:41:14,0,training_run_ep 6500,-,1,6501,0,12015,11614,0,13583
2025-04-18 17:41:24,0,training_run_ep 7000,-,1,7001,0,13011,12581,0,14701
2025-04-18 17:41:34,0,training_run_ep 7500,-,1,7501,0,13925,13471,0,15723
2025-04-18 17:41:47,0,training_run_ep 8000,-,1,8001,0,15308,14777,0,17312
2025-04-18 17:41:58,0,training_run_ep 8500,-,1,8501,0,16537,15938,0,18739
2025-04-18 17:42:11,0,training_run_ep 9000,-,1,9001,0,17848,17184,0,20207
2025-04-18 17:42:23,0,training_run_ep 9500,-,1,9501,0,19095,18387,0,21580
2025-04-18 17:42:33,0,training_run_ep 10000,-,1,10001,0,20125,19409,0,22721
2025-04-18 17:42:48,0,training_run_ep 10500,-,1,10501,0,21759,20938,0,24614
2025-04-18 17:43:01,0,training_run_ep 11000,-,1,11001,0,23185,22239,0,26282
2025-04-18 17:43:18,0,training_run_ep 11500,-,1,11501,0,24979,23960,0,28314
2025-04-18 17:43:31,0,training_run_ep 12000,-,1,12001,0,26501,25383,0,30083
2025-04-18 17:43:37,0,level_complete,1,1,12202,0,27043,26013,38,30687
2025-04-18 17:43:46,0,training_run_ep 12500,-,2,12501,0,28112,26924,0,32311
2025-04-18 17:43:55,0,level_complete,2,2,12900,0,29395,27952,48,34341
2025-04-18 17:43:57,0,level_complete,3,3,12987,0,30086,28312,158,36405
2025-04-18 17:43:58,0,training_run_ep 13000,-,4,13001,0,30169,28370,0,36540
2025-04-18 17:43:58,0,level_complete,4,4,13002,0,30194,28391,40,36580
2025-04-18 17:44:01,0,level_complete,5,5,13066,0,30864,28775,79,38702
2025-04-18 17:44:09,0,level_complete,6,6,13272,0,32737,29931,129,42924
2025-04-18 17:44:10,0,level_complete,7,7,13280,0,32833,30010,45,43096
2025-04-18 17:44:10,0,game_complete,-,8,13280,0,32833,30010,45,43096
2025-04-18 17:44:19,1,training_run_ep 13500,-,1,13501,0,33814,30945,0,44300
2025-04-18 17:44:35,1,training_run_ep 14000,-,1,14001,0,35466,32489,0,46208
2025-04-18 17:44:51,1,training_run_ep 14500,-,1,14501,0,37228,34132,0,48312
2025-04-18 17:45:07,1,training_run_ep 15000,-,1,15001,0,39168,35904,0,50673
2025-04-18 17:45:23,1,training_run_ep 15500,-,1,15501,0,40687,37383,0,52441
2025-04-18 17:45:36,1,training_run_ep 16000,-,1,16001,0,41961,38735,0,53849
2025-04-18 17:45:42,1,level_complete,8,1,16136,0,42548,39356,39,54552
2025-04-18 17:45:46,1,level_complete,9,2,16210,0,42987,39747,43,55274
2025-04-18 17:45:47,1,level_complete,10,3,16230,0,43227,39878,86,56033
2025-04-18 17:45:53,1,level_complete,11,4,16429,0,44170,40653,37,57332
2025-04-18 17:45:53,1,level_complete,12,5,16446,0,44280,40711,173,57725
2025-04-18 17:45:56,1,training_run_ep 16500,-,6,16501,0,44690,40952,0,58669
2025-04-18 17:46:04,1,level_complete,13,6,16761,0,46293,41995,106,62666
2025-04-18 17:46:13,1,training_run_ep 17000,-,7,17001,0,47833,42948,0,66763
2025-04-18 17:47:44,1,quit,-,7,17005,0,47863,42964,38,66841
2025-04-18 17:47:56,0,training_run_ep 17500,-,1,498,0,591,605,0,649
2025-04-18 17:48:06,0,training_run_ep 18000,-,1,998,0,1644,1606,0,1831
2025-04-18 17:48:22,0,training_run_ep 18500,-,1,1498,0,3509,3494,0,4016
2025-04-18 17:49:16,0,level_complete,1,1,1874,0,4843,9948,40,5527
2025-04-18 17:49:16,0,level_complete,2,2,1880,0,4883,9979,56,5593
2025-04-18 17:49:16,0,level_complete,3,3,1882,0,4915,10003,146,5741
2025-04-18 17:49:20,0,level_complete,4,4,1974,0,5587,10572,33,6784
2025-04-18 17:49:21,0,training_run_ep 19000,-,5,1998,0,5858,10721,0,7456
2025-04-18 17:49:50,0,level_complete,5,5,2108,0,7119,14462,48,10298
2025-04-18 17:50:58,0,level_complete,6,6,2131,0,7362,22723,59,10781
2025-04-18 17:50:58,0,level_complete,7,7,2135,0,7407,22776,53,10867
2025-04-18 17:50:58,0,game_complete,-,8,2135,0,7407,22776,53,10867
2025-04-18 17:50:59,1,level_complete,8,1,2145,0,7517,22902,37,10995
2025-04-18 17:50:59,1,level_complete,9,2,2146,0,7547,22933,47,11042
2025-04-18 17:50:59,1,level_complete,10,3,2151,0,7593,22966,54,11115
2025-04-18 17:51:02,1,level_complete,11,4,2203,0,7941,23281,35,11738
2025-04-18 17:51:03,1,level_complete,12,5,2234,0,8239,23441,208,12725
2025-04-18 17:51:03,1,level_complete,13,6,2241,0,8359,23526,66,12986
2025-04-18 18:53:39,1,quit,-,7,2355,0,9282,24129,325,18151
2025-04-18 18:53:45,0,training_run_ep 19500,-,1,145,0,152,145,0,170
2025-04-18 18:53:57,0,training_run_ep 20000,-,1,645,0,1373,1382,0,1526
2025-04-18 18:54:11,0,training_run_ep 20500,-,1,1145,0,3061,3026,0,3419
2025-04-18 18:54:30,0,training_run_ep 21000,-,1,1645,0,5512,5394,0,6254
2025-04-18 18:54:46,0,training_run_ep 21500,-,1,2145,0,7456,7200,0,8486
2025-04-18 18:54:56,0,level_complete,1,1,2534,0,8666,8403,34,9870
2025-04-18 18:55:00,0,training_run_ep 22000,-,2,2645,0,9280,8867,0,10983
2025-04-18 18:55:18,0,level_complete,2,2,3101,0,12040,11203,47,15375
2025-04-18 18:55:18,0,level_complete,3,3,3124,0,12267,11326,166,16144
2025-04-18 18:55:20,0,training_run_ep 22500,-,4,3145,0,12422,11446,0,16371
2025-04-18 18:55:20,0,level_complete,4,4,3146,0,12447,11467,32,16403
2025-04-18 18:55:21,0,level_complete,5,5,3159,0,12655,11604,80,16895
2025-04-18 18:55:23,0,level_complete,6,6,3188,0,13088,11931,59,17696
2025-04-18 18:55:24,0,level_complete,7,7,3218,0,13469,12192,136,18936
2025-04-18 18:55:24,0,game_complete,-,8,3218,0,13469,12192,136,18936
2025-04-18 18:55:27,1,level_complete,8,1,3258,0,13851,12556,41,19400
2025-04-18 18:55:28,1,level_complete,9,2,3264,0,13934,12619,45,19527
2025-04-18 18:55:29,1,level_complete,10,3,3277,0,14186,12821,241,20441
2025-04-18 18:55:33,1,level_complete,11,4,3371,0,14903,13441,33,21499
2025-04-18 18:55:34,1,level_complete,12,5,3374,0,14983,13501,60,21683
2025-04-18 18:55:34,1,level_complete,13,6,3378,0,15038,13531,88,21876
2025-04-18 18:55:35,1,level_complete,14,7,3391,0,15166,13622,76,22337
2025-04-18 18:55:35,1,game_complete,-,8,3391,0,15166,13622,76,22337
2025-04-18 18:55:40,2,level_complete,15,1,3471,0,15802,14310,34,23090
2025-04-18 18:55:41,2,level_complete,16,2,3476,0,15867,14382,49,23211
2025-04-18 18:55:41,2,level_complete,17,3,3478,0,15926,14420,88,23402
2025-04-18 18:55:41,2,level_complete,18,4,3482,0,15978,14458,34,23482
2025-04-18 18:55:41,2,level_complete,19,5,3488,0,16087,14508,106,23860
2025-04-18 18:55:42,2,level_complete,20,6,3492,0,16168,14552,99,24129
2025-04-18 18:55:42,2,level_complete,21,7,3493,0,16198,14575,74,24203
2025-04-18 18:55:42,2,game_complete,-,8,3493,0,16198,14575,74,24203
2025-04-18 18:55:47,3,level_complete,22,1,3565,0,16826,15216,43,24974
2025-04-18 18:55:50,3,training_run_ep 23000,-,2,3645,0,17281,15655,0,25613
2025-04-18 18:56:03,3,training_run_ep 23500,-,2,4145,0,19105,17154,0,28547
2025-04-18 18:56:44,3,training_run_ep 24000,-,2,4645,0,21139,22265,0,31938
2025-04-18 18:56:50,3,level_complete,23,2,4847,0,22035,22991,75,33367
2025-04-18 18:56:50,3,level_complete,24,3,4868,0,22237,23081,163,34044
2025-04-18 18:56:54,3,level_complete,25,4,4989,0,22960,23650,45,35177
2025-04-18 18:56:57,3,level_complete,26,5,5048,0,23699,24065,139,37676
2025-04-18 18:57:01,3,training_run_ep 24500,-,6,5145,0,24502,24648,0,39770
2025-04-18 18:57:04,3,level_complete,27,6,5180,0,24906,25003,113,40863
2025-04-18 18:57:06,3,level_complete,28,7,5218,0,25289,25317,137,41824
2025-04-18 18:57:06,3,game_complete,-,8,5218,0,25289,25317,137,41824
2025-04-18 18:57:19,4,level_complete,29,1,5449,0,27051,27025,48,43991
2025-04-18 18:57:27,4,training_run_ep 25000,-,2,5645,0,28316,27985,0,46280
2025-04-18 18:57:32,4,level_complete,30,2,5803,0,29138,28646,51,47774
2025-04-18 18:57:34,4,level_complete,31,3,5873,0,29692,28955,154,49481
2025-04-18 18:57:34,4,level_complete,32,4,5877,0,29740,28987,36,49583
2025-04-18 18:57:35,4,level_complete,33,5,5902,0,29961,29134,101,50232
2025-04-18 18:57:39,4,level_complete,34,6,6015,0,30729,29674,52,51785
2025-04-18 18:57:42,4,training_run_ep 25500,-,7,6145,0,31418,30164,0,54252
2025-04-18 18:57:43,4,level_complete,35,7,6168,0,31559,30251,105,54650
2025-04-18 18:57:43,4,game_complete,-,8,6168,0,31559,30251,105,54650
2025-04-18 18:57:59,5,training_run_ep 26000,-,1,6645,0,33476,32108,0,56836
2025-04-18 18:58:19,5,training_run_ep 26500,-,1,7145,0,35660,34538,0,59316
2025-04-18 18:58:33,5,level_complete,36,1,7438,0,37432,36249,34,61397
2025-04-18 18:58:34,5,level_complete,37,2,7458,0,37621,36422,48,61712
2025-04-18 18:58:35,5,level_complete,38,3,7466,0,37718,36470,57,61955
2025-04-18 18:58:35,5,level_complete,39,4,7474,0,37784,36528,29,62047
2025-04-18 18:58:36,5,level_complete,40,5,7507,0,38137,36706,146,63307
2025-04-18 18:58:38,5,level_complete,41,6,7538,0,38485,36917,204,64427
2025-04-18 18:58:38,5,level_complete,42,7,7541,0,38533,36957,81,64571
2025-04-18 18:58:38,5,game_complete,-,8,7541,0,38533,36957,81,64571
2025-04-18 18:58:43,6,training_run_ep 27000,-,1,7645,0,39158,37553,0,65284
2025-04-18 18:58:43,6,level_complete,43,1,7652,0,39215,37610,36,65349
2025-04-18 18:58:47,6,level_complete,44,2,7728,0,39729,38059,52,66177
2025-04-18 18:58:47,6,level_complete,45,3,7736,0,39784,38093,111,66359
2025-04-18 18:58:57,6,level_complete,46,4,8095,0,41367,39417,33,68721
2025-04-18 18:58:59,6,training_run_ep 27500,-,5,8145,0,41714,39675,0,69475
2025-04-18 18:59:00,6,level_complete,47,5,8169,0,41911,39766,105,70175
2025-04-18 18:59:04,6,level_complete,48,6,8313,0,42856,40433,105,72255
2025-04-18 18:59:11,6,level_complete,49,7,8565,0,44291,41523,43,76107
2025-04-18 18:59:11,6,game_complete,-,8,8565,0,44291,41523,43,76107
2025-04-18 18:59:13,7,training_run_ep 28000,-,1,8645,0,44502,41718,0,76360
2025-04-18 18:59:28,7,training_run_ep 28500,-,1,9145,0,46199,43366,0,78259
2025-04-18 18:59:43,7,training_run_ep 29000,-,1,9645,0,48095,45135,0,80493
2025-04-18 19:00:05,7,level_complete,50,1,10132,0,50971,47896,34,83911
2025-04-18 19:00:06,7,training_run_ep 29500,-,2,10145,0,51095,47999,0,84108
2025-04-18 19:00:08,7,level_complete,51,2,10179,0,51430,48266,43,84641
2025-04-18 19:00:09,7,level_complete,52,3,10193,0,51624,48373,58,85164
2025-04-18 19:00:10,7,level_complete,53,4,10226,0,51877,48593,45,85522
2025-04-18 19:00:11,7,level_complete,54,5,10246,0,52058,48708,89,86051
2025-04-18 19:00:14,7,level_complete,55,6,10304,0,52835,49214,101,88137
2025-04-18 19:00:15,7,level_complete,56,7,10311,0,52959,49296,65,88502
2025-04-18 19:00:15,7,game_complete,-,8,10311,0,52959,49296,65,88502
2025-04-18 19:00:22,8,level_complete,57,1,10406,0,53596,50218,36,89258
2025-04-18 19:00:24,8,level_complete,58,2,10434,0,53877,50491,45,89707
2025-04-18 19:00:24,8,level_complete,59,3,10437,0,53939,50525,103,89857
2025-04-18 19:00:27,8,level_complete,60,4,10474,0,54194,50833,35,90260
2025-04-18 19:00:28,8,level_complete,61,5,10498,0,54440,50981,69,90862
2025-04-18 19:00:30,8,level_complete,62,6,10535,0,54923,51321,65,92035
2025-04-18 19:00:33,8,level_complete,63,7,10581,0,55400,51750,46,93242
2025-04-18 19:00:33,8,game_complete,-,8,10581,0,55400,51750,46,93242
2025-04-18 19:00:38,9,training_run_ep 30000,-,1,10645,0,56021,52367,0,94003
2025-04-18 19:00:44,9,level_complete,64,1,10727,0,56747,53114,33,94846
2025-04-18 19:00:45,9,level_complete,65,2,10737,0,56894,53264,52,95083
2025-04-18 19:00:46,9,level_complete,66,3,10754,0,57190,53481,129,95818
2025-04-18 19:00:46,9,level_complete,67,4,10756,0,57227,53517,39,95891
2025-04-18 19:00:47,9,level_complete,68,5,10765,0,57382,53619,99,96253
2025-04-18 19:00:47,9,level_complete,69,6,10769,0,57467,53685,85,96460
2025-04-18 19:00:48,9,level_complete,70,7,10772,0,57522,53722,116,96614
2025-04-18 19:00:48,9,game_complete,-,8,10772,0,57522,53722,116,96614
2025-04-18 19:00:49,10,level_complete,71,1,10782,0,57654,53855,33,96784
2025-04-18 19:00:50,10,level_complete,72,2,10799,0,57871,54038,45,97144
2025-04-18 19:00:50,10,level_complete,73,3,10801,0,57929,54066,52,97325
2025-04-18 19:00:50,10,level_complete,74,4,10806,0,57980,54108,40,97394
2025-04-18 19:00:55,10,level_complete,75,5,10882,0,58857,54708,61,99917
2025-04-18 19:00:55,10,level_complete,76,6,10888,0,58931,54758,54,100067
2025-04-18 19:00:57,10,level_complete,77,7,10916,0,59295,55009,133,101247
2025-04-18 19:00:57,10,game_complete,-,8,10916,0,59295,55009,133,101247
2025-04-18 19:01:04,11,level_complete,78,1,11018,0,60280,55995,32,102423
2025-04-18 19:01:05,11,level_complete,79,2,11034,0,60468,56157,39,102776
2025-04-18 19:01:06,11,level_complete,80,3,11037,0,60536,56191,172,103098
2025-04-18 19:01:07,11,level_complete,81,4,11070,0,60816,56428,37,103510
2025-04-18 19:01:09,11,level_complete,82,5,11096,0,61060,56712,58,104159
2025-04-18 19:01:10,11,level_complete,83,6,11109,0,61180,56793,71,104428
2025-04-18 19:01:10,11,level_complete,84,7,11121,0,61312,56894,84,104697
2025-04-18 19:01:10,11,game_complete,-,8,11121,0,61312,56894,84,104697
2025-04-18 19:01:12,12,training_run_ep 30500,-,1,11145,0,61427,56997,0,104844
2025-04-18 19:01:17,12,level_complete,85,1,11248,0,62162,57703,49,105767
2025-04-18 19:01:35,12,level_complete,86,2,11467,0,63367,59957,88,107895
2025-04-18 19:01:39,12,training_run_ep 31000,-,3,11645,0,64385,60462,0,111324
2025-04-18 19:01:39,12,level_complete,87,3,11661,0,64506,60524,55,111791
2025-04-18 19:01:46,12,level_complete,88,4,11977,0,65679,61450,90,113656
2025-04-18 19:01:47,12,level_complete,89,5,11982,0,65797,61518,79,113925
2025-04-18 19:01:47,12,level_complete,90,6,11983,0,65827,61529,193,114118
2025-04-18 19:01:52,12,level_complete,91,7,12101,0,66922,62294,112,117818
2025-04-18 19:01:52,12,game_complete,-,8,12101,0,66922,62294,112,117818
2025-04-18 19:01:54,13,training_run_ep 31500,-,1,12145,0,67184,62552,0,118129
2025-04-18 19:02:10,13,training_run_ep 32000,-,1,12645,0,69003,64378,0,120243
2025-04-18 19:03:38,13,level_complete,92,1,12943,0,70511,75051,38,122007
2025-04-18 19:03:40,13,level_complete,93,2,13011,0,70909,75372,56,122702
2025-04-18 19:03:40,13,level_complete,94,3,13013,0,70943,75414,50,122759
2025-04-18 19:03:41,13,level_complete,95,4,13025,0,71050,75508,34,122936
2025-04-18 19:03:43,13,level_complete,96,5,13065,0,71488,75743,82,124285
2025-04-18 19:03:43,13,level_complete,97,6,13066,0,71518,75770,48,124333
2025-04-18 19:03:45,13,level_complete,98,7,13124,0,72043,76094,79,126106
2025-04-18 19:03:45,13,game_complete,-,8,13124,0,72043,76094,79,126106
2025-04-18 19:03:46,14,training_run_ep 32500,-,1,13145,0,72148,76181,0,126247
2025-04-18 19:04:01,14,level_complete,99,1,13523,0,74102,78076,34,128498
2025-04-18 19:04:02,14,level_complete,100,2,13524,0,74132,78105,47,128545
2025-04-18 19:04:03,14,level_complete,101,3,13541,0,74417,78325,46,129383
2025-04-18 19:04:04,14,level_complete,102,4,13560,0,74571,78451,37,129608
2025-04-18 19:04:04,14,level_complete,103,5,13562,0,74607,78475,76,129693
2025-04-18 19:04:05,14,level_complete,104,6,13571,0,74783,78668,52,130076
2025-04-18 19:04:06,14,level_complete,105,7,13580,0,74936,78784,102,130410
2025-04-18 19:04:06,14,game_complete,-,8,13580,0,74936,78784,102,130410
2025-04-18 19:04:08,15,level_complete,106,1,13598,0,75150,79032,31,130669
2025-04-18 19:04:08,15,level_complete,107,2,13600,0,75180,79066,38,130707
2025-04-18 19:04:09,15,level_complete,108,3,13615,0,75422,79227,101,131356
2025-04-18 19:04:10,15,level_complete,109,4,13616,0,75447,79257,33,131389
2025-04-18 19:04:10,15,level_complete,110,5,13627,0,75624,79354,93,131918
2025-04-18 19:04:11,15,level_complete,111,6,13645,0,75821,79488,66,132315
2025-04-18 19:04:11,15,training_run_ep 33000,-,7,13645,0,75821,79488,66,132315
2025-04-18 19:04:12,15,level_complete,112,7,13654,0,75987,79613,47,132725
2025-04-18 19:04:12,15,game_complete,-,8,13654,0,75987,79613,47,132725
2025-04-18 19:04:13,16,level_complete,113,1,13655,0,76017,79656,35,132760
2025-04-18 19:04:16,16,level_complete,114,2,13737,0,76567,80098,50,133663
2025-04-18 19:04:16,16,level_complete,115,3,13743,0,76717,80191,60,134135
2025-04-18 19:04:18,16,level_complete,116,4,13756,0,76901,80338,58,134438
2025-04-18 19:04:18,16,level_complete,117,5,13760,0,76962,80380,62,134574
2025-04-18 19:04:19,16,level_complete,118,6,13770,0,77095,80480,157,134882
2025-04-18 19:04:21,16,level_complete,119,7,13821,0,77606,80911,145,136344
2025-04-18 19:04:21,16,game_complete,-,8,13821,0,77606,80911,145,136344
2025-04-18 19:04:24,17,level_complete,120,1,13842,0,77853,81190,38,136654
2025-04-18 19:04:24,17,level_complete,121,2,13850,0,77941,81278,51,136799
2025-04-18 19:04:25,17,level_complete,122,3,13868,0,78143,81414,107,137443
2025-04-18 19:04:29,17,level_complete,123,4,13987,0,78795,81994,32,138427
2025-04-18 19:04:30,17,level_complete,124,5,13996,0,78899,82040,171,138842
2025-04-18 19:04:31,17,level_complete,125,6,14026,0,79195,82238,75,139498
2025-04-18 19:04:37,17,level_complete,126,7,14139,0,80329,83097,184,142984
2025-04-18 19:04:37,17,game_complete,-,8,14139,0,80329,83097,184,142984
2025-04-18 19:04:37,18,training_run_ep 33500,-,1,14145,0,80352,83114,0,143019
2025-04-18 19:04:50,18,level_complete,127,1,14338,0,82038,84781,40,145026
2025-04-18 19:04:52,18,level_complete,128,2,14361,0,82310,85020,50,145493
2025-04-18 19:04:52,18,level_complete,129,3,14363,0,82340,85038,69,145562
2025-04-18 19:04:52,18,level_complete,130,4,14365,0,82366,85058,34,145597
2025-04-18 19:04:52,18,level_complete,131,5,14374,0,82444,85108,45,145753
2025-04-18 19:04:53,18,level_complete,132,6,14377,0,82528,85163,55,145959
2025-04-18 19:04:54,18,level_complete,133,7,14390,0,82757,85340,153,146675
2025-04-18 19:04:54,18,game_complete,-,8,14390,0,82757,85340,153,146675
2025-04-18 19:04:57,19,level_complete,134,1,14424,0,83097,85717,41,147075
2025-04-18 19:05:44,19,level_complete,135,2,14520,0,83853,92190,40,148245
2025-04-18 19:05:44,19,level_complete,136,3,14522,0,83897,92208,206,148494
2025-04-18 19:05:45,19,level_complete,137,4,14540,0,84028,92319,43,148686
2025-04-18 19:05:45,19,level_complete,138,5,14543,0,84095,92363,73,148848
2025-04-18 19:05:46,19,level_complete,139,6,14547,0,84181,92429,45,149039
2025-04-18 19:05:47,19,level_complete,140,7,14564,0,84426,92603,78,149795
2025-04-18 19:05:47,19,game_complete,-,8,14564,0,84426,92603,78,149795
2025-04-18 19:05:48,20,level_complete,141,1,14570,0,84521,92714,34,149902
2025-04-18 19:05:49,20,level_complete,142,2,14581,0,84719,92909,48,150223
2025-04-18 19:05:49,20,level_complete,143,3,14587,0,84837,92962,59,150626
2025-04-18 19:05:50,20,level_complete,144,4,14589,0,84873,93003,32,150672
2025-04-18 19:05:50,20,level_complete,145,5,14594,0,84931,93066,84,150863
2025-04-18 19:05:51,20,level_complete,146,6,14606,0,85120,93201,45,151248
2025-04-18 19:05:51,20,level_complete,147,7,14607,0,85150,93221,130,151378
2025-04-18 19:05:51,20,game_complete,-,8,14607,0,85150,93221,130,151378
2025-04-18 19:05:53,21,level_complete,148,1,14623,0,85286,93460,32,151530
2025-04-18 19:05:54,21,training_run_ep 34000,-,2,14645,0,85414,93555,0,151717
2025-04-18 19:05:55,21,level_complete,149,2,14649,0,85513,93639,65,151955
2025-04-18 19:05:55,21,level_complete,150,3,14650,0,85543,93653,72,152027
2025-04-18 19:05:56,21,level_complete,151,4,14666,0,85693,93785,42,152258
2025-04-18 19:05:56,21,level_complete,152,5,14670,0,85792,93839,89,152509
2025-04-18 19:05:56,21,level_complete,153,6,14671,0,85822,93852,99,152608
2025-04-18 19:05:58,21,level_complete,154,7,14716,0,86221,94178,113,153668
2025-04-18 19:05:58,21,game_complete,-,8,14716,0,86221,94178,113,153668
2025-04-18 19:06:06,22,level_complete,155,1,14798,0,87174,95239,33,154819
2025-04-18 19:06:08,22,level_complete,156,2,14813,0,87435,95436,56,155268
2025-04-18 19:06:08,22,level_complete,157,3,14816,0,87498,95481,71,155432
2025-04-18 19:06:08,22,level_complete,158,4,14827,0,87576,95537,82,155589
2025-04-18 19:06:10,22,level_complete,159,5,14844,0,87851,95716,66,156321
2025-04-18 19:06:12,22,level_complete,160,6,14921,0,88398,96101,65,157801
2025-04-18 19:06:15,22,level_complete,161,7,14972,0,88949,96555,83,159107
2025-04-18 19:06:15,22,game_complete,-,8,14972,0,88949,96555,83,159107
2025-04-18 19:06:16,23,level_complete,162,1,14977,0,89053,96695,36,159227
2025-04-18 19:06:18,23,level_complete,163,2,15013,0,89366,96979,37,159692
2025-04-18 19:06:19,23,level_complete,164,3,15020,0,89438,97018,138,159913
2025-04-18 19:06:19,23,level_complete,165,4,15025,0,89478,97067,27,159958
2025-04-18 19:06:24,23,training_run_ep 34500,-,5,15145,0,90544,97674,0,162847
2025-04-18 19:06:24,23,level_complete,166,5,15155,0,90630,97717,122,163104
2025-04-18 19:06:25,23,level_complete,167,6,15188,0,90802,97834,152,163475
2025-04-18 19:06:26,23,level_complete,168,7,15209,0,90950,97993,98,163895
2025-04-18 19:06:26,23,game_complete,-,8,15209,0,90950,97993,98,163895
2025-04-18 19:06:41,24,training_run_ep 35000,-,1,15645,0,92775,99726,0,166078
2025-04-18 19:06:54,24,training_run_ep 35500,-,1,16145,0,94302,101168,0,167866
2025-04-18 19:07:06,24,training_run_ep 36000,-,1,16645,0,95713,102503,0,169484
2025-04-18 19:07:41,24,training_run_ep 36500,-,1,17145,0,97627,106711,0,171661
2025-04-18 19:07:52,24,level_complete,169,1,17375,0,98978,108037,39,173238
2025-04-18 19:07:52,24,level_complete,170,2,17380,0,99038,108089,50,173327
2025-04-18 19:07:52,24,level_complete,171,3,17381,0,99068,108124,65,173392
2025-04-18 19:07:54,24,level_complete,172,4,17423,0,99396,108395,30,173896
2025-04-18 19:07:55,24,level_complete,173,5,17433,0,99454,108436,80,174010
2025-04-18 19:07:57,24,level_complete,174,6,17482,0,99955,108804,71,175326
2025-04-18 19:07:57,24,level_complete,175,7,17484,0,100006,108826,156,175609
2025-04-18 19:07:57,24,game_complete,-,8,17484,0,100006,108826,156,175609
2025-04-18 19:07:59,25,level_complete,176,1,17522,0,100264,109066,35,175907
2025-04-18 19:07:59,25,level_complete,177,2,17524,0,100300,109097,100,176013
2025-04-18 19:08:00,25,level_complete,178,3,17529,0,100393,109139,75,176310
2025-04-18 19:08:00,25,level_complete,179,4,17531,0,100419,109168,34,176345
2025-04-18 19:08:00,25,level_complete,180,5,17537,0,100496,109219,90,176528
2025-04-18 19:08:00,25,level_complete,181,6,17538,0,100526,109232,110,176638
2025-04-18 19:08:00,25,level_complete,182,7,17539,0,100556,109245,109,176747
2025-04-18 19:08:00,25,game_complete,-,8,17539,0,100556,109245,109,176747
2025-04-18 19:08:02,26,level_complete,183,1,17559,0,100813,109508,35,177058
2025-04-18 19:08:04,26,level_complete,184,2,17587,0,101113,109756,63,177557
2025-04-18 19:08:05,26,level_complete,185,3,17603,0,101293,109857,78,177992
2025-04-18 19:08:05,26,level_complete,186,4,17605,0,101319,109884,35,178028
2025-04-18 19:08:05,26,level_complete,187,5,17606,0,101349,109906,74,178102
2025-04-18 19:08:07,26,training_run_ep 37000,-,6,17645,0,101783,110176,0,179161
2025-04-18 19:08:08,26,level_complete,188,6,17670,0,102047,110332,66,179789
2025-04-18 19:08:53,26,level_complete,189,7,17746,0,102757,115723,152,181875
2025-04-18 19:08:53,26,game_complete,-,8,17746,0,102757,115723,152,181875
2025-04-18 19:08:54,27,level_complete,190,1,17753,0,102839,115821,35,181971
2025-04-18 19:09:00,27,level_complete,191,2,17922,0,103822,116582,54,183609
2025-04-18 19:09:00,27,level_complete,192,3,17924,0,103853,116605,59,183669
2025-04-18 19:09:06,27,training_run_ep 37500,-,4,18145,0,104742,117377,0,184986
2025-04-18 19:09:07,27,level_complete,193,4,18177,0,104914,117519,34,185250
2025-04-18 19:09:09,27,level_complete,194,5,18220,0,105255,117706,109,186151
2025-04-18 19:09:12,27,level_complete,195,6,18335,0,106176,118279,92,188637
2025-04-18 19:09:14,27,level_complete,196,7,18374,0,106451,118472,171,189328
2025-04-18 19:09:14,27,game_complete,-,8,18374,0,106451,118472,171,189328
2025-04-18 19:09:22,28,training_run_ep 38000,-,1,18645,0,107467,119428,0,190562
2025-04-18 19:09:37,28,training_run_ep 38500,-,1,19145,0,109213,121083,0,192549
2025-04-18 19:09:53,28,training_run_ep 39000,-,1,19645,0,111154,122942,0,194752
2025-04-18 19:10:01,28,level_complete,197,1,19796,0,112060,123837,40,195820
2025-04-18 19:10:01,28,level_complete,198,2,19804,0,112135,123914,46,195928
2025-04-18 19:10:02,28,level_complete,199,3,19813,0,112241,123979,92,196314
2025-04-18 19:10:05,28,level_complete,200,4,19885,0,112694,124399,43,196955
2025-04-18 19:10:05,28,level_complete,201,5,19893,0,112831,124463,109,197439
2025-04-18 19:10:05,28,level_complete,202,6,19901,0,112902,124518,55,197548
2025-04-18 19:10:07,28,level_complete,203,7,19920,0,113098,124687,84,198058
2025-04-18 19:10:07,28,game_complete,-,8,19920,0,113098,124687,84,198058
2025-04-18 19:10:08,29,level_complete,204,1,19957,0,113284,124874,43,198301
2025-04-18 19:10:15,29,level_complete,205,2,20129,0,114406,125751,52,200205
2025-04-18 19:10:16,29,training_run_ep 39500,-,3,20145,0,114580,125840,0,200697
2025-04-18 19:10:17,29,level_complete,206,3,20177,0,114874,125981,80,201800
2025-04-18 19:10:18,29,level_complete,207,4,20228,0,115143,126186,27,202261
2025-04-18 19:10:26,29,level_complete,208,5,20403,0,116891,127338,74,207405
2025-04-18 19:10:28,29,level_complete,209,6,20449,0,117349,127661,62,208650
2025-04-18 19:10:29,29,level_complete,210,7,20463,0,117475,127747,204,209062
2025-04-18 19:10:29,29,game_complete,-,8,20463,0,117475,127747,204,209062
2025-04-18 19:10:37,30,level_complete,211,1,20621,0,118554,128787,37,210385
2025-04-18 19:10:38,30,level_complete,212,2,20634,0,118727,128951,58,210678
2025-04-18 19:10:39,30,level_complete,213,3,20641,0,118801,128997,60,210880
2025-04-18 19:10:40,30,training_run_ep 40000,-,4,20645,0,118832,129063,0,210917
2025-04-18 19:10:42,30,level_complete,214,4,20688,0,119228,129412,47,211453
2025-04-18 19:10:42,30,level_complete,215,5,20690,0,119278,129444,73,211554
2025-04-18 19:10:47,30,level_complete,216,6,20827,0,120323,130136,164,214097
2025-04-18 19:10:53,30,training_run_ep 40500,-,7,21145,0,121702,131019,0,218282
2025-04-18 19:10:55,30,level_complete,217,7,21228,0,122055,131292,108,219231
2025-04-18 19:10:55,30,game_complete,-,8,21228,0,122055,131292,108,219231
2025-04-18 19:11:04,31,training_run_ep 41000,-,1,21645,0,122958,132160,0,220250
2025-04-18 19:11:22,31,training_run_ep 41500,-,1,22145,0,125159,134305,0,222789
2025-04-18 19:11:33,31,level_complete,218,1,22410,0,126643,135735,35,224481
2025-04-18 19:11:34,31,level_complete,219,2,22421,0,126758,135820,110,224742
2025-04-18 19:11:35,31,level_complete,220,3,22429,0,126937,135936,67,225269
2025-04-18 19:11:35,31,level_complete,221,4,22432,0,126975,135970,72,225360
2025-04-18 19:11:36,31,level_complete,222,5,22447,0,127182,136125,59,225838
2025-04-18 19:11:38,31,level_complete,223,6,22499,0,127696,136469,77,227055
2025-04-18 19:11:39,31,level_complete,224,7,22518,0,127878,136577,93,227637
2025-04-18 19:11:39,31,game_complete,-,8,22518,0,127878,136577,93,227637
2025-04-18 19:11:46,32,training_run_ep 42000,-,1,22645,0,128728,137430,0,228630
2025-04-18 19:11:52,32,level_complete,225,1,22718,0,129315,138188,38,229321
2025-04-18 19:11:53,32,level_complete,226,2,22721,0,129383,138262,40,229428
2025-04-18 19:11:53,32,level_complete,227,3,22723,0,129427,138295,62,229513
2025-04-18 19:11:53,32,level_complete,228,4,22731,0,129520,138371,49,229644
2025-04-18 19:11:54,32,level_complete,229,5,22738,0,129631,138440,66,229888
2025-04-18 19:11:54,32,level_complete,230,6,22740,0,129668,138468,66,229961
2025-04-18 19:11:54,32,level_complete,231,7,22745,0,129722,138502,127,230123
2025-04-18 19:11:54,32,game_complete,-,8,22745,0,129722,138502,127,230123
2025-04-18 19:11:57,33,level_complete,232,1,22784,0,130042,138890,32,230486
2025-04-18 19:11:58,33,level_complete,233,2,22788,0,130089,138934,72,230584
2025-04-18 19:11:58,33,level_complete,234,3,22789,0,130119,138951,91,230675
2025-04-18 19:12:01,33,level_complete,235,4,22822,0,130549,139368,32,231296
2025-04-18 19:12:01,33,level_complete,236,5,22837,0,130742,139482,96,231891
2025-04-18 19:12:03,33,level_complete,237,6,22860,0,130952,139661,59,232353
2025-04-18 19:12:04,33,level_complete,238,7,22871,0,131161,139822,120,232894
2025-04-18 19:12:04,33,game_complete,-,8,22871,0,131161,139822,120,232894
2025-04-18 19:12:05,34,level_complete,239,1,22893,0,131365,140037,37,233133
2025-04-18 19:12:06,34,level_complete,240,2,22898,0,131459,140159,36,233287
2025-04-18 19:12:06,34,level_complete,241,3,22900,0,131512,140194,76,233509
2025-04-18 19:12:06,34,level_complete,242,4,22902,0,131537,140213,35,233544
2025-04-18 19:12:07,34,level_complete,243,5,22904,0,131568,140262,48,233593
2025-04-18 19:12:07,34,level_complete,244,6,22907,0,131653,140351,54,233763
2025-04-18 19:12:08,34,level_complete,245,7,22922,0,131885,140512,68,234350
2025-04-18 19:12:08,34,game_complete,-,8,22922,0,131885,140512,68,234350
2025-04-18 19:12:12,35,level_complete,246,1,22983,0,132404,141032,35,234951
2025-04-18 19:12:16,35,level_complete,247,2,23042,0,132787,141498,43,235594
2025-04-18 19:12:16,35,level_complete,248,3,23056,0,132933,141567,158,236096
2025-04-18 19:12:17,35,level_complete,249,4,23058,0,132958,141586,57,236153
2025-04-18 19:12:20,35,level_complete,250,5,23065,0,133103,142081,61,236481
2025-04-18 19:12:22,35,level_complete,251,6,23085,0,133401,142279,71,237171
2025-04-18 19:12:22,35,level_complete,252,7,23094,0,133528,142368,240,237858
2025-04-18 19:12:22,35,game_complete,-,8,23094,0,133528,142368,240,237858
2025-04-18 19:12:25,36,training_run_ep 42500,-,1,23145,0,133817,142664,0,238207
2025-04-18 19:12:27,36,level_complete,253,1,23188,0,134112,142953,33,238564
2025-04-18 19:12:28,36,level_complete,254,2,23189,0,134142,142981,35,238599
2025-04-18 19:12:28,36,level_complete,255,3,23191,0,134183,143004,66,238688
2025-04-18 19:12:28,36,level_complete,256,4,23192,0,134208,143021,45,238733
2025-04-18 19:12:28,36,level_complete,257,5,23193,0,134238,143045,61,238794
2025-04-18 19:12:30,36,level_complete,258,6,23237,0,134747,143395,103,240031
2025-04-18 19:12:31,36,level_complete,259,7,23241,0,134787,143438,81,240125
2025-04-18 19:12:31,36,game_complete,-,8,23241,0,134787,143438,81,240125
2025-04-18 19:12:48,37,level_complete,260,1,23459,0,136066,145514,34,241629
2025-04-18 19:12:56,37,level_complete,261,2,23467,0,136126,146484,62,241727
2025-04-18 19:12:56,37,level_complete,262,3,23471,0,136183,146517,77,241861
2025-04-18 19:12:59,37,level_complete,263,4,23544,0,136687,146976,34,242615
2025-04-18 19:12:59,37,level_complete,264,5,23546,0,136723,146995,157,242778
2025-04-18 19:13:01,37,level_complete,265,6,23570,0,137079,147247,92,243714
2025-04-18 19:13:16,37,level_complete,266,7,23609,0,137478,149117,136,244888
2025-04-18 19:13:16,37,game_complete,-,8,23609,0,137478,149117,136,244888
2025-04-18 19:13:17,38,training_run_ep 43000,-,1,23645,0,137587,149218,0,245013
2025-04-18 19:13:48,38,training_run_ep 43500,-,1,24145,0,139649,152843,0,247389
2025-04-18 19:14:06,38,training_run_ep 44000,-,1,24645,0,141839,154993,0,249899
2025-04-18 19:14:43,38,level_complete,267,1,25097,0,144121,159515,43,252525
2025-04-18 19:14:45,38,training_run_ep 44500,-,2,25145,0,144359,159789,0,252903
2025-04-18 19:14:52,38,level_complete,268,2,25347,0,145505,160675,95,254792
2025-04-18 19:14:53,38,level_complete,269,3,25370,0,145755,160830,159,255548
2025-04-18 19:14:54,38,level_complete,270,4,25389,0,145944,161001,37,255854
2025-04-18 19:14:58,38,level_complete,271,5,25467,0,146881,161571,68,258503
2025-04-18 19:14:59,38,level_complete,272,6,25474,0,146946,161676,90,258646
2025-04-18 19:15:03,38,level_complete,273,7,25553,0,147675,162220,91,260883
2025-04-18 19:15:03,38,game_complete,-,8,25553,0,147675,162220,91,260883
2025-04-18 19:15:09,39,training_run_ep 45000,-,1,25645,0,148473,163011,0,261798
2025-04-18 19:15:28,39,level_complete,274,1,25979,0,150765,165340,34,264478
2025-04-18 19:15:28,39,level_complete,275,2,25981,0,150821,165389,56,264567
2025-04-18 19:15:29,39,level_complete,276,3,25986,0,150903,165445,72,264735
2025-04-18 19:15:29,39,level_complete,277,4,25994,0,151023,165552,57,264928
2025-04-18 19:15:30,39,level_complete,278,5,25996,0,151057,165587,56,264988
2025-04-18 19:15:30,39,level_complete,279,6,25997,0,151087,165621,113,265101
2025-04-18 19:15:30,39,level_complete,280,7,26001,0,151155,165672,95,265318
2025-04-18 19:15:30,39,game_complete,-,8,26001,0,151155,165672,95,265318
2025-04-18 19:15:31,40,level_complete,281,1,26003,0,151198,165721,37,265371
2025-04-18 19:15:31,40,level_complete,282,2,26006,0,151270,165804,44,265491
2025-04-18 19:15:31,40,level_complete,283,3,26007,0,151300,165831,56,265547
2025-04-18 19:15:32,40,level_complete,284,4,26008,0,151325,165858,42,265589
2025-04-18 19:15:32,40,level_complete,285,5,26009,0,151355,165883,49,265638
2025-04-18 19:15:32,40,level_complete,286,6,26014,0,151476,165955,79,265939
2025-04-18 19:15:33,40,level_complete,287,7,26023,0,151590,166034,140,266230
2025-04-18 19:15:33,40,game_complete,-,8,26023,0,151590,166034,140,266230
2025-04-18 19:15:33,41,level_complete,288,1,26026,0,151640,166107,34,266285
2025-04-18 19:15:34,41,level_complete,289,2,26029,0,151684,166160,58,266363
2025-04-18 19:15:34,41,level_complete,290,3,26032,0,151746,166203,65,266505
2025-04-18 19:15:34,41,level_complete,291,4,26033,0,151771,166237,25,266530
2025-04-18 19:15:34,41,level_complete,292,5,26035,0,151808,166258,72,266619
2025-04-18 19:15:35,41,level_complete,293,6,26036,0,151838,166291,100,266719
2025-04-18 19:15:35,41,level_complete,294,7,26041,0,151919,166408,93,267109
2025-04-18 19:15:35,41,game_complete,-,8,26041,0,151919,166408,93,267109
2025-04-18 19:15:38,42,level_complete,295,1,26054,0,152129,166716,32,267350
2025-04-18 19:15:40,42,level_complete,296,2,26083,0,152498,167034,65,267971
2025-04-18 19:15:41,42,level_complete,297,3,26089,0,152635,167107,91,268473
2025-04-18 19:15:41,42,level_complete,298,4,26095,0,152727,167183,51,268614
2025-04-18 19:15:41,42,level_complete,299,5,26097,0,152780,167235,64,268709
2025-04-18 19:15:42,42,level_complete,300,6,26113,0,152994,167385,144,269210
2025-04-18 19:15:45,42,training_run_ep 45500,-,7,26145,0,153443,167694,0,270582
2025-04-18 19:15:46,42,level_complete,301,7,26161,0,153629,167834,66,271180
2025-04-18 19:15:46,42,game_complete,-,8,26161,0,153629,167834,66,271180
2025-04-18 19:15:46,43,level_complete,302,1,26164,0,153695,167927,32,271254
2025-04-18 19:15:47,43,level_complete,303,2,26165,0,153725,167965,53,271307
2025-04-18 19:15:47,43,level_complete,304,3,26166,0,153755,167989,73,271380
2025-04-18 19:15:47,43,level_complete,305,4,26174,0,153873,168081,59,271632
2025-04-18 19:15:48,43,level_complete,306,5,26177,0,153910,168112,55,271696
2025-04-18 19:15:49,43,level_complete,307,6,26185,0,154043,168253,66,271910
2025-04-18 19:15:50,43,level_complete,308,7,26199,0,154216,168513,189,272517
2025-04-18 19:15:50,43,game_complete,-,8,26199,0,154216,168513,189,272517
2025-04-18 19:15:52,44,level_complete,309,1,26207,0,154344,168701,33,272675
2025-04-18 19:15:52,44,level_complete,310,2,26208,0,154374,168721,75,272750
2025-04-18 19:15:53,44,level_complete,311,3,26217,0,154518,168823,112,273167
2025-04-18 19:15:53,44,level_complete,312,4,26221,0,154557,168855,45,273227
2025-04-18 19:15:53,44,level_complete,313,5,26223,0,154604,168908,43,273309
2025-04-18 19:15:55,44,level_complete,314,6,26249,0,154962,169175,45,274083
2025-04-18 19:15:56,44,level_complete,315,7,26259,0,155069,169250,201,274430
2025-04-18 19:15:56,44,game_complete,-,8,26259,0,155069,169250,201,274430
2025-04-18 19:15:57,45,level_complete,316,1,26269,0,155190,169418,32,274566
2025-04-18 19:15:57,45,level_complete,317,2,26275,0,155263,169478,57,274717
2025-04-18 19:15:57,45,level_complete,318,3,26276,0,155293,169509,40,274757
2025-04-18 19:15:58,45,level_complete,319,4,26281,0,155379,169585,47,274913
2025-04-18 19:15:59,45,level_complete,320,5,26291,0,155514,169693,87,275219
2025-04-18 19:15:59,45,level_complete,321,6,26297,0,155609,169774,53,275565
2025-04-18 19:16:00,45,level_complete,322,7,26299,0,155651,169831,48,275632
2025-04-18 19:16:00,45,game_complete,-,8,26299,0,155651,169831,48,275632
2025-04-18 19:16:02,46,level_complete,323,1,26329,0,155923,170093,35,275949
2025-04-18 19:16:02,46,level_complete,324,2,26332,0,155962,170142,41,276002
2025-04-18 19:16:03,46,level_complete,325,3,26339,0,156108,170214,153,276690
2025-04-18 19:16:03,46,level_complete,326,4,26340,0,156133,170238,43,276733
2025-04-18 19:16:03,46,level_complete,327,5,26342,0,156192,170290,81,276871
2025-04-18 19:16:03,46,level_complete,328,6,26343,0,156222,170316,43,276914
2025-04-18 19:16:04,46,level_complete,329,7,26344,0,156252,170337,86,277000
2025-04-18 19:16:04,46,game_complete,-,8,26344,0,156252,170337,86,277000
2025-04-18 19:16:07,47,level_complete,330,1,26372,0,156658,170842,33,277458
2025-04-18 19:16:08,47,level_complete,331,2,26380,0,156785,171005,48,277655
2025-04-18 19:16:09,47,level_complete,332,3,26381,0,156815,171039,88,277743
2025-04-18 19:16:09,47,level_complete,333,4,26382,0,156840,171072,35,277778
2025-04-18 19:16:09,47,level_complete,334,5,26384,0,156897,171111,142,278016
2025-04-18 19:16:10,47,level_complete,335,6,26392,0,157024,171257,64,278244
2025-04-18 19:16:10,47,level_complete,336,7,26394,0,157065,171283,78,278335
2025-04-18 19:16:10,47,game_complete,-,8,26394,0,157065,171283,78,278335
2025-04-18 19:16:13,48,level_complete,337,1,26411,0,157324,171572,31,278660
2025-04-18 19:16:13,48,level_complete,338,2,26412,0,157354,171596,47,278707
2025-04-18 19:16:13,48,level_complete,339,3,26415,0,157413,171645,81,278833
2025-04-18 19:16:14,48,level_complete,340,4,26427,0,157533,171774,55,279069
2025-04-18 19:16:14,48,level_complete,341,5,26428,0,157563,171803,72,279141
2025-04-18 19:16:14,48,level_complete,342,6,26429,0,157593,171827,90,279231
2025-04-18 19:16:18,48,level_complete,343,7,26484,0,158236,172338,111,281174
2025-04-18 19:16:18,48,game_complete,-,8,26484,0,158236,172338,111,281174
2025-04-18 19:16:23,49,level_complete,344,1,26564,0,158922,173010,37,281970
2025-04-18 19:16:24,49,level_complete,345,2,26579,0,159113,173225,60,282253
2025-04-18 19:16:25,49,level_complete,346,3,26582,0,159178,173269,79,282416
2025-04-18 19:16:25,49,level_complete,347,4,26584,0,159226,173317,38,282482
2025-04-18 19:16:25,49,level_complete,348,5,26590,0,159298,173374,36,282729
2025-04-18 19:16:26,49,level_complete,349,6,26593,0,159357,173433,62,282850
2025-04-18 19:16:26,49,level_complete,350,7,26594,0,159387,173477,50,282900
2025-04-18 19:16:26,49,game_complete,-,8,26594,0,159387,173477,50,282900
2025-04-18 19:16:28,50,level_complete,351,1,26616,0,159582,173669,35,283123
2025-04-18 19:16:30,50,training_run_ep 46000,-,2,26645,0,159863,173907,0,283569
2025-04-18 19:16:32,50,level_complete,352,2,26683,0,160265,174272,59,284212
2025-04-18 19:16:33,50,level_complete,353,3,26684,0,160295,174280,143,284355
2025-04-18 19:16:33,50,level_complete,354,4,26698,0,160451,174410,34,284598
2025-04-18 19:16:34,50,level_complete,355,5,26707,0,160575,174489,88,284897
2025-04-18 19:16:34,50,level_complete,356,6,26709,0,160610,174515,115,285018
2025-04-18 19:16:36,50,level_complete,357,7,26740,0,160927,174767,102,285689
2025-04-18 19:16:36,50,game_complete,-,8,26740,0,160927,174767,102,285689
2025-04-18 19:16:48,51,level_complete,358,1,26892,0,162408,176399,36,287440
2025-04-18 19:16:49,51,level_complete,359,2,26895,0,162490,176480,45,287570
2025-04-18 19:16:49,51,level_complete,360,3,26896,0,162520,176511,91,287661
2025-04-18 19:16:50,51,level_complete,361,4,26907,0,162645,176619,30,287845
2025-04-18 19:16:51,51,level_complete,362,5,26921,0,162837,176729,162,288484
2025-04-18 19:16:51,51,level_complete,363,6,26927,0,162914,176796,49,288619
2025-04-18 19:16:51,51,level_complete,364,7,26928,0,162944,176826,76,288695
2025-04-18 19:16:51,51,game_complete,-,8,26928,0,162944,176826,76,288695
2025-04-18 19:16:57,52,level_complete,365,1,26991,0,163769,177626,33,289689
2025-04-18 19:17:00,52,level_complete,366,2,27027,0,164212,177990,51,290470
2025-04-18 19:17:00,52,level_complete,367,3,27036,0,164305,178043,262,291028
2025-04-18 19:17:01,52,level_complete,368,4,27037,0,164330,178084,28,291056
2025-04-18 19:17:01,52,level_complete,369,5,27052,0,164482,178173,62,291590
2025-04-18 19:17:03,52,level_complete,370,6,27088,0,164865,178385,63,292625
2025-04-18 19:17:04,52,training_run_ep 46500,-,7,27145,0,165137,178546,0,293649
2025-04-18 19:17:07,52,level_complete,371,7,27261,0,165707,178971,107,295313
2025-04-18 19:17:07,52,game_complete,-,8,27261,0,165707,178971,107,295313
2025-04-18 19:17:20,53,training_run_ep 47000,-,1,27645,0,167298,180451,0,297226
2025-04-18 19:17:35,53,training_run_ep 47500,-,1,28145,0,169246,182260,0,299519
2025-04-18 19:17:50,53,training_run_ep 48000,-,1,28645,0,170872,183913,0,301376
2025-04-18 19:18:06,53,training_run_ep 48500,-,1,29145,0,172870,185823,0,303633
2025-04-18 19:18:13,53,level_complete,372,1,29260,0,173730,186656,33,304659
2025-04-18 19:18:15,53,level_complete,373,2,29291,0,174093,186940,43,305297
2025-04-18 19:18:16,53,level_complete,374,3,29317,0,174409,187119,68,306178
2025-04-18 19:18:19,53,level_complete,375,4,29378,0,174806,187462,66,306780
2025-04-18 19:18:19,53,level_complete,376,5,29381,0,174890,187521,51,306946
2025-04-18 19:18:20,53,level_complete,377,6,29387,0,174974,187622,47,307097
2025-04-18 19:18:23,53,level_complete,378,7,29434,0,175633,188127,62,308774
2025-04-18 19:18:23,53,game_complete,-,8,29434,0,175633,188127,62,308774
2025-04-18 19:18:24,54,level_complete,379,1,29453,0,175766,188309,33,308925
2025-04-18 19:18:27,54,level_complete,380,2,29502,0,176298,188696,62,310149
2025-04-18 19:18:27,54,level_complete,381,3,29503,0,176328,188707,101,310250
2025-04-18 19:18:28,54,level_complete,382,4,29511,0,176419,188796,42,310399
2025-04-18 19:18:29,54,level_complete,383,5,29536,0,176718,188968,69,311228
2025-04-18 19:18:30,54,level_complete,384,6,29562,0,177005,189164,88,311928
2025-04-18 19:18:30,54,level_complete,385,7,29563,0,177035,189177,112,312040
2025-04-18 19:18:30,54,game_complete,-,8,29563,0,177035,189177,112,312040
2025-04-18 19:18:36,55,training_run_ep 49000,-,1,29645,0,177704,189846,0,312827
2025-04-18 19:18:43,55,level_complete,386,1,29717,0,178557,190777,40,313844
2025-04-18 19:18:44,55,level_complete,387,2,29719,0,178589,190818,53,313899
2025-04-18 19:18:44,55,level_complete,388,3,29733,0,178723,190909,92,314291
2025-04-18 19:18:45,55,level_complete,389,4,29751,0,178827,191006,38,314430
2025-04-18 19:18:45,55,level_complete,390,5,29756,0,178905,191070,75,314606
2025-04-18 19:18:46,55,level_complete,391,6,29757,0,178935,191094,61,314667
2025-04-18 19:18:46,55,level_complete,392,7,29758,0,178965,191127,65,314732
2025-04-18 19:18:46,55,game_complete,-,8,29758,0,178965,191127,65,314732
2025-04-18 19:19:00,56,level_complete,393,1,29962,0,180611,192907,34,316712
2025-04-18 19:19:00,56,level_complete,394,2,29971,0,180722,192992,70,316918
2025-04-18 19:19:01,56,level_complete,395,3,29988,0,180963,193112,138,317643
2025-04-18 19:19:02,56,level_complete,396,4,29992,0,181030,193188,42,317755
2025-04-18 19:19:02,56,level_complete,397,5,29993,0,181060,193227,58,317813
2025-04-18 19:19:05,56,level_complete,398,6,30012,0,181338,193672,82,318634
2025-04-18 19:19:06,56,level_complete,399,7,30032,0,181530,193832,71,319212
2025-04-18 19:19:06,56,game_complete,-,8,30032,0,181530,193832,71,319212
2025-04-18 19:19:07,57,level_complete,400,1,30039,0,181610,193920,31,319299
2025-04-18 19:19:08,57,level_complete,401,2,30047,0,181743,194042,36,319497
2025-04-18 19:19:08,57,level_complete,402,3,30051,0,181811,194097,47,319694
2025-04-18 19:19:10,57,level_complete,403,4,30069,0,182023,194287,31,320017
2025-04-18 19:19:10,57,level_complete,404,5,30071,0,182054,194327,82,320100
2025-04-18 19:19:11,57,level_complete,405,6,30081,0,182188,194429,47,320341
2025-04-18 19:19:12,57,level_complete,406,7,30099,0,182381,194588,246,321093
2025-04-18 19:19:12,57,game_complete,-,8,30099,0,182381,194588,246,321093
2025-04-18 19:19:15,58,level_complete,407,1,30125,0,182730,194988,32,321490
2025-04-18 19:19:17,58,training_run_ep 49500,-,2,30145,0,182979,195211,0,321887
2025-04-18 19:19:18,58,level_complete,408,2,30158,0,183169,195400,34,322169
2025-04-18 19:19:22,58,level_complete,409,3,30168,0,183309,195913,129,322717
2025-04-18 19:19:24,58,level_complete,410,4,30224,0,183716,196255,29,323287
2025-04-18 19:19:26,58,level_complete,411,5,30249,0,183979,196415,79,324008
2025-04-18 19:19:26,58,level_complete,412,6,30257,0,184092,196502,41,324286
2025-04-18 19:19:27,58,level_complete,413,7,30260,0,184157,196639,172,324556
2025-04-18 19:19:27,58,game_complete,-,8,30260,0,184157,196639,172,324556
2025-04-18 19:19:34,59,level_complete,414,1,30325,0,184924,197496,35,325464
2025-04-18 19:19:36,59,level_complete,415,2,30346,0,185233,197793,49,325930
2025-04-18 19:19:36,59,level_complete,416,3,30347,0,185263,197805,79,326009
2025-04-18 19:19:37,59,level_complete,417,4,30352,0,185323,197880,28,326083
2025-04-18 19:19:37,59,level_complete,418,5,30359,0,185425,197928,80,326392
2025-04-18 19:19:39,59,level_complete,419,6,30371,0,185568,198195,51,326780
2025-04-18 19:19:39,59,level_complete,420,7,30376,0,185641,198242,56,326950
2025-04-18 19:19:39,59,game_complete,-,8,30376,0,185641,198242,56,326950
2025-04-18 19:19:40,60,level_complete,421,1,30388,0,185745,198343,36,327069
2025-04-18 19:19:40,60,level_complete,422,2,30392,0,185837,198436,58,327233
2025-04-18 19:19:41,60,level_complete,423,3,30396,0,185898,198495,115,327409
2025-04-18 19:19:42,60,level_complete,424,4,30402,0,186002,198605,27,327538
2025-04-18 19:19:42,60,level_complete,425,5,30403,0,186032,198629,49,327587
2025-04-18 19:19:42,60,level_complete,426,6,30409,0,186092,198663,135,327841
2025-04-18 19:19:42,60,level_complete,427,7,30412,0,186135,198712,122,327981
2025-04-18 19:19:42,60,game_complete,-,8,30412,0,186135,198712,122,327981
2025-04-18 19:19:49,61,level_complete,428,1,30514,0,186970,199602,34,328961
2025-04-18 19:19:50,61,level_complete,429,2,30526,0,187135,199741,47,329272
2025-04-18 19:19:50,61,level_complete,430,3,30527,0,187165,199764,61,329333
2025-04-18 19:19:51,61,level_complete,431,4,30533,0,187226,199829,33,329414
2025-04-18 19:19:51,61,level_complete,432,5,30537,0,187305,199887,137,329677
2025-04-18 19:19:52,61,level_complete,433,6,30538,0,187335,199921,47,329724
2025-04-18 19:20:15,61,training_run_ep 50000,-,7,30645,0,188162,202888,0,331861
2025-04-18 19:20:18,61,level_complete,434,7,30740,0,188873,203415,286,333664
2025-04-18 19:20:18,61,game_complete,-,8,30740,0,188873,203415,286,333664
2025-04-18 19:20:22,62,level_complete,435,1,30816,0,189353,203870,35,334267
2025-04-18 19:20:32,62,training_run_ep 50500,-,2,31145,0,191000,205149,0,337279
2025-04-18 19:20:44,62,level_complete,436,2,31474,0,192670,206661,33,339952
2025-04-18 19:20:44,62,level_complete,437,3,31475,0,192700,206676,111,340063
2025-04-18 19:20:45,62,level_complete,438,4,31497,0,192843,206801,34,340243
2025-04-18 19:20:47,62,level_complete,439,5,31571,0,193541,207142,152,342738
2025-04-18 19:20:48,62,level_complete,440,6,31572,0,193571,207168,70,342808
2025-04-18 19:20:50,62,level_complete,441,7,31637,0,194098,207563,247,344378
2025-04-18 19:20:50,62,game_complete,-,8,31637,0,194098,207563,247,344378
2025-04-18 19:20:51,63,training_run_ep 51000,-,1,31645,0,194133,207598,0,344414
2025-04-18 19:21:07,63,training_run_ep 51500,-,1,32145,0,195670,209448,0,346185
2025-04-18 19:22:18,63,training_run_ep 52000,-,1,32645,0,197712,217828,0,348535
2025-04-18 19:22:37,63,level_complete,442,1,33081,0,200240,220279,35,351456
2025-04-18 19:22:38,63,level_complete,443,2,33088,0,200322,220346,66,351606
2025-04-18 19:22:38,63,level_complete,444,3,33091,0,200382,220414,71,351785
2025-04-18 19:22:39,63,level_complete,445,4,33093,0,200408,220471,34,351820
2025-04-18 19:22:39,63,level_complete,446,5,33094,0,200438,220514,38,351858
2025-04-18 19:22:39,63,level_complete,447,6,33095,0,200468,220535,73,351931
2025-04-18 19:22:39,63,level_complete,448,7,33096,0,200498,220548,95,352026
2025-04-18 19:22:39,63,game_complete,-,8,33096,0,200498,220548,95,352026
2025-04-18 19:22:44,64,training_run_ep 52500,-,1,33145,0,201087,221148,0,352731
2025-04-18 19:23:27,64,level_complete,449,1,33205,0,201808,226776,35,353594
2025-04-18 19:23:28,64,level_complete,450,2,33209,0,201880,226833,51,353713
2025-04-18 19:23:28,64,level_complete,451,3,33210,0,201910,226845,92,353805
2025-04-18 19:23:28,64,level_complete,452,4,33215,0,201987,226918,30,353906
2025-04-18 19:23:29,64,level_complete,453,5,33244,0,202272,227064,187,354852
2025-04-18 19:23:31,64,level_complete,454,6,33278,0,202642,227339,43,355922
2025-04-18 19:23:35,64,level_complete,455,7,33357,0,203425,227903,241,358041
2025-04-18 19:23:35,64,game_complete,-,8,33357,0,203425,227903,241,358041
2025-04-18 19:23:46,65,level_complete,456,1,33511,0,204746,229363,41,359603
2025-04-18 19:23:48,65,level_complete,457,2,33528,0,205016,229613,48,360065
2025-04-18 19:23:48,65,level_complete,458,3,33529,0,205046,229637,79,360144
2025-04-18 19:23:51,65,level_complete,459,4,33570,0,205473,230029,34,360820
2025-04-18 19:23:51,65,level_complete,460,5,33572,0,205506,230046,97,360920
2025-04-18 19:23:52,65,level_complete,461,6,33575,0,205554,230100,43,360990
2025-04-18 19:23:53,65,level_complete,462,7,33608,0,205824,230267,115,362057
2025-04-18 19:23:53,65,game_complete,-,8,33608,0,205824,230267,115,362057
2025-04-18 19:24:04,66,level_complete,463,1,33628,0,206083,231864,51,362374
2025-04-18 19:24:06,66,level_complete,464,2,33643,0,206310,232047,55,362778
2025-04-18 19:24:06,66,training_run_ep 53000,-,3,33645,0,206365,232083,0,362913
2025-04-18 19:24:07,66,level_complete,465,3,33658,0,206512,232197,68,363344
2025-04-18 19:24:08,66,level_complete,466,4,33676,0,206683,232347,47,363592
2025-04-18 19:24:09,66,level_complete,467,5,33677,0,206713,232389,70,363662
2025-04-18 19:24:09,66,level_complete,468,6,33683,0,206817,232469,76,363925
2025-04-18 19:24:10,66,level_complete,469,7,33690,0,206930,232542,118,364259
2025-04-18 19:24:10,66,game_complete,-,8,33690,0,206930,232542,118,364259
2025-04-18 19:24:11,67,level_complete,470,1,33696,0,207032,232669,36,364377
2025-04-18 19:24:12,67,level_complete,471,2,33713,0,207176,232808,40,364566
2025-04-18 19:24:12,67,level_complete,472,3,33724,0,207343,232901,103,365018
2025-04-18 19:24:13,67,level_complete,473,4,33734,0,207445,233003,31,365142
2025-04-18 19:24:13,67,level_complete,474,5,33738,0,207491,233030,117,365292
2025-04-18 19:24:14,67,level_complete,475,6,33743,0,207598,233098,49,365532
2025-04-18 19:24:14,67,level_complete,476,7,33746,0,207657,233137,99,365685
2025-04-18 19:24:14,67,game_complete,-,8,33746,0,207657,233137,99,365685
2025-04-18 19:24:19,68,level_complete,477,1,33818,0,208254,233757,36,366402
2025-04-18 19:24:21,68,level_complete,478,2,33848,0,208631,234050,57,367088
2025-04-18 19:24:21,68,level_complete,479,3,33851,0,208702,234088,65,367295
2025-04-18 19:24:22,68,level_complete,480,4,33872,0,208849,234227,59,367559
2025-04-18 19:24:28,68,level_complete,481,5,34053,0,210437,235134,145,372315
2025-04-18 19:24:30,68,level_complete,482,6,34084,0,210739,235351,52,373070
2025-04-18 19:24:31,68,level_complete,483,7,34100,0,210952,235467,105,373964
2025-04-18 19:24:31,68,game_complete,-,8,34100,0,210952,235467,105,373964
2025-04-18 19:24:33,69,training_run_ep 53500,-,1,34145,0,211188,235677,0,374243
2025-04-18 19:24:51,69,training_run_ep 54000,-,1,34645,0,213417,237834,0,376802
2025-04-18 19:25:08,69,training_run_ep 54500,-,1,35145,0,215440,239860,0,379110
2025-04-18 19:25:14,69,level_complete,484,1,35319,0,216114,240499,37,379894
2025-04-18 19:25:26,69,level_complete,485,2,35615,0,218040,242106,46,382952
2025-04-18 19:25:26,69,level_complete,486,3,35616,0,218070,242148,51,383003
2025-04-18 19:25:26,69,level_complete,487,4,35617,0,218095,242174,55,383058
2025-04-18 19:25:27,69,level_complete,488,5,35618,0,218125,242224,57,383115
2025-04-18 19:25:27,69,level_complete,489,6,35625,0,218214,242288,61,383267
2025-04-18 19:25:29,69,training_run_ep 55000,-,7,35645,0,218407,242494,0,383832
2025-04-18 19:25:34,69,level_complete,490,7,35764,0,219533,243281,176,387442
2025-04-18 19:25:34,69,game_complete,-,8,35764,0,219533,243281,176,387442
2025-04-18 19:25:48,70,level_complete,491,1,36079,0,221262,245011,34,389421
2025-04-18 19:25:52,70,training_run_ep 55500,-,2,36145,0,221779,245454,0,390273
2025-04-18 19:25:58,70,level_complete,492,2,36246,0,222713,246337,44,391744
2025-04-18 19:25:59,70,level_complete,493,3,36259,0,222899,246444,140,392458
2025-04-18 19:25:59,70,level_complete,494,4,36261,0,222938,246472,46,392536
2025-04-18 19:26:00,70,level_complete,495,5,36263,0,222991,246535,56,392632
2025-04-18 19:26:00,70,level_complete,496,6,36265,0,223029,246562,59,392703
2025-04-18 19:26:00,70,level_complete,497,7,36268,0,223068,246580,73,392792
2025-04-18 19:26:00,70,game_complete,-,8,36268,0,223068,246580,73,392792
2025-04-18 19:26:01,71,level_complete,498,1,36271,0,223141,246685,35,392874
2025-04-18 19:26:01,71,level_complete,499,2,36272,0,223171,246709,51,392925
2025-04-18 19:26:01,71,level_complete,500,3,36273,0,223201,246736,54,392979
2025-04-18 19:26:02,71,level_complete,501,4,36276,0,223260,246809,33,393050
2025-04-18 19:26:03,71,level_complete,502,5,36302,0,223623,246991,70,394144
2025-04-18 19:26:06,71,level_complete,503,6,36351,0,224254,247444,50,395779
2025-04-18 19:26:06,71,level_complete,504,7,36355,0,224294,247473,64,395864
2025-04-18 19:26:06,71,game_complete,-,8,36355,0,224294,247473,64,395864
2025-04-18 19:27:37,72,level_complete,505,1,36486,0,225473,258403,51,397277
2025-04-18 19:27:41,72,level_complete,506,2,36543,0,225994,258841,63,398127
2025-04-18 19:27:41,72,level_complete,507,3,36544,0,226024,258863,60,398187
2025-04-18 19:27:44,72,level_complete,508,4,36628,0,226583,259357,45,399031
2025-04-18 19:27:45,72,level_complete,509,5,36643,0,226806,259503,50,399678
2025-04-18 19:27:46,72,level_complete,510,6,36645,0,226846,259530,103,399795
2025-04-18 19:27:46,72,training_run_ep 56000,-,7,36645,0,226846,259530,103,399795
2025-04-18 19:27:47,72,level_complete,511,7,36653,0,227004,259726,52,400216
2025-04-18 19:27:47,72,game_complete,-,8,36653,0,227004,259726,52,400216
2025-04-18 19:27:48,73,level_complete,512,1,36662,0,227089,259817,43,400321
2025-04-18 19:27:48,73,level_complete,513,2,36664,0,227134,259860,54,400396
2025-04-18 19:27:49,73,level_complete,514,3,36667,0,227213,259913,112,400636
2025-04-18 19:27:49,73,level_complete,515,4,36672,0,227257,259954,42,400709
2025-04-18 19:27:49,73,level_complete,516,5,36675,0,227331,260007,68,400866
2025-04-18 19:27:50,73,level_complete,517,6,36679,0,227396,260057,77,401002
2025-04-18 19:27:50,73,level_complete,518,7,36681,0,227441,260085,66,401149
2025-04-18 19:27:50,73,game_complete,-,8,36681,0,227441,260085,66,401149
2025-04-18 19:27:51,74,level_complete,519,1,36687,0,227595,260313,36,401337
2025-04-18 19:27:55,74,level_complete,520,2,36723,0,228093,260777,39,402128
2025-04-18 19:27:55,74,level_complete,521,3,36724,0,228123,260808,51,402179
2025-04-18 19:27:55,74,level_complete,522,4,36725,0,228148,260830,34,402213
2025-04-18 19:27:56,74,level_complete,523,5,36737,0,228355,260958,58,402743
2025-04-18 19:27:57,74,level_complete,524,6,36741,0,228434,261022,73,402891
2025-04-18 19:27:57,74,level_complete,525,7,36742,0,228464,261045,53,402944
2025-04-18 19:27:57,74,game_complete,-,8,36742,0,228464,261045,53,402944
2025-04-18 19:27:59,75,level_complete,526,1,36763,0,228690,261362,34,403210
2025-04-18 19:28:02,75,level_complete,527,2,36796,0,229139,261774,41,403915
2025-04-18 19:28:03,75,level_complete,528,3,36803,0,229281,261858,82,404390
2025-04-18 19:28:03,75,level_complete,529,4,36807,0,229341,261921,32,404464
2025-04-18 19:28:04,75,level_complete,530,5,36822,0,229533,262064,63,404907
2025-04-18 19:28:04,75,level_complete,531,6,36825,0,229573,262097,77,404996
2025-04-18 19:28:05,75,level_complete,532,7,36840,0,229757,262200,124,405695
2025-04-18 19:28:05,75,game_complete,-,8,36840,0,229757,262200,124,405695
2025-04-18 19:28:07,76,level_complete,533,1,36881,0,230077,262508,35,406060
2025-04-18 19:28:08,76,level_complete,534,2,36889,0,230199,262611,91,406304
2025-04-18 19:28:10,76,level_complete,535,3,36925,0,230587,262862,41,407252
2025-04-18 19:28:11,76,level_complete,536,4,36940,0,230743,262997,40,407493
2025-04-18 19:28:12,76,level_complete,537,5,36948,0,230877,263098,65,407823
2025-04-18 19:28:12,76,level_complete,538,6,36961,0,230963,263165,65,407982
2025-04-18 19:28:13,76,level_complete,539,7,36972,0,231153,263314,77,408543
2025-04-18 19:28:13,76,game_complete,-,8,36972,0,231153,263314,77,408543
2025-04-18 19:28:14,77,level_complete,540,1,36987,0,231342,263505,33,408787
2025-04-18 19:28:15,77,level_complete,541,2,36988,0,231372,263544,34,408821
2025-04-18 19:28:15,77,level_complete,542,3,36991,0,231442,263586,53,409008
2025-04-18 19:28:15,77,level_complete,543,4,36992,0,231467,263610,41,409049
2025-04-18 19:28:15,77,level_complete,544,5,36993,0,231497,263634,69,409118
2025-04-18 19:28:16,77,level_complete,545,6,37005,0,231699,263771,63,409542
2025-04-18 19:28:16,77,level_complete,546,7,37006,0,231729,263813,64,409606
2025-04-18 19:28:16,77,game_complete,-,8,37006,0,231729,263813,64,409606
2025-04-18 19:28:17,78,level_complete,547,1,37009,0,231804,263896,35,409703
2025-04-18 19:28:18,78,level_complete,548,2,37016,0,231940,264040,59,409908
2025-04-18 19:28:18,78,level_complete,549,3,37017,0,231970,264057,241,410149
2025-04-18 19:29:00,78,level_complete,550,4,37024,0,232085,269377,33,410317
2025-04-18 19:29:00,78,level_complete,551,5,37025,0,232115,269390,105,410422
2025-04-18 19:29:01,78,level_complete,552,6,37038,0,232287,269500,160,410881
2025-04-18 19:29:02,78,level_complete,553,7,37040,0,232334,269547,97,411005
2025-04-18 19:29:02,78,game_complete,-,8,37040,0,232334,269547,97,411005
2025-04-18 19:29:04,79,level_complete,554,1,37067,0,232658,269879,47,411405
2025-04-18 19:29:05,79,level_complete,555,2,37072,0,232733,269966,61,411526
2025-04-18 19:29:05,79,level_complete,556,3,37074,0,232792,270012,48,411654
2025-04-18 19:29:05,79,level_complete,557,4,37075,0,232817,270034,33,411687
2025-04-18 19:29:05,79,level_complete,558,5,37076,0,232847,270058,82,411769
2025-04-18 19:29:06,79,level_complete,559,6,37079,0,232909,270096,84,411916
2025-04-18 19:29:06,79,level_complete,560,7,37080,0,232939,270109,78,411994
2025-04-18 19:29:06,79,game_complete,-,8,37080,0,232939,270109,78,411994
2025-04-18 19:29:08,80,level_complete,561,1,37094,0,233188,270435,31,412278
2025-04-18 19:29:09,80,level_complete,562,2,37107,0,233372,270625,34,412580
2025-04-18 19:29:10,80,level_complete,563,3,37108,0,233402,270647,56,412636
2025-04-18 19:29:10,80,level_complete,564,4,37115,0,233518,270755,29,412799
2025-04-18 19:29:11,80,level_complete,565,5,37122,0,233613,270817,74,413017
2025-04-18 19:29:11,80,level_complete,566,6,37124,0,233672,270910,48,413118
2025-04-18 19:29:12,80,level_complete,567,7,37128,0,233756,270977,45,413332
2025-04-18 19:29:12,80,game_complete,-,8,37128,0,233756,270977,45,413332
2025-04-18 19:29:13,81,level_complete,568,1,37132,0,233842,271152,33,413429
2025-04-18 19:29:15,81,training_run_ep 56500,-,2,37145,0,234045,271323,0,413853
2025-04-18 19:29:16,81,level_complete,569,2,37150,0,234124,271419,45,413963
2025-04-18 19:29:16,81,level_complete,570,3,37154,0,234175,271441,110,414114
2025-04-18 19:29:17,81,level_complete,571,4,37171,0,234327,271560,29,414362
2025-04-18 19:29:17,81,level_complete,572,5,37177,0,234436,271612,95,414734
2025-04-18 19:29:17,81,level_complete,573,6,37188,0,234590,271699,166,415190
2025-04-18 19:29:18,81,level_complete,574,7,37191,0,234632,271734,54,415263
2025-04-18 19:29:18,81,game_complete,-,8,37191,0,234632,271734,54,415263
2025-04-18 19:29:18,82,level_complete,575,1,37195,0,234693,271820,36,415332
2025-04-18 19:29:19,82,level_complete,576,2,37196,0,234723,271851,52,415384
2025-04-18 19:29:19,82,level_complete,577,3,37200,0,234797,271896,159,415648
2025-04-18 19:29:20,82,level_complete,578,4,37214,0,234986,272053,27,415904
2025-04-18 19:29:21,82,level_complete,579,5,37218,0,235071,272141,166,416164
2025-04-18 19:29:21,82,level_complete,580,6,37224,0,235182,272251,54,416391
2025-04-18 19:29:22,82,level_complete,581,7,37227,0,235219,272283,114,416513
2025-04-18 19:29:22,82,game_complete,-,8,37227,0,235219,272283,114,416513
2025-04-18 19:29:26,83,level_complete,582,1,37287,0,235806,272887,33,417206
2025-04-18 19:29:27,83,level_complete,583,2,37294,0,235897,272964,37,417354
2025-04-18 19:29:27,83,level_complete,584,3,37297,0,235937,272990,49,417437
2025-04-18 19:29:27,83,level_complete,585,4,37299,0,235966,273031,28,417470
2025-04-18 19:29:28,83,level_complete,586,5,37300,0,235996,273077,66,417536
2025-04-18 19:29:28,83,level_complete,587,6,37301,0,236026,273097,58,417594
2025-04-18 19:29:28,83,level_complete,588,7,37307,0,236132,273182,53,417803
2025-04-18 19:29:28,83,game_complete,-,8,37307,0,236132,273182,53,417803
2025-04-18 19:29:30,84,level_complete,589,1,37315,0,236271,273369,36,417972
2025-04-18 19:29:31,84,level_complete,590,2,37346,0,236476,273557,56,418344
2025-04-18 19:29:31,84,level_complete,591,3,37351,0,236571,273603,151,418699
2025-04-18 19:29:32,84,level_complete,592,4,37352,0,236596,273623,43,418742
2025-04-18 19:29:32,84,level_complete,593,5,37354,0,236645,273654,91,418890
2025-04-18 19:29:33,84,level_complete,594,6,37368,0,236897,273815,56,419440
2025-04-18 19:29:33,84,level_complete,595,7,37370,0,236946,273855,51,419582
2025-04-18 19:29:33,84,game_complete,-,8,37370,0,236946,273855,51,419582
2025-04-18 19:29:35,85,level_complete,596,1,37392,0,237201,274113,37,419904
2025-04-18 19:29:36,85,level_complete,597,2,37396,0,237296,274265,37,420020
2025-04-18 19:29:37,85,level_complete,598,3,37403,0,237390,274336,62,420222
2025-04-18 19:29:38,85,level_complete,599,4,37427,0,237637,274547,43,420624
2025-04-18 19:29:39,85,level_complete,600,5,37435,0,237753,274618,70,420965
2025-04-18 19:29:39,85,level_complete,601,6,37438,0,237828,274673,123,421245
2025-04-18 19:29:39,85,level_complete,602,7,37445,0,237924,274730,138,421526
2025-04-18 19:29:39,85,game_complete,-,8,37445,0,237924,274730,138,421526
2025-04-18 19:29:40,86,level_complete,603,1,37451,0,238000,274814,34,421616
2025-04-18 19:29:43,86,level_complete,604,2,37490,0,238404,275236,37,422247
2025-04-18 19:29:43,86,level_complete,605,3,37494,0,238458,275264,176,422504
2025-04-18 19:29:44,86,level_complete,606,4,37497,0,238485,275298,27,422533
2025-04-18 19:29:44,86,level_complete,607,5,37498,0,238515,275319,59,422592
2025-04-18 19:29:44,86,level_complete,608,6,37505,0,238633,275402,126,422902
2025-04-18 19:29:45,86,level_complete,609,7,37526,0,238816,275539,156,423351
2025-04-18 19:29:45,86,game_complete,-,8,37526,0,238816,275539,156,423351
2025-04-18 19:29:50,87,level_complete,610,1,37588,0,239441,276181,36,424110
2025-04-18 19:29:52,87,level_complete,611,2,37601,0,239725,276497,40,424580
2025-04-18 19:29:53,87,level_complete,612,3,37602,0,239755,276521,79,424659
2025-04-18 19:29:55,87,level_complete,613,4,37624,0,239996,276797,34,424989
2025-04-18 19:29:55,87,level_complete,614,5,37627,0,240061,276851,56,425092
2025-04-18 19:29:55,87,level_complete,615,6,37637,0,240162,276917,118,425332
2025-04-18 19:29:56,87,level_complete,616,7,37640,0,240246,276988,47,425486
2025-04-18 19:29:56,87,game_complete,-,8,37640,0,240246,276988,47,425486
2025-04-18 19:29:57,88,training_run_ep 57000,-,1,37645,0,240297,277035,0,425556
2025-04-18 19:29:59,88,level_complete,617,1,37668,0,240618,277376,34,425940
2025-04-18 19:30:00,88,level_complete,618,2,37681,0,240788,277518,50,426203
2025-04-18 19:30:01,88,level_complete,619,3,37685,0,240875,277584,50,426495
2025-04-18 19:30:01,88,level_complete,620,4,37686,0,240900,277614,34,426529
2025-04-18 19:30:01,88,level_complete,621,5,37690,0,240993,277678,156,426785
2025-04-18 19:30:02,88,level_complete,622,6,37692,0,241032,277750,53,426849
2025-04-18 19:30:02,88,level_complete,623,7,37693,0,241062,277779,89,426938
2025-04-18 19:30:02,88,game_complete,-,8,37693,0,241062,277779,89,426938
2025-04-18 19:30:06,89,level_complete,624,1,37735,0,241509,278368,35,427450
2025-04-18 19:30:08,89,level_complete,625,2,37747,0,241651,278514,38,427654
2025-04-18 19:30:08,89,level_complete,626,3,37749,0,241710,278559,127,427861
2025-04-18 19:30:08,89,level_complete,627,4,37752,0,241748,278607,33,427908
2025-04-18 19:30:09,89,level_complete,628,5,37767,0,241988,278735,95,428880
2025-04-18 19:30:10,89,level_complete,629,6,37774,0,242074,278803,69,429092
2025-04-18 19:30:11,89,level_complete,630,7,37789,0,242267,278949,93,429757
2025-04-18 19:30:11,89,game_complete,-,8,37789,0,242267,278949,93,429757
2025-04-18 19:30:18,90,level_complete,631,1,37928,0,243156,279862,35,430810
2025-04-18 19:30:19,90,level_complete,632,2,37936,0,243252,279949,55,430972
2025-04-18 19:30:19,90,level_complete,633,3,37953,0,243413,280026,122,431549
2025-04-18 19:30:21,90,level_complete,634,4,37971,0,243533,280254,32,431715
2025-04-18 19:30:21,90,level_complete,635,5,37986,0,243701,280344,68,432143
2025-04-18 19:30:22,90,level_complete,636,6,38001,0,243809,280429,74,432332
2025-04-18 19:30:22,90,level_complete,637,7,38004,0,243860,280461,106,432483
2025-04-18 19:30:22,90,game_complete,-,8,38004,0,243860,280461,106,432483
2025-04-18 19:30:26,91,level_complete,638,1,38065,0,244360,280970,38,433077
2025-04-18 19:30:27,91,level_complete,639,2,38093,0,244526,281119,70,433323
2025-04-18 19:30:28,91,level_complete,640,3,38110,0,244693,281206,98,433897
2025-04-18 19:30:28,91,level_complete,641,4,38112,0,244729,281244,34,433950
2025-04-18 19:30:29,91,level_complete,642,5,38117,0,244795,281305,43,434039
2025-04-18 19:30:29,91,level_complete,643,6,38125,0,244915,281410,63,434358
2025-04-18 19:30:31,91,training_run_ep 57500,-,7,38145,0,245106,281556,0,434846
2025-04-18 19:30:32,91,level_complete,644,7,38170,0,245332,281709,55,435416
2025-04-18 19:30:32,91,game_complete,-,8,38170,0,245332,281709,55,435416
2025-04-18 19:30:32,92,level_complete,645,1,38178,0,245401,281786,37,435497
2025-04-18 19:30:33,92,level_complete,646,2,38195,0,245525,281904,63,435768
2025-04-18 19:30:34,92,level_complete,647,3,38233,0,245830,282077,95,436636
2025-04-18 19:30:37,92,level_complete,648,4,38264,0,245985,282371,35,436868
2025-04-18 19:30:45,92,level_complete,649,5,38546,0,248094,283584,161,443139
2025-04-18 19:30:49,92,training_run_ep 58000,-,6,38645,0,248817,284046,0,444880
2025-04-18 19:30:50,92,level_complete,650,6,38697,0,249146,284269,75,445702
2025-04-18 19:30:51,92,level_complete,651,7,38723,0,249388,284423,107,446338
2025-04-18 19:30:51,92,game_complete,-,8,38723,0,249388,284423,107,446338
2025-04-18 19:30:57,93,level_complete,652,1,38831,0,250026,285100,37,447144
2025-04-18 19:30:58,93,level_complete,653,2,38847,0,250259,285309,49,447496
2025-04-18 19:30:59,93,level_complete,654,3,38872,0,250542,285479,65,448206
2025-04-18 19:31:00,93,level_complete,655,4,38881,0,250620,285555,42,448311
2025-04-18 19:31:00,93,level_complete,656,5,38889,0,250745,285638,68,448678
2025-04-18 19:31:00,93,level_complete,657,6,38890,0,250775,285656,98,448776
2025-04-18 19:31:01,93,level_complete,658,7,38898,0,250882,285754,54,448985
2025-04-18 19:31:01,93,game_complete,-,8,38898,0,250882,285754,54,448985
2025-04-18 19:31:09,94,level_complete,659,1,39066,0,251922,286730,33,450228
2025-04-18 19:31:12,94,training_run_ep 58500,-,2,39145,0,252370,287070,0,451053
2025-04-18 19:31:26,94,training_run_ep 59000,-,2,39645,0,254571,288774,0,454734
2025-04-18 19:31:42,94,training_run_ep 59500,-,2,40145,0,257101,290805,0,458874
2025-04-18 19:32:04,94,training_run_ep 60000,-,2,40645,0,260389,293680,0,464173
2025-04-18 19:32:06,94,level_complete,660,2,40681,0,260651,293896,62,464599
2025-04-18 19:32:08,94,level_complete,661,3,40758,0,261258,294242,246,466619
2025-04-18 19:32:13,94,level_complete,662,4,40886,0,262096,294982,36,467795
2025-04-18 19:32:16,94,level_complete,663,5,40964,0,262831,295381,86,470131
2025-04-18 19:32:17,94,level_complete,664,6,40971,0,262905,295426,95,470333
2025-04-18 19:32:17,94,level_complete,665,7,40987,0,263089,295539,93,470785
2025-04-18 19:32:17,94,game_complete,-,8,40987,0,263089,295539,93,470785
2025-04-18 19:32:24,95,training_run_ep 60500,-,1,41145,0,263858,296271,0,471685
2025-04-18 19:32:40,95,level_complete,666,1,41452,0,265990,298340,34,474188
2025-04-18 19:32:43,95,level_complete,667,2,41473,0,266259,298657,52,474627
2025-04-18 19:32:43,95,level_complete,668,3,41492,0,266510,298781,86,475539
2025-04-18 19:32:44,95,level_complete,669,4,41499,0,266577,298845,33,475621
2025-04-18 19:32:44,95,level_complete,670,5,41502,0,266640,298885,102,475828
2025-04-18 19:32:46,95,level_complete,671,6,41532,0,266993,299151,44,476673
2025-04-18 19:32:46,95,level_complete,672,7,41536,0,267059,299206,79,476842
2025-04-18 19:32:46,95,game_complete,-,8,41536,0,267059,299206,79,476842
2025-04-18 19:32:47,96,level_complete,673,1,41539,0,267135,299321,34,476929
2025-04-18 19:32:54,96,training_run_ep 61000,-,2,41645,0,268012,300131,0,478240
2025-04-18 19:32:54,96,level_complete,674,2,41664,0,268172,300249,41,478535
2025-04-18 19:32:55,96,level_complete,675,3,41681,0,268338,300349,103,478971
2025-04-18 19:32:57,96,level_complete,676,4,41723,0,268698,300667,119,479550
2025-04-18 19:32:57,96,level_complete,677,5,41725,0,268740,300687,67,479668
2025-04-18 19:32:58,96,level_complete,678,6,41730,0,268813,300751,75,479853
2025-04-18 19:32:58,96,level_complete,679,7,41735,0,268897,300795,88,480293
2025-04-18 19:32:58,96,game_complete,-,8,41735,0,268897,300795,88,480293
2025-04-18 19:33:03,97,level_complete,680,1,41804,0,269502,301365,37,481013
2025-04-18 19:33:05,97,level_complete,681,2,41828,0,269812,301672,43,481510
2025-04-18 19:33:05,97,level_complete,682,3,41831,0,269872,301710,222,481783
2025-04-18 19:33:06,97,level_complete,683,4,41849,0,270057,301871,36,482048
2025-04-18 19:33:06,97,level_complete,684,5,41850,0,270087,301891,113,482161
2025-04-18 19:33:07,97,level_complete,685,6,41852,0,270137,301942,47,482238
2025-04-18 19:33:07,97,level_complete,686,7,41853,0,270167,301978,64,482302
2025-04-18 19:33:07,97,game_complete,-,8,41853,0,270167,301978,64,482302
2025-04-18 19:33:22,98,training_run_ep 61500,-,1,42145,0,272100,303870,0,484592
2025-04-18 19:33:25,98,level_complete,687,1,42177,0,272388,304158,35,484915
2025-04-18 19:33:25,98,level_complete,688,2,42185,0,272497,304257,58,485070
2025-04-18 19:33:26,98,level_complete,689,3,42191,0,272562,304289,117,485280
2025-04-18 19:33:27,98,level_complete,690,4,42218,0,272816,304521,33,485656
2025-04-18 19:33:28,98,level_complete,691,5,42236,0,273059,304673,160,486327
2025-04-18 19:33:29,98,level_complete,692,6,42248,0,273138,304730,173,486558
2025-04-18 19:33:30,98,level_complete,693,7,42282,0,273427,304935,78,487331
2025-04-18 19:33:30,98,game_complete,-,8,42282,0,273427,304935,78,487331
2025-04-18 19:33:46,99,training_run_ep 62000,-,1,42645,0,275377,306839,0,489575
2025-04-18 19:33:51,99,level_complete,694,1,42729,0,276004,307470,39,490315
2025-04-18 19:33:56,99,level_complete,695,2,42806,0,276756,308131,62,491520
2025-04-18 19:33:56,99,level_complete,696,3,42807,0,276786,308156,64,491584
2025-04-18 19:33:57,99,level_complete,697,4,42817,0,276909,308259,121,491838
2025-04-18 19:33:57,99,level_complete,698,5,42823,0,276962,308309,91,491962
2025-04-18 19:33:57,99,level_complete,699,6,42826,0,277023,308341,101,492161
2025-04-18 19:33:58,99,level_complete,700,7,42830,0,277090,308396,142,492378
2025-04-18 19:33:58,99,game_complete,-,8,42830,0,277090,308396,142,492378
2025-04-18 19:34:05,100,level_complete,701,1,43042,0,278090,309348,34,493506
2025-04-18 19:34:11,100,training_run_ep 62500,-,2,43145,0,279000,310077,0,495012
2025-04-18 19:34:16,100,level_complete,702,2,43256,0,279732,310680,50,496177
2025-04-18 19:34:16,100,level_complete,703,3,43265,0,279891,310746,174,496893
2025-04-18 19:34:17,100,level_complete,704,4,43277,0,280007,310871,33,497046
2025-04-18 19:34:18,100,level_complete,705,5,43288,0,280134,310967,69,497313
2025-04-18 19:34:23,100,level_complete,706,6,43396,0,281209,311688,64,499835
2025-04-18 19:34:23,100,level_complete,707,7,43410,0,281346,311802,85,500168
2025-04-18 19:34:23,100,game_complete,-,8,43410,0,281346,311802,85,500168
2025-04-18 19:34:24,101,level_complete,708,1,43421,0,281424,311883,32,500253
2025-04-18 19:34:25,101,level_complete,709,2,43437,0,281574,312006,47,500490
2025-04-18 19:34:25,101,level_complete,710,3,43443,0,281703,312071,89,500918
2025-04-18 19:34:26,101,level_complete,711,4,43450,0,281761,312114,61,501018
2025-04-18 19:34:26,101,level_complete,712,5,43456,0,281849,312168,88,501367
2025-04-18 19:34:27,101,level_complete,713,6,43462,0,281949,312253,53,501577
2025-04-18 19:34:27,101,level_complete,714,7,43464,0,281995,312280,101,501702
2025-04-18 19:34:27,101,game_complete,-,8,43464,0,281995,312280,101,501702
2025-04-18 19:34:38,102,training_run_ep 63000,-,1,43645,0,283399,313709,0,503347
2025-04-18 19:34:51,102,level_complete,715,1,43813,0,284483,315239,37,504615
2025-04-18 19:34:53,102,level_complete,716,2,43831,0,284810,315516,51,505180
2025-04-18 19:34:54,102,level_complete,717,3,43845,0,285021,315627,85,505944
2025-04-18 19:34:56,102,level_complete,718,4,43895,0,285381,315932,49,506494
2025-04-18 19:34:56,102,level_complete,719,5,43900,0,285481,316009,90,506758
2025-04-18 19:34:56,102,level_complete,720,6,43901,0,285511,316029,77,506835
2025-04-18 19:34:58,102,level_complete,721,7,43927,0,285816,316248,111,507845
2025-04-18 19:34:58,102,game_complete,-,8,43927,0,285816,316248,111,507845
2025-04-18 19:35:11,103,level_complete,722,1,44092,0,287210,317926,33,509468
2025-04-18 19:35:25,103,level_complete,723,2,44112,0,287398,319610,62,509784
2025-04-18 19:35:25,103,level_complete,724,3,44115,0,287459,319645,116,509950
2025-04-18 19:35:25,103,level_complete,725,4,44117,0,287498,319689,35,510007
2025-04-18 19:35:26,103,level_complete,726,5,44127,0,287641,319763,83,510553
2025-04-18 19:35:26,103,level_complete,727,6,44129,0,287694,319806,54,510738
2025-04-18 19:35:27,103,level_complete,728,7,44134,0,287772,319887,56,510897
2025-04-18 19:35:27,103,game_complete,-,8,44134,0,287772,319887,56,510897
2025-04-18 19:35:27,104,level_complete,729,1,44138,0,287830,319949,36,510966
2025-04-18 19:35:28,104,level_complete,730,2,44145,0,287927,320032,43,511151
2025-04-18 19:35:28,104,training_run_ep 63500,-,3,44145,0,287927,320032,43,511151
2025-04-18 19:35:29,104,level_complete,731,3,44150,0,288025,320104,44,511321
2025-04-18 19:35:29,104,level_complete,732,4,44155,0,288100,320158,40,511449
2025-04-18 19:35:29,104,level_complete,733,5,44158,0,288134,320189,73,511526
2025-04-18 19:35:30,104,level_complete,734,6,44171,0,288297,320329,54,511854
2025-04-18 19:35:32,104,level_complete,735,7,44192,0,288603,320565,47,512917
2025-04-18 19:35:32,104,game_complete,-,8,44192,0,288603,320565,47,512917
2025-04-18 19:35:34,105,level_complete,736,1,44212,0,288930,320930,35,513306
2025-04-18 19:35:36,105,level_complete,737,2,44226,0,289099,321101,78,513588
2025-04-18 19:35:36,105,level_complete,738,3,44228,0,289134,321129,80,513673
2025-04-18 19:35:36,105,level_complete,739,4,44229,0,289159,321157,31,513704
2025-04-18 19:35:36,105,level_complete,740,5,44231,0,289215,321196,43,513810
2025-04-18 19:35:37,105,level_complete,741,6,44239,0,289381,321329,60,514163
2025-04-18 19:35:38,105,level_complete,742,7,44249,0,289557,321485,72,514594
2025-04-18 19:35:38,105,game_complete,-,8,44249,0,289557,321485,72,514594
2025-04-18 19:35:39,106,level_complete,743,1,44258,0,289654,321582,33,514711
2025-04-18 19:35:39,106,level_complete,744,2,44266,0,289745,321649,43,514875
2025-04-18 19:35:40,106,level_complete,745,3,44271,0,289833,321706,78,515113
2025-04-18 19:35:41,106,level_complete,746,4,44291,0,290019,321849,49,515395
2025-04-18 19:35:41,106,level_complete,747,5,44296,0,290108,321924,71,515653
2025-04-18 19:35:42,106,level_complete,748,6,44305,0,290202,321990,60,515824
2025-04-18 19:36:01,106,level_complete,749,7,44364,0,290900,324585,148,518071
2025-04-18 19:36:01,106,game_complete,-,8,44364,0,290900,324585,148,518071
2025-04-18 19:36:17,107,level_complete,750,1,44578,0,292774,326521,40,520287
2025-04-18 19:36:17,107,level_complete,751,2,44579,0,292804,326555,40,520327
2025-04-18 19:36:17,107,level_complete,752,3,44582,0,292864,326589,77,520473
2025-04-18 19:36:17,107,level_complete,753,4,44583,0,292889,326620,30,520503
2025-04-18 19:36:17,107,level_complete,754,5,44585,0,292924,326654,40,520551
2025-04-18 19:36:18,107,level_complete,755,6,44586,0,292954,326699,42,520593
2025-04-18 19:36:20,107,level_complete,756,7,44616,0,293305,326992,75,521347
2025-04-18 19:36:20,107,game_complete,-,8,44616,0,293305,326992,75,521347
2025-04-18 19:36:20,108,level_complete,757,1,44617,0,293335,327020,38,521385
2025-04-18 19:36:21,108,level_complete,758,2,44625,0,293507,327203,90,521718
2025-04-18 19:36:22,108,level_complete,759,3,44629,0,293595,327269,74,521999
2025-04-18 19:36:22,108,level_complete,760,4,44631,0,293632,327297,120,522137
2025-04-18 19:36:22,108,level_complete,761,5,44638,0,293712,327351,61,522355
2025-04-18 19:36:23,108,training_run_ep 64000,-,6,44645,0,293744,327374,0,522409
2025-04-18 19:36:23,108,level_complete,762,6,44656,0,293839,327432,131,522690
2025-04-18 19:36:27,108,level_complete,763,7,44724,0,294557,327985,111,524713
2025-04-18 19:36:27,108,game_complete,-,8,44724,0,294557,327985,111,524713
2025-04-18 19:36:30,109,level_complete,764,1,44761,0,294903,328410,46,525136
2025-04-18 19:36:31,109,level_complete,765,2,44769,0,295034,328550,39,525415
2025-04-18 19:36:32,109,level_complete,766,3,44777,0,295142,328613,59,525708
2025-04-18 19:36:32,109,level_complete,767,4,44784,0,295230,328692,48,525844
2025-04-18 19:36:32,109,level_complete,768,5,44787,0,295278,328751,82,525958
2025-04-18 19:36:33,109,level_complete,769,6,44790,0,295317,328771,96,526071
2025-04-18 19:36:34,109,level_complete,770,7,44801,0,295504,328942,109,526542
2025-04-18 19:36:34,109,game_complete,-,8,44801,0,295504,328942,109,526542
2025-04-18 19:36:38,110,level_complete,771,1,44855,0,296075,329544,36,527197
2025-04-18 19:36:39,110,level_complete,772,2,44872,0,296249,329661,44,527558
2025-04-18 19:36:40,110,level_complete,773,3,44884,0,296465,329787,66,528460
2025-04-18 19:36:41,110,level_complete,774,4,44889,0,296535,329851,33,528561
2025-04-18 19:36:41,110,level_complete,775,5,44894,0,296632,329935,74,528814
2025-04-18 19:36:43,110,level_complete,776,6,44916,0,296915,330175,67,529497
2025-04-18 19:36:43,110,level_complete,777,7,44921,0,296995,330228,77,529714
2025-04-18 19:36:43,110,game_complete,-,8,44921,0,296995,330228,77,529714
2025-04-18 19:36:47,111,level_complete,778,1,44959,0,297457,330758,38,530270
2025-04-18 19:36:48,111,level_complete,779,2,44969,0,297616,330902,39,530538
2025-04-18 19:36:48,111,level_complete,780,3,44975,0,297708,330963,66,530758
2025-04-18 19:36:49,111,level_complete,781,4,44979,0,297789,331043,30,530868
2025-04-18 19:36:50,111,level_complete,782,5,45000,0,298017,331162,57,531444
2025-04-18 19:36:50,111,level_complete,783,6,45001,0,298047,331176,65,531509
2025-04-18 19:36:52,111,level_complete,784,7,45034,0,298428,331486,176,532617
2025-04-18 19:36:52,111,game_complete,-,8,45034,0,298428,331486,176,532617
2025-04-18 19:36:57,112,level_complete,785,1,45114,0,299020,332103,42,533301
2025-04-18 19:36:58,112,level_complete,786,2,45120,0,299088,332195,33,533386
2025-04-18 19:36:58,112,level_complete,787,3,45122,0,299124,332218,53,533451
2025-04-18 19:36:59,112,training_run_ep 64500,-,4,45145,0,299320,332391,0,533758
2025-04-18 19:37:07,112,level_complete,788,4,45303,0,300526,333470,31,535530
2025-04-18 19:37:08,112,level_complete,789,5,45314,0,300691,333530,103,536212
2025-04-18 19:37:09,112,level_complete,790,6,45364,0,301020,333754,156,537200
2025-04-18 19:37:15,112,level_complete,791,7,45572,0,302410,334729,74,541376
2025-04-18 19:37:15,112,game_complete,-,8,45572,0,302410,334729,74,541376
2025-04-18 19:37:19,113,training_run_ep 65000,-,1,45645,0,302767,335057,0,541792
2025-04-18 19:37:33,113,level_complete,792,1,45938,0,304414,336844,48,543750
2025-04-18 19:37:42,113,level_complete,793,2,46065,0,305469,338026,45,545401
2025-04-18 19:37:43,113,level_complete,794,3,46069,0,305546,338083,98,545676
2025-04-18 19:37:44,113,level_complete,795,4,46092,0,305814,338314,75,546129
2025-04-18 19:37:45,113,level_complete,796,5,46096,0,305921,338380,56,546487
2025-04-18 19:37:50,113,training_run_ep 65500,-,6,46145,0,306518,339012,0,547899
2025-04-18 19:37:52,113,level_complete,797,6,46189,0,306982,339348,51,548997
2025-04-18 19:37:57,113,level_complete,798,7,46259,0,307887,340059,68,551952
2025-04-18 19:37:57,113,game_complete,-,8,46259,0,307887,340059,68,551952
2025-04-18 19:38:01,114,level_complete,799,1,46320,0,308404,340575,36,552565
2025-04-18 19:38:49,114,level_complete,800,2,46398,0,309033,346457,35,553569
2025-04-18 19:38:50,114,level_complete,801,3,46418,0,309284,346567,119,554498
2025-04-18 19:38:50,114,level_complete,802,4,46421,0,309328,346610,41,554565
2025-04-18 19:38:51,114,level_complete,803,5,46434,0,309532,346732,135,555156
2025-04-18 19:38:51,114,level_complete,804,6,46443,0,309696,346840,169,555645
2025-04-18 19:38:52,114,level_complete,805,7,46453,0,309843,346975,242,556184
2025-04-18 19:38:52,114,game_complete,-,8,46453,0,309843,346975,242,556184
2025-04-18 19:39:02,115,training_run_ep 66000,-,1,46645,0,310989,348076,0,557514
2025-04-18 19:39:11,115,level_complete,806,1,46805,0,312281,349298,40,559035
2025-04-18 19:39:14,115,level_complete,807,2,46857,0,312634,349601,49,559610
2025-04-18 19:39:14,115,level_complete,808,3,46862,0,312726,349668,41,559792
2025-04-18 19:39:16,115,level_complete,809,4,46905,0,313107,349976,40,560345
2025-04-18 19:39:17,115,level_complete,810,5,46909,0,313182,350038,57,560511
2025-04-18 19:39:17,115,level_complete,811,6,46911,0,313238,350091,45,560603
2025-04-18 19:39:17,115,level_complete,812,7,46921,0,313378,350189,242,561251
2025-04-18 19:39:17,115,game_complete,-,8,46921,0,313378,350189,242,561251
2025-04-18 19:39:24,116,level_complete,813,1,47020,0,314222,351031,40,562239
2025-04-18 19:39:30,116,training_run_ep 66500,-,2,47145,0,315211,351775,0,564048
2025-04-18 19:39:33,116,level_complete,814,2,47199,0,315767,352219,44,565040
2025-04-18 19:39:34,116,level_complete,815,3,47202,0,315827,352245,128,565274
2025-04-18 19:39:34,116,level_complete,816,4,47206,0,315875,352280,41,565351
2025-04-18 19:39:34,116,level_complete,817,5,47208,0,315914,352308,87,565451
2025-04-18 19:39:35,116,level_complete,818,6,47217,0,316058,352435,74,565826
2025-04-18 19:39:37,116,level_complete,819,7,47277,0,316591,352813,97,567474
2025-04-18 19:39:37,116,game_complete,-,8,47277,0,316591,352813,97,567474
2025-04-18 19:39:38,117,level_complete,820,1,47295,0,316736,352959,35,567647
2025-04-18 19:39:40,117,level_complete,821,2,47310,0,316920,353119,41,567929
2025-04-18 19:39:40,117,level_complete,822,3,47327,0,317140,353241,60,568528
2025-04-18 19:39:42,117,level_complete,823,4,47345,0,317330,353413,29,568843
2025-04-18 19:39:42,117,level_complete,824,5,47346,0,317360,353451,58,568901
2025-04-18 19:39:42,117,level_complete,825,6,47349,0,317421,353489,61,569114
2025-04-18 19:39:44,117,level_complete,826,7,47380,0,317713,353700,169,570170
2025-04-18 19:39:44,117,game_complete,-,8,47380,0,317713,353700,169,570170
2025-04-18 19:39:57,118,level_complete,827,1,47580,0,319283,355367,41,572005
2025-04-18 19:39:57,118,level_complete,828,2,47588,0,319359,355446,49,572113
2025-04-18 19:39:57,118,level_complete,829,3,47590,0,319405,355462,148,572307
2025-04-18 19:40:00,118,training_run_ep 67000,-,4,47645,0,319798,355800,0,572855
2025-04-18 19:40:03,118,level_complete,830,4,47687,0,320170,356142,62,573421
2025-04-18 19:40:03,118,level_complete,831,5,47691,0,320226,356181,53,573513
2025-04-18 19:40:04,118,level_complete,832,6,47710,0,320499,356348,74,574228
2025-04-18 19:40:04,118,level_complete,833,7,47712,0,320530,356362,143,574372
2025-04-18 19:40:04,118,game_complete,-,8,47712,0,320530,356362,143,574372
2025-04-18 19:40:13,119,level_complete,834,1,47832,0,321678,357494,43,575778
2025-04-18 19:40:14,119,level_complete,835,2,47844,0,321895,357700,49,576197
2025-04-18 19:40:17,119,level_complete,836,3,47881,0,322443,358034,57,577820
2025-04-18 19:40:17,119,level_complete,837,4,47885,0,322502,358089,34,577906
2025-04-18 19:40:18,119,level_complete,838,5,47890,0,322588,358156,46,578090
2025-04-18 19:40:18,119,level_complete,839,6,47894,0,322641,358195,142,578268
2025-04-18 19:40:20,119,level_complete,840,7,47927,0,322996,358481,116,579362
2025-04-18 19:40:20,119,game_complete,-,8,47927,0,322996,358481,116,579362
2025-04-18 19:40:21,120,level_complete,841,1,47949,0,323232,358715,35,579640
2025-04-18 19:40:22,120,level_complete,842,2,47951,0,323287,358757,73,579776
2025-04-18 19:40:23,120,level_complete,843,3,47976,0,323670,359004,73,580794
2025-04-18 19:40:24,120,level_complete,844,4,47987,0,323833,359130,34,581081
2025-04-18 19:40:25,120,level_complete,845,5,47996,0,323987,359245,80,581412
2025-04-18 19:40:28,120,level_complete,846,6,48082,0,324679,359756,72,582617
2025-04-18 19:40:29,120,level_complete,847,7,48087,0,324769,359810,92,582911
2025-04-18 19:40:29,120,game_complete,-,8,48087,0,324769,359810,92,582911
2025-04-18 19:40:33,121,training_run_ep 67500,-,1,48145,0,325298,360357,0,583536
2025-04-18 19:41:00,121,training_run_ep 68000,-,1,48645,0,328598,363623,0,587403
2025-04-18 19:41:01,121,level_complete,848,1,48652,0,328678,363717,34,587494
2025-04-18 19:41:08,121,level_complete,849,2,48807,0,329932,364735,53,589666
2025-04-18 19:41:09,121,level_complete,850,3,48821,0,330036,364814,58,589839
2025-04-18 19:41:16,121,level_complete,851,4,49018,0,331290,365822,44,591905
2025-04-18 19:41:17,121,level_complete,852,5,49024,0,331428,365909,55,592335
2025-04-18 19:41:19,121,level_complete,853,6,49059,0,331865,366219,70,593317
2025-04-18 19:42:00,121,level_complete,854,7,49095,0,332370,371403,166,594596
2025-04-18 19:42:00,121,game_complete,-,8,49095,0,332370,371403,166,594596
2025-04-18 19:42:04,122,training_run_ep 68500,-,1,49145,0,332724,371738,0,595001
2025-04-18 19:42:28,122,training_run_ep 69000,-,1,49645,0,335728,374674,0,598481
2025-04-18 19:42:37,122,level_complete,855,1,49841,0,336914,375806,40,599864
2025-04-18 19:42:43,122,level_complete,856,2,49996,0,337866,376624,46,601335
2025-04-18 19:42:44,122,level_complete,857,3,50016,0,338097,376784,82,601923
2025-04-18 19:43:21,122,level_complete,858,4,50067,0,338468,381809,33,602574
2025-04-18 19:43:22,122,level_complete,859,5,50077,0,338588,381885,81,602928
2025-04-18 19:43:22,122,level_complete,860,6,50079,0,338626,381930,55,602992
2025-04-18 19:43:23,122,level_complete,861,7,50087,0,338693,381978,132,603174
2025-04-18 19:43:23,122,game_complete,-,8,50087,0,338693,381978,132,603174
2025-04-18 19:43:25,123,level_complete,862,1,50107,0,338923,382264,38,603450
2025-04-18 19:43:27,123,level_complete,863,2,50139,0,339209,382505,65,603911
2025-04-18 19:43:27,123,training_run_ep 69500,-,3,50145,0,339300,382560,0,604134
2025-04-18 19:43:28,123,level_complete,864,3,50148,0,339359,382589,125,604307
2025-04-18 19:43:28,123,level_complete,865,4,50151,0,339392,382612,41,604360
2025-04-18 19:43:28,123,level_complete,866,5,50154,0,339425,382627,86,604449
2025-04-18 19:43:28,123,level_complete,867,6,50155,0,339455,382652,60,604509
2025-04-18 19:43:29,123,level_complete,868,7,50183,0,339727,382869,158,605332
2025-04-18 19:43:29,123,game_complete,-,8,50183,0,339727,382869,158,605332
2025-04-18 19:43:31,124,level_complete,869,1,50204,0,339932,383071,34,605583
2025-04-18 19:43:32,124,level_complete,870,2,50221,0,340105,383205,51,605905
2025-04-18 19:43:33,124,level_complete,871,3,50235,0,340356,383359,48,606815
2025-04-18 19:43:33,124,level_complete,872,4,50237,0,340382,383382,31,606847
2025-04-18 19:43:34,124,level_complete,873,5,50239,0,340418,383442,80,606933
2025-04-18 19:43:34,124,level_complete,874,6,50240,0,340448,383468,85,607018
2025-04-18 19:43:34,124,level_complete,875,7,50242,0,340489,383501,53,607086
2025-04-18 19:43:34,124,game_complete,-,8,50242,0,340489,383501,53,607086
2025-04-18 19:43:34,125,level_complete,876,1,50243,0,340519,383547,32,607118
2025-04-18 19:43:35,125,level_complete,877,2,50255,0,340653,383683,40,607310
2025-04-18 19:43:36,125,level_complete,878,3,50275,0,340846,383801,146,607965
2025-04-18 19:43:36,125,level_complete,879,4,50277,0,340893,383852,50,608039
2025-04-18 19:43:37,125,level_complete,880,5,50279,0,340932,383883,46,608130
2025-04-18 19:43:38,125,level_complete,881,6,50294,0,341152,384074,41,608637
2025-04-18 19:43:38,125,level_complete,882,7,50295,0,341182,384104,72,608709
2025-04-18 19:43:38,125,game_complete,-,8,50295,0,341182,384104,72,608709
2025-04-18 19:43:51,126,level_complete,883,1,50510,0,342881,385751,34,610707
2025-04-18 19:43:53,126,level_complete,884,2,50542,0,343235,386048,52,611267
2025-04-18 19:43:55,126,level_complete,885,3,50569,0,343618,386269,125,612501
2025-04-18 19:43:55,126,level_complete,886,4,50570,0,343643,386292,34,612535
2025-04-18 19:43:55,126,level_complete,887,5,50579,0,343753,386370,83,612812
2025-04-18 19:43:56,126,level_complete,888,6,50582,0,343792,386410,63,612885
2025-04-18 19:43:56,126,level_complete,889,7,50583,0,343822,386421,120,613005
2025-04-18 19:43:56,126,game_complete,-,8,50583,0,343822,386421,120,613005
2025-04-18 19:43:59,127,level_complete,890,1,50623,0,344209,386796,34,613461
2025-04-18 19:44:00,127,level_complete,891,2,50637,0,344375,386967,45,613707
2025-04-18 19:44:00,127,level_complete,892,3,50644,0,344496,387049,107,614054
2025-04-18 19:44:01,127,training_run_ep 70000,-,4,50645,0,344498,387051,0,614056
2025-04-18 19:44:02,127,level_complete,893,4,50659,0,344684,387204,38,614338
2025-04-18 19:44:02,127,level_complete,894,5,50666,0,344801,387280,56,614606
2025-04-18 19:44:03,127,level_complete,895,6,50669,0,344850,387297,356,614993
2025-04-18 19:44:06,127,level_complete,896,7,50722,0,345500,387836,125,617024
2025-04-18 19:44:06,127,game_complete,-,8,50722,0,345500,387836,125,617024
2025-04-18 19:44:07,128,level_complete,897,1,50734,0,345631,387969,40,617186
2025-04-18 19:44:08,128,level_complete,898,2,50764,0,345810,388119,67,617468
2025-04-18 19:44:09,128,level_complete,899,3,50792,0,346080,388277,137,618144
2025-04-18 19:44:11,128,level_complete,900,4,50819,0,346346,388517,44,618509
2025-04-18 19:44:15,128,level_complete,901,5,50914,0,347345,389109,155,621463
2025-04-18 19:44:16,128,level_complete,902,6,50925,0,347462,389189,48,621741
2025-04-18 19:44:16,128,level_complete,903,7,50929,0,347506,389228,75,621832
2025-04-18 19:44:16,128,game_complete,-,8,50929,0,347506,389228,75,621832
2025-04-18 19:44:27,129,training_run_ep 70500,-,1,51145,0,348809,390519,0,623378
2025-04-18 19:44:32,129,level_complete,904,1,51213,0,349472,391171,34,624160
2025-04-18 19:44:34,129,level_complete,905,2,51255,0,349756,391404,65,624596
2025-04-18 19:44:37,129,level_complete,906,3,51326,0,350402,391787,102,626257
2025-04-18 19:44:39,129,level_complete,907,4,51358,0,350621,392070,40,626569
2025-04-18 19:44:43,129,level_complete,908,5,51494,0,351714,392638,100,630172
2025-04-18 19:44:43,129,level_complete,909,6,51504,0,351864,392738,157,630747
2025-04-18 19:44:48,129,training_run_ep 71000,-,7,51645,0,352918,393409,0,634480
2025-04-18 19:44:53,129,level_complete,910,7,51793,0,353921,394046,74,637277
2025-04-18 19:44:53,129,game_complete,-,8,51793,0,353921,394046,74,637277
2025-04-18 19:45:02,130,training_run_ep 71500,-,1,52145,0,355061,395123,0,638577
2025-04-18 19:45:09,130,level_complete,911,1,52318,0,355857,395870,32,639492
2025-04-18 19:45:14,130,level_complete,912,2,52434,0,356835,396619,42,641189
2025-04-18 19:45:15,130,level_complete,913,3,52436,0,356880,396648,97,641320
2025-04-18 19:45:15,130,level_complete,914,4,52451,0,356993,396749,33,641467
2025-04-18 19:45:17,130,level_complete,915,5,52472,0,357290,396962,94,642090
2025-04-18 19:45:20,130,level_complete,916,6,52554,0,357951,397442,79,643431
2025-04-18 19:45:20,130,level_complete,917,7,52562,0,358074,397527,63,643765
2025-04-18 19:45:20,130,game_complete,-,8,52562,0,358074,397527,63,643765
2025-04-18 19:45:25,131,training_run_ep 72000,-,1,52645,0,358677,398098,0,644474
2025-04-18 19:45:50,131,training_run_ep 72500,-,1,53145,0,361902,401145,0,648321
2025-04-18 19:45:58,131,level_complete,918,1,53262,0,362896,402122,37,649491
2025-04-18 19:45:59,131,level_complete,919,2,53269,0,362976,402189,63,649641
2025-04-18 19:45:59,131,level_complete,920,3,53289,0,363221,402309,77,650450
2025-04-18 19:46:00,131,level_complete,921,4,53298,0,363319,402434,39,650574
2025-04-18 19:46:01,131,level_complete,922,5,53316,0,363583,402610,42,651343
2025-04-18 19:46:05,131,level_complete,923,6,53388,0,364245,403109,55,652849
2025-04-18 19:46:07,131,level_complete,924,7,53439,0,364795,403496,89,654281
2025-04-18 19:46:07,131,game_complete,-,8,53439,0,364795,403496,89,654281
2025-04-18 19:46:14,132,level_complete,925,1,53586,0,365604,404269,37,655255
2025-04-18 19:46:17,132,training_run_ep 73000,-,2,53645,0,366042,404625,0,655922
2025-04-18 19:46:22,132,level_complete,926,2,53733,0,366855,405289,40,657251
2025-04-18 19:46:22,132,level_complete,927,3,53746,0,367013,405415,100,657639
2025-04-18 19:46:23,132,level_complete,928,4,53748,0,367040,405437,37,657678
2025-04-18 19:46:23,132,level_complete,929,5,53758,0,367154,405521,66,657907
2025-04-18 19:46:23,132,level_complete,930,6,53760,0,367212,405567,50,658002
2025-04-18 19:46:24,132,level_complete,931,7,53762,0,367269,405612,114,658188
2025-04-18 19:46:24,132,game_complete,-,8,53762,0,367269,405612,114,658188
2025-04-18 19:46:25,133,level_complete,932,1,53788,0,367482,405824,43,658444
2025-04-18 19:46:31,133,level_complete,933,2,53897,0,368357,406565,42,659827
2025-04-18 19:46:31,133,level_complete,934,3,53906,0,368447,406621,62,660106
2025-04-18 19:46:33,133,level_complete,935,4,53923,0,368645,406785,30,660408
2025-04-18 19:46:34,133,level_complete,936,5,53967,0,369116,407053,64,661780
2025-04-18 19:46:35,133,level_complete,937,6,53970,0,369165,407094,64,661865
2025-04-18 19:46:35,133,level_complete,938,7,53971,0,369195,407105,122,661987
2025-04-18 19:46:35,133,game_complete,-,8,53971,0,369195,407105,122,661987
2025-04-18 19:46:44,134,training_run_ep 73500,-,1,54145,0,370254,408181,0,663185
2025-04-18 19:47:06,134,training_run_ep 74000,-,1,54645,0,373122,410908,0,666523
2025-04-18 19:47:13,134,level_complete,939,1,54745,0,373913,411715,41,667436
2025-04-18 19:47:13,134,level_complete,940,2,54750,0,373961,411786,64,667523
2025-04-18 19:47:14,134,level_complete,941,3,54751,0,373991,411799,80,667603
2025-04-18 19:47:15,134,level_complete,942,4,54774,0,374231,411993,34,667961
2025-04-18 19:47:16,134,level_complete,943,5,54787,0,374412,412118,54,668372
2025-04-18 19:47:16,134,level_complete,944,6,54794,0,374469,412155,110,668519
2025-04-18 19:47:18,134,level_complete,945,7,54834,0,374807,412432,221,669400
2025-04-18 19:47:18,134,game_complete,-,8,54834,0,374807,412432,221,669400
2025-04-18 19:47:33,135,level_complete,946,1,55110,0,376813,414380,34,671807
2025-04-18 19:47:35,135,level_complete,947,2,55127,0,377087,414636,45,672266
2025-04-18 19:47:35,135,level_complete,948,3,55130,0,377156,414660,408,672848
2025-04-18 19:47:36,135,level_complete,949,4,55135,0,377216,414710,39,672937
2025-04-18 19:47:36,135,level_complete,950,5,55144,0,377354,414811,49,673232
2025-04-18 19:47:37,135,training_run_ep 74500,-,6,55145,0,377373,414819,0,673288
2025-04-18 19:47:37,135,level_complete,951,6,55150,0,377477,414890,90,673548
2025-04-18 19:47:38,135,level_complete,952,7,55151,0,377507,414943,38,673586
2025-04-18 19:47:38,135,game_complete,-,8,55151,0,377507,414943,38,673586
2025-04-18 19:47:39,136,level_complete,953,1,55172,0,377659,415099,34,673766
2025-04-18 19:47:39,136,level_complete,954,2,55175,0,377706,415138,51,673838
2025-04-18 19:47:40,136,level_complete,955,3,55180,0,377809,415188,137,674352
2025-04-18 19:47:40,136,level_complete,956,4,55201,0,377966,415306,41,674649
2025-04-18 19:47:41,136,level_complete,957,5,55206,0,378077,415393,82,674970
2025-04-18 19:47:41,136,level_complete,958,6,55209,0,378114,415419,106,675084
2025-04-18 19:47:41,136,level_complete,959,7,55211,0,378145,415428,263,675348
2025-04-18 19:47:41,136,game_complete,-,8,55211,0,378145,415428,263,675348
2025-04-18 19:47:43,137,level_complete,960,1,55229,0,378354,415634,35,675612
2025-04-18 19:47:43,137,level_complete,961,2,55232,0,378398,415675,37,675679
2025-04-18 19:47:43,137,level_complete,962,3,55234,0,378438,415712,53,675742
2025-04-18 19:47:45,137,level_complete,963,4,55245,0,378638,415901,68,676064
2025-04-18 19:47:45,137,level_complete,964,5,55246,0,378668,415913,114,676178
2025-04-18 19:47:45,137,level_complete,965,6,55250,0,378747,415987,85,676370
2025-04-18 19:47:47,137,level_complete,966,7,55277,0,379155,416258,51,677679
2025-04-18 19:47:47,137,game_complete,-,8,55277,0,379155,416258,51,677679
2025-04-18 19:47:54,138,level_complete,967,1,55369,0,380039,417196,36,678760
2025-04-18 19:47:56,138,level_complete,968,2,55381,0,380169,417340,48,678961
2025-04-18 19:47:56,138,level_complete,969,3,55382,0,380199,417358,65,679026
2025-04-18 19:47:56,138,level_complete,970,4,55384,0,380226,417387,41,679069
2025-04-18 19:47:56,138,level_complete,971,5,55393,0,380364,417465,102,679474
2025-04-18 19:47:58,138,level_complete,972,6,55430,0,380764,417716,99,680427
2025-04-18 19:48:00,138,level_complete,973,7,55474,0,381146,418016,82,681498
2025-04-18 19:48:00,138,game_complete,-,8,55474,0,381146,418016,82,681498
2025-04-18 19:48:06,139,level_complete,974,1,55572,0,382005,418808,44,682558
2025-04-18 19:48:07,139,level_complete,975,2,55576,0,382053,418851,47,682633
2025-04-18 19:50:10,139,level_complete,976,3,55624,0,382451,433495,183,683822
2025-04-18 19:50:10,139,level_complete,977,4,55637,0,382570,433580,86,684043
2025-04-18 19:50:11,139,training_run_ep 75000,-,5,55645,0,382595,433606,0,684069
2025-04-18 19:50:11,139,level_complete,978,5,55646,0,382625,433623,64,684133
2025-04-18 19:50:13,139,level_complete,979,6,55673,0,382944,433862,55,684863
2025-04-18 19:50:16,139,level_complete,980,7,55747,0,383741,434379,113,687230
2025-04-18 19:50:16,139,game_complete,-,8,55747,0,383741,434379,113,687230
2025-04-18 19:50:32,140,level_complete,981,1,56069,0,385873,436409,37,689702
2025-04-18 19:50:36,140,training_run_ep 75500,-,2,56145,0,386425,436908,0,690546
2025-04-18 19:50:43,140,level_complete,982,2,56319,0,387549,437853,94,692368
2025-04-18 19:50:45,140,level_complete,983,3,56370,0,388009,438104,66,693771
2025-04-18 19:50:46,140,level_complete,984,4,56388,0,388169,438226,59,694060
2025-04-18 19:50:46,140,level_complete,985,5,56397,0,388240,438285,56,694169
2025-04-18 19:50:46,140,level_complete,986,6,56398,0,388270,438310,43,694212
2025-04-18 19:50:48,140,level_complete,987,7,56437,0,388589,438517,101,695057
2025-04-18 19:50:48,140,game_complete,-,8,56437,0,388589,438517,101,695057
2025-04-18 19:50:54,141,level_complete,988,1,56578,0,389461,439351,39,696056
2025-04-18 19:50:58,141,training_run_ep 76000,-,2,56645,0,389968,439754,0,696963
2025-04-18 19:51:11,141,level_complete,989,2,56995,0,392269,441543,68,700786
2025-04-18 19:51:12,141,level_complete,990,3,56999,0,392332,441568,143,701072
2025-04-18 19:51:12,141,level_complete,991,4,57007,0,392400,441630,32,701210
2025-04-18 19:51:13,141,level_complete,992,5,57018,0,392542,441717,79,701598
2025-04-18 19:51:13,141,level_complete,993,6,57022,0,392607,441767,80,701763
2025-04-18 19:51:15,141,level_complete,994,7,57066,0,393084,442149,156,703158
2025-04-18 19:51:15,141,game_complete,-,8,57066,0,393084,442149,156,703158
2025-04-18 19:51:16,142,level_complete,995,1,57080,0,393216,442284,33,703306
2025-04-18 19:51:20,142,training_run_ep 76500,-,2,57145,0,393717,442690,0,704145
2025-04-18 19:51:21,142,level_complete,996,2,57162,0,393865,442819,53,704379
2025-04-18 19:51:21,142,level_complete,997,3,57172,0,394029,442908,68,704785
2025-04-18 19:51:22,142,level_complete,998,4,57175,0,394074,442940,37,704855
2025-04-18 19:51:22,142,level_complete,999,5,57187,0,394232,443026,74,705398
2025-04-18 19:51:23,142,level_complete,1000,6,57200,0,394394,443193,46,705699
2025-04-18 19:51:23,142,level_complete,1001,7,57202,0,394431,443216,73,705785
2025-04-18 19:51:23,142,game_complete,-,8,57202,0,394431,443216,73,705785
2025-04-18 19:51:26,143,level_complete,1002,1,57220,0,394584,443515,36,705963
2025-04-18 19:51:31,143,level_complete,1003,2,57279,0,395288,444165,39,707050
2025-04-18 19:51:31,143,level_complete,1004,3,57281,0,395341,444191,104,707216
2025-04-18 19:51:31,143,level_complete,1005,4,57284,0,395390,444239,56,707301
2025-04-18 19:51:31,143,level_complete,1006,5,57287,0,395439,444278,53,707378
2025-04-18 19:51:32,143,level_complete,1007,6,57290,0,395508,444332,60,707516
2025-04-18 19:51:32,143,level_complete,1008,7,57291,0,395538,444354,67,707583
2025-04-18 19:51:32,143,game_complete,-,8,57291,0,395538,444354,67,707583
2025-04-18 19:51:32,144,level_complete,1009,1,57292,0,395568,444400,31,707614
2025-04-18 19:51:33,144,level_complete,1010,2,57294,0,395615,444455,40,707678
2025-04-18 19:51:33,144,level_complete,1011,3,57304,0,395723,444517,107,708005
2025-04-18 19:51:35,144,level_complete,1012,4,57335,0,395991,444748,34,708418
2025-04-18 19:51:35,144,level_complete,1013,5,57340,0,396118,444832,88,708747
2025-04-18 19:51:35,144,level_complete,1014,6,57342,0,396172,444863,81,708896
2025-04-18 19:51:37,144,level_complete,1015,7,57357,0,396391,445055,59,709461
2025-04-18 19:51:37,144,game_complete,-,8,57357,0,396391,445055,59,709461
2025-04-18 19:51:40,145,level_complete,1016,1,57397,0,396794,445476,40,709936
2025-04-18 19:51:41,145,level_complete,1017,2,57405,0,396908,445588,54,710116
2025-04-18 19:51:41,145,level_complete,1018,3,57408,0,396939,445619,67,710184
2025-04-18 19:51:41,145,level_complete,1019,4,57417,0,397032,445687,72,710386
2025-04-18 19:51:42,145,level_complete,1020,5,57424,0,397109,445730,128,710683
2025-04-18 19:51:42,145,level_complete,1021,6,57429,0,397185,445785,79,710828
2025-04-18 19:51:43,145,level_complete,1022,7,57441,0,397302,445885,127,711204
2025-04-18 19:51:43,145,game_complete,-,8,57441,0,397302,445885,127,711204
2025-04-18 19:51:43,146,level_complete,1023,1,57443,0,397332,445920,33,711237
2025-04-18 19:51:43,146,level_complete,1024,2,57447,0,397388,445987,44,711333
2025-04-18 19:51:44,146,level_complete,1025,3,57450,0,397426,446014,241,711583
2025-04-18 19:51:44,146,level_complete,1026,4,57451,0,397451,446048,32,711615
2025-04-18 19:51:44,146,level_complete,1027,5,57453,0,397504,446086,108,711757
2025-04-18 19:51:45,146,level_complete,1028,6,57460,0,397600,446144,90,712059
2025-04-18 19:51:45,146,level_complete,1029,7,57468,0,397758,446266,63,712516
2025-04-18 19:51:45,146,game_complete,-,8,57468,0,397758,446266,63,712516
2025-04-18 19:51:46,147,level_complete,1030,1,57474,0,397849,446392,34,712624
2025-04-18 19:51:47,147,level_complete,1031,2,57483,0,397959,446503,39,712777
2025-04-18 19:51:48,147,level_complete,1032,3,57497,0,398159,446662,48,713383
2025-04-18 19:51:50,147,level_complete,1033,4,57523,0,398387,446865,39,713713
2025-04-18 19:51:50,147,level_complete,1034,5,57530,0,398466,446916,79,713889
2025-04-18 19:51:51,147,level_complete,1035,6,57553,0,398728,447076,355,714770
2025-04-18 19:51:51,147,level_complete,1036,7,57556,0,398772,447105,190,714981
2025-04-18 19:51:51,147,game_complete,-,8,57556,0,398772,447105,190,714981
2025-04-18 19:51:56,148,training_run_ep 77000,-,1,57645,0,399390,447664,0,715735
2025-04-18 19:51:57,148,level_complete,1037,1,57652,0,399470,447747,39,715838
2025-04-18 19:51:59,148,level_complete,1038,2,57697,0,399810,448036,36,716342
2025-04-18 19:51:59,148,level_complete,1039,3,57703,0,399907,448093,55,716640
2025-04-18 19:52:00,148,level_complete,1040,4,57710,0,399990,448160,33,716763
2025-04-18 19:52:00,148,level_complete,1041,5,57712,0,400022,448190,72,716837
2025-04-18 19:52:01,148,level_complete,1042,6,57723,0,400212,448351,56,717209
2025-04-18 19:52:01,148,level_complete,1043,7,57726,0,400271,448402,101,717354
2025-04-18 19:52:01,148,game_complete,-,8,57726,0,400271,448402,101,717354
2025-04-18 19:52:06,149,level_complete,1044,1,57775,0,400782,448925,30,717948
2025-04-18 19:52:07,149,level_complete,1045,2,57794,0,401005,449126,46,718271
2025-04-18 19:52:07,149,level_complete,1046,3,57795,0,401035,449141,104,718375
2025-04-18 19:52:08,149,level_complete,1047,4,57800,0,401119,449207,40,718510
2025-04-18 19:52:08,149,level_complete,1048,5,57803,0,401176,449249,64,718630
2025-04-18 19:52:08,149,level_complete,1049,6,57813,0,401301,449325,96,718902
2025-04-18 19:52:09,149,level_complete,1050,7,57817,0,401363,449380,103,719077
2025-04-18 19:52:09,149,game_complete,-,8,57817,0,401363,449380,103,719077
2025-04-18 19:52:10,150,level_complete,1051,1,57827,0,401493,449542,34,719239
2025-04-18 19:52:11,150,level_complete,1052,2,57841,0,401659,449659,63,719589
2025-04-18 19:52:11,150,level_complete,1053,3,57857,0,401868,449753,94,720312
2025-04-18 19:52:12,150,level_complete,1054,4,57868,0,401960,449823,50,720456
2025-04-18 19:52:14,150,level_complete,1055,5,57906,0,402420,450106,109,721970
2025-04-18 19:52:15,150,level_complete,1056,6,57923,0,402627,450226,67,722487
2025-04-18 19:52:16,150,level_complete,1057,7,57942,0,402846,450374,82,723129
2025-04-18 19:52:16,150,game_complete,-,8,57942,0,402846,450374,82,723129
2025-04-18 19:52:17,151,level_complete,1058,1,57954,0,402992,450531,30,723298
2025-04-18 19:52:22,151,level_complete,1059,2,58046,0,403770,451238,63,724533
2025-04-18 19:52:23,151,level_complete,1060,3,58076,0,404114,451433,124,725737
2025-04-18 19:52:25,151,level_complete,1061,4,58095,0,404332,451623,42,726023
2025-04-18 19:52:25,151,level_complete,1062,5,58096,0,404362,451653,113,726136
2025-04-18 19:52:27,151,level_complete,1063,6,58127,0,404690,451904,39,726761
2025-04-18 19:52:28,151,training_run_ep 77500,-,7,58145,0,404848,452000,0,727199
2025-04-18 19:52:28,151,level_complete,1064,7,58157,0,404978,452073,69,727758
2025-04-18 19:52:28,151,game_complete,-,8,58157,0,404978,452073,69,727758
2025-04-18 19:52:33,152,level_complete,1065,1,58254,0,405631,452686,31,728530
2025-04-18 19:52:39,152,level_complete,1066,2,58326,0,406470,453458,35,729975
2025-04-18 19:52:40,152,level_complete,1067,3,58341,0,406674,453580,54,730645
2025-04-18 19:52:40,152,level_complete,1068,4,58344,0,406735,453636,41,730733
2025-04-18 19:52:40,152,level_complete,1069,5,58345,0,406765,453656,86,730819
2025-04-18 19:52:40,152,level_complete,1070,6,58346,0,406795,453671,91,730910
2025-04-18 19:52:41,152,level_complete,1071,7,58353,0,406951,453762,50,731527
2025-04-18 19:52:41,152,game_complete,-,8,58353,0,406951,453762,50,731527
2025-04-18 19:52:41,153,level_complete,1072,1,58355,0,406985,453797,36,731567
2025-04-18 19:52:41,153,level_complete,1073,2,58359,0,407061,453846,92,731780
2025-04-18 19:52:42,153,level_complete,1074,3,58372,0,407239,453972,51,732135
2025-04-18 19:52:42,153,level_complete,1075,4,58375,0,407267,454005,29,732167
2025-04-18 19:52:43,153,level_complete,1076,5,58377,0,407297,454052,55,732222
2025-04-18 19:52:43,153,level_complete,1077,6,58384,0,407393,454131,65,732397
2025-04-18 19:52:44,153,level_complete,1078,7,58395,0,407498,454208,118,732791
2025-04-18 19:52:44,153,game_complete,-,8,58395,0,407498,454208,118,732791
2025-04-18 19:52:45,154,level_complete,1079,1,58403,0,407635,454351,36,732948
2025-04-18 19:52:46,154,level_complete,1080,2,58417,0,407811,454494,73,733250
2025-04-18 19:52:46,154,level_complete,1081,3,58422,0,407902,454566,77,733439
2025-04-18 19:52:47,154,level_complete,1082,4,58429,0,407980,454637,43,733544
2025-04-18 19:52:47,154,level_complete,1083,5,58434,0,408046,454706,157,733771
2025-04-18 19:52:48,154,level_complete,1084,6,58441,0,408138,454768,76,733958
2025-04-18 19:52:48,154,level_complete,1085,7,58447,0,408215,454822,115,734140
2025-04-18 19:52:48,154,game_complete,-,8,58447,0,408215,454822,115,734140
2025-04-18 19:52:54,155,level_complete,1086,1,58531,0,408952,455562,35,735001
2025-04-18 19:52:55,155,level_complete,1087,2,58553,0,409168,455739,59,735403
2025-04-18 19:52:56,155,level_complete,1088,3,58562,0,409343,455835,156,735949
2025-04-18 19:52:58,155,level_complete,1089,4,58593,0,409686,456108,35,736488
2025-04-18 19:52:58,155,level_complete,1090,5,58599,0,409775,456159,96,736741
2025-04-18 19:52:59,155,level_complete,1091,6,58606,0,409889,456220,87,737049
2025-04-18 19:53:01,155,training_run_ep 78000,-,7,58645,0,410213,456445,0,737802
2025-04-18 19:53:01,155,level_complete,1092,7,58665,0,410382,456579,94,738167
2025-04-18 19:53:01,155,game_complete,-,8,58665,0,410382,456579,94,738167
2025-04-18 19:53:02,156,level_complete,1093,1,58675,0,410476,456665,39,738287
2025-04-18 19:53:17,156,level_complete,1094,2,59073,0,412804,458568,42,742257
2025-04-18 19:53:18,156,level_complete,1095,3,59096,0,413073,458708,83,743106
2025-04-18 19:53:19,156,training_run_ep 78500,-,4,59145,0,413273,458846,0,743485
2025-04-18 19:53:20,156,level_complete,1096,4,59161,0,413358,458929,30,743588
2025-04-18 19:53:27,156,level_complete,1097,5,59238,0,413934,459839,158,745277
2025-04-18 19:53:27,156,level_complete,1098,6,59243,0,414005,459895,64,745434
2025-04-18 19:53:28,156,level_complete,1099,7,59245,0,414060,459932,54,745568
2025-04-18 19:53:28,156,game_complete,-,8,59245,0,414060,459932,54,745568
2025-04-18 19:53:53,157,training_run_ep 79000,-,1,59645,0,415998,462906,0,747834
2025-04-18 19:54:10,157,level_complete,1100,1,60097,0,418210,464987,35,750426
2025-04-18 19:54:12,157,training_run_ep 79500,-,2,60145,0,418490,465194,0,750909
2025-04-18 19:54:16,157,level_complete,1101,2,60224,0,419136,465736,39,751874
2025-04-18 19:54:16,157,level_complete,1102,3,60226,0,419182,465761,46,751979
2025-04-18 19:55:37,157,level_complete,1103,4,60308,0,419782,475744,47,752831
2025-04-18 19:55:37,157,level_complete,1104,5,60309,0,419812,475764,84,752915
2025-04-18 19:55:39,157,level_complete,1105,6,60372,0,420215,476033,173,753938
2025-04-18 19:55:41,157,level_complete,1106,7,60414,0,420542,476245,68,754930
2025-04-18 19:55:41,157,game_complete,-,8,60414,0,420542,476245,68,754930
2025-04-18 19:55:55,158,training_run_ep 80000,-,1,60645,0,421396,477863,0,755897
2025-04-18 19:56:17,158,training_run_ep 80500,-,1,61145,0,424236,480608,0,759175
2025-04-18 19:56:18,158,level_complete,1107,1,61148,0,424280,480655,45,759234
2025-04-18 19:56:20,158,level_complete,1108,2,61166,0,424526,480921,52,759604
2025-04-18 19:56:20,158,level_complete,1109,3,61168,0,424560,480945,42,759653
2025-04-18 19:56:21,158,level_complete,1110,4,61176,0,424675,481059,37,759816
2025-04-18 19:56:21,158,level_complete,1111,5,61183,0,424773,481127,63,760095
2025-04-18 19:56:22,158,level_complete,1112,6,61190,0,424873,481211,64,760293
2025-04-18 19:56:22,158,level_complete,1113,7,61197,0,424962,481276,110,760515
2025-04-18 19:56:22,158,game_complete,-,8,61197,0,424962,481276,110,760515
2025-04-18 19:56:49,159,level_complete,1114,1,61413,0,426985,484761,32,762942
2025-04-18 19:56:50,159,level_complete,1115,2,61422,0,427125,484894,35,763124
2025-04-18 19:56:51,159,level_complete,1116,3,61424,0,427165,484927,40,763180
2025-04-18 19:56:51,159,level_complete,1117,4,61438,0,427335,485052,34,763479
2025-04-18 19:56:52,159,level_complete,1118,5,61440,0,427390,485098,123,763652
2025-04-18 19:56:52,159,level_complete,1119,6,61441,0,427420,485116,90,763742
2025-04-18 19:56:52,159,level_complete,1120,7,61443,0,427463,485141,103,763864
2025-04-18 19:56:52,159,game_complete,-,8,61443,0,427463,485141,103,763864
2025-04-18 19:57:04,160,level_complete,1121,1,61606,0,429014,486679,32,765682
2025-04-18 19:57:04,160,level_complete,1122,2,61607,0,429044,486729,37,765719
2025-04-18 19:57:04,160,level_complete,1123,3,61608,0,429074,486746,75,765794
2025-04-18 19:57:05,160,level_complete,1124,4,61612,0,429136,486817,38,765881
2025-04-18 19:57:05,160,level_complete,1125,5,61617,0,429246,486893,56,766178
2025-04-18 19:57:06,160,level_complete,1126,6,61619,0,429281,486937,48,766233
2025-04-18 19:57:06,160,level_complete,1127,7,61622,0,429342,487017,99,766411
2025-04-18 19:57:06,160,game_complete,-,8,61622,0,429342,487017,99,766411
2025-04-18 19:57:09,161,training_run_ep 81000,-,1,61645,0,429559,487233,0,766664
2025-04-18 19:57:10,161,level_complete,1128,1,61666,0,429793,487473,34,766950
2025-04-18 19:57:11,161,level_complete,1129,2,61669,0,429833,487511,54,767020
2025-04-18 19:57:12,161,level_complete,1130,3,61697,0,430223,487731,50,768240
2025-04-18 19:57:14,161,level_complete,1131,4,61724,0,430458,487930,31,768596
2025-04-18 19:57:14,161,level_complete,1132,5,61730,0,430533,487994,63,768739
2025-04-18 19:57:14,161,level_complete,1133,6,61733,0,430584,488047,60,768825
2025-04-18 19:57:15,161,level_complete,1134,7,61746,0,430746,488180,56,769182
2025-04-18 19:57:15,161,game_complete,-,8,61746,0,430746,488180,56,769182
2025-04-18 19:57:17,162,level_complete,1135,1,61769,0,430934,488400,31,769395
2025-04-18 19:57:18,162,level_complete,1136,2,61782,0,431062,488530,62,769591
2025-04-18 19:57:18,162,level_complete,1137,3,61783,0,431092,488550,75,769666
2025-04-18 19:57:18,162,level_complete,1138,4,61794,0,431179,488624,29,769809
2025-04-18 19:57:19,162,level_complete,1139,5,61800,0,431268,488672,86,770068
2025-04-18 19:57:21,162,level_complete,1140,6,61839,0,431687,488947,54,771155
2025-04-18 19:57:21,162,level_complete,1141,7,61841,0,431718,488968,57,771213
2025-04-18 19:57:21,162,game_complete,-,8,61841,0,431718,488968,57,771213
2025-04-18 19:57:23,163,level_complete,1142,1,61879,0,432019,489248,40,771570
2025-04-18 19:57:24,163,level_complete,1143,2,61896,0,432218,489430,61,771897
2025-04-18 19:57:25,163,level_complete,1144,3,61903,0,432306,489483,55,772095
2025-04-18 19:57:25,163,level_complete,1145,4,61910,0,432358,489533,35,772166
2025-04-18 19:57:27,163,level_complete,1146,5,61947,0,432838,489819,82,773472
2025-04-18 19:57:27,163,level_complete,1147,6,61957,0,432935,489892,65,773659
2025-04-18 19:57:43,163,level_complete,1148,7,61970,0,433086,491748,68,774194
2025-04-18 19:57:43,163,game_complete,-,8,61970,0,433086,491748,68,774194
2025-04-18 19:57:54,164,training_run_ep 81500,-,1,62145,0,434306,493072,0,775597
2025-04-18 19:57:58,164,level_complete,1149,1,62226,0,434959,493679,37,776360
2025-04-18 19:57:59,164,level_complete,1150,2,62231,0,435044,493759,38,776512
2025-04-18 19:57:59,164,level_complete,1151,3,62238,0,435123,493797,114,776757
2025-04-18 19:58:00,164,level_complete,1152,4,62253,0,435267,493919,36,776957
2025-04-18 19:58:01,164,level_complete,1153,5,62257,0,435359,493970,79,777225
2025-04-18 19:58:01,164,level_complete,1154,6,62260,0,435417,494001,66,777361
2025-04-18 19:58:01,164,level_complete,1155,7,62263,0,435463,494021,204,777636
2025-04-18 19:58:01,164,game_complete,-,8,62263,0,435463,494021,204,777636
2025-04-18 19:58:03,165,level_complete,1156,1,62281,0,435718,494299,41,777936
2025-04-18 19:58:04,165,level_complete,1157,2,62305,0,435992,494502,46,778470
2025-04-18 19:58:05,165,level_complete,1158,3,62306,0,436022,494523,80,778550
2025-04-18 19:58:07,165,level_complete,1159,4,62342,0,436437,494893,47,779126
2025-04-18 19:58:08,165,level_complete,1160,5,62356,0,436723,495067,56,779966
2025-04-18 19:58:09,165,level_complete,1161,6,62368,0,436881,495177,51,780378
2025-04-18 19:58:11,165,level_complete,1162,7,62390,0,437200,495395,46,781314
2025-04-18 19:58:11,165,game_complete,-,8,62390,0,437200,495395,46,781314
2025-04-18 19:58:12,166,level_complete,1163,1,62411,0,437431,495632,37,781580
2025-04-18 19:58:13,166,level_complete,1164,2,62413,0,437490,495698,43,781676
2025-04-18 19:58:13,166,level_complete,1165,3,62415,0,437521,495723,50,781727
2025-04-18 19:58:13,166,level_complete,1166,4,62416,0,437546,495745,35,781762
2025-04-18 19:58:13,166,level_complete,1167,5,62417,0,437576,495771,51,781813
2025-04-18 19:58:14,166,level_complete,1168,6,62420,0,437632,495803,154,782020
2025-04-18 19:58:14,166,level_complete,1169,7,62421,0,437662,495835,57,782077
2025-04-18 19:58:14,166,game_complete,-,8,62421,0,437662,495835,57,782077
2025-04-18 19:58:17,167,level_complete,1170,1,62446,0,438079,496278,35,782580
2025-04-18 19:58:18,167,level_complete,1171,2,62450,0,438159,496377,41,782678
2025-04-18 19:58:18,167,level_complete,1172,3,62451,0,438189,496395,70,782748
2025-04-18 19:58:18,167,level_complete,1173,4,62455,0,438242,496440,38,782817
2025-04-18 19:58:19,167,level_complete,1174,5,62458,0,438289,496489,97,782960
2025-04-18 19:58:19,167,level_complete,1175,6,62470,0,438432,496586,136,783330
2025-04-18 19:58:21,167,level_complete,1176,7,62505,0,438862,496837,105,785130
2025-04-18 19:58:21,167,game_complete,-,8,62505,0,438862,496837,105,785130
2025-04-18 19:58:31,168,level_complete,1177,1,62585,0,439715,498092,34,786141
2025-04-18 19:58:31,168,level_complete,1178,2,62587,0,439755,498141,39,786199
2025-04-18 19:58:32,168,level_complete,1179,3,62592,0,439851,498201,134,786521
2025-04-18 19:58:32,168,level_complete,1180,4,62600,0,439932,498304,60,786650
2025-04-18 19:58:33,168,level_complete,1181,5,62611,0,440112,498413,58,787115
2025-04-18 19:58:33,168,level_complete,1182,6,62615,0,440170,498464,70,787237
2025-04-18 19:58:34,168,level_complete,1183,7,62630,0,440340,498587,283,787844
2025-04-18 19:58:34,168,game_complete,-,8,62630,0,440340,498587,283,787844
2025-04-18 19:58:36,169,training_run_ep 82000,-,1,62645,0,440464,498710,0,787996
2025-04-18 19:58:38,169,level_complete,1184,1,62671,0,440768,499021,37,788357
2025-04-18 19:58:40,169,level_complete,1185,2,62688,0,440976,499223,47,788695
2025-04-18 19:58:40,169,level_complete,1186,3,62692,0,441063,499302,54,788866
2025-04-18 19:58:41,169,level_complete,1187,4,62694,0,441103,499368,31,788915
2025-04-18 19:58:41,169,level_complete,1188,5,62695,0,441133,499386,115,789030
2025-04-18 19:58:41,169,level_complete,1189,6,62696,0,441163,499412,72,789102
2025-04-18 19:58:41,169,level_complete,1190,7,62699,0,441221,499461,58,789217
2025-04-18 19:58:41,169,game_complete,-,8,62699,0,441221,499461,58,789217
2025-04-18 19:58:42,170,level_complete,1191,1,62700,0,441251,499539,32,789249
2025-04-18 19:58:42,170,level_complete,1192,2,62704,0,441295,499582,42,789312
2025-04-18 19:58:42,170,level_complete,1193,3,62705,0,441325,499601,62,789374
2025-04-18 19:58:43,170,level_complete,1194,4,62709,0,441394,499668,43,789471
2025-04-18 19:58:43,170,level_complete,1195,5,62710,0,441424,499681,137,789608
2025-04-18 19:58:43,170,level_complete,1196,6,62713,0,441479,499729,242,789916
2025-04-18 19:58:43,170,level_complete,1197,7,62716,0,441529,499769,42,789990
2025-04-18 19:58:43,170,game_complete,-,8,62716,0,441529,499769,42,789990
2025-04-18 19:58:44,171,level_complete,1198,1,62718,0,441587,499852,34,790055
2025-04-18 19:58:49,171,level_complete,1199,2,62801,0,442410,500545,44,791363
2025-04-18 19:58:50,171,level_complete,1200,3,62817,0,442680,500711,44,792093
2025-04-18 19:58:51,171,level_complete,1201,4,62828,0,442812,500826,31,792274
2025-04-18 19:58:51,171,level_complete,1202,5,62832,0,442903,500890,90,792511
2025-04-18 19:58:53,171,level_complete,1203,6,62852,0,443137,501085,61,792932
2025-04-18 19:58:53,171,level_complete,1204,7,62854,0,443178,501107,143,793092
2025-04-18 19:58:53,171,game_complete,-,8,62854,0,443178,501107,143,793092
2025-04-18 19:58:55,172,level_complete,1205,1,62878,0,443402,501328,35,793348
2025-04-18 19:58:56,172,level_complete,1206,2,62888,0,443536,501554,57,793564
2025-04-18 19:58:56,172,level_complete,1207,3,62890,0,443590,501588,44,793729
2025-04-18 19:58:57,172,level_complete,1208,4,62903,0,443690,501683,37,793876
2025-04-18 19:58:57,172,level_complete,1209,5,62904,0,443720,501700,98,793974
2025-04-18 19:58:58,172,level_complete,1210,6,62910,0,443821,501781,119,794201
2025-04-18 19:58:58,172,level_complete,1211,7,62911,0,443851,501805,50,794251
2025-04-18 19:58:58,172,game_complete,-,8,62911,0,443851,501805,50,794251
2025-04-18 19:59:01,173,level_complete,1212,1,62935,0,444170,502175,36,794617
2025-04-18 19:59:01,173,level_complete,1213,2,62937,0,444202,502206,51,794670
2025-04-18 19:59:01,173,level_complete,1214,3,62940,0,444258,502249,46,794757
2025-04-18 19:59:02,173,level_complete,1215,4,62944,0,444303,502294,39,794819
2025-04-18 19:59:02,173,level_complete,1216,5,62946,0,444361,502328,188,795064
2025-04-18 19:59:03,173,level_complete,1217,6,62971,0,444670,502529,40,795679
2025-04-18 19:59:03,173,level_complete,1218,7,62972,0,444700,502542,174,795853
2025-04-18 19:59:03,173,game_complete,-,8,62972,0,444700,502542,174,795853
2025-04-18 19:59:04,174,level_complete,1219,1,62982,0,444813,502687,32,795979
2025-04-18 19:59:05,174,level_complete,1220,2,62991,0,444911,502759,88,796150
2025-04-18 19:59:06,174,level_complete,1221,3,63013,0,445106,502888,87,796564
2025-04-18 19:59:07,174,level_complete,1222,4,63033,0,445369,503110,44,796986
2025-04-18 19:59:08,174,level_complete,1223,5,63041,0,445498,503180,64,797411
2025-04-18 19:59:08,174,level_complete,1224,6,63044,0,445535,503201,154,797573
2025-04-18 19:59:09,174,level_complete,1225,7,63054,0,445667,503306,61,797805
2025-04-18 19:59:09,174,game_complete,-,8,63054,0,445667,503306,61,797805
2025-04-18 19:59:09,175,level_complete,1226,1,63059,0,445735,503384,32,797878
2025-04-18 19:59:10,175,level_complete,1227,2,63073,0,445915,503518,48,798177
2025-04-18 19:59:11,175,level_complete,1228,3,63076,0,445986,503589,130,798385
2025-04-18 19:59:16,175,level_complete,1229,4,63137,0,446454,504356,64,799085
2025-04-18 19:59:17,175,training_run_ep 82500,-,5,63145,0,446520,504398,0,799229
2025-04-18 19:59:18,175,level_complete,1230,5,63172,0,446730,504527,166,799841
2025-04-18 19:59:22,175,level_complete,1231,6,63245,0,447429,505033,173,801405
2025-04-18 19:59:22,175,level_complete,1232,7,63249,0,447495,505064,148,801631
2025-04-18 19:59:22,175,game_complete,-,8,63249,0,447495,505064,148,801631
2025-04-18 19:59:22,176,level_complete,1233,1,63251,0,447528,505100,32,801666
2025-04-18 19:59:22,176,level_complete,1234,2,63253,0,447562,505154,48,801718
2025-04-18 19:59:23,176,level_complete,1235,3,63260,0,447703,505252,64,801977
2025-04-18 19:59:26,176,level_complete,1236,4,63315,0,448215,505735,79,802747
2025-04-18 19:59:27,176,level_complete,1237,5,63331,0,448466,505877,81,803594
2025-04-18 19:59:29,176,level_complete,1238,6,63356,0,448790,506071,148,804653
2025-04-18 19:59:30,176,level_complete,1239,7,63379,0,449006,506219,112,805174
2025-04-18 19:59:30,176,game_complete,-,8,63379,0,449006,506219,112,805174
2025-04-18 19:59:43,177,training_run_ep 83000,-,1,63645,0,450776,507876,0,807229
2025-04-18 19:59:47,177,level_complete,1240,1,63705,0,451249,508343,46,807802
2025-04-18 19:59:51,177,level_complete,1241,2,63755,0,451774,508810,45,808619
2025-04-18 19:59:51,177,level_complete,1242,3,63760,0,451825,508863,74,808714
2025-04-18 19:59:52,177,level_complete,1243,4,63770,0,451939,508981,37,808868
2025-04-18 19:59:53,177,level_complete,1244,5,63784,0,452143,509089,75,809580
2025-04-18 19:59:54,177,level_complete,1245,6,63813,0,452507,509325,83,810471
2025-04-18 19:59:54,177,level_complete,1246,7,63814,0,452537,509344,201,810672
2025-04-18 19:59:54,177,game_complete,-,8,63814,0,452537,509344,201,810672
2025-04-18 19:59:57,178,level_complete,1247,1,63857,0,452889,509688,37,811097
2025-04-18 19:59:57,178,level_complete,1248,2,63861,0,452969,509766,48,811225
2025-04-18 19:59:58,178,level_complete,1249,3,63864,0,453035,509813,87,811366
2025-04-18 19:59:58,178,level_complete,1250,4,63867,0,453070,509842,43,811425
2025-04-18 19:59:58,178,level_complete,1251,5,63869,0,453129,509901,42,811513
2025-04-18 19:59:59,178,level_complete,1252,6,63878,0,453235,509973,61,811730
2025-04-18 20:00:00,178,level_complete,1253,7,63895,0,453471,510176,85,812270
2025-04-18 20:00:00,178,game_complete,-,8,63895,0,453471,510176,85,812270
2025-04-18 20:00:01,179,level_complete,1254,1,63908,0,453603,510323,37,812432
2025-04-18 20:00:05,179,level_complete,1255,2,63960,0,454192,510853,55,813428
2025-04-18 20:00:06,179,level_complete,1256,3,63971,0,454372,510956,80,814049
2025-04-18 20:00:06,179,level_complete,1257,4,63973,0,454413,510993,37,814109
2025-04-18 20:00:06,179,level_complete,1258,5,63978,0,454468,511034,72,814257
2025-04-18 20:00:10,179,level_complete,1259,6,64060,0,455216,511551,114,816304
2025-04-18 20:00:12,179,level_complete,1260,7,64122,0,455706,511921,142,817591
2025-04-18 20:00:12,179,game_complete,-,8,64122,0,455706,511921,142,817591
2025-04-18 20:00:41,180,training_run_ep 83500,-,1,64145,0,455882,515452,0,817799
2025-04-18 20:01:01,180,level_complete,1261,1,64226,0,456476,517888,36,818484
2025-04-18 20:01:03,180,level_complete,1262,2,64249,0,456747,518087,48,818923
2025-04-18 20:01:03,180,level_complete,1263,3,64255,0,456805,518129,86,819053
2025-04-18 20:01:04,180,level_complete,1264,4,64264,0,456900,518212,43,819211
2025-04-18 20:01:04,180,level_complete,1265,5,64267,0,456961,518262,76,819346
2025-04-18 20:01:06,180,level_complete,1266,6,64303,0,457379,518591,58,820170
2025-04-18 20:01:06,180,level_complete,1267,7,64304,0,457409,518608,154,820324
2025-04-18 20:01:06,180,game_complete,-,8,64304,0,457409,518608,154,820324
2025-04-18 20:01:08,181,level_complete,1268,1,64317,0,457568,518787,32,820499
2025-04-18 20:01:09,181,level_complete,1269,2,64338,0,457830,519023,56,820941
2025-04-18 20:01:09,181,level_complete,1270,3,64339,0,457860,519038,69,821010
2025-04-18 20:01:12,181,level_complete,1271,4,64380,0,458272,519375,34,821717
2025-04-18 20:01:29,181,level_complete,1272,5,64384,0,458357,521688,56,821930
2025-04-18 20:01:29,181,level_complete,1273,6,64386,0,458400,521720,68,822012
2025-04-18 20:01:30,181,level_complete,1274,7,64388,0,458451,521755,68,822180
2025-04-18 20:01:30,181,game_complete,-,8,64388,0,458451,521755,68,822180
2025-04-18 20:01:34,182,level_complete,1275,1,64451,0,459020,522325,35,822839
2025-04-18 20:01:42,182,level_complete,1276,2,64600,0,460221,523412,35,824790
2025-04-18 20:01:43,182,level_complete,1277,3,64604,0,460298,523506,88,824971
2025-04-18 20:01:44,182,level_complete,1278,4,64618,0,460474,523664,36,825241
2025-04-18 20:01:44,182,level_complete,1279,5,64620,0,460530,523712,49,825361
2025-04-18 20:01:44,182,level_complete,1280,6,64621,0,460560,523744,45,825406
2025-04-18 20:01:45,182,level_complete,1281,7,64623,0,460616,523804,69,825511
2025-04-18 20:01:45,182,game_complete,-,8,64623,0,460616,523804,69,825511
2025-04-18 20:01:47,183,training_run_ep 84000,-,1,64645,0,460865,524046,0,825815
2025-04-18 20:01:48,183,level_complete,1282,1,64650,0,460965,524148,34,825928
2025-04-18 20:01:48,183,level_complete,1283,2,64653,0,461011,524194,44,825993
2025-04-18 20:01:49,183,level_complete,1284,3,64659,0,461156,524263,70,826403
2025-04-18 20:01:51,183,level_complete,1285,4,64688,0,461462,524540,35,826873
2025-04-18 20:01:51,183,level_complete,1286,5,64700,0,461607,524622,90,827304
2025-04-18 20:01:55,183,level_complete,1287,6,64775,0,462326,525118,83,829142
2025-04-18 20:02:01,183,level_complete,1288,7,64936,0,463774,526000,112,834487
2025-04-18 20:02:01,183,game_complete,-,8,64936,0,463774,526000,112,834487
2025-04-18 20:02:02,184,level_complete,1289,1,64958,0,463960,526183,40,834710
2025-04-18 20:02:03,184,level_complete,1290,2,64976,0,464109,526319,51,834921
2025-04-18 20:02:04,184,level_complete,1291,3,64993,0,464294,526425,67,835454
2025-04-18 20:02:04,184,level_complete,1292,4,64998,0,464362,526477,39,835574
2025-04-18 20:02:05,184,level_complete,1293,5,65016,0,464581,526625,83,836133
2025-04-18 20:02:06,184,level_complete,1294,6,65021,0,464682,526719,56,836310
2025-04-18 20:02:07,184,level_complete,1295,7,65042,0,464910,526901,140,836782
2025-04-18 20:02:07,184,game_complete,-,8,65042,0,464910,526901,140,836782
2025-04-18 20:02:08,185,level_complete,1296,1,65061,0,465097,527086,36,836992
2025-04-18 20:02:09,185,level_complete,1297,2,65071,0,465184,527174,39,837126
2025-04-18 20:02:12,185,level_complete,1298,3,65124,0,465931,527667,41,839647
2025-04-18 20:02:14,185,training_run_ep 84500,-,4,65145,0,466024,527739,0,839798
2025-04-18 20:02:14,185,level_complete,1299,4,65149,0,466060,527764,46,839857
2025-04-18 20:02:15,185,level_complete,1300,5,65162,0,466224,527895,57,840207
2025-04-18 20:02:15,185,level_complete,1301,6,65184,0,466372,527984,86,840578
2025-04-18 20:02:17,185,level_complete,1302,7,65227,0,466788,528339,61,841517
2025-04-18 20:02:17,185,game_complete,-,8,65227,0,466788,528339,61,841517
2025-04-18 20:02:31,186,level_complete,1303,1,65429,0,468488,530069,33,843506
2025-04-18 20:02:32,186,level_complete,1304,2,65434,0,468580,530171,43,843643
2025-04-18 20:02:32,186,level_complete,1305,3,65437,0,468668,530229,71,843968
2025-04-18 20:02:33,186,level_complete,1306,4,65459,0,468858,530382,33,844279
2025-04-18 20:02:34,186,level_complete,1307,5,65467,0,468968,530465,61,844491
2025-04-18 20:02:35,186,level_complete,1308,6,65482,0,469172,530576,117,845193
2025-04-18 20:02:35,186,level_complete,1309,7,65493,0,469260,530642,171,845449
2025-04-18 20:02:35,186,game_complete,-,8,65493,0,469260,530642,171,845449
2025-04-18 20:02:42,187,level_complete,1310,1,65595,0,470119,531534,40,846460
2025-04-18 20:02:42,187,level_complete,1311,2,65598,0,470153,531576,36,846500
2025-04-18 20:02:43,187,level_complete,1312,3,65600,0,470206,531610,117,846699
2025-04-18 20:02:43,187,level_complete,1313,4,65602,0,470240,531652,49,846757
2025-04-18 20:02:44,187,level_complete,1314,5,65612,0,470425,531820,55,847180
2025-04-18 20:02:44,187,level_complete,1315,6,65622,0,470509,531884,130,847380
2025-04-18 20:02:45,187,level_complete,1316,7,65626,0,470573,531932,69,847509
2025-04-18 20:02:45,187,game_complete,-,8,65626,0,470573,531932,69,847509
2025-04-18 20:02:47,188,level_complete,1317,1,65641,0,470800,532173,41,847788
2025-04-18 20:02:47,188,level_complete,1318,2,65642,0,470830,532217,55,847843
2025-04-18 20:02:47,188,level_complete,1319,3,65645,0,470913,532272,58,848186
2025-04-18 20:02:48,188,training_run_ep 85000,-,4,65645,0,470913,532272,58,848186
2025-04-18 20:02:49,188,level_complete,1320,4,65655,0,471103,532437,46,848520
2025-04-18 20:02:49,188,level_complete,1321,5,65656,0,471133,532466,92,848612
2025-04-18 20:02:56,188,level_complete,1322,6,65682,0,471402,533282,64,849260
2025-04-18 20:02:57,188,level_complete,1323,7,65711,0,471655,533450,264,850248
2025-04-18 20:02:57,188,game_complete,-,8,65711,0,471655,533450,264,850248
2025-04-18 20:02:59,189,level_complete,1324,1,65746,0,472008,533773,35,850681
2025-04-18 20:03:02,189,level_complete,1325,2,65798,0,472426,534197,61,851342
2025-04-18 20:03:03,189,level_complete,1326,3,65800,0,472464,534239,185,851541
2025-04-18 20:03:05,189,level_complete,1327,4,65857,0,472863,534569,42,852134
2025-04-18 20:03:57,189,level_complete,1328,5,66022,0,474276,540913,95,856281
2025-04-18 20:03:58,189,level_complete,1329,6,66046,0,474449,541044,50,856550
2025-04-18 20:04:46,189,level_complete,1330,7,66135,0,475166,546955,203,858610
2025-04-18 20:04:46,189,game_complete,-,8,66135,0,475166,546955,203,858610
2025-04-18 20:04:47,190,training_run_ep 85500,-,1,66145,0,475220,547015,0,858667
2025-04-18 20:04:48,190,level_complete,1331,1,66158,0,475360,547143,32,858835
2025-04-18 20:04:49,190,level_complete,1332,2,66168,0,475483,547254,42,859045
2025-04-18 20:04:49,190,level_complete,1333,3,66178,0,475629,547311,178,859709
2025-04-18 20:04:49,190,level_complete,1334,4,66179,0,475654,547355,35,859744
2025-04-18 20:04:50,190,level_complete,1335,5,66183,0,475702,547387,108,859882
2025-04-18 20:04:54,190,level_complete,1336,6,66303,0,476626,548030,81,862231
2025-04-18 20:05:00,190,level_complete,1337,7,66490,0,477766,548994,55,865224
2025-04-18 20:05:00,190,game_complete,-,8,66490,0,477766,548994,55,865224
2025-04-18 20:05:05,191,training_run_ep 86000,-,1,66645,0,478267,549511,0,865767
2025-04-18 20:05:13,191,level_complete,1338,1,66853,0,479152,550400,34,866760
2025-04-18 20:05:27,191,level_complete,1339,2,67125,0,481426,552400,42,870396
2025-04-18 20:05:28,191,level_complete,1340,3,67137,0,481555,552446,356,871070
2025-04-18 20:05:29,191,training_run_ep 86500,-,4,67145,0,481631,552515,0,871183
2025-04-18 20:05:31,191,level_complete,1341,4,67197,0,481975,552790,38,871658
2025-04-18 20:05:31,191,level_complete,1342,5,67209,0,482144,552884,65,872139
2025-04-18 20:05:32,191,level_complete,1343,6,67231,0,482367,553043,104,872642
2025-04-18 20:05:33,191,level_complete,1344,7,67247,0,482619,553227,184,873362
2025-04-18 20:05:33,191,game_complete,-,8,67247,0,482619,553227,184,873362
2025-04-18 20:05:37,192,level_complete,1345,1,67299,0,483028,553630,37,873843
2025-04-18 20:05:37,192,level_complete,1346,2,67310,0,483134,553730,52,874005
2025-04-18 20:05:37,192,level_complete,1347,3,67311,0,483164,553746,64,874069
2025-04-18 20:05:38,192,level_complete,1348,4,67323,0,483320,553873,32,874312
2025-04-18 20:05:39,192,level_complete,1349,5,67328,0,483413,553961,64,874682
2025-04-18 20:05:41,192,level_complete,1350,6,67353,0,483761,554228,39,875468
2025-04-18 20:05:41,192,level_complete,1351,7,67356,0,483816,554255,127,875674
2025-04-18 20:05:41,192,game_complete,-,8,67356,0,483816,554255,127,875674
2025-04-18 20:05:44,193,level_complete,1352,1,67399,0,484157,554645,35,876091
2025-04-18 20:05:46,193,level_complete,1353,2,67413,0,484380,554877,43,876428
2025-04-18 20:05:46,193,level_complete,1354,3,67415,0,484433,554916,62,876532
2025-04-18 20:05:46,193,level_complete,1355,4,67417,0,484477,554945,38,876616
2025-04-18 20:05:47,193,level_complete,1356,5,67422,0,484588,555019,136,877048
2025-04-18 20:05:47,193,level_complete,1357,6,67423,0,484618,555060,53,877101
2025-04-18 20:05:47,193,level_complete,1358,7,67426,0,484679,555133,58,877246
2025-04-18 20:05:47,193,game_complete,-,8,67426,0,484679,555133,58,877246
2025-04-18 20:05:49,194,level_complete,1359,1,67452,0,484908,555372,33,877518
2025-04-18 20:05:51,194,level_complete,1360,2,67479,0,485233,555653,53,878078
2025-04-18 20:05:52,194,level_complete,1361,3,67482,0,485300,555688,48,878306
2025-04-18 20:05:52,194,level_complete,1362,4,67484,0,485329,555718,39,878350
2025-04-18 20:05:53,194,level_complete,1363,5,67497,0,485522,555873,82,878793
2025-04-18 20:05:53,194,level_complete,1364,6,67506,0,485662,555970,63,879137
2025-04-18 20:05:54,194,level_complete,1365,7,67507,0,485692,555993,60,879197
2025-04-18 20:05:54,194,game_complete,-,8,67507,0,485692,555993,60,879197
2025-04-18 20:05:54,195,level_complete,1366,1,67511,0,485770,556082,33,879301
2025-04-18 20:05:55,195,level_complete,1367,2,67522,0,485955,556257,41,879591
2025-04-18 20:05:56,195,level_complete,1368,3,67540,0,486145,556357,92,880219
2025-04-18 20:05:57,195,level_complete,1369,4,67545,0,486215,556414,33,880317
2025-04-18 20:05:57,195,level_complete,1370,5,67546,0,486245,556439,139,880456
2025-04-18 20:05:58,195,level_complete,1371,6,67580,0,486637,556693,49,881583
2025-04-18 20:06:00,195,level_complete,1372,7,67607,0,486929,556912,59,882490
2025-04-18 20:06:00,195,game_complete,-,8,67607,0,486929,556912,59,882490
2025-04-18 20:06:01,196,level_complete,1373,1,67632,0,487049,557034,34,882622
2025-04-18 20:06:02,196,training_run_ep 87000,-,2,67645,0,487182,557129,0,882890
2025-04-18 20:06:04,196,level_complete,1374,2,67661,0,487407,557343,44,883227
2025-04-18 20:06:04,196,level_complete,1375,3,67666,0,487525,557432,109,883645
2025-04-18 20:06:06,196,level_complete,1376,4,67695,0,487765,557663,61,884018
2025-04-18 20:06:07,196,level_complete,1377,5,67709,0,487966,557810,48,884518
2025-04-18 20:06:08,196,level_complete,1378,6,67721,0,488107,557922,67,884775
2025-04-18 20:06:08,196,level_complete,1379,7,67734,0,488249,557990,177,885291
2025-04-18 20:06:08,196,game_complete,-,8,67734,0,488249,557990,177,885291
2025-04-18 20:06:12,197,level_complete,1380,1,67783,0,488688,558454,32,885793
2025-04-18 20:06:14,197,level_complete,1381,2,67817,0,488985,558702,41,886288
2025-04-18 20:06:16,197,level_complete,1382,3,67904,0,489667,559126,81,888231
2025-04-18 20:06:17,197,level_complete,1383,4,67910,0,489755,559212,35,888355
2025-04-18 20:06:17,197,level_complete,1384,5,67913,0,489795,559249,49,888417
2025-04-18 20:06:18,197,level_complete,1385,6,67925,0,489940,559368,59,888690
2025-04-18 20:06:19,197,level_complete,1386,7,67949,0,490132,559549,67,889024
2025-04-18 20:06:19,197,game_complete,-,8,67949,0,490132,559549,67,889024
2025-04-18 20:06:29,198,training_run_ep 87500,-,1,68145,0,491260,560696,0,890317
2025-04-18 20:06:53,198,level_complete,1387,1,68645,0,494321,563713,30,893874
2025-04-18 20:06:54,198,training_run_ep 88000,-,2,68645,0,494321,563713,30,893874
2025-04-18 20:06:59,198,level_complete,1388,2,68742,0,495154,564377,125,895433
2025-04-18 20:07:01,198,level_complete,1389,3,68777,0,495611,564660,60,896727
2025-04-18 20:07:01,198,level_complete,1390,4,68778,0,495636,564684,35,896762
2025-04-18 20:07:02,198,level_complete,1391,5,68797,0,495876,564819,56,897518
2025-04-18 20:07:03,198,level_complete,1392,6,68846,0,496247,565089,57,898197
2025-04-18 20:07:06,198,level_complete,1393,7,68889,0,496721,565414,172,899774
2025-04-18 20:07:06,198,game_complete,-,8,68889,0,496721,565414,172,899774
2025-04-18 20:07:09,199,level_complete,1394,1,68940,0,497171,565890,35,900284
2025-04-18 20:07:16,199,level_complete,1395,2,69093,0,498245,566773,63,902107
2025-04-18 20:07:17,199,level_complete,1396,3,69104,0,498452,566889,144,902821
2025-04-18 20:07:18,199,level_complete,1397,4,69129,0,498663,567111,27,903090
2025-04-18 20:07:19,199,training_run_ep 88500,-,5,69145,0,498736,567161,0,903227
2025-04-18 20:07:21,199,level_complete,1398,5,69174,0,499101,567364,104,904287
2025-04-18 20:07:21,199,level_complete,1399,6,69190,0,499269,567481,89,904643
2025-04-18 20:07:25,199,level_complete,1400,7,69298,0,500195,568071,97,907855
2025-04-18 20:07:25,199,game_complete,-,8,69298,0,500195,568071,97,907855
2025-04-18 20:07:41,200,training_run_ep 89000,-,1,69645,0,502181,569976,0,910202
2025-04-18 20:07:45,200,level_complete,1401,1,69704,0,502703,570491,34,910831
2025-04-18 20:07:45,200,level_complete,1402,2,69707,0,502752,570543,48,910901
2025-04-18 20:07:46,200,level_complete,1403,3,69718,0,502849,570604,173,911171
2025-04-18 20:07:48,200,level_complete,1404,4,69733,0,503006,570930,42,911417
2025-04-18 20:07:52,200,level_complete,1405,5,69789,0,503736,571388,50,913481
2025-04-18 20:07:53,200,level_complete,1406,6,69820,0,504006,571603,62,914022
2025-04-18 20:08:41,200,level_complete,1407,7,70002,0,505659,577636,155,918965
2025-04-18 20:08:41,200,game_complete,-,8,70002,0,505659,577636,155,918965
2025-04-18 20:08:50,201,training_run_ep 89500,-,1,70145,0,506722,578685,0,920216
2025-04-18 20:08:53,201,level_complete,1408,1,70174,0,507062,579046,33,920632
2025-04-18 20:08:56,201,level_complete,1409,2,70209,0,507450,579411,49,921228
2025-04-18 20:08:56,201,level_complete,1410,3,70216,0,507535,579469,119,921499
2025-04-18 20:08:57,201,level_complete,1411,4,70225,0,507628,579574,28,921610
2025-04-18 20:08:57,201,level_complete,1412,5,70235,0,507812,579688,59,922054
2025-04-18 20:09:03,201,level_complete,1413,6,70326,0,508939,580520,50,924823
2025-04-18 20:09:03,201,level_complete,1414,7,70333,0,509047,580581,69,925200
2025-04-18 20:09:03,201,game_complete,-,8,70333,0,509047,580581,69,925200
2025-04-18 20:09:11,202,level_complete,1415,1,70431,0,509908,581498,37,926174
2025-04-18 20:09:17,202,level_complete,1416,2,70523,0,510802,582320,44,927662
2025-04-18 20:09:17,202,level_complete,1417,3,70526,0,510853,582352,55,927750
2025-04-18 20:09:18,202,level_complete,1418,4,70534,0,510983,582466,31,927931
2025-04-18 20:09:18,202,level_complete,1419,5,70536,0,511015,582485,73,928006
2025-04-18 20:09:19,202,level_complete,1420,6,70546,0,511168,582605,42,928398
2025-04-18 20:09:19,202,level_complete,1421,7,70548,0,511198,582631,92,928490
2025-04-18 20:09:19,202,game_complete,-,8,70548,0,511198,582631,92,928490
2025-04-18 20:09:23,203,level_complete,1422,1,70605,0,511720,583119,40,929115
2025-04-18 20:09:25,203,level_complete,1423,2,70634,0,512139,583477,55,929765
2025-04-18 20:09:25,203,level_complete,1424,3,70636,0,512179,583500,79,929861
2025-04-18 20:09:26,203,training_run_ep 90000,-,4,70645,0,512262,583563,0,929997
2025-04-18 20:09:27,203,level_complete,1425,4,70650,0,512321,583614,36,930074
2025-04-18 20:09:27,203,level_complete,1426,5,70652,0,512380,583645,60,930394
2025-04-18 20:09:28,203,level_complete,1427,6,70667,0,512587,583780,137,930967
2025-04-18 20:09:29,203,level_complete,1428,7,70683,0,512790,583931,46,931641
2025-04-18 20:09:29,203,game_complete,-,8,70683,0,512790,583931,46,931641
2025-04-18 20:09:30,204,level_complete,1429,1,70699,0,512916,584061,32,931778
2025-04-18 20:09:33,204,level_complete,1430,2,70740,0,513492,584559,51,932726
2025-04-18 20:09:34,204,level_complete,1431,3,70742,0,513539,584589,94,932857
2025-04-18 20:09:34,204,level_complete,1432,4,70745,0,513575,584631,29,932898
2025-04-18 20:09:35,204,level_complete,1433,5,70770,0,513900,584810,51,933983
2025-04-18 20:09:36,204,level_complete,1434,6,70780,0,513986,584874,105,934178
2025-04-18 20:09:38,204,level_complete,1435,7,70837,0,514456,585239,57,935556
2025-04-18 20:09:38,204,game_complete,-,8,70837,0,514456,585239,57,935556
2025-04-18 20:09:49,205,level_complete,1436,1,71007,0,515910,586706,36,937286
2025-04-18 20:09:52,205,level_complete,1437,2,71066,0,516378,587031,66,938174
2025-04-18 20:09:52,205,level_complete,1438,3,71067,0,516408,587053,163,938337
2025-04-18 20:09:53,205,level_complete,1439,4,71079,0,516573,587187,50,938580
2025-04-18 20:09:54,205,level_complete,1440,5,71108,0,516874,587351,45,939390
2025-04-18 20:09:54,205,level_complete,1441,6,71110,0,516933,587380,330,939840
2025-04-18 20:09:55,205,level_complete,1442,7,71121,0,517033,587474,45,940020
2025-04-18 20:09:55,205,game_complete,-,8,71121,0,517033,587474,45,940020
2025-04-18 20:09:57,206,training_run_ep 90500,-,1,71145,0,517238,587661,0,940253
2025-04-18 20:10:00,206,level_complete,1443,1,71221,0,517662,588066,36,940751
2025-04-18 20:10:04,206,level_complete,1444,2,71272,0,518249,588534,41,941856
2025-04-18 20:10:04,206,level_complete,1445,3,71280,0,518386,588601,173,942320
2025-04-18 20:10:04,206,level_complete,1446,4,71284,0,518430,588642,32,942375
2025-04-18 20:10:12,206,level_complete,1447,5,71478,0,520425,589733,104,948297
2025-04-18 20:10:13,206,level_complete,1448,6,71495,0,520631,589875,136,948753
2025-04-18 20:10:13,206,level_complete,1449,7,71498,0,520689,589908,91,948922
2025-04-18 20:10:13,206,game_complete,-,8,71498,0,520689,589908,91,948922
2025-04-18 20:10:20,207,training_run_ep 91000,-,1,71645,0,521537,590714,0,949923
2025-04-18 20:10:33,207,level_complete,1450,1,71886,0,523272,592365,36,952004
2025-04-18 20:10:34,207,level_complete,1451,2,71887,0,523302,592418,32,952036
2025-04-18 20:10:34,207,level_complete,1452,3,71889,0,523361,592450,141,952315
2025-04-18 20:10:34,207,level_complete,1453,4,71890,0,523386,592483,30,952345
2025-04-18 20:10:34,207,level_complete,1454,5,71892,0,523434,592506,140,952513
2025-04-18 20:10:34,207,level_complete,1455,6,71893,0,523464,592534,56,952569
2025-04-18 20:10:35,207,level_complete,1456,7,71896,0,523519,592617,112,952715
2025-04-18 20:10:35,207,game_complete,-,8,71896,0,523519,592617,112,952715
2025-04-18 20:10:35,208,level_complete,1457,1,71897,0,523549,592670,33,952748
2025-04-18 20:10:35,208,level_complete,1458,2,71898,0,523579,592700,37,952785
2025-04-18 20:10:36,208,level_complete,1459,3,71899,0,523609,592737,61,952846
2025-04-18 20:10:36,208,level_complete,1460,4,71900,0,523634,592757,49,952895
2025-04-18 20:10:37,208,level_complete,1461,5,71904,0,523729,592858,185,953277
2025-04-18 20:10:37,208,level_complete,1462,6,71905,0,523759,592878,84,953361
2025-04-18 20:10:37,208,level_complete,1463,7,71910,0,523836,592929,125,953674
2025-04-18 20:10:37,208,game_complete,-,8,71910,0,523836,592929,125,953674
2025-04-18 20:10:39,209,level_complete,1464,1,71920,0,523994,593138,35,953853
2025-04-18 20:10:39,209,level_complete,1465,2,71926,0,524085,593210,54,954023
2025-04-18 20:10:40,209,level_complete,1466,3,71931,0,524185,593271,91,954419
2025-04-18 20:10:40,209,level_complete,1467,4,71935,0,524220,593307,33,954463
2025-04-18 20:10:40,209,level_complete,1468,5,71939,0,524277,593343,72,954587
2025-04-18 20:10:41,209,level_complete,1469,6,71957,0,524515,593501,79,955225
2025-04-18 20:10:43,209,level_complete,1470,7,71990,0,524822,593771,90,956074
2025-04-18 20:10:43,209,game_complete,-,8,71990,0,524822,593771,90,956074
2025-04-18 20:10:45,210,level_complete,1471,1,72000,0,525011,593993,35,956296
2025-04-18 20:10:45,210,level_complete,1472,2,72002,0,525046,594030,58,956359
2025-04-18 20:10:45,210,level_complete,1473,3,72007,0,525134,594092,53,956558
2025-04-18 20:10:46,210,level_complete,1474,4,72010,0,525173,594145,33,956608
2025-04-18 20:10:46,210,level_complete,1475,5,72011,0,525203,594170,54,956662
2025-04-18 20:10:46,210,level_complete,1476,6,72015,0,525287,594232,44,956807
2025-04-18 20:10:47,210,level_complete,1477,7,72021,0,525372,594313,62,957011
2025-04-18 20:10:47,210,game_complete,-,8,72021,0,525372,594313,62,957011
2025-04-18 20:10:47,211,level_complete,1478,1,72022,0,525402,594355,33,957044
2025-04-18 20:10:47,211,level_complete,1479,2,72023,0,525432,594393,50,957094
2025-04-18 20:10:48,211,level_complete,1480,3,72024,0,525462,594424,67,957161
2025-04-18 20:10:48,211,level_complete,1481,4,72026,0,525498,594491,31,957210
2025-04-18 20:10:49,211,level_complete,1482,5,72042,0,525774,594656,83,957964
2025-04-18 20:10:49,211,level_complete,1483,6,72043,0,525804,594673,75,958039
2025-04-18 20:10:51,211,level_complete,1484,7,72065,0,526097,594872,124,959124
2025-04-18 20:10:51,211,game_complete,-,8,72065,0,526097,594872,124,959124
2025-04-18 20:10:55,212,level_complete,1485,1,72128,0,526686,595489,33,959855
2025-04-18 20:10:56,212,level_complete,1486,2,72132,0,526734,595551,79,959955
2025-04-18 20:10:56,212,level_complete,1487,3,72134,0,526793,595589,92,960129
2025-04-18 20:10:56,212,level_complete,1488,4,72135,0,526818,595610,36,960165
2025-04-18 20:10:57,212,training_run_ep 91500,-,5,72145,0,526961,595708,0,960505
2025-04-18 20:10:58,212,level_complete,1489,5,72156,0,527154,595842,78,961015
2025-04-18 20:10:58,212,level_complete,1490,6,72159,0,527186,595863,84,961101
2025-04-18 20:11:01,212,level_complete,1491,7,72216,0,527793,596270,153,963204
2025-04-18 20:11:01,212,game_complete,-,8,72216,0,527793,596270,153,963204
2025-04-18 20:11:03,213,level_complete,1492,1,72231,0,527956,596482,35,963415
2025-04-18 20:11:03,213,level_complete,1493,2,72235,0,528008,596535,49,963501
2025-04-18 20:11:03,213,level_complete,1494,3,72239,0,528072,596567,283,963930
2025-04-18 20:11:04,213,level_complete,1495,4,72250,0,528230,596722,33,964180
2025-04-18 20:11:05,213,level_complete,1496,5,72253,0,528300,596775,48,964310
2025-04-18 20:11:05,213,level_complete,1497,6,72254,0,528330,596791,107,964417
2025-04-18 20:11:05,213,level_complete,1498,7,72260,0,528406,596852,90,964574
2025-04-18 20:11:05,213,game_complete,-,8,72260,0,528406,596852,90,964574
2025-04-18 20:11:08,214,level_complete,1499,1,72283,0,528699,597187,36,964935
2025-04-18 20:11:08,214,level_complete,1500,2,72290,0,528792,597277,49,965072
2025-04-18 20:11:09,214,level_complete,1501,3,72302,0,528996,597403,107,965812
2025-04-18 20:11:10,214,level_complete,1502,4,72304,0,529030,597435,33,965857
2025-04-18 20:11:10,214,level_complete,1503,5,72306,0,529077,597465,49,965950
2025-04-18 20:11:11,214,level_complete,1504,6,72317,0,529259,597599,47,966391
2025-04-18 20:11:13,214,level_complete,1505,7,72376,0,529769,597982,81,967711
2025-04-18 20:11:13,214,game_complete,-,8,72376,0,529769,597982,81,967711
2025-04-18 20:11:16,215,level_complete,1506,1,72424,0,530201,598429,35,968228
2025-04-18 20:11:19,215,level_complete,1507,2,72456,0,530552,598792,47,968806
2025-04-18 20:11:20,215,level_complete,1508,3,72461,0,530665,598856,81,969187
2025-04-18 20:11:20,215,level_complete,1509,4,72464,0,530717,598906,33,969250
2025-04-18 20:11:20,215,level_complete,1510,5,72470,0,530812,598963,93,969493
2025-04-18 20:11:21,215,level_complete,1511,6,72485,0,531017,599090,145,970010
2025-04-18 20:11:22,215,level_complete,1512,7,72497,0,531151,599200,220,970515
2025-04-18 20:11:22,215,game_complete,-,8,72497,0,531151,599200,220,970515
2025-04-18 20:11:29,216,level_complete,1513,1,72602,0,532077,600104,35,971659
2025-04-18 20:11:31,216,level_complete,1514,2,72633,0,532365,600335,42,972091
2025-04-18 20:11:32,216,training_run_ep 92000,-,3,72645,0,532508,600409,0,972454
2025-04-18 20:11:32,216,level_complete,1515,3,72655,0,532669,600484,103,973059
2025-04-18 20:11:33,216,level_complete,1516,4,72664,0,532766,600566,32,973189
2025-04-18 20:11:33,216,level_complete,1517,5,72670,0,532898,600643,151,973608
2025-04-18 20:11:33,216,level_complete,1518,6,72675,0,532961,600676,154,973870
2025-04-18 20:11:34,216,level_complete,1519,7,72691,0,533188,600841,146,974429
2025-04-18 20:11:34,216,game_complete,-,8,72691,0,533188,600841,146,974429
2025-04-18 20:11:35,217,level_complete,1520,1,72693,0,533247,600930,34,974495
2025-04-18 20:11:35,217,level_complete,1521,2,72697,0,533284,600984,46,974548
2025-04-18 20:11:36,217,level_complete,1522,3,72698,0,533314,601005,113,974661
2025-04-18 20:11:36,217,level_complete,1523,4,72699,0,533339,601035,77,974738
2025-04-18 20:11:36,217,level_complete,1524,5,72702,0,533423,601105,97,974968
2025-04-18 20:11:37,217,level_complete,1525,6,72706,0,533492,601170,44,975071
2025-04-18 20:11:37,217,level_complete,1526,7,72707,0,533522,601198,51,975122
2025-04-18 20:11:37,217,game_complete,-,8,72707,0,533522,601198,51,975122
2025-04-18 20:11:40,218,level_complete,1527,1,72733,0,533911,601621,37,975582
2025-04-18 20:11:41,218,level_complete,1528,2,72737,0,533986,601710,43,975699
2025-04-18 20:11:42,218,level_complete,1529,3,72748,0,534158,601856,86,976131
2025-04-18 20:11:43,218,level_complete,1530,4,72764,0,534321,601996,27,976412
2025-04-18 20:11:43,218,level_complete,1531,5,72769,0,534406,602042,77,976681
2025-04-18 20:11:47,218,level_complete,1532,6,72828,0,535179,602591,69,978590
2025-04-18 20:11:47,218,level_complete,1533,7,72829,0,535209,602614,121,978711
2025-04-18 20:11:47,218,game_complete,-,8,72829,0,535209,602614,121,978711
2025-04-18 20:11:48,219,level_complete,1534,1,72832,0,535269,602678,40,978789
2025-04-18 20:11:48,219,level_complete,1535,2,72842,0,535371,602771,48,978935
2025-04-18 20:11:49,219,level_complete,1536,3,72859,0,535569,602879,59,979609
2025-04-18 20:11:54,219,level_complete,1537,4,72940,0,536297,603603,35,980598
2025-04-18 20:11:54,219,level_complete,1538,5,72945,0,536402,603658,151,980920
2025-04-18 20:11:55,219,level_complete,1539,6,72952,0,536494,603723,92,981130
2025-04-18 20:11:56,219,level_complete,1540,7,72982,0,536787,603958,112,981814
2025-04-18 20:11:56,219,game_complete,-,8,72982,0,536787,603958,112,981814
2025-04-18 20:12:08,220,training_run_ep 92500,-,1,73145,0,538083,605349,0,983287
2025-04-18 20:12:35,220,training_run_ep 93000,-,1,73645,0,541400,608686,0,987165
2025-04-18 20:14:06,220,level_complete,1541,1,74011,0,544077,619717,38,990299
2025-04-18 20:14:09,220,level_complete,1542,2,74071,0,544685,620188,71,991403
2025-04-18 20:14:10,220,level_complete,1543,3,74079,0,544804,620247,193,991878
2025-04-18 20:14:10,220,level_complete,1544,4,74085,0,544873,620333,37,991964
2025-04-18 20:14:11,220,level_complete,1545,5,74089,0,544954,620393,72,992134
2025-04-18 20:14:11,220,level_complete,1546,6,74095,0,545043,620452,127,992361
2025-04-18 20:14:12,220,level_complete,1547,7,74111,0,545277,620649,98,993013
2025-04-18 20:14:12,220,game_complete,-,8,74111,0,545277,620649,98,993013
2025-04-18 20:14:16,221,training_run_ep 93500,-,1,74145,0,545672,621083,0,993473
2025-04-18 20:14:23,221,level_complete,1548,1,74286,0,546573,621972,30,994536
2025-04-18 20:14:30,221,level_complete,1549,2,74450,0,547582,622883,59,996247
2025-04-18 20:14:31,221,level_complete,1550,3,74468,0,547797,623000,205,996964
2025-04-18 20:15:18,221,level_complete,1551,4,74516,0,548063,628884,76,997373
2025-04-18 20:15:20,221,level_complete,1552,5,74571,0,548626,629163,170,999171
2025-04-18 20:15:56,221,level_complete,1553,6,74590,0,548800,633558,59,999518
2025-04-18 20:15:57,221,level_complete,1554,7,74620,0,549072,633731,151,1000208
2025-04-18 20:15:57,221,game_complete,-,8,74620,0,549072,633731,151,1000208
2025-04-18 20:15:59,222,training_run_ep 94000,-,1,74645,0,549189,633834,0,1000353
2025-04-18 20:15:59,222,level_complete,1555,1,74658,0,549266,633904,38,1000443
2025-04-18 20:16:06,222,level_complete,1556,2,74795,0,550249,634760,40,1002001
2025-04-18 20:16:06,222,level_complete,1557,3,74801,0,550350,634793,110,1002417
2025-04-18 20:16:13,222,level_complete,1558,4,74970,0,551396,635754,62,1003951
2025-04-18 20:16:17,222,level_complete,1559,5,75067,0,552289,636257,51,1006640
2025-04-18 20:16:17,222,level_complete,1560,6,75068,0,552319,636275,67,1006707
2025-04-18 20:16:47,222,training_run_ep 94500,-,7,75145,0,552891,639802,0,1008358
2025-04-18 20:16:50,222,level_complete,1561,7,75218,0,553592,640327,67,1010438
2025-04-18 20:16:50,222,game_complete,-,8,75218,0,553592,640327,67,1010438
2025-04-18 20:16:53,223,level_complete,1562,1,75248,0,553863,640659,40,1010757
2025-04-18 20:16:53,223,level_complete,1563,2,75251,0,553928,640765,48,1010847
2025-04-18 20:16:54,223,level_complete,1564,3,75258,0,554006,640810,41,1011335
2025-04-18 20:16:54,223,level_complete,1565,4,75265,0,554063,640864,41,1011411
2025-04-18 20:16:55,223,level_complete,1566,5,75271,0,554165,640916,82,1011813
2025-04-18 20:16:55,223,level_complete,1567,6,75277,0,554246,640958,133,1012118
2025-04-18 20:16:55,223,level_complete,1568,7,75288,0,554368,641022,112,1012582
2025-04-18 20:16:55,223,game_complete,-,8,75288,0,554368,641022,112,1012582
2025-04-18 20:17:12,224,level_complete,1569,1,75564,0,556459,643073,35,1015065
2025-04-18 20:17:13,224,level_complete,1570,2,75588,0,556712,643296,44,1015497
2025-04-18 20:17:14,224,level_complete,1571,3,75595,0,556816,643349,98,1015835
2025-04-18 20:17:14,224,level_complete,1572,4,75612,0,556939,643453,38,1015993
2025-04-18 20:17:14,224,level_complete,1573,5,75615,0,556974,643479,104,1016102
2025-04-18 20:17:15,224,level_complete,1574,6,75625,0,557163,643617,64,1016534
2025-04-18 20:17:16,224,level_complete,1575,7,75627,0,557205,643646,89,1016640
2025-04-18 20:17:16,224,game_complete,-,8,75627,0,557205,643646,89,1016640
2025-04-18 20:17:17,225,training_run_ep 95000,-,1,75645,0,557287,643743,0,1016740
2025-04-18 20:17:38,225,training_run_ep 95500,-,1,76145,0,559896,646298,0,1019780
2025-04-18 20:17:54,225,level_complete,1576,1,76441,0,561717,648195,37,1021916
2025-04-18 20:17:57,225,level_complete,1577,2,76516,0,562335,648676,37,1022991
2025-04-18 20:18:03,225,training_run_ep 96000,-,3,76645,0,563505,649411,0,1026186
2025-04-18 20:18:03,225,level_complete,1578,3,76665,0,563631,649490,173,1026662
2025-04-18 20:18:04,225,level_complete,1579,4,76673,0,563680,649536,44,1026738
2025-04-18 20:18:04,225,level_complete,1580,5,76675,0,563736,649565,105,1026912
2025-04-18 20:18:04,225,level_complete,1581,6,76678,0,563791,649606,53,1027016
2025-04-18 20:18:05,225,level_complete,1582,7,76688,0,563898,649707,99,1027233
2025-04-18 20:18:05,225,game_complete,-,8,76688,0,563898,649707,99,1027233
2025-04-18 20:18:06,226,level_complete,1583,1,76699,0,563998,649809,36,1027349
2025-04-18 20:18:23,226,level_complete,1584,2,76941,0,565581,652022,102,1029802
2025-04-18 20:18:23,226,level_complete,1585,3,76945,0,565640,652053,220,1030078
2025-04-18 20:18:25,226,level_complete,1586,4,76969,0,565840,652223,69,1030479
2025-04-18 20:18:27,226,level_complete,1587,5,77013,0,566387,652536,95,1032137
2025-04-18 20:18:49,226,level_complete,1588,6,77131,0,567503,655414,142,1034768
2025-04-18 20:18:50,226,level_complete,1589,7,77137,0,567620,655488,247,1035262
2025-04-18 20:18:50,226,game_complete,-,8,77137,0,567620,655488,247,1035262
2025-04-18 20:18:50,227,level_complete,1590,1,77143,0,567655,655530,31,1035298
2025-04-18 20:18:51,227,training_run_ep 96500,-,2,77145,0,567668,655538,0,1035322
2025-04-18 20:18:51,227,level_complete,1591,2,77148,0,567716,655582,60,1035421
2025-04-18 20:18:51,227,level_complete,1592,3,77149,0,567746,655598,96,1035517
2025-04-18 20:18:52,227,level_complete,1593,4,77155,0,567807,655651,40,1035602
2025-04-18 20:18:56,227,level_complete,1594,5,77244,0,568814,656210,107,1038651
2025-04-18 20:18:56,227,level_complete,1595,6,77250,0,568858,656237,76,1038743
2025-04-18 20:18:57,227,level_complete,1596,7,77272,0,569121,656388,154,1039790
2025-04-18 20:18:57,227,game_complete,-,8,77272,0,569121,656388,154,1039790
2025-04-18 20:19:01,228,level_complete,1597,1,77348,0,569673,656912,37,1040434
2025-04-18 20:19:04,228,level_complete,1598,2,77396,0,570116,657261,48,1041128
2025-04-18 20:19:04,228,level_complete,1599,3,77410,0,570287,657345,76,1042034
2025-04-18 20:19:05,228,level_complete,1600,4,77425,0,570470,657507,44,1042318
2025-04-18 20:19:06,228,level_complete,1601,5,77427,0,570517,657544,68,1042422
2025-04-18 20:19:06,228,level_complete,1602,6,77430,0,570567,657593,62,1042511
2025-04-18 20:19:08,228,level_complete,1603,7,77467,0,570983,657930,74,1043547
2025-04-18 20:19:08,228,game_complete,-,8,77467,0,570983,657930,74,1043547
2025-04-18 20:19:15,229,level_complete,1604,1,77524,0,571778,658839,31,1044469
2025-04-18 20:19:15,229,level_complete,1605,2,77525,0,571808,658882,42,1044511
2025-04-18 20:19:16,229,level_complete,1606,3,77535,0,571977,659015,108,1044950
2025-04-18 20:19:16,229,level_complete,1607,4,77538,0,572012,659049,37,1045000
2025-04-18 20:19:17,229,level_complete,1608,5,77543,0,572124,659153,61,1045289
2025-04-18 20:19:17,229,level_complete,1609,6,77544,0,572154,659182,50,1045339
2025-04-18 20:19:18,229,level_complete,1610,7,77546,0,572208,659233,137,1045572
2025-04-18 20:19:18,229,game_complete,-,8,77546,0,572208,659233,137,1045572
2025-04-18 20:19:19,230,level_complete,1611,1,77554,0,572363,659425,34,1045748
2025-04-18 20:19:21,230,level_complete,1612,2,77568,0,572607,659696,67,1046114
2025-04-18 20:19:21,230,level_complete,1613,3,77569,0,572637,659716,71,1046185
2025-04-18 20:19:22,230,level_complete,1614,4,77571,0,572665,659748,49,1046238
2025-04-18 20:19:22,230,level_complete,1615,5,77576,0,572772,659831,59,1046473
2025-04-18 20:19:23,230,level_complete,1616,6,77590,0,572982,660022,68,1046947
2025-04-18 20:19:25,230,level_complete,1617,7,77604,0,573196,660198,105,1047536
2025-04-18 20:19:25,230,game_complete,-,8,77604,0,573196,660198,105,1047536
2025-04-18 20:19:26,231,level_complete,1618,1,77614,0,573316,660337,33,1047676
2025-04-18 20:19:26,231,level_complete,1619,2,77615,0,573346,660366,60,1047736
2025-04-18 20:19:26,231,level_complete,1620,3,77623,0,573464,660438,108,1048069
2025-04-18 20:19:27,231,level_complete,1621,4,77624,0,573489,660483,32,1048101
2025-04-18 20:19:27,231,level_complete,1622,5,77630,0,573616,660549,161,1048505
2025-04-18 20:19:29,231,training_run_ep 97000,-,6,77645,0,573819,660682,0,1049097
2025-04-18 20:19:29,231,level_complete,1623,6,77660,0,573955,660788,61,1049420
2025-04-18 20:19:30,231,level_complete,1624,7,77670,0,574060,660846,85,1049719
2025-04-18 20:19:30,231,game_complete,-,8,77670,0,574060,660846,85,1049719
2025-04-18 20:19:33,232,level_complete,1625,1,77701,0,574473,661278,33,1050198
2025-04-18 20:19:36,232,level_complete,1626,2,77734,0,574826,661609,37,1050789
2025-04-18 20:19:36,232,level_complete,1627,3,77744,0,575008,661736,98,1051246
2025-04-18 20:19:37,232,level_complete,1628,4,77750,0,575071,661791,38,1051336
2025-04-18 20:19:39,232,level_complete,1629,5,77795,0,575529,662055,37,1052799
2025-04-18 20:19:39,232,level_complete,1630,6,77798,0,575564,662083,72,1052876
2025-04-18 20:19:40,232,level_complete,1631,7,77810,0,575714,662211,58,1053233
2025-04-18 20:19:40,232,game_complete,-,8,77810,0,575714,662211,58,1053233
2025-04-18 20:19:41,233,level_complete,1632,1,77819,0,575818,662337,34,1053346
2025-04-18 20:19:41,233,level_complete,1633,2,77823,0,575874,662424,44,1053420
2025-04-18 20:19:42,233,level_complete,1634,3,77829,0,575968,662474,80,1053728
2025-04-18 20:19:42,233,level_complete,1635,4,77834,0,576049,662541,29,1053845
2025-04-18 20:19:44,233,level_complete,1636,5,77856,0,576371,662749,64,1054803
2025-04-18 20:19:44,233,level_complete,1637,6,77864,0,576500,662861,80,1055069
2025-04-18 20:19:45,233,level_complete,1638,7,77879,0,576727,663032,191,1055669
2025-04-18 20:19:45,233,game_complete,-,8,77879,0,576727,663032,191,1055669
2025-04-18 20:19:53,234,level_complete,1639,1,77970,0,577725,663961,33,1056915
2025-04-18 20:19:53,234,level_complete,1640,2,77984,0,577841,664045,64,1057166
2025-04-18 20:19:53,234,level_complete,1641,3,77986,0,577871,664071,88,1057254
2025-04-18 20:19:55,234,level_complete,1642,4,78029,0,578178,664368,50,1057730
2025-04-18 20:19:56,234,level_complete,1643,5,78039,0,578306,664462,70,1058045
2025-04-18 20:19:57,234,level_complete,1644,6,78043,0,578371,664516,65,1058173
2025-04-18 20:19:57,234,level_complete,1645,7,78054,0,578529,664632,52,1058444
2025-04-18 20:19:57,234,game_complete,-,8,78054,0,578529,664632,52,1058444
2025-04-18 20:20:00,235,level_complete,1646,1,78081,0,578836,664951,33,1058796
2025-04-18 20:20:04,235,training_run_ep 97500,-,2,78145,0,579488,665458,0,1059963
2025-04-18 20:20:08,235,level_complete,1647,2,78227,0,580176,665987,42,1061173
2025-04-18 20:20:08,235,level_complete,1648,3,78228,0,580206,666011,85,1061258
2025-04-18 20:20:09,235,level_complete,1649,4,78234,0,580301,666100,34,1061378
2025-04-18 20:20:09,235,level_complete,1650,5,78235,0,580331,666126,101,1061479
2025-04-18 20:20:10,235,level_complete,1651,6,78249,0,580536,666228,119,1062176
2025-04-18 20:20:14,235,level_complete,1652,7,78347,0,581590,666907,99,1066045
2025-04-18 20:20:14,235,game_complete,-,8,78347,0,581590,666907,99,1066045
2025-04-18 20:20:25,236,level_complete,1653,1,78491,0,582898,668255,38,1067571
2025-04-18 20:20:27,236,level_complete,1654,2,78520,0,583232,668568,64,1068119
2025-04-18 20:20:27,236,level_complete,1655,3,78522,0,583269,668580,408,1068534
2025-04-18 20:20:28,236,level_complete,1656,4,78531,0,583369,668741,39,1068672
2025-04-18 20:20:28,236,level_complete,1657,5,78533,0,583410,668765,74,1068788
2025-04-18 20:20:29,236,level_complete,1658,6,78537,0,583493,668822,104,1069067
2025-04-18 20:20:30,236,level_complete,1659,7,78552,0,583655,668962,168,1069417
2025-04-18 20:20:30,236,game_complete,-,8,78552,0,583655,668962,168,1069417
2025-04-18 20:20:31,237,level_complete,1660,1,78569,0,583840,669170,33,1069628
2025-04-18 20:20:36,237,level_complete,1661,2,78634,0,584609,669857,44,1070876
2025-04-18 20:20:37,237,level_complete,1662,3,78644,0,584746,669929,66,1071243
2025-04-18 20:20:37,237,training_run_ep 98000,-,4,78645,0,584761,669946,0,1071258
2025-04-18 20:20:38,237,level_complete,1663,4,78646,0,584786,669975,32,1071290
2025-04-18 20:20:38,237,level_complete,1664,5,78657,0,584975,670087,48,1071739
2025-04-18 20:20:39,237,level_complete,1665,6,78661,0,585030,670125,54,1071848
2025-04-18 20:20:39,237,level_complete,1666,7,78671,0,585155,670198,64,1072261
2025-04-18 20:20:39,237,game_complete,-,8,78671,0,585155,670198,64,1072261
2025-04-18 20:20:41,238,level_complete,1667,1,78685,0,585372,670470,33,1072520
2025-04-18 20:20:42,238,level_complete,1668,2,78689,0,585434,670516,62,1072628
2025-04-18 20:20:42,238,level_complete,1669,3,78696,0,585548,670586,59,1072929
2025-04-18 20:20:42,238,level_complete,1670,4,78700,0,585617,670643,43,1073046
2025-04-18 20:20:43,238,level_complete,1671,5,78706,0,585744,670706,94,1073473
2025-04-18 20:20:43,238,level_complete,1672,6,78708,0,585775,670728,48,1073522
2025-04-18 20:20:44,238,level_complete,1673,7,78712,0,585845,670788,61,1073727
2025-04-18 20:20:44,238,game_complete,-,8,78712,0,585845,670788,61,1073727
2025-04-18 20:20:44,239,level_complete,1674,1,78715,0,585885,670835,35,1073778
2025-04-18 20:20:44,239,level_complete,1675,2,78716,0,585915,670866,61,1073839
2025-04-18 20:20:44,239,level_complete,1676,3,78721,0,585976,670916,46,1073981
2025-04-18 20:20:46,239,level_complete,1677,4,78740,0,586217,671124,73,1074413
2025-04-18 20:20:47,239,level_complete,1678,5,78754,0,586422,671220,112,1075009
2025-04-18 20:20:47,239,level_complete,1679,6,78755,0,586452,671247,129,1075138
2025-04-18 20:20:50,239,level_complete,1680,7,78840,0,587251,671828,84,1077298
2025-04-18 20:20:50,239,game_complete,-,8,78840,0,587251,671828,84,1077298
2025-04-18 20:20:58,240,level_complete,1681,1,79003,0,588289,672814,37,1078534
2025-04-18 20:20:59,240,level_complete,1682,2,79005,0,588322,672856,51,1078588
2025-04-18 20:20:59,240,level_complete,1683,3,79007,0,588368,672888,129,1078741
2025-04-18 20:21:00,240,level_complete,1684,4,79018,0,588495,673013,36,1078897
2025-04-18 20:21:00,240,level_complete,1685,5,79027,0,588600,673080,48,1079203
2025-04-18 20:21:01,240,level_complete,1686,6,79037,0,588743,673184,135,1079541
2025-04-18 20:21:02,240,level_complete,1687,7,79060,0,589025,673364,111,1080686
2025-04-18 20:21:02,240,game_complete,-,8,79060,0,589025,673364,111,1080686
2025-04-18 20:21:08,241,training_run_ep 98500,-,1,79145,0,589654,674001,0,1081408
2025-04-18 20:21:17,241,level_complete,1688,1,79295,0,590793,675112,35,1082776
2025-04-18 20:21:18,241,level_complete,1689,2,79313,0,590987,675287,47,1083068
2025-04-18 20:21:20,241,level_complete,1690,3,79377,0,591609,675638,109,1084993
2025-04-18 20:21:28,241,level_complete,1691,4,79514,0,592637,676592,31,1086478
2025-04-18 20:21:28,241,level_complete,1692,5,79529,0,592763,676671,86,1086822
2025-04-18 20:21:30,241,level_complete,1693,6,79561,0,593146,676976,168,1087788
2025-04-18 20:21:34,241,level_complete,1694,7,79635,0,593962,677578,80,1090213
2025-04-18 20:21:34,241,game_complete,-,8,79635,0,593962,677578,80,1090213
2025-04-18 20:21:35,242,training_run_ep 99000,-,1,79645,0,593995,677611,0,1090246
2025-04-18 20:21:38,242,level_complete,1695,1,79694,0,594447,678034,37,1090777
2025-04-18 20:21:42,242,level_complete,1696,2,79765,0,594969,678451,34,1091693
2025-04-18 20:21:42,242,level_complete,1697,3,79770,0,595036,678496,152,1091919
2025-04-18 20:21:57,242,level_complete,1698,4,80016,0,596322,680440,50,1093843
2025-04-18 20:22:02,242,training_run_ep 99500,-,5,80145,0,597513,681138,0,1097120
2025-04-18 20:22:03,242,level_complete,1699,5,80162,0,597773,681271,53,1097803
2025-04-18 20:22:04,242,level_complete,1700,6,80170,0,597943,681406,56,1098158
2025-04-18 20:22:04,242,level_complete,1701,7,80171,0,597973,681440,81,1098239
2025-04-18 20:22:04,242,game_complete,-,8,80171,0,597973,681440,81,1098239
2025-04-18 20:22:12,243,level_complete,1702,1,80223,0,598477,682420,40,1098825
2025-04-18 20:22:19,243,level_complete,1703,2,80337,0,599591,683396,41,1100625
2025-04-18 20:22:19,243,level_complete,1704,3,80338,0,599621,683429,56,1100681
2025-04-18 20:22:21,243,level_complete,1705,4,80372,0,599901,683718,35,1101095
2025-04-18 20:22:22,243,level_complete,1706,5,80385,0,600051,683818,50,1101528
2025-04-18 20:22:22,243,level_complete,1707,6,80387,0,600106,683871,42,1101627
2025-04-18 20:22:24,243,level_complete,1708,7,80416,0,600412,684090,77,1102471
2025-04-18 20:22:24,243,game_complete,-,8,80416,0,600412,684090,77,1102471
2025-04-18 20:22:34,244,level_complete,1709,1,80576,0,601420,685393,41,1103674
2025-04-18 20:22:40,244,training_run_ep 100000,-,2,80645,0,602081,686071,0,1104790
2025-04-18 20:22:41,244,level_complete,1710,2,80659,0,602239,686184,96,1105129
2025-04-18 20:23:26,244,level_complete,1711,3,80715,0,602911,691661,85,1107134
2025-04-18 20:23:27,244,level_complete,1712,4,80720,0,602988,691732,34,1107235
2025-04-18 20:23:28,244,level_complete,1713,5,80742,0,603265,691875,123,1108088
2025-04-18 20:23:29,244,level_complete,1714,6,80778,0,603594,692106,81,1108878
2025-04-18 20:23:30,244,level_complete,1715,7,80796,0,603723,692212,84,1109163
2025-04-18 20:23:30,244,game_complete,-,8,80796,0,603723,692212,84,1109163
2025-04-18 20:23:48,245,level_complete,1716,1,81140,0,605710,694427,34,1111471
2025-04-18 20:23:49,245,training_run_ep 100500,-,2,81145,0,605738,694455,0,1111500
2025-04-18 20:23:50,245,level_complete,1717,2,81172,0,606027,694665,115,1112093
2025-04-18 20:23:51,245,level_complete,1718,3,81199,0,606301,694809,57,1112980
2025-04-18 20:23:57,245,level_complete,1719,4,81310,0,607095,695646,57,1114150
2025-04-18 20:23:58,245,level_complete,1720,5,81317,0,607150,695684,66,1114258
2025-04-18 20:24:04,245,level_complete,1721,6,81517,0,608453,696625,226,1117243
2025-04-18 20:24:04,245,level_complete,1722,7,81526,0,608537,696664,109,1117698
2025-04-18 20:24:04,245,game_complete,-,8,81526,0,608537,696664,109,1117698
2025-04-18 20:24:11,246,training_run_ep 101000,-,1,81645,0,609042,697486,0,1118307
2025-04-18 20:24:22,246,level_complete,1723,1,81835,0,610463,698873,52,1120010
2025-04-18 20:25:05,246,level_complete,1724,2,81912,0,611024,704144,47,1120889
2025-04-18 20:25:06,246,level_complete,1725,3,81938,0,611292,704275,112,1121831
2025-04-18 20:25:09,246,level_complete,1726,4,82010,0,611700,704618,59,1122444
2025-04-18 20:25:11,246,level_complete,1727,5,82052,0,612197,704905,71,1123712
2025-04-18 20:25:14,246,level_complete,1728,6,82113,0,612783,705331,53,1125216
2025-04-18 20:25:16,246,training_run_ep 101500,-,7,82145,0,613068,705536,0,1126205
2025-04-18 20:25:26,246,level_complete,1729,7,82456,0,615328,707111,203,1132627
2025-04-18 20:25:26,246,game_complete,-,8,82456,0,615328,707111,203,1132627
2025-04-18 20:25:30,247,level_complete,1730,1,82530,0,615917,707650,41,1133332
2025-04-18 20:25:34,247,level_complete,1731,2,82597,0,616551,708193,77,1134303
2025-04-18 20:25:34,247,level_complete,1732,3,82600,0,616613,708236,68,1134434
2025-04-18 20:25:35,247,level_complete,1733,4,82611,0,616717,708347,46,1134580
2025-04-18 20:25:36,247,level_complete,1734,5,82617,0,616818,708419,167,1134860
2025-04-18 20:25:36,247,level_complete,1735,6,82619,0,616871,708462,44,1134958
2025-04-18 20:25:36,247,level_complete,1736,7,82629,0,617029,708557,159,1135689
2025-04-18 20:25:36,247,game_complete,-,8,82629,0,617029,708557,159,1135689
2025-04-18 20:25:38,248,training_run_ep 102000,-,1,82645,0,617128,708655,0,1135813
2025-04-18 20:26:02,248,training_run_ep 102500,-,1,83145,0,620082,711519,0,1139238
2025-04-18 20:26:25,248,training_run_ep 103000,-,1,83645,0,623102,714420,0,1142765
2025-04-18 20:26:37,248,level_complete,1737,1,83850,0,624673,715928,34,1144589
2025-04-18 20:26:38,248,level_complete,1738,2,83870,0,624793,716052,59,1144788
2025-04-18 20:26:38,248,level_complete,1739,3,83872,0,624840,716073,89,1144930
2025-04-18 20:26:39,248,level_complete,1740,4,83874,0,624866,716104,39,1144970
2025-04-18 20:26:40,248,level_complete,1741,5,83901,0,625265,716343,57,1146042
2025-04-18 20:26:42,248,level_complete,1742,6,83942,0,625731,716605,91,1147475
2025-04-18 20:26:44,248,level_complete,1743,7,83986,0,626136,716947,92,1148488
2025-04-18 20:26:44,248,game_complete,-,8,83986,0,626136,716947,92,1148488
2025-04-18 20:26:53,249,training_run_ep 103500,-,1,84145,0,627162,717909,0,1149720
2025-04-18 20:27:07,249,level_complete,1744,1,84488,0,628993,719705,46,1151826
2025-04-18 20:27:13,249,training_run_ep 104000,-,2,84645,0,629845,720412,0,1153152
2025-04-18 20:27:19,249,level_complete,1745,2,84769,0,630707,721230,37,1154423
2025-04-18 20:27:24,249,level_complete,1746,3,84891,0,631816,721850,224,1157945
2025-04-18 20:27:26,249,level_complete,1747,4,84934,0,632224,722193,31,1158540
2025-04-18 20:27:28,249,level_complete,1748,5,84976,0,632714,722484,50,1159991
2025-04-18 20:27:31,249,level_complete,1749,6,85044,0,633213,722854,128,1161093
2025-04-18 20:27:31,249,level_complete,1750,7,85053,0,633310,722926,121,1161359
2025-04-18 20:27:31,249,game_complete,-,8,85053,0,633310,722926,121,1161359
2025-04-18 20:27:34,250,level_complete,1751,1,85089,0,633623,723274,36,1161723
2025-04-18 20:27:34,250,level_complete,1752,2,85090,0,633653,723315,54,1161777
2025-04-18 20:27:39,250,level_complete,1753,3,85116,0,634019,723959,82,1162914
2025-04-18 20:27:41,250,training_run_ep 104500,-,4,85145,0,634178,724091,0,1163141
2025-04-18 20:27:41,250,level_complete,1754,4,85149,0,634238,724139,145,1163327
2025-04-18 20:27:42,250,level_complete,1755,5,85159,0,634345,724226,37,1163530
2025-04-18 20:27:42,250,level_complete,1756,6,85170,0,634464,724290,127,1163954
2025-04-18 20:27:42,250,level_complete,1757,7,85175,0,634539,724330,97,1164198
2025-04-18 20:27:42,250,game_complete,-,8,85175,0,634539,724330,97,1164198
2025-04-18 20:27:47,251,level_complete,1758,1,85262,0,635110,724881,38,1164868
2025-04-18 20:27:51,251,level_complete,1759,2,85340,0,635881,725525,55,1166168
2025-04-18 20:27:52,251,level_complete,1760,3,85345,0,635948,725558,114,1166360
2025-04-18 20:27:52,251,level_complete,1761,4,85352,0,636023,725629,30,1166485
2025-04-18 20:27:53,251,level_complete,1762,5,85359,0,636126,725693,50,1166723
2025-04-18 20:27:53,251,level_complete,1763,6,85368,0,636255,725817,85,1166956
2025-04-18 20:27:54,251,level_complete,1764,7,85369,0,636285,725837,113,1167069
2025-04-18 20:27:54,251,game_complete,-,8,85369,0,636285,725837,113,1167069
2025-04-18 20:27:59,252,level_complete,1765,1,85440,0,636924,726492,38,1167792
2025-04-18 20:28:03,252,level_complete,1766,2,85492,0,637628,727087,79,1168943
2025-04-18 20:28:03,252,level_complete,1767,3,85495,0,637682,727122,55,1169074
2025-04-18 20:28:05,252,level_complete,1768,4,85526,0,637965,727407,41,1169445
2025-04-18 20:28:06,252,level_complete,1769,5,85531,0,638074,727495,69,1169808
2025-04-18 20:28:07,252,level_complete,1770,6,85542,0,638225,727648,44,1170048
2025-04-18 20:28:07,252,level_complete,1771,7,85544,0,638282,727697,42,1170153
2025-04-18 20:28:07,252,game_complete,-,8,85544,0,638282,727697,42,1170153
2025-04-18 20:28:11,253,level_complete,1772,1,85574,0,638694,728210,35,1170622
2025-04-18 20:28:12,253,level_complete,1773,2,85582,0,638785,728295,58,1170789
2025-04-18 20:28:12,253,level_complete,1774,3,85583,0,638815,728320,64,1170853
2025-04-18 20:28:14,253,level_complete,1775,4,85603,0,639176,728647,52,1171471
2025-04-18 20:28:15,253,level_complete,1776,5,85608,0,639290,728746,65,1171686
2025-04-18 20:28:16,253,level_complete,1777,6,85627,0,639576,728950,84,1172433
2025-04-18 20:28:16,253,level_complete,1778,7,85630,0,639620,728993,158,1172608
2025-04-18 20:28:16,253,game_complete,-,8,85630,0,639620,728993,158,1172608
2025-04-18 20:28:18,254,training_run_ep 105000,-,1,85645,0,639776,729154,0,1172790
2025-04-18 20:28:22,254,level_complete,1779,1,85701,0,640230,729595,32,1173329
2025-04-18 20:28:25,254,level_complete,1780,2,85747,0,640729,730033,82,1174147
2025-04-18 20:28:25,254,level_complete,1781,3,85749,0,640761,730049,142,1174291
2025-04-18 20:28:25,254,level_complete,1782,4,85751,0,640789,730104,27,1174321
2025-04-18 20:28:26,254,level_complete,1783,5,85755,0,640874,730178,98,1174510
2025-04-18 20:28:27,254,level_complete,1784,6,85763,0,640997,730286,114,1174975
2025-04-18 20:28:28,254,level_complete,1785,7,85794,0,641366,730569,140,1175869
2025-04-18 20:28:28,254,game_complete,-,8,85794,0,641366,730569,140,1175869
2025-04-18 20:28:30,255,level_complete,1786,1,85803,0,641493,730744,30,1176010
2025-04-18 20:28:31,255,level_complete,1787,2,85813,0,641635,730865,47,1176231
2025-04-18 20:28:32,255,level_complete,1788,3,85826,0,641851,731004,68,1176872
2025-04-18 20:28:32,255,level_complete,1789,4,85828,0,641899,731063,37,1176939
2025-04-18 20:28:32,255,level_complete,1790,5,85829,0,641929,731086,61,1177000
2025-04-18 20:28:32,255,level_complete,1791,6,85830,0,641959,731119,41,1177041
2025-04-18 20:28:33,255,level_complete,1792,7,85835,0,642064,731211,88,1177357
2025-04-18 20:28:33,255,game_complete,-,8,85835,0,642064,731211,88,1177357
2025-04-18 20:28:35,256,level_complete,1793,1,85865,0,642378,731524,35,1177723
2025-04-18 20:28:37,256,level_complete,1794,2,85872,0,642527,731681,52,1177955
2025-04-18 20:28:37,256,level_complete,1795,3,85881,0,642662,731737,115,1178407
2025-04-18 20:28:38,256,level_complete,1796,4,85897,0,642806,731885,33,1178605
2025-04-18 20:28:38,256,level_complete,1797,5,85898,0,642836,731904,90,1178695
2025-04-18 20:28:39,256,level_complete,1798,6,85915,0,642971,732003,175,1179130
2025-04-18 20:28:41,256,level_complete,1799,7,85947,0,643307,732307,76,1180009
2025-04-18 20:28:41,256,game_complete,-,8,85947,0,643307,732307,76,1180009
2025-04-18 20:28:41,257,level_complete,1800,1,85951,0,643340,732355,31,1180043
2025-04-18 20:28:42,257,level_complete,1801,2,85967,0,643509,732506,38,1180364
2025-04-18 20:28:43,257,level_complete,1802,3,85990,0,643718,732658,114,1181060
2025-04-18 20:28:44,257,level_complete,1803,4,86003,0,643871,732794,45,1181272
2025-04-18 20:28:46,257,level_complete,1804,5,86045,0,644253,733005,147,1182434
2025-04-18 20:28:47,257,level_complete,1805,6,86065,0,644431,733135,42,1182957
2025-04-18 20:28:49,257,level_complete,1806,7,86118,0,644910,733479,112,1184218
2025-04-18 20:28:49,257,game_complete,-,8,86118,0,644910,733479,112,1184218
2025-04-18 20:28:50,258,level_complete,1807,1,86138,0,645034,733619,39,1184362
2025-04-18 20:28:51,258,training_run_ep 105500,-,2,86145,0,645090,733667,0,1184447
2025-04-18 20:29:03,258,level_complete,1808,2,86489,0,647113,735292,46,1187836
2025-04-18 20:29:05,258,level_complete,1809,3,86521,0,647502,735497,114,1188915
2025-04-18 20:29:05,258,level_complete,1810,4,86544,0,647588,735559,51,1189104
2025-04-18 20:29:09,258,level_complete,1811,5,86608,0,648430,736073,81,1191522
2025-04-18 20:29:10,258,level_complete,1812,6,86640,0,648742,736283,123,1192309
2025-04-18 20:29:11,258,training_run_ep 106000,-,7,86645,0,648790,736309,0,1192477
2025-04-18 20:29:14,258,level_complete,1813,7,86678,0,649233,736718,220,1193957
2025-04-18 20:29:14,258,game_complete,-,8,86678,0,649233,736718,220,1193957
2025-04-18 20:29:43,259,training_run_ep 106500,-,1,87145,0,652693,740288,0,1197976
2025-04-18 20:29:50,259,level_complete,1814,1,87233,0,653640,741264,34,1199098
2025-04-18 20:29:52,259,level_complete,1815,2,87260,0,653933,741491,56,1199610
2025-04-18 20:29:52,259,level_complete,1816,3,87264,0,653973,741509,112,1199738
2025-04-18 20:29:54,259,level_complete,1817,4,87309,0,654306,741800,48,1200242
2025-04-18 20:29:55,259,level_complete,1818,5,87332,0,654635,741988,63,1201199
2025-04-18 20:29:56,259,level_complete,1819,6,87333,0,654665,742010,91,1201290
2025-04-18 20:29:56,259,level_complete,1820,7,87334,0,654695,742037,112,1201402
2025-04-18 20:29:56,259,game_complete,-,8,87334,0,654695,742037,112,1201402
2025-04-18 20:30:04,260,level_complete,1821,1,87440,0,655679,743041,36,1202547
2025-04-18 20:30:05,260,level_complete,1822,2,87457,0,655890,743286,53,1202876
2025-04-18 20:30:06,260,level_complete,1823,3,87462,0,655994,743352,138,1203198
2025-04-18 20:30:06,260,level_complete,1824,4,87463,0,656019,743387,28,1203226
2025-04-18 20:30:06,260,level_complete,1825,5,87469,0,656095,743436,66,1203388
2025-04-18 20:30:07,260,level_complete,1826,6,87488,0,656310,743583,37,1203978
2025-04-18 20:30:08,260,level_complete,1827,7,87502,0,656532,743744,132,1204578
2025-04-18 20:30:08,260,game_complete,-,8,87502,0,656532,743744,132,1204578
2025-04-18 20:30:19,261,training_run_ep 107000,-,1,87645,0,657768,745005,0,1206016
2025-04-18 20:30:27,261,level_complete,1828,1,87778,0,658791,746043,40,1207217
2025-04-18 20:30:30,261,level_complete,1829,2,87828,0,659402,746532,45,1208233
2025-04-18 20:30:31,261,level_complete,1830,3,87832,0,659459,746572,83,1208413
2025-04-18 20:30:31,261,level_complete,1831,4,87835,0,659511,746626,30,1208476
2025-04-18 20:30:34,261,level_complete,1832,5,87909,0,660308,747083,77,1210790
2025-04-18 20:30:34,261,level_complete,1833,6,87915,0,660349,747106,120,1210921
2025-04-18 20:30:36,261,level_complete,1834,7,87957,0,660626,747320,127,1211709
2025-04-18 20:30:36,261,game_complete,-,8,87957,0,660626,747320,127,1211709
2025-04-18 20:30:44,262,level_complete,1835,1,88106,0,661695,748381,43,1212946
2025-04-18 20:30:45,262,level_complete,1836,2,88114,0,661807,748462,84,1213152
2025-04-18 20:30:45,262,level_complete,1837,3,88123,0,661950,748525,125,1213765
2025-04-18 20:30:47,262,training_run_ep 107500,-,4,88145,0,662166,748701,0,1214139
2025-04-18 20:30:52,262,level_complete,1838,4,88260,0,662912,749348,48,1215182
2025-04-18 20:30:52,262,level_complete,1839,5,88280,0,663095,749430,90,1215801
2025-04-18 20:30:56,262,level_complete,1840,6,88384,0,663838,749914,58,1217726
2025-04-18 20:31:07,262,training_run_ep 108000,-,7,88645,0,665653,751419,0,1222697
2025-04-18 20:31:18,262,level_complete,1841,7,89023,0,667959,753101,159,1229294
2025-04-18 20:31:18,262,game_complete,-,8,89023,0,667959,753101,159,1229294
2025-04-18 20:31:23,263,training_run_ep 108500,-,1,89145,0,668522,753654,0,1229946
2025-04-18 20:31:44,263,training_run_ep 109000,-,1,89645,0,671031,756160,0,1232868
2025-04-18 20:31:49,263,level_complete,1842,1,89753,0,671632,756748,42,1233550
2025-04-18 20:32:00,263,level_complete,1843,2,89994,0,673300,758188,45,1236514
2025-04-18 20:32:01,263,level_complete,1844,3,90016,0,673606,758350,170,1237477
2025-04-18 20:32:02,263,level_complete,1845,4,90030,0,673758,758509,55,1237718
2025-04-18 20:32:02,263,level_complete,1846,5,90037,0,673843,758554,53,1238002
2025-04-18 20:32:03,263,level_complete,1847,6,90050,0,674011,758656,153,1238675
2025-04-18 20:32:04,263,level_complete,1848,7,90077,0,674303,758840,111,1239790
2025-04-18 20:32:04,263,game_complete,-,8,90077,0,674303,758840,111,1239790
2025-04-18 20:32:09,264,training_run_ep 109500,-,1,90145,0,674844,759383,0,1240410
2025-04-18 20:32:32,264,training_run_ep 110000,-,1,90645,0,677706,762108,0,1243717
2025-04-18 20:32:38,264,level_complete,1849,1,90804,0,678520,762891,37,1244671
2025-04-18 20:32:39,264,level_complete,1850,2,90831,0,678728,763048,64,1245022
2025-04-18 20:32:41,264,level_complete,1851,3,90877,0,679197,763283,115,1246602
2025-04-18 20:32:41,264,level_complete,1852,4,90881,0,679242,763324,47,1246674
2025-04-18 20:32:44,264,level_complete,1853,5,90928,0,679753,763650,55,1248069
2025-04-18 20:32:44,264,level_complete,1854,6,90934,0,679850,763685,356,1248813
2025-04-18 20:32:46,264,level_complete,1855,7,91009,0,680281,764018,88,1249781
2025-04-18 20:32:46,264,game_complete,-,8,91009,0,680281,764018,88,1249781
2025-04-18 20:32:55,265,training_run_ep 110500,-,1,91145,0,681224,765023,0,1250860
2025-04-18 20:32:57,265,level_complete,1856,1,91171,0,681501,765301,34,1251183
2025-04-18 20:32:59,265,level_complete,1857,2,91197,0,681841,765630,40,1251758
2025-04-18 20:33:00,265,level_complete,1858,3,91207,0,681984,765711,149,1252168
2025-04-18 20:33:01,265,level_complete,1859,4,91230,0,682261,765965,36,1252581
2025-04-18 20:33:04,265,level_complete,1860,5,91267,0,682799,766311,44,1254023
2025-04-18 20:33:04,265,level_complete,1861,6,91270,0,682839,766339,89,1254124
2025-04-18 20:33:04,265,level_complete,1862,7,91271,0,682869,766360,122,1254246
2025-04-18 20:33:04,265,game_complete,-,8,91271,0,682869,766360,122,1254246
2025-04-18 20:33:07,266,level_complete,1863,1,91318,0,683228,766736,35,1254660
2025-04-18 20:33:09,266,level_complete,1864,2,91342,0,683517,767006,50,1255138
2025-04-18 20:33:09,266,level_complete,1865,3,91347,0,683572,767050,46,1255230
2025-04-18 20:33:11,266,level_complete,1866,4,91361,0,683713,767200,38,1255456
2025-04-18 20:33:11,266,level_complete,1867,5,91378,0,683960,767335,83,1256246
2025-04-18 20:33:12,266,level_complete,1868,6,91379,0,683990,767362,45,1256291
2025-04-18 20:33:13,266,level_complete,1869,7,91395,0,684170,767518,59,1256631
2025-04-18 20:33:13,266,game_complete,-,8,91395,0,684170,767518,59,1256631
2025-04-18 20:33:19,267,level_complete,1870,1,91443,0,684876,768313,36,1257451
2025-04-18 20:33:19,267,level_complete,1871,2,91444,0,684906,768334,48,1257499
2025-04-18 20:33:19,267,level_complete,1872,3,91446,0,684944,768369,51,1257559
2025-04-18 20:33:20,267,level_complete,1873,4,91464,0,685098,768510,46,1257828
2025-04-18 20:33:21,267,level_complete,1874,5,91471,0,685195,768596,83,1258055
2025-04-18 20:33:21,267,level_complete,1875,6,91491,0,685364,768722,64,1258511
2025-04-18 20:33:22,267,level_complete,1876,7,91505,0,685486,768796,55,1258805
2025-04-18 20:33:22,267,game_complete,-,8,91505,0,685486,768796,55,1258805
2025-04-18 20:33:24,268,level_complete,1877,1,91533,0,685722,769025,31,1259066
2025-04-18 20:33:30,268,level_complete,1878,2,91607,0,686689,769808,51,1260632
2025-04-18 20:33:30,268,level_complete,1879,3,91609,0,686727,769840,103,1260746
2025-04-18 20:33:31,268,level_complete,1880,4,91645,0,687000,770050,32,1261178
2025-04-18 20:33:32,268,training_run_ep 111000,-,5,91645,0,687000,770050,32,1261178
2025-04-18 20:33:33,268,level_complete,1881,5,91660,0,687154,770163,124,1261604
2025-04-18 20:33:33,268,level_complete,1882,6,91668,0,687290,770249,166,1262084
2025-04-18 20:33:33,268,level_complete,1883,7,91670,0,687321,770288,42,1262127
2025-04-18 20:33:33,268,game_complete,-,8,91670,0,687321,770288,42,1262127
2025-04-18 20:33:36,269,level_complete,1884,1,91712,0,687706,770663,37,1262589
2025-04-18 20:33:38,269,level_complete,1885,2,91729,0,687867,770821,37,1262870
2025-04-18 20:33:38,269,level_complete,1886,3,91730,0,687897,770837,130,1263000
2025-04-18 20:33:40,269,level_complete,1887,4,91762,0,688234,771134,88,1263494
2025-04-18 20:33:40,269,level_complete,1888,5,91763,0,688264,771147,97,1263591
2025-04-18 20:33:40,269,level_complete,1889,6,91771,0,688396,771224,164,1263929
2025-04-18 20:33:41,269,level_complete,1890,7,91776,0,688449,771255,187,1264152
2025-04-18 20:33:41,269,game_complete,-,8,91776,0,688449,771255,187,1264152
2025-04-18 20:33:53,270,level_complete,1891,1,91984,0,690018,772791,40,1265964
2025-04-18 20:34:00,270,level_complete,1892,2,92140,0,691267,773795,37,1267983
2025-04-18 20:34:01,270,training_run_ep 111500,-,3,92145,0,691335,773850,0,1268092
2025-04-18 20:34:01,270,level_complete,1893,3,92146,0,691365,773883,51,1268143
2025-04-18 20:34:01,270,level_complete,1894,4,92147,0,691390,773920,33,1268176
2025-04-18 20:34:02,270,level_complete,1895,5,92161,0,691570,774031,102,1268626
2025-04-18 20:34:07,270,level_complete,1896,6,92256,0,692481,774689,56,1270689
2025-04-18 20:34:08,270,level_complete,1897,7,92273,0,692653,774859,101,1271023
2025-04-18 20:34:08,270,game_complete,-,8,92273,0,692653,774859,101,1271023
2025-04-18 20:34:26,271,training_run_ep 112000,-,1,92645,0,694886,777011,0,1273592
2025-04-18 20:34:26,271,level_complete,1898,1,92660,0,694995,777111,36,1273733
2025-04-18 20:34:30,271,level_complete,1899,2,92754,0,695538,777573,35,1274560
2025-04-18 20:34:33,271,level_complete,1900,3,92843,0,696434,778073,52,1277612
2025-04-18 20:34:35,271,level_complete,1901,4,92889,0,696723,778359,48,1277982
2025-04-18 20:34:36,271,level_complete,1902,5,92903,0,696865,778420,124,1278634
2025-04-18 20:34:36,271,level_complete,1903,6,92905,0,696912,778455,46,1278714
2025-04-18 20:34:38,271,level_complete,1904,7,92946,0,697414,778777,60,1280273
2025-04-18 20:34:38,271,game_complete,-,8,92946,0,697414,778777,60,1280273
2025-04-18 20:34:49,272,level_complete,1905,1,93137,0,698766,780140,39,1281833
2025-04-18 20:34:50,272,training_run_ep 112500,-,2,93145,0,698817,780177,0,1281913
2025-04-18 20:34:51,272,level_complete,1906,2,93166,0,698964,780303,45,1282126
2025-04-18 20:34:51,272,level_complete,1907,3,93170,0,699023,780337,114,1282297
2025-04-18 20:34:51,272,level_complete,1908,4,93174,0,699067,780385,31,1282358
2025-04-18 20:34:52,272,level_complete,1909,5,93175,0,699097,780426,44,1282402
2025-04-18 20:34:52,272,level_complete,1910,6,93185,0,699200,780509,74,1282584
2025-04-18 20:34:52,272,level_complete,1911,7,93187,0,699234,780532,241,1282829
2025-04-18 20:34:52,272,game_complete,-,8,93187,0,699234,780532,241,1282829
2025-04-18 20:34:57,273,level_complete,1912,1,93265,0,699834,781112,33,1283550
2025-04-18 20:34:58,273,level_complete,1913,2,93288,0,700062,781314,46,1283957
2025-04-18 20:34:59,273,level_complete,1914,3,93290,0,700102,781347,73,1284044
2025-04-18 20:35:01,273,level_complete,1915,4,93336,0,700474,781684,37,1284548
2025-04-18 20:35:02,273,level_complete,1916,5,93353,0,700649,781783,63,1285044
2025-04-18 20:35:03,273,level_complete,1917,6,93381,0,700956,782006,75,1285750
2025-04-18 20:35:04,273,level_complete,1918,7,93393,0,701078,782106,69,1285949
2025-04-18 20:35:04,273,game_complete,-,8,93393,0,701078,782106,69,1285949
2025-04-18 20:35:06,274,level_complete,1919,1,93419,0,701289,782317,39,1286199
2025-04-18 20:35:08,274,level_complete,1920,2,93454,0,701682,782677,54,1286821
2025-04-18 20:35:08,274,level_complete,1921,3,93456,0,701715,782703,50,1286875
2025-04-18 20:35:09,274,level_complete,1922,4,93457,0,701740,782732,38,1286913
2025-04-18 20:35:09,274,level_complete,1923,5,93458,0,701770,782777,45,1286958
2025-04-18 20:35:13,274,level_complete,1924,6,93554,0,702726,783423,94,1289384
2025-04-18 20:35:15,274,level_complete,1925,7,93596,0,703028,783664,50,1290079
2025-04-18 20:35:15,274,game_complete,-,8,93596,0,703028,783664,50,1290079
2025-04-18 20:35:18,275,training_run_ep 113000,-,1,93645,0,703326,783963,0,1290431
2025-04-18 20:35:20,275,level_complete,1926,1,93687,0,703634,784252,35,1290804
2025-04-18 20:35:25,275,level_complete,1927,2,93776,0,704467,784925,44,1292216
2025-04-18 20:35:26,275,level_complete,1928,3,93784,0,704585,784999,52,1292501
2025-04-18 20:35:28,275,level_complete,1929,4,93857,0,704978,785338,75,1293170
2025-04-18 20:35:28,275,level_complete,1930,5,93863,0,705067,785414,87,1293407
2025-04-18 20:35:29,275,level_complete,1931,6,93877,0,705173,785492,65,1293662
2025-04-18 20:35:35,275,level_complete,1932,7,94030,0,706386,786424,283,1297047
2025-04-18 20:35:35,275,game_complete,-,8,94030,0,706386,786424,283,1297047
2025-04-18 20:35:41,276,training_run_ep 113500,-,1,94145,0,707002,787011,0,1297753
2025-04-18 20:35:41,276,level_complete,1933,1,94148,0,707037,787048,39,1297797
2025-04-18 20:35:48,276,level_complete,1934,2,94251,0,708065,788029,46,1299497
2025-04-18 20:35:52,276,level_complete,1935,3,94323,0,708921,788552,69,1301969
2025-04-18 20:35:54,276,level_complete,1936,4,94367,0,709295,788873,31,1302629
2025-04-18 20:35:54,276,level_complete,1937,5,94372,0,709366,788930,69,1302757
2025-04-18 20:35:55,276,level_complete,1938,6,94378,0,709440,788992,103,1302928
2025-04-18 20:35:55,276,level_complete,1939,7,94383,0,709504,789030,155,1303145
2025-04-18 20:35:55,276,game_complete,-,8,94383,0,709504,789030,155,1303145
2025-04-18 20:36:09,277,training_run_ep 114000,-,1,94645,0,711268,790710,0,1305204
2025-04-18 20:36:10,277,level_complete,1940,1,94664,0,711404,790833,34,1305363
2025-04-18 20:36:12,277,level_complete,1941,2,94677,0,711597,791029,42,1305635
2025-04-18 20:36:12,277,level_complete,1942,3,94683,0,711742,791119,62,1305987
2025-04-18 20:36:13,277,level_complete,1943,4,94687,0,711806,791177,42,1306089
2025-04-18 20:36:13,277,level_complete,1944,5,94689,0,711864,791215,52,1306202
2025-04-18 20:36:14,277,level_complete,1945,6,94694,0,711978,791317,123,1306517
2025-04-18 20:36:14,277,level_complete,1946,7,94704,0,712134,791464,37,1306990
2025-04-18 20:36:14,277,game_complete,-,8,94704,0,712134,791464,37,1306990
2025-04-18 20:36:19,278,level_complete,1947,1,94750,0,712677,792089,33,1307634
2025-04-18 20:36:21,278,level_complete,1948,2,94767,0,712863,792262,43,1307957
2025-04-18 20:36:21,278,level_complete,1949,3,94771,0,712926,792305,78,1308084
2025-04-18 20:36:21,278,level_complete,1950,4,94772,0,712951,792330,40,1308124
2025-04-18 20:36:22,278,level_complete,1951,5,94784,0,713135,792445,60,1308544
2025-04-18 20:36:23,278,level_complete,1952,6,94803,0,713372,792631,84,1309214
2025-04-18 20:36:25,278,level_complete,1953,7,94832,0,713670,792944,70,1310340
2025-04-18 20:36:25,278,game_complete,-,8,94832,0,713670,792944,70,1310340
2025-04-18 20:36:28,279,level_complete,1954,1,94867,0,713987,793258,35,1310698
2025-04-18 20:36:30,279,level_complete,1955,2,94908,0,714335,793557,44,1311232
2025-04-18 20:36:30,279,level_complete,1956,3,94914,0,714427,793631,106,1311486
2025-04-18 20:36:31,279,level_complete,1957,4,94915,0,714452,793659,36,1311522
2025-04-18 20:36:32,279,level_complete,1958,5,94933,0,714669,793813,85,1312096
2025-04-18 20:36:32,279,level_complete,1959,6,94935,0,714719,793850,61,1312188
2025-04-18 20:36:32,279,level_complete,1960,7,94941,0,714817,793923,60,1312373
2025-04-18 20:36:32,279,game_complete,-,8,94941,0,714817,793923,60,1312373
2025-04-18 20:36:34,280,level_complete,1961,1,94958,0,715031,794134,36,1312620
2025-04-18 20:36:36,280,level_complete,1962,2,94981,0,715315,794388,46,1313022
2025-04-18 20:36:36,280,level_complete,1963,3,94988,0,715390,794437,101,1313198
2025-04-18 20:36:37,280,level_complete,1964,4,95007,0,715556,794570,43,1313446
2025-04-18 20:36:37,280,level_complete,1965,5,95009,0,715587,794588,70,1313517
2025-04-18 20:36:40,280,level_complete,1966,6,95069,0,716182,795022,45,1315186
2025-04-18 20:36:45,280,training_run_ep 114500,-,7,95145,0,716966,795670,0,1316997
2025-04-18 20:36:46,280,level_complete,1967,7,95167,0,717171,795797,75,1317584
2025-04-18 20:36:46,280,game_complete,-,8,95167,0,717171,795797,75,1317584
2025-04-18 20:37:07,281,training_run_ep 115000,-,1,95645,0,719948,798430,0,1320794
2025-04-18 20:37:30,281,level_complete,1968,1,96122,0,722799,801290,34,1324099
2025-04-18 20:37:32,281,training_run_ep 115500,-,2,96145,0,723032,801479,0,1324500
2025-04-18 20:37:37,281,level_complete,1969,2,96240,0,723728,802074,35,1325652
2025-04-18 20:37:37,281,level_complete,1970,3,96242,0,723779,802108,50,1325746
2025-04-18 20:37:38,281,level_complete,1971,4,96252,0,723860,802179,35,1325856
2025-04-18 20:37:38,281,level_complete,1972,5,96263,0,724039,802284,80,1326368
2025-04-18 20:37:39,281,level_complete,1973,6,96276,0,724264,802430,86,1326992
2025-04-18 20:37:40,281,level_complete,1974,7,96280,0,724331,802513,179,1327287
2025-04-18 20:37:40,281,game_complete,-,8,96280,0,724331,802513,179,1327287
2025-04-18 20:37:48,282,level_complete,1975,1,96409,0,725395,803535,34,1328540
2025-04-18 20:37:49,282,level_complete,1976,2,96446,0,725618,803722,95,1328964
2025-04-18 20:37:50,282,level_complete,1977,3,96453,0,725737,803785,100,1329274
2025-04-18 20:37:50,282,level_complete,1978,4,96465,0,725859,803884,81,1329501
2025-04-18 20:37:51,282,level_complete,1979,5,96471,0,725968,803940,159,1329836
2025-04-18 20:37:51,282,level_complete,1980,6,96476,0,726030,803985,46,1329965
2025-04-18 20:37:57,282,level_complete,1981,7,96571,0,727166,804875,221,1333357
2025-04-18 20:37:57,282,game_complete,-,8,96571,0,727166,804875,221,1333357
2025-04-18 20:37:57,283,level_complete,1982,1,96573,0,727205,804932,32,1333401
2025-04-18 20:37:58,283,level_complete,1983,2,96574,0,727235,804959,48,1333449
2025-04-18 20:37:58,283,level_complete,1984,3,96577,0,727305,804990,158,1333857
2025-04-18 20:37:58,283,level_complete,1985,4,96583,0,727372,805054,28,1333944
2025-04-18 20:37:59,283,level_complete,1986,5,96589,0,727501,805160,55,1334216
2025-04-18 20:37:59,283,level_complete,1987,6,96590,0,727531,805176,116,1334332
2025-04-18 20:38:00,283,level_complete,1988,7,96601,0,727654,805293,53,1334638
2025-04-18 20:38:00,283,game_complete,-,8,96601,0,727654,805293,53,1334638
2025-04-18 20:38:01,284,level_complete,1989,1,96616,0,727818,805492,40,1334826
2025-04-18 20:38:02,284,level_complete,1990,2,96621,0,727879,805541,50,1334929
2025-04-18 20:38:02,284,level_complete,1991,3,96625,0,727944,805594,83,1335062
2025-04-18 20:38:02,284,level_complete,1992,4,96629,0,727982,805629,41,1335119
2025-04-18 20:38:03,284,level_complete,1993,5,96631,0,728035,805665,140,1335353
2025-04-18 20:38:03,284,level_complete,1994,6,96637,0,728100,805708,125,1335528
2025-04-18 20:38:04,284,training_run_ep 116000,-,7,96645,0,728168,805766,0,1335663
2025-04-18 20:38:05,284,level_complete,1995,7,96652,0,728261,805864,183,1335947
2025-04-18 20:38:05,284,game_complete,-,8,96652,0,728261,805864,183,1335947
2025-04-18 20:38:11,285,level_complete,1996,1,96711,0,729004,806709,37,1336827
2025-04-18 20:38:12,285,level_complete,1997,2,96722,0,729156,806834,39,1337132
2025-04-18 20:38:12,285,level_complete,1998,3,96726,0,729221,806883,88,1337313
2025-04-18 20:38:13,285,level_complete,1999,4,96728,0,729270,806944,32,1337379
2025-04-18 20:38:13,285,level_complete,2000,5,96739,0,729419,807033,84,1337838
2025-04-18 20:38:14,285,level_complete,2001,6,96755,0,729537,807096,330,1338340
2025-04-18 20:38:14,285,level_complete,2002,7,96760,0,729589,807141,76,1338441
2025-04-18 20:38:14,285,game_complete,-,8,96760,0,729589,807141,76,1338441
2025-04-18 20:38:20,286,level_complete,2003,1,96821,0,730349,807978,32,1339311
2025-04-18 20:38:22,286,level_complete,2004,2,96832,0,730525,808133,50,1339581
2025-04-18 20:38:22,286,level_complete,2005,3,96837,0,730615,808205,45,1339826
2025-04-18 20:38:24,286,level_complete,2006,4,96864,0,730901,808464,43,1340218
2025-04-18 20:38:24,286,level_complete,2007,5,96866,0,730947,808527,53,1340302
2025-04-18 20:38:28,286,level_complete,2008,6,96940,0,731831,809142,80,1342643
2025-04-18 20:38:29,286,level_complete,2009,7,96964,0,732019,809272,157,1343154
2025-04-18 20:38:29,286,game_complete,-,8,96964,0,732019,809272,157,1343154
2025-04-18 20:38:33,287,level_complete,2010,1,97003,0,732398,809707,32,1343589
2025-04-18 20:38:34,287,level_complete,2011,2,97007,0,732459,809871,51,1343681
2025-04-18 20:38:34,287,level_complete,2012,3,97011,0,732518,809921,51,1343825
2025-04-18 20:38:35,287,level_complete,2013,4,97025,0,732653,810054,40,1343996
2025-04-18 20:38:36,287,level_complete,2014,5,97037,0,732790,810141,145,1344626
2025-04-18 20:38:36,287,level_complete,2015,6,97050,0,732914,810235,67,1344832
2025-04-18 20:38:37,287,level_complete,2016,7,97060,0,733055,810363,176,1345286
2025-04-18 20:38:37,287,game_complete,-,8,97060,0,733055,810363,176,1345286
2025-04-18 20:38:40,288,level_complete,2017,1,97091,0,733377,810692,35,1345673
2025-04-18 20:38:40,288,level_complete,2018,2,97096,0,733474,810771,37,1345868
2025-04-18 20:38:41,288,level_complete,2019,3,97099,0,733535,810813,54,1345997
2025-04-18 20:38:41,288,level_complete,2020,4,97100,0,733560,810839,34,1346031
2025-04-18 20:38:42,288,level_complete,2021,5,97117,0,733835,811021,58,1346838
2025-04-18 20:38:43,288,level_complete,2022,6,97138,0,734131,811245,169,1347628
2025-04-18 20:38:44,288,level_complete,2023,7,97142,0,734193,811305,153,1347841
2025-04-18 20:38:44,288,game_complete,-,8,97142,0,734193,811305,153,1347841
2025-04-18 20:38:44,289,level_complete,2024,1,97143,0,734223,811339,40,1347881
2025-04-18 20:38:45,289,training_run_ep 116500,-,2,97145,0,734274,811390,0,1347965
2025-04-18 20:38:46,289,level_complete,2025,2,97154,0,734401,811495,53,1348199
2025-04-18 20:38:46,289,level_complete,2026,3,97159,0,734501,811572,82,1348394
2025-04-18 20:38:47,289,level_complete,2027,4,97175,0,734641,811681,53,1348605
2025-04-18 20:38:48,289,level_complete,2028,5,97187,0,734827,811837,57,1349012
2025-04-18 20:38:48,289,level_complete,2029,6,97188,0,734857,811859,72,1349084
2025-04-18 20:38:50,289,level_complete,2030,7,97212,0,735178,812098,82,1350037
2025-04-18 20:38:50,289,game_complete,-,8,97212,0,735178,812098,82,1350037
2025-04-18 20:38:52,290,level_complete,2031,1,97227,0,735429,812364,43,1350333
2025-04-18 20:38:53,290,level_complete,2032,2,97231,0,735540,812530,41,1350552
2025-04-18 20:38:53,290,level_complete,2033,3,97236,0,735625,812580,115,1350802
2025-04-18 20:38:54,290,level_complete,2034,4,97243,0,735694,812640,52,1350913
2025-04-18 20:38:54,290,level_complete,2035,5,97246,0,735752,812691,63,1351028
2025-04-18 20:38:55,290,level_complete,2036,6,97261,0,735963,812867,82,1351532
2025-04-18 20:38:56,290,level_complete,2037,7,97267,0,736054,812929,128,1351847
2025-04-18 20:38:56,290,game_complete,-,8,97267,0,736054,812929,128,1351847
2025-04-18 20:38:57,291,level_complete,2038,1,97274,0,736223,813124,36,1352052
2025-04-18 20:38:58,291,level_complete,2039,2,97282,0,736360,813229,47,1352249
2025-04-18 20:38:58,291,level_complete,2040,3,97283,0,736390,813256,58,1352307
2025-04-18 20:38:59,291,level_complete,2041,4,97288,0,736434,813302,37,1352365
2025-04-18 20:38:59,291,level_complete,2042,5,97289,0,736464,813327,51,1352416
2025-04-18 20:38:59,291,level_complete,2043,6,97296,0,736561,813401,65,1352703
2025-04-18 20:39:00,291,level_complete,2044,7,97300,0,736633,813486,127,1352881
2025-04-18 20:39:00,291,game_complete,-,8,97300,0,736633,813486,127,1352881
2025-04-18 20:39:00,292,level_complete,2045,1,97302,0,736680,813529,43,1352948
2025-04-18 20:39:02,292,level_complete,2046,2,97314,0,736925,813757,46,1353386
2025-04-18 20:39:02,292,level_complete,2047,3,97315,0,736955,813787,46,1353432
2025-04-18 20:39:02,292,level_complete,2048,4,97317,0,736985,813821,42,1353480
2025-04-18 20:39:03,292,level_complete,2049,5,97320,0,737067,813899,67,1353616
2025-04-18 20:39:03,292,level_complete,2050,6,97321,0,737097,813935,41,1353657
2025-04-18 20:39:03,292,level_complete,2051,7,97322,0,737127,813951,95,1353752
2025-04-18 20:39:03,292,game_complete,-,8,97322,0,737127,813951,95,1353752
2025-04-18 20:39:04,293,level_complete,2052,1,97329,0,737254,814072,34,1353907
2025-04-18 20:39:07,293,level_complete,2053,2,97374,0,737741,814526,43,1354685
2025-04-18 20:39:08,293,level_complete,2054,3,97385,0,737874,814602,50,1354988
2025-04-18 20:39:08,293,level_complete,2055,4,97388,0,737912,814649,28,1355037
2025-04-18 20:39:09,293,level_complete,2056,5,97409,0,738199,814856,102,1355808
2025-04-18 20:39:10,293,level_complete,2057,6,97410,0,738229,814879,66,1355874
2025-04-18 20:39:11,293,level_complete,2058,7,97417,0,738381,815019,127,1356266
2025-04-18 20:39:11,293,game_complete,-,8,97417,0,738381,815019,127,1356266
2025-04-18 20:39:11,294,level_complete,2059,1,97421,0,738451,815117,39,1356350
2025-04-18 20:39:12,294,level_complete,2060,2,97422,0,738481,815206,58,1356408
2025-04-18 20:39:12,294,level_complete,2061,3,97426,0,738569,815253,111,1356668
2025-04-18 20:39:13,294,level_complete,2062,4,97428,0,738618,815312,48,1356757
2025-04-18 20:39:13,294,level_complete,2063,5,97430,0,738654,815330,71,1356837
2025-04-18 20:39:13,294,level_complete,2064,6,97432,0,738713,815382,57,1356939
2025-04-18 20:39:13,294,level_complete,2065,7,97434,0,738752,815408,284,1357232
2025-04-18 20:39:13,294,game_complete,-,8,97434,0,738752,815408,284,1357232
2025-04-18 20:39:15,295,level_complete,2066,1,97443,0,738906,815567,38,1357431
2025-04-18 20:39:15,295,level_complete,2067,2,97446,0,738962,815631,41,1357502
2025-04-18 20:39:15,295,level_complete,2068,3,97448,0,738993,815660,92,1357595
2025-04-18 20:39:15,295,level_complete,2069,4,97449,0,739018,815687,35,1357630
2025-04-18 20:39:16,295,level_complete,2070,5,97452,0,739090,815759,78,1357806
2025-04-18 20:39:17,295,level_complete,2071,6,97460,0,739218,815856,48,1358072
2025-04-18 20:39:17,295,level_complete,2072,7,97466,0,739292,815895,160,1358387
2025-04-18 20:39:17,295,game_complete,-,8,97466,0,739292,815895,160,1358387
2025-04-18 20:39:18,296,level_complete,2073,1,97478,0,739408,816027,37,1358523
2025-04-18 20:39:19,296,level_complete,2074,2,97503,0,739657,816225,40,1358952
2025-04-18 20:39:20,296,level_complete,2075,3,97508,0,739763,816280,82,1359234
2025-04-18 20:39:20,296,level_complete,2076,4,97509,0,739788,816298,41,1359275
2025-04-18 20:39:20,296,level_complete,2077,5,97513,0,739831,816318,100,1359392
2025-04-18 20:39:20,296,level_complete,2078,6,97519,0,739927,816366,59,1359636
2025-04-18 20:39:21,296,level_complete,2079,7,97522,0,739989,816433,76,1359793
2025-04-18 20:39:21,296,game_complete,-,8,97522,0,739989,816433,76,1359793
2025-04-18 20:39:22,297,level_complete,2080,1,97537,0,740146,816582,41,1360007
2025-04-18 20:39:22,297,level_complete,2081,2,97541,0,740187,816637,44,1360062
2025-04-18 20:39:23,297,level_complete,2082,3,97544,0,740270,816697,75,1360254
2025-04-18 20:39:25,297,level_complete,2083,4,97587,0,740630,817001,50,1360853
2025-04-18 20:39:27,297,level_complete,2084,5,97627,0,741065,817294,77,1361947
2025-04-18 20:39:27,297,level_complete,2085,6,97628,0,741095,817307,123,1362070
2025-04-18 20:39:27,297,level_complete,2086,7,97631,0,741128,817328,158,1362231
2025-04-18 20:39:27,297,game_complete,-,8,97631,0,741128,817328,158,1362231
2025-04-18 20:39:29,298,training_run_ep 117000,-,1,97645,0,741252,817450,0,1362374
2025-04-18 20:39:34,298,level_complete,2087,1,97700,0,741862,818128,32,1363070
2025-04-18 20:39:37,298,level_complete,2088,2,97715,0,742150,818512,48,1363575
2025-04-18 20:39:37,298,level_complete,2089,3,97721,0,742259,818598,50,1363768
2025-04-18 20:39:38,298,level_complete,2090,4,97726,0,742341,818663,71,1363925
2025-04-18 20:39:38,298,level_complete,2091,5,97727,0,742371,818701,72,1363997
2025-04-18 20:39:38,298,level_complete,2092,6,97732,0,742453,818754,101,1364281
2025-04-18 20:39:39,298,level_complete,2093,7,97742,0,742548,818825,80,1364491
2025-04-18 20:39:39,298,game_complete,-,8,97742,0,742548,818825,80,1364491
2025-04-18 20:39:45,299,level_complete,2094,1,97795,0,743269,819572,36,1365359
2025-04-18 20:39:46,299,level_complete,2095,2,97815,0,743519,819801,47,1365807
2025-04-18 20:39:47,299,level_complete,2096,3,97817,0,743576,819847,80,1365930
2025-04-18 20:39:47,299,level_complete,2097,4,97820,0,743619,819899,31,1365980
2025-04-18 20:39:48,299,level_complete,2098,5,97832,0,743785,820014,43,1366357
2025-04-18 20:39:48,299,level_complete,2099,6,97835,0,743817,820044,46,1366405
2025-04-18 20:39:48,299,level_complete,2100,7,97840,0,743878,820106,82,1366614
2025-04-18 20:39:48,299,game_complete,-,8,97840,0,743878,820106,82,1366614
2025-04-18 20:39:51,300,level_complete,2101,1,97861,0,744199,820500,32,1366997
2025-04-18 20:39:53,300,level_complete,2102,2,97899,0,744529,820785,50,1367534
2025-04-18 20:39:53,300,level_complete,2103,3,97902,0,744593,820806,121,1367784
2025-04-18 20:39:54,300,level_complete,2104,4,97903,0,744618,820834,31,1367815
2025-04-18 20:39:54,300,level_complete,2105,5,97905,0,744660,820873,57,1367890
2025-04-18 20:39:54,300,level_complete,2106,6,97906,0,744690,820905,48,1367938
2025-04-18 20:39:54,300,level_complete,2107,7,97907,0,744720,820927,72,1368010
2025-04-18 20:39:54,300,game_complete,-,8,97907,0,744720,820927,72,1368010
2025-04-18 20:39:56,301,level_complete,2108,1,97926,0,744978,821200,33,1368325
2025-04-18 20:39:57,301,level_complete,2109,2,97934,0,745114,821331,49,1368534
2025-04-18 20:39:58,301,level_complete,2110,3,97940,0,745183,821382,77,1368699
2025-04-18 20:39:58,301,level_complete,2111,4,97948,0,745293,821466,82,1368946
2025-04-18 20:39:58,301,level_complete,2112,5,97951,0,745325,821498,81,1369029
2025-04-18 20:39:59,301,level_complete,2113,6,97967,0,745531,821650,55,1369557
2025-04-18 20:40:00,301,level_complete,2114,7,97968,0,745561,821660,144,1369701
2025-04-18 20:40:00,301,game_complete,-,8,97968,0,745561,821660,144,1369701
2025-04-18 20:40:00,302,level_complete,2115,1,97972,0,745625,821744,34,1369777
2025-04-18 20:40:01,302,level_complete,2116,2,97974,0,745668,821797,33,1369844
2025-04-18 20:40:01,302,level_complete,2117,3,97982,0,745807,821871,158,1370267
2025-04-18 20:40:01,302,level_complete,2118,4,97984,0,745854,821915,32,1370337
2025-04-18 20:40:02,302,level_complete,2119,5,97986,0,745913,821967,60,1370450
2025-04-18 20:40:02,302,level_complete,2120,6,97988,0,745947,821988,124,1370579
2025-04-18 20:40:04,302,level_complete,2121,7,98028,0,746416,822332,114,1371973
2025-04-18 20:40:04,302,game_complete,-,8,98028,0,746416,822332,114,1371973
2025-04-18 20:40:05,303,level_complete,2122,1,98032,0,746475,822406,35,1372042
2025-04-18 20:40:05,303,level_complete,2123,2,98036,0,746562,822499,39,1372157
2025-04-18 20:40:05,303,level_complete,2124,3,98037,0,746592,822513,92,1372249
2025-04-18 20:40:06,303,level_complete,2125,4,98039,0,746637,822551,36,1372336
2025-04-18 20:40:06,303,level_complete,2126,5,98041,0,746685,822591,37,1372430
2025-04-18 20:40:06,303,level_complete,2127,6,98042,0,746715,822637,68,1372498
2025-04-18 20:40:06,303,level_complete,2128,7,98044,0,746748,822667,41,1372542
2025-04-18 20:40:06,303,game_complete,-,8,98044,0,746748,822667,41,1372542
2025-04-18 20:40:07,304,level_complete,2129,1,98049,0,746828,822739,39,1372645
2025-04-18 20:40:07,304,level_complete,2130,2,98050,0,746858,822788,36,1372681
2025-04-18 20:40:08,304,level_complete,2131,3,98052,0,746910,822832,78,1372826
2025-04-18 20:40:08,304,level_complete,2132,4,98057,0,746971,822880,67,1372937
2025-04-18 20:40:08,304,level_complete,2133,5,98060,0,747041,822932,152,1373144
2025-04-18 20:40:09,304,level_complete,2134,6,98064,0,747132,823006,87,1373489
2025-04-18 20:40:09,304,level_complete,2135,7,98069,0,747195,823050,102,1373683
2025-04-18 20:40:09,304,game_complete,-,8,98069,0,747195,823050,102,1373683
2025-04-18 20:40:09,305,level_complete,2136,1,98070,0,747225,823104,36,1373719
2025-04-18 20:40:11,305,level_complete,2137,2,98082,0,747436,823309,32,1374057
2025-04-18 20:40:11,305,level_complete,2138,3,98085,0,747489,823341,67,1374168
2025-04-18 20:40:11,305,level_complete,2139,4,98087,0,747531,823377,45,1374281
2025-04-18 20:40:12,305,level_complete,2140,5,98088,0,747561,823394,84,1374365
2025-04-18 20:40:12,305,level_complete,2141,6,98095,0,747645,823491,44,1374487
2025-04-18 20:40:13,305,level_complete,2142,7,98098,0,747701,823550,53,1374597
2025-04-18 20:40:13,305,game_complete,-,8,98098,0,747701,823550,53,1374597
2025-04-18 20:40:13,306,level_complete,2143,1,98099,0,747731,823591,34,1374631
2025-04-18 20:40:13,306,level_complete,2144,2,98100,0,747761,823626,38,1374669
2025-04-18 20:40:14,306,level_complete,2145,3,98107,0,747854,823697,76,1374849
2025-04-18 20:40:14,306,level_complete,2146,4,98108,0,747879,823720,35,1374884
2025-04-18 20:40:14,306,level_complete,2147,5,98112,0,747951,823775,38,1375009
2025-04-18 20:40:14,306,level_complete,2148,6,98113,0,747981,823800,110,1375119
2025-04-18 20:40:15,306,level_complete,2149,7,98120,0,748094,823972,124,1375454
2025-04-18 20:40:15,306,game_complete,-,8,98120,0,748094,823972,124,1375454
2025-04-18 20:40:16,307,level_complete,2150,1,98122,0,748143,824030,34,1375508
2025-04-18 20:40:18,307,training_run_ep 117500,-,2,98145,0,748439,824296,0,1375980
2025-04-18 20:40:22,307,level_complete,2151,2,98187,0,748886,824754,35,1376625
2025-04-18 20:40:22,307,level_complete,2152,3,98191,0,748962,824799,129,1376893
2025-04-18 20:40:23,307,level_complete,2153,4,98196,0,749017,824842,34,1376968
2025-04-18 20:40:23,307,level_complete,2154,5,98205,0,749195,824948,97,1377526
2025-04-18 20:40:24,307,level_complete,2155,6,98210,0,749271,825008,58,1377687
2025-04-18 20:40:26,307,level_complete,2156,7,98237,0,749662,825310,61,1378643
2025-04-18 20:40:26,307,game_complete,-,8,98237,0,749662,825310,61,1378643
2025-04-18 20:40:28,308,level_complete,2157,1,98275,0,750014,825642,41,1379077
2025-04-18 20:40:30,308,level_complete,2158,2,98301,0,750311,825913,60,1379621
2025-04-18 20:40:30,308,level_complete,2159,3,98305,0,750370,825944,111,1379863
2025-04-18 20:40:31,308,level_complete,2160,4,98321,0,750512,826084,33,1380050
2025-04-18 20:40:32,308,level_complete,2161,5,98339,0,750729,826209,99,1380682
2025-04-18 20:40:33,308,level_complete,2162,6,98346,0,750820,826265,71,1380882
2025-04-18 20:40:35,308,level_complete,2163,7,98383,0,751212,826569,95,1381894
2025-04-18 20:40:35,308,game_complete,-,8,98383,0,751212,826569,95,1381894
2025-04-18 20:40:36,309,level_complete,2164,1,98401,0,751390,826750,34,1382099
2025-04-18 20:40:38,309,level_complete,2165,2,98424,0,751661,827029,45,1382522
2025-04-18 20:40:39,309,level_complete,2166,3,98432,0,751802,827113,54,1382950
2025-04-18 20:40:41,309,level_complete,2167,4,98487,0,752261,827486,35,1383671
2025-04-18 20:40:42,309,level_complete,2168,5,98492,0,752365,827568,40,1383958
2025-04-18 20:40:43,309,level_complete,2169,6,98500,0,752485,827664,124,1384261
2025-04-18 20:40:44,309,level_complete,2170,7,98516,0,752696,827875,49,1384776
2025-04-18 20:40:44,309,game_complete,-,8,98516,0,752696,827875,49,1384776
2025-04-18 20:40:50,310,level_complete,2171,1,98583,0,753494,828662,33,1385721
2025-04-18 20:40:50,310,level_complete,2172,2,98585,0,753550,828715,58,1385828
2025-04-18 20:40:51,310,level_complete,2173,3,98592,0,753678,828793,55,1386204
2025-04-18 20:40:52,310,level_complete,2174,4,98602,0,753797,828886,35,1386368
2025-04-18 20:40:52,310,level_complete,2175,5,98604,0,753832,828917,49,1386423
2025-04-18 20:40:52,310,level_complete,2176,6,98605,0,753862,828943,55,1386478
2025-04-18 20:40:52,310,level_complete,2177,7,98607,0,753897,828963,61,1386547
2025-04-18 20:40:52,310,game_complete,-,8,98607,0,753897,828963,61,1386547
2025-04-18 20:40:55,311,training_run_ep 118000,-,1,98645,0,754182,829248,0,1386885
2025-04-18 20:40:57,311,level_complete,2178,1,98674,0,754406,829462,37,1387142
2025-04-18 20:40:58,311,level_complete,2179,2,98704,0,754665,829710,35,1387496
2025-04-18 20:41:01,311,level_complete,2180,3,98764,0,755437,830086,85,1390157
2025-04-18 20:41:01,311,level_complete,2181,4,98768,0,755476,830119,32,1390203
2025-04-18 20:41:02,311,level_complete,2182,5,98784,0,755705,830254,67,1390916
2025-04-18 20:41:03,311,level_complete,2183,6,98806,0,755896,830369,88,1391391
2025-04-18 20:41:03,311,level_complete,2184,7,98817,0,755997,830435,102,1391763
2025-04-18 20:41:03,311,game_complete,-,8,98817,0,755997,830435,102,1391763
2025-04-18 20:41:18,312,level_complete,2185,1,99103,0,757722,832214,31,1393781
2025-04-18 20:41:20,312,training_run_ep 118500,-,2,99145,0,757918,832372,0,1394111
2025-04-18 20:41:31,312,level_complete,2186,2,99456,0,759769,833834,37,1397187
2025-04-18 20:41:31,312,level_complete,2187,3,99460,0,759815,833860,146,1397358
2025-04-18 20:41:32,312,level_complete,2188,4,99475,0,759915,833946,39,1397499
2025-04-18 20:41:32,312,level_complete,2189,5,99487,0,760078,834066,59,1397904
2025-04-18 20:41:33,312,level_complete,2190,6,99513,0,760283,834195,57,1398457
2025-04-18 20:41:34,312,level_complete,2191,7,99542,0,760519,834347,189,1399258
2025-04-18 20:41:34,312,game_complete,-,8,99542,0,760519,834347,189,1399258
2025-04-18 20:41:40,313,training_run_ep 119000,-,1,99645,0,761253,835033,0,1400090
2025-04-18 20:42:00,313,level_complete,2192,1,100083,0,763890,837479,35,1403189
2025-04-18 20:42:03,313,training_run_ep 119500,-,2,100145,0,764343,837839,0,1403979
2025-04-18 20:42:20,313,level_complete,2193,2,100568,0,767041,839986,49,1408618
2025-04-18 20:42:20,313,level_complete,2194,3,100580,0,767204,840065,205,1409246
2025-04-18 20:42:22,313,level_complete,2195,4,100612,0,767449,840265,40,1409614
2025-04-18 20:42:24,313,training_run_ep 120000,-,5,100645,0,767740,840438,0,1410586
2025-04-18 20:42:40,313,training_run_ep 120500,-,5,101145,0,771754,842618,0,1422407
2025-04-18 20:42:42,313,level_complete,2196,5,101254,0,772458,842993,134,1424421
2025-04-18 20:42:43,313,level_complete,2197,6,101281,0,772612,843092,128,1424838
2025-04-18 20:42:46,313,level_complete,2198,7,101380,0,773260,843545,105,1426839
2025-04-18 20:42:46,313,game_complete,-,8,101380,0,773260,843545,105,1426839
2025-04-18 20:42:57,314,training_run_ep 121000,-,1,101645,0,774533,844775,0,1428280
2025-04-18 20:43:19,314,training_run_ep 121500,-,1,102145,0,777347,847433,0,1431530
2025-04-18 20:43:38,314,training_run_ep 122000,-,1,102645,0,779697,849628,0,1434292
2025-04-18 20:43:41,314,level_complete,2199,1,102717,0,780178,850097,38,1434849
2025-04-18 20:43:42,314,level_complete,2200,2,102727,0,780255,850164,53,1434974
2025-04-18 20:43:46,314,level_complete,2201,3,102861,0,781288,850751,101,1437952
2025-04-18 20:43:48,314,level_complete,2202,4,102904,0,781593,851006,36,1438402
2025-04-18 20:43:51,314,level_complete,2203,5,102967,0,782324,851449,166,1440535
2025-04-18 20:43:51,314,level_complete,2204,6,102977,0,782423,851529,64,1440733
2025-04-18 20:43:57,314,level_complete,2205,7,103119,0,783698,852390,74,1444628
2025-04-18 20:43:57,314,game_complete,-,8,103119,0,783698,852390,74,1444628
2025-04-18 20:43:58,315,training_run_ep 122500,-,1,103145,0,783823,852510,0,1444765
2025-04-18 20:44:18,315,training_run_ep 123000,-,1,103645,0,786163,854756,0,1447471
2025-04-18 20:44:37,315,training_run_ep 123500,-,1,104145,0,788660,857102,0,1450324
2025-04-18 20:44:39,315,level_complete,2206,1,104177,0,788865,857319,38,1450556
2025-04-18 20:44:41,315,level_complete,2207,2,104218,0,789232,857580,69,1451315
2025-04-18 20:44:42,315,level_complete,2208,3,104230,0,789417,857699,48,1451694
2025-04-18 20:44:44,315,level_complete,2209,4,104261,0,789681,857934,37,1452087
2025-04-18 20:44:44,315,level_complete,2210,5,104265,0,789757,857995,57,1452275
2025-04-18 20:44:44,315,level_complete,2211,6,104273,0,789869,858061,185,1452661
2025-04-18 20:44:47,315,level_complete,2212,7,104319,0,790399,858421,111,1454421
2025-04-18 20:44:47,315,game_complete,-,8,104319,0,790399,858421,111,1454421
2025-04-18 20:44:54,316,level_complete,2213,1,104434,0,791257,859323,37,1455393
2025-04-18 20:44:54,316,level_complete,2214,2,104443,0,791359,859409,46,1455567
2025-04-18 20:44:58,316,level_complete,2215,3,104538,0,792416,859929,139,1459227
2025-04-18 20:44:58,316,level_complete,2216,4,104539,0,792441,859947,50,1459277
2025-04-18 20:44:59,316,level_complete,2217,5,104576,0,792800,860147,66,1460262
2025-04-18 20:45:01,316,level_complete,2218,6,104626,0,793208,860424,87,1461519
2025-04-18 20:45:03,316,training_run_ep 124000,-,7,104645,0,793363,860553,0,1461857
2025-04-18 20:45:04,316,level_complete,2219,7,104660,0,793512,860716,74,1462115
2025-04-18 20:45:04,316,game_complete,-,8,104660,0,793512,860716,74,1462115
2025-04-18 20:45:04,317,level_complete,2220,1,104663,0,793553,860778,31,1462158
2025-04-18 20:45:10,317,level_complete,2221,2,104800,0,794547,861551,70,1463817
2025-04-18 20:45:11,317,level_complete,2222,3,104810,0,794675,861635,82,1464139
2025-04-18 20:45:11,317,level_complete,2223,4,104814,0,794749,861700,81,1464285
2025-04-18 20:45:11,317,level_complete,2224,5,104822,0,794847,861753,56,1464538
2025-04-18 20:45:12,317,level_complete,2225,6,104834,0,794951,861842,66,1464719
2025-04-18 20:45:14,317,level_complete,2226,7,104869,0,795376,862137,179,1466185
2025-04-18 20:45:14,317,game_complete,-,8,104869,0,795376,862137,179,1466185
2025-04-18 20:45:19,318,level_complete,2227,1,104981,0,795987,862736,32,1466910
2025-04-18 20:45:20,318,level_complete,2228,2,104991,0,796121,862857,49,1467134
2025-04-18 20:45:20,318,level_complete,2229,3,104999,0,796239,862953,46,1467347
2025-04-18 20:45:22,318,level_complete,2230,4,105030,0,796497,863198,40,1467717
2025-04-18 20:45:24,318,level_complete,2231,5,105061,0,796850,863419,83,1468945
2025-04-18 20:45:24,318,level_complete,2232,6,105062,0,796880,863437,71,1469016
2025-04-18 20:45:25,318,level_complete,2233,7,105093,0,797209,863680,118,1470046
2025-04-18 20:45:25,318,game_complete,-,8,105093,0,797209,863680,118,1470046
2025-04-18 20:45:28,319,training_run_ep 124500,-,1,105145,0,797542,863979,0,1470449
2025-04-18 20:45:35,319,level_complete,2234,1,105289,0,798484,864848,42,1471543
2025-04-18 20:45:41,319,level_complete,2235,2,105414,0,799392,865574,39,1473112
2025-04-18 20:45:43,319,level_complete,2236,3,105441,0,799826,865854,55,1474420
2025-04-18 20:45:44,319,level_complete,2237,4,105456,0,799944,865955,35,1474590
2025-04-18 20:45:45,319,level_complete,2238,5,105475,0,800238,866140,49,1475409
2025-04-18 20:45:47,319,level_complete,2239,6,105516,0,800726,866468,68,1476391
2025-04-18 20:45:48,319,level_complete,2240,7,105524,0,800800,866535,79,1476557
2025-04-18 20:45:48,319,game_complete,-,8,105524,0,800800,866535,79,1476557
2025-04-18 20:45:48,320,level_complete,2241,1,105529,0,800868,866608,38,1476647
2025-04-18 20:45:54,320,training_run_ep 125000,-,2,105645,0,801621,867292,0,1477767
2025-04-18 20:46:00,320,level_complete,2242,2,105780,0,802546,868041,40,1479242
2025-04-18 20:46:01,320,level_complete,2243,3,105798,0,802720,868148,70,1479707
2025-04-18 20:46:01,320,level_complete,2244,4,105811,0,802836,868260,42,1479867
2025-04-18 20:46:02,320,level_complete,2245,5,105817,0,802929,868316,53,1480223
2025-04-18 20:46:03,320,level_complete,2246,6,105838,0,803206,868506,41,1480936
2025-04-18 20:46:04,320,level_complete,2247,7,105846,0,803322,868585,107,1481258
2025-04-18 20:46:04,320,game_complete,-,8,105846,0,803322,868585,107,1481258
2025-04-18 20:46:07,321,level_complete,2248,1,105915,0,803812,869067,35,1481817
2025-04-18 20:46:10,321,level_complete,2249,2,105970,0,804224,869401,73,1482566
2025-04-18 20:46:10,321,level_complete,2250,3,105972,0,804257,869430,75,1482647
2025-04-18 20:46:14,321,level_complete,2251,4,106040,0,804869,869968,46,1483614
2025-04-18 20:46:14,321,level_complete,2252,5,106043,0,804957,870005,110,1483935
2025-04-18 20:46:15,321,level_complete,2253,6,106046,0,805032,870060,63,1484213
2025-04-18 20:46:15,321,level_complete,2254,7,106060,0,805174,870178,100,1484524
2025-04-18 20:46:15,321,game_complete,-,8,106060,0,805174,870178,100,1484524
2025-04-18 20:46:21,322,training_run_ep 125500,-,1,106145,0,805767,870777,0,1485229
2025-04-18 20:46:23,322,level_complete,2255,1,106177,0,806053,871098,35,1485561
2025-04-18 20:46:26,322,level_complete,2256,2,106213,0,806422,871414,48,1486215
2025-04-18 20:46:28,322,level_complete,2257,3,106252,0,806861,871662,65,1487442
2025-04-18 20:46:29,322,level_complete,2258,4,106286,0,807060,871821,31,1487720
2025-04-18 20:46:31,322,level_complete,2259,5,106317,0,807469,872085,138,1488855
2025-04-18 20:46:33,322,level_complete,2260,6,106382,0,808060,872485,78,1490137
2025-04-18 20:46:35,322,level_complete,2261,7,106408,0,808328,872679,105,1491106
2025-04-18 20:46:35,322,game_complete,-,8,106408,0,808328,872679,105,1491106
2025-04-18 20:46:46,323,training_run_ep 126000,-,1,106645,0,809749,874045,0,1492819
2025-04-18 20:47:11,323,training_run_ep 126500,-,1,107145,0,812750,877021,0,1496312
2025-04-18 20:47:26,323,level_complete,2262,1,107408,0,814758,878968,43,1498679
2025-04-18 20:47:29,323,level_complete,2263,2,107458,0,815153,879296,51,1499298
2025-04-18 20:47:32,323,level_complete,2264,3,107534,0,815918,879745,109,1501799
2025-04-18 20:47:37,323,training_run_ep 127000,-,4,107645,0,816705,880421,0,1502900
2025-04-18 20:47:38,323,level_complete,2265,4,107655,0,816781,880495,34,1502996
2025-04-18 20:47:40,323,level_complete,2266,5,107702,0,817365,880849,85,1504530
2025-04-18 20:47:42,323,level_complete,2267,6,107728,0,817702,881086,65,1505523
2025-04-18 20:47:42,323,level_complete,2268,7,107729,0,817732,881118,71,1505594
2025-04-18 20:47:42,323,game_complete,-,8,107729,0,817732,881118,71,1505594
2025-04-18 20:48:04,324,level_complete,2269,1,108098,0,820486,883907,32,1508821
2025-04-18 20:48:07,324,level_complete,2270,2,108145,0,820986,884279,72,1509757
2025-04-18 20:48:07,324,training_run_ep 127500,-,3,108145,0,820986,884279,72,1509757
2025-04-18 20:48:08,324,level_complete,2271,3,108157,0,821198,884390,48,1510425
2025-04-18 20:48:08,324,level_complete,2272,4,108163,0,821235,884433,27,1510466
2025-04-18 20:48:09,324,level_complete,2273,5,108173,0,821342,884516,49,1510660
2025-04-18 20:48:10,324,level_complete,2274,6,108187,0,821487,884635,46,1510890
2025-04-18 20:48:11,324,level_complete,2275,7,108215,0,821800,884860,158,1511708
2025-04-18 20:48:11,324,game_complete,-,8,108215,0,821800,884860,158,1511708
2025-04-18 20:48:14,325,level_complete,2276,1,108263,0,822156,885228,44,1512121
2025-04-18 20:48:14,325,level_complete,2277,2,108264,0,822186,885262,52,1512173
2025-04-18 20:48:15,325,level_complete,2278,3,108270,0,822266,885317,59,1512355
2025-04-18 20:48:15,325,level_complete,2279,4,108275,0,822315,885357,48,1512430
2025-04-18 20:48:16,325,level_complete,2280,5,108290,0,822518,885512,77,1512935
2025-04-18 20:48:18,325,level_complete,2281,6,108339,0,822921,885850,72,1513691
2025-04-18 20:48:20,325,level_complete,2282,7,108367,0,823285,886105,45,1514663
2025-04-18 20:48:20,325,game_complete,-,8,108367,0,823285,886105,45,1514663
2025-04-18 20:48:36,326,level_complete,2283,1,108628,0,825261,888065,33,1517005
2025-04-18 20:48:36,326,level_complete,2284,2,108630,0,825293,888097,51,1517058
2025-04-18 20:48:36,326,level_complete,2285,3,108634,0,825378,888163,123,1517288
2025-04-18 20:48:37,326,level_complete,2286,4,108642,0,825508,888283,33,1517498
2025-04-18 20:48:38,326,training_run_ep 128000,-,5,108645,0,825554,888313,0,1517586
2025-04-18 20:48:40,326,level_complete,2287,5,108663,0,825898,888545,60,1518465
2025-04-18 20:48:40,326,level_complete,2288,6,108672,0,826043,888640,130,1518889
2025-04-18 20:48:41,326,level_complete,2289,7,108677,0,826111,888759,141,1519169
2025-04-18 20:48:41,326,game_complete,-,8,108677,0,826111,888759,141,1519169
2025-04-18 20:48:58,327,level_complete,2290,1,108900,0,828238,890970,35,1521671
2025-04-18 20:48:58,327,level_complete,2291,2,108903,0,828281,891009,48,1521732
2025-04-18 20:48:59,327,level_complete,2292,3,108910,0,828385,891072,66,1522000
2025-04-18 20:49:00,327,level_complete,2293,4,108921,0,828500,891192,31,1522144
2025-04-18 20:49:00,327,level_complete,2294,5,108922,0,828530,891215,54,1522198
2025-04-18 20:49:00,327,level_complete,2295,6,108929,0,828601,891263,55,1522316
2025-04-18 20:49:01,327,level_complete,2296,7,108939,0,828709,891321,118,1522672
2025-04-18 20:49:01,327,game_complete,-,8,108939,0,828709,891321,118,1522672
2025-04-18 20:49:02,328,level_complete,2297,1,108961,0,828890,891520,32,1522880
2025-04-18 20:49:04,328,level_complete,2298,2,108984,0,829165,891775,52,1523351
2025-04-18 20:49:04,328,level_complete,2299,3,108990,0,829238,891818,131,1523570
2025-04-18 20:49:05,328,level_complete,2300,4,108994,0,829281,891863,34,1523629
2025-04-18 20:49:06,328,level_complete,2301,5,109008,0,829515,892023,54,1524118
2025-04-18 20:49:08,328,level_complete,2302,6,109053,0,829904,892351,54,1524909
2025-04-18 20:49:08,328,level_complete,2303,7,109060,0,830060,892431,110,1525719
2025-04-18 20:49:08,328,game_complete,-,8,109060,0,830060,892431,110,1525719
2025-04-18 20:49:10,329,level_complete,2304,1,109071,0,830216,892661,36,1525894
2025-04-18 20:49:12,329,level_complete,2305,2,109101,0,830462,892912,38,1526304
2025-04-18 20:49:13,329,level_complete,2306,3,109133,0,830820,893061,121,1527619
2025-04-18 20:49:13,329,level_complete,2307,4,109137,0,830857,893098,32,1527667
2025-04-18 20:49:14,329,level_complete,2308,5,109145,0,830956,893171,224,1528055
2025-04-18 20:49:15,329,training_run_ep 128500,-,6,109145,0,830956,893171,224,1528055
2025-04-18 20:49:16,329,level_complete,2309,6,109166,0,831212,893333,85,1528623
2025-04-18 20:49:16,329,level_complete,2310,7,109169,0,831249,893386,61,1528694
2025-04-18 20:49:16,329,game_complete,-,8,109169,0,831249,893386,61,1528694
2025-04-18 20:49:17,330,level_complete,2311,1,109173,0,831318,893476,33,1528786
2025-04-18 20:49:18,330,level_complete,2312,2,109183,0,831460,893624,39,1529008
2025-04-18 20:49:18,330,level_complete,2313,3,109186,0,831500,893650,86,1529107
2025-04-18 20:49:18,330,level_complete,2314,4,109197,0,831583,893720,36,1529230
2025-04-18 20:49:19,330,level_complete,2315,5,109206,0,831735,893846,51,1529518
2025-04-18 20:49:20,330,level_complete,2316,6,109215,0,831884,893930,55,1529925
2025-04-18 20:49:20,330,level_complete,2317,7,109219,0,831950,893999,84,1530059
2025-04-18 20:49:20,330,game_complete,-,8,109219,0,831950,893999,84,1530059
2025-04-18 20:49:21,331,level_complete,2318,1,109221,0,832008,894062,35,1530133
2025-04-18 20:49:23,331,level_complete,2319,2,109243,0,832236,894343,45,1530515
2025-04-18 20:49:23,331,level_complete,2320,3,109244,0,832266,894368,52,1530567
2025-04-18 20:49:24,331,level_complete,2321,4,109266,0,832457,894563,29,1530809
2025-04-18 20:49:25,331,level_complete,2322,5,109274,0,832553,894633,85,1531088
2025-04-18 20:49:25,331,level_complete,2323,6,109278,0,832602,894672,204,1531315
2025-04-18 20:49:29,331,level_complete,2324,7,109370,0,833378,895222,109,1533472
2025-04-18 20:49:29,331,game_complete,-,8,109370,0,833378,895222,109,1533472
2025-04-18 20:49:36,332,level_complete,2325,1,109501,0,834239,896083,36,1534483
2025-04-18 20:49:42,332,training_run_ep 129000,-,2,109645,0,835220,896877,0,1536157
2025-04-18 20:50:04,332,training_run_ep 129500,-,2,110145,0,838651,899588,0,1541931
2025-04-18 20:50:08,332,level_complete,2326,2,110233,0,839266,900086,62,1542928
2025-04-18 20:50:10,332,level_complete,2327,3,110265,0,839671,900302,64,1544253
2025-04-18 20:50:13,332,level_complete,2328,4,110360,0,840280,900788,33,1545179
2025-04-18 20:50:14,332,level_complete,2329,5,110376,0,840481,900871,154,1545897
2025-04-18 20:50:15,332,level_complete,2330,6,110390,0,840633,900960,167,1546418
2025-04-18 20:50:17,332,level_complete,2331,7,110446,0,841165,901300,103,1547962
2025-04-18 20:50:17,332,game_complete,-,8,110446,0,841165,901300,103,1547962
2025-04-18 20:50:26,333,training_run_ep 130000,-,1,110645,0,842242,902343,0,1549172
2025-04-18 20:50:39,333,level_complete,2332,1,110916,0,843933,903937,31,1551121
2025-04-18 20:50:48,333,level_complete,2333,2,111105,0,845285,905118,47,1553100
2025-04-18 20:50:50,333,training_run_ep 130500,-,3,111145,0,845755,905340,0,1554960
2025-04-18 20:50:51,333,level_complete,2334,3,111147,0,845788,905359,89,1555052
2025-04-18 20:50:52,333,level_complete,2335,4,111183,0,846004,905518,37,1555442
2025-04-18 20:50:53,333,level_complete,2336,5,111209,0,846263,905675,97,1556109
2025-04-18 20:50:54,333,level_complete,2337,6,111246,0,846587,905923,65,1556687
2025-04-18 20:50:57,333,level_complete,2338,7,111327,0,847207,906333,167,1558754
2025-04-18 20:50:57,333,game_complete,-,8,111327,0,847207,906333,167,1558754
2025-04-18 20:51:13,334,training_run_ep 131000,-,1,111645,0,849189,908156,0,1561073
2025-04-18 20:51:20,334,level_complete,2339,1,111835,0,850146,909068,36,1562128
2025-04-18 20:51:21,334,level_complete,2340,2,111867,0,850348,909240,58,1562430
2025-04-18 20:51:23,334,level_complete,2341,3,111914,0,850727,909465,146,1563641
2025-04-18 20:51:25,334,level_complete,2342,4,111988,0,851158,909810,50,1564315
2025-04-18 20:51:26,334,level_complete,2343,5,111997,0,851297,909908,111,1564700
2025-04-18 20:51:26,334,level_complete,2344,6,112000,0,851346,909929,95,1564830
2025-04-18 20:51:27,334,level_complete,2345,7,112017,0,851455,910003,223,1565281
2025-04-18 20:51:27,334,game_complete,-,8,112017,0,851455,910003,223,1565281
2025-04-18 20:51:32,335,training_run_ep 131500,-,1,112145,0,852058,910548,0,1566001
2025-04-18 20:51:51,335,training_run_ep 132000,-,1,112645,0,854417,912828,0,1568711
2025-04-18 20:52:11,335,level_complete,2346,1,112981,0,856944,915296,40,1571667
2025-04-18 20:52:14,335,level_complete,2347,2,113024,0,857393,915682,44,1572427
2025-04-18 20:52:14,335,level_complete,2348,3,113029,0,857428,915707,96,1572528
2025-04-18 20:52:15,335,level_complete,2349,4,113045,0,857621,915872,48,1572842
2025-04-18 20:52:16,335,level_complete,2350,5,113055,0,857753,915953,95,1573142
2025-04-18 20:52:16,335,level_complete,2351,6,113059,0,857828,916005,126,1573387
2025-04-18 20:52:18,335,level_complete,2352,7,113124,0,858264,916326,45,1574403
2025-04-18 20:52:18,335,game_complete,-,8,113124,0,858264,916326,45,1574403
2025-04-18 20:52:19,336,level_complete,2353,1,113142,0,858377,916444,31,1574541
2025-04-18 20:52:20,336,training_run_ep 132500,-,2,113145,0,858406,916463,0,1574621
2025-04-18 20:52:28,336,level_complete,2354,2,113344,0,859841,917600,49,1576972
2025-04-18 20:52:29,336,level_complete,2355,3,113358,0,860007,917689,65,1577560
2025-04-18 20:52:29,336,level_complete,2356,4,113367,0,860063,917737,35,1577633
2025-04-18 20:52:31,336,level_complete,2357,5,113420,0,860569,918020,109,1579048
2025-04-18 20:52:32,336,level_complete,2358,6,113422,0,860608,918046,73,1579131
2025-04-18 20:52:37,336,level_complete,2359,7,113570,0,861778,918839,55,1582430
2025-04-18 20:52:37,336,game_complete,-,8,113570,0,861778,918839,55,1582430
2025-04-18 20:52:40,337,training_run_ep 133000,-,1,113645,0,862201,919216,0,1582935
2025-04-18 20:52:57,337,training_run_ep 133500,-,1,114145,0,864295,921164,0,1585352
2025-04-18 20:52:59,337,level_complete,2360,1,114169,0,864502,921359,40,1585620
2025-04-18 20:53:03,337,level_complete,2361,2,114271,0,865227,921902,44,1586927
2025-04-18 20:53:05,337,level_complete,2362,3,114305,0,865678,922143,98,1588154
2025-04-18 20:53:07,337,level_complete,2363,4,114348,0,866072,922443,36,1588796
2025-04-18 20:53:07,337,level_complete,2364,5,114349,0,866102,922478,78,1588874
2025-04-18 20:53:07,337,level_complete,2365,6,114350,0,866132,922515,45,1588919
2025-04-18 20:53:08,337,level_complete,2366,7,114360,0,866312,922626,113,1589588
2025-04-18 20:53:08,337,game_complete,-,8,114360,0,866312,922626,113,1589588
2025-04-18 20:53:11,338,level_complete,2367,1,114401,0,866730,923043,33,1590071
2025-04-18 20:53:12,338,level_complete,2368,2,114403,0,866775,923080,85,1590180
2025-04-18 20:53:12,338,level_complete,2369,3,114409,0,866847,923130,63,1590369
2025-04-18 20:53:12,338,level_complete,2370,4,114410,0,866872,923159,39,1590408
2025-04-18 20:53:13,338,level_complete,2371,5,114413,0,866949,923211,142,1590619
2025-04-18 20:53:13,338,level_complete,2372,6,114421,0,867054,923281,66,1590855
2025-04-18 20:53:14,338,level_complete,2373,7,114448,0,867299,923446,114,1591481
2025-04-18 20:53:14,338,game_complete,-,8,114448,0,867299,923446,114,1591481
2025-04-18 20:53:26,339,training_run_ep 134000,-,1,114645,0,868738,924874,0,1593154
2025-04-18 20:53:53,339,training_run_ep 134500,-,1,115145,0,872134,928194,0,1597002
2025-04-18 20:54:02,339,level_complete,2374,1,115311,0,873211,929232,31,1598250
2025-04-18 20:54:03,339,level_complete,2375,2,115332,0,873376,929355,53,1598550
2025-04-18 20:54:04,339,level_complete,2376,3,115380,0,873791,929566,66,1599973
2025-04-18 20:54:05,339,level_complete,2377,4,115389,0,873854,929643,35,1600053
2025-04-18 20:54:05,339,level_complete,2378,5,115392,0,873905,929677,203,1600289
2025-04-18 20:54:05,339,level_complete,2379,6,115395,0,873981,929724,184,1600653
2025-04-18 20:54:08,339,level_complete,2380,7,115447,0,874490,930101,125,1602034
2025-04-18 20:54:08,339,game_complete,-,8,115447,0,874490,930101,125,1602034
2025-04-18 20:54:10,340,level_complete,2381,1,115475,0,874750,930365,40,1602348
2025-04-18 20:54:15,340,level_complete,2382,2,115594,0,875566,931053,39,1603641
2025-04-18 20:54:15,340,level_complete,2383,3,115596,0,875601,931080,74,1603720
2025-04-18 20:54:16,340,level_complete,2384,4,115621,0,875816,931256,29,1604018
2025-04-18 20:54:17,340,level_complete,2385,5,115637,0,876111,931422,84,1604947
2025-04-18 20:54:18,340,training_run_ep 135000,-,6,115645,0,876165,931459,0,1605047
2025-04-18 20:54:19,340,level_complete,2386,6,115667,0,876337,931586,82,1605377
2025-04-18 20:54:21,340,level_complete,2387,7,115702,0,876674,931826,80,1606417
2025-04-18 20:54:21,340,game_complete,-,8,115702,0,876674,931826,80,1606417
2025-04-18 20:54:27,341,level_complete,2388,1,115794,0,877453,932575,35,1607333
2025-04-18 20:54:28,341,level_complete,2389,2,115802,0,877554,932686,38,1607457
2025-04-18 20:54:30,341,level_complete,2390,3,115845,0,878147,933033,132,1609233
2025-04-18 20:54:31,341,level_complete,2391,4,115861,0,878298,933167,34,1609466
2025-04-18 20:54:31,341,level_complete,2392,5,115869,0,878430,933245,74,1609868
2025-04-18 20:54:32,341,level_complete,2393,6,115877,0,878567,933342,65,1610134
2025-04-18 20:54:35,341,level_complete,2394,7,115942,0,879161,933833,71,1611516
2025-04-18 20:54:35,341,game_complete,-,8,115942,0,879161,933833,71,1611516
2025-04-18 20:54:35,342,level_complete,2395,1,115943,0,879191,933864,33,1611549
2025-04-18 20:54:38,342,level_complete,2396,2,115984,0,879628,934245,41,1612253
2025-04-18 20:54:39,342,level_complete,2397,3,115986,0,879681,934284,84,1612385
2025-04-18 20:54:39,342,level_complete,2398,4,115988,0,879706,934298,50,1612435
2025-04-18 20:54:39,342,level_complete,2399,5,115993,0,879812,934392,76,1612772
2025-04-18 20:54:39,342,level_complete,2400,6,115994,0,879842,934409,162,1612934
2025-04-18 20:54:40,342,level_complete,2401,7,115995,0,879872,934438,99,1613033
2025-04-18 20:54:40,342,game_complete,-,8,115995,0,879872,934438,99,1613033
2025-04-18 20:54:40,343,level_complete,2402,1,115999,0,879911,934512,35,1613080
2025-04-18 20:54:41,343,level_complete,2403,2,116007,0,880047,934620,53,1613314
2025-04-18 20:54:41,343,level_complete,2404,3,116010,0,880120,934655,72,1613518
2025-04-18 20:54:42,343,level_complete,2405,4,116020,0,880252,934798,34,1613683
2025-04-18 20:54:43,343,level_complete,2406,5,116021,0,880282,934844,38,1613721
2025-04-18 20:54:43,343,level_complete,2407,6,116029,0,880420,934952,79,1614017
2025-04-18 20:54:44,343,level_complete,2408,7,116035,0,880532,935023,176,1614406
2025-04-18 20:54:44,343,game_complete,-,8,116035,0,880532,935023,176,1614406
2025-04-18 20:54:46,344,level_complete,2409,1,116053,0,880778,935300,35,1614687
2025-04-18 20:54:46,344,level_complete,2410,2,116064,0,880887,935393,39,1614852
2025-04-18 20:54:47,344,level_complete,2411,3,116068,0,880931,935434,99,1614966
2025-04-18 20:54:48,344,level_complete,2412,4,116084,0,881139,935652,38,1615274
2025-04-18 20:54:49,344,level_complete,2413,5,116089,0,881252,935732,68,1615623
2025-04-18 20:54:50,344,level_complete,2414,6,116108,0,881510,935909,186,1616228
2025-04-18 20:54:51,344,level_complete,2415,7,116121,0,881708,936029,206,1616862
2025-04-18 20:54:51,344,game_complete,-,8,116121,0,881708,936029,206,1616862
2025-04-18 20:54:53,345,training_run_ep 135500,-,1,116145,0,881861,936182,0,1617039
2025-04-18 20:54:54,345,level_complete,2416,1,116168,0,882055,936386,39,1617271
2025-04-18 20:55:01,345,level_complete,2417,2,116279,0,883055,937256,55,1618888
2025-04-18 20:55:01,345,level_complete,2418,3,116281,0,883112,937287,57,1619060
2025-04-18 20:55:01,345,level_complete,2419,4,116282,0,883137,937311,29,1619089
2025-04-18 20:55:02,345,level_complete,2420,5,116286,0,883203,937371,51,1619226
2025-04-18 20:55:04,345,level_complete,2421,6,116332,0,883739,937721,52,1620513
2025-04-18 20:55:04,345,level_complete,2422,7,116335,0,883790,937758,117,1620673
2025-04-18 20:55:04,345,game_complete,-,8,116335,0,883790,937758,117,1620673
2025-04-18 20:55:22,346,training_run_ep 136000,-,1,116645,0,885991,939916,0,1623256
2025-04-18 20:55:49,346,level_complete,2423,1,117144,0,889409,943297,50,1627273
2025-04-18 20:55:50,346,training_run_ep 136500,-,2,117145,0,889411,943299,0,1627275
2025-04-18 20:55:56,346,level_complete,2424,2,117295,0,890420,944110,50,1628821
2025-04-18 20:55:56,346,level_complete,2425,3,117306,0,890524,944170,65,1629060
2025-04-18 20:56:02,346,level_complete,2426,4,117416,0,891324,944895,41,1630187
2025-04-18 20:56:02,346,level_complete,2427,5,117430,0,891469,945000,54,1630481
2025-04-18 20:56:05,346,level_complete,2428,6,117510,0,892156,945469,79,1632153
2025-04-18 20:56:10,346,level_complete,2429,7,117601,0,892975,946184,63,1634318
2025-04-18 20:56:10,346,game_complete,-,8,117601,0,892975,946184,63,1634318
2025-04-18 20:56:14,347,training_run_ep 137000,-,1,117645,0,893414,946618,0,1634835
2025-04-18 20:56:16,347,level_complete,2430,1,117662,0,893625,946835,45,1635086
2025-04-18 20:56:17,347,level_complete,2431,2,117682,0,893819,947009,38,1635365
2025-04-18 20:56:18,347,level_complete,2432,3,117702,0,894029,947103,59,1636098
2025-04-18 20:56:20,347,level_complete,2433,4,117757,0,894403,947437,31,1636654
2025-04-18 20:56:21,347,level_complete,2434,5,117768,0,894593,947528,113,1637213
2025-04-18 20:56:21,347,level_complete,2435,6,117775,0,894702,947622,67,1637420
2025-04-18 20:56:22,347,level_complete,2436,7,117789,0,894920,947763,155,1638117
2025-04-18 20:56:22,347,game_complete,-,8,117789,0,894920,947763,155,1638117
2025-04-18 20:56:24,348,level_complete,2437,1,117805,0,895068,947947,36,1638289
2025-04-18 20:56:25,348,level_complete,2438,2,117823,0,895259,948122,42,1638590
2025-04-18 20:56:25,348,level_complete,2439,3,117824,0,895289,948146,86,1638676
2025-04-18 20:56:26,348,level_complete,2440,4,117831,0,895376,948225,31,1638792
2025-04-18 20:56:26,348,level_complete,2441,5,117832,0,895406,948247,85,1638877
2025-04-18 20:56:27,348,level_complete,2442,6,117840,0,895563,948385,89,1639241
2025-04-18 20:56:27,348,level_complete,2443,7,117844,0,895601,948426,84,1639333
2025-04-18 20:56:27,348,game_complete,-,8,117844,0,895601,948426,84,1639333
2025-04-18 20:56:37,349,level_complete,2444,1,117958,0,896773,949698,35,1640676
2025-04-18 20:56:41,349,level_complete,2445,2,117994,0,897355,950224,60,1641666
2025-04-18 20:56:42,349,level_complete,2446,3,118002,0,897470,950345,47,1642036
2025-04-18 20:56:42,349,level_complete,2447,4,118003,0,897495,950375,30,1642066
2025-04-18 20:56:42,349,level_complete,2448,5,118008,0,897588,950436,85,1642422
2025-04-18 20:56:43,349,level_complete,2449,6,118019,0,897732,950530,164,1642852
2025-04-18 20:56:44,349,level_complete,2450,7,118028,0,897870,950663,59,1643127
2025-04-18 20:56:44,349,game_complete,-,8,118028,0,897870,950663,59,1643127
2025-04-18 20:56:45,350,level_complete,2451,1,118052,0,898091,950875,36,1643395
2025-04-18 20:56:46,350,level_complete,2452,2,118055,0,898146,950923,39,1643479
2025-04-18 20:56:46,350,level_complete,2453,3,118056,0,898176,950943,69,1643548
2025-04-18 20:56:47,350,level_complete,2454,4,118064,0,898300,951053,45,1643736
2025-04-18 20:56:47,350,level_complete,2455,5,118066,0,898330,951082,62,1643798
2025-04-18 20:56:47,350,level_complete,2456,6,118068,0,898365,951119,46,1643850
2025-04-18 20:56:49,350,level_complete,2457,7,118085,0,898631,951383,50,1644454
2025-04-18 20:56:49,350,game_complete,-,8,118085,0,898631,951383,50,1644454
2025-04-18 20:56:54,351,level_complete,2458,1,118135,0,899257,952040,32,1645234
2025-04-18 20:56:55,351,training_run_ep 137500,-,2,118145,0,899321,952082,0,1645353
2025-04-18 20:56:55,351,level_complete,2459,2,118148,0,899387,952142,50,1645479
2025-04-18 20:56:55,351,level_complete,2460,3,118151,0,899434,952169,85,1645623
2025-04-18 20:56:56,351,level_complete,2461,4,118154,0,899465,952203,36,1645666
2025-04-18 20:56:56,351,level_complete,2462,5,118162,0,899617,952305,64,1646249
2025-04-18 20:56:57,351,level_complete,2463,6,118167,0,899741,952405,86,1646529
2025-04-18 20:56:58,351,level_complete,2464,7,118175,0,899835,952493,113,1646749
2025-04-18 20:56:58,351,game_complete,-,8,118175,0,899835,952493,113,1646749
2025-04-18 20:57:02,352,level_complete,2465,1,118234,0,900441,953099,38,1647456
2025-04-18 20:57:05,352,level_complete,2466,2,118273,0,900788,953419,44,1648033
2025-04-18 20:57:05,352,level_complete,2467,3,118281,0,900928,953493,123,1648473
2025-04-18 20:57:06,352,level_complete,2468,4,118285,0,900967,953535,40,1648536
2025-04-18 20:57:06,352,level_complete,2469,5,118301,0,901156,953632,81,1649064
2025-04-18 20:57:07,352,level_complete,2470,6,118309,0,901245,953682,156,1649559
2025-04-18 20:57:07,352,level_complete,2471,7,118315,0,901352,953784,68,1649806
2025-04-18 20:57:07,352,game_complete,-,8,118315,0,901352,953784,68,1649806
2025-04-18 20:57:09,353,level_complete,2472,1,118324,0,901515,953993,32,1649992
2025-04-18 20:57:09,353,level_complete,2473,2,118326,0,901573,954067,53,1650099
2025-04-18 20:57:10,353,level_complete,2474,3,118327,0,901603,954097,55,1650154
2025-04-18 20:57:10,353,level_complete,2475,4,118332,0,901657,954165,39,1650234
2025-04-18 20:57:11,353,level_complete,2476,5,118340,0,901758,954230,54,1650489
2025-04-18 20:57:11,353,level_complete,2477,6,118348,0,901863,954312,58,1650708
2025-04-18 20:57:12,353,level_complete,2478,7,118352,0,901939,954376,63,1650900
2025-04-18 20:57:12,353,game_complete,-,8,118352,0,901939,954376,63,1650900
2025-04-18 20:57:12,354,level_complete,2479,1,118354,0,901981,954418,34,1650948
2025-04-18 20:57:12,354,level_complete,2480,2,118357,0,902037,954481,56,1651043
2025-04-18 20:57:13,354,level_complete,2481,3,118362,0,902130,954533,408,1651562
2025-04-18 20:57:13,354,level_complete,2482,4,118363,0,902155,954564,40,1651602
2025-04-18 20:57:13,354,level_complete,2483,5,118366,0,902204,954601,111,1651760
2025-04-18 20:57:14,354,level_complete,2484,6,118371,0,902292,954667,51,1651938
2025-04-18 20:57:14,354,level_complete,2485,7,118379,0,902387,954736,58,1652136
2025-04-18 20:57:14,354,game_complete,-,8,118379,0,902387,954736,58,1652136
2025-04-18 20:57:30,355,training_run_ep 138000,-,1,118645,0,904318,956627,0,1654395
2025-04-18 20:57:32,355,level_complete,2486,1,118672,0,904571,956879,34,1654681
2025-04-18 20:57:36,355,level_complete,2487,2,118741,0,905299,957492,40,1656016
2025-04-18 20:57:37,355,level_complete,2488,3,118749,0,905440,957590,51,1656361
2025-04-18 20:57:39,355,level_complete,2489,4,118771,0,905666,957803,35,1656681
2025-04-18 20:57:40,355,level_complete,2490,5,118802,0,906031,958029,267,1657780
2025-04-18 20:57:41,355,level_complete,2491,6,118817,0,906252,958177,59,1658341
2025-04-18 20:57:45,355,level_complete,2492,7,118918,0,907025,958744,125,1660262
2025-04-18 20:57:45,355,game_complete,-,8,118918,0,907025,958744,125,1660262
2025-04-18 20:57:46,356,level_complete,2493,1,118950,0,907246,958963,38,1660517
2025-04-18 20:57:49,356,level_complete,2494,2,118992,0,907791,959395,48,1661494
2025-04-18 20:57:51,356,level_complete,2495,3,119022,0,908175,959601,65,1662776
2025-04-18 20:57:53,356,level_complete,2496,4,119058,0,908497,959867,73,1663314
2025-04-18 20:57:53,356,level_complete,2497,5,119064,0,908583,959913,107,1663633
2025-04-18 20:57:53,356,level_complete,2498,6,119067,0,908627,959938,89,1663742
2025-04-18 20:57:54,356,level_complete,2499,7,119092,0,908897,960098,114,1664673
2025-04-18 20:57:54,356,game_complete,-,8,119092,0,908897,960098,114,1664673
2025-04-18 20:57:55,357,level_complete,2500,1,119095,0,908930,960145,33,1664709
2025-04-18 20:57:56,357,level_complete,2501,2,119122,0,909191,960362,53,1665109
2025-04-18 20:57:56,357,level_complete,2502,3,119123,0,909221,960384,61,1665170
2025-04-18 20:57:57,357,level_complete,2503,4,119139,0,909390,960521,44,1665432
2025-04-18 20:57:58,357,level_complete,2504,5,119145,0,909438,960562,52,1665506
2025-04-18 20:57:58,357,training_run_ep 138500,-,6,119145,0,909438,960562,52,1665506
2025-04-18 20:57:59,357,level_complete,2505,6,119158,0,909585,960664,59,1665822
2025-04-18 20:58:00,357,level_complete,2506,7,119167,0,909682,960761,68,1666022
2025-04-18 20:58:00,357,game_complete,-,8,119167,0,909682,960761,68,1666022
2025-04-18 20:58:08,358,level_complete,2507,1,119327,0,910740,961771,32,1667248
2025-04-18 20:58:09,358,level_complete,2508,2,119345,0,911055,961998,57,1667862
2025-04-18 20:58:10,358,level_complete,2509,3,119346,0,911085,962033,50,1667912
2025-04-18 20:58:10,358,level_complete,2510,4,119356,0,911199,962156,42,1668076
2025-04-18 20:58:11,358,level_complete,2511,5,119363,0,911317,962269,39,1668276
2025-04-18 20:58:11,358,level_complete,2512,6,119364,0,911347,962290,79,1668355
2025-04-18 20:58:12,358,level_complete,2513,7,119369,0,911472,962343,246,1668931
2025-04-18 20:58:12,358,game_complete,-,8,119369,0,911472,962343,246,1668931
2025-04-18 20:58:13,359,level_complete,2514,1,119382,0,911616,962476,38,1669124
2025-04-18 20:58:16,359,level_complete,2515,2,119423,0,912153,962959,37,1670018
2025-04-18 20:58:17,359,level_complete,2516,3,119431,0,912298,963040,77,1670430
2025-04-18 20:58:19,359,level_complete,2517,4,119481,0,912651,963347,37,1670925
2025-04-18 20:58:21,359,level_complete,2518,5,119502,0,912935,963559,171,1671786
2025-04-18 20:58:21,359,level_complete,2519,6,119509,0,913022,963630,86,1671974
2025-04-18 20:58:22,359,level_complete,2520,7,119517,0,913146,963722,92,1672387
2025-04-18 20:58:22,359,game_complete,-,8,119517,0,913146,963722,92,1672387
2025-04-18 20:58:23,360,level_complete,2521,1,119529,0,913272,963874,36,1672532
2025-04-18 20:58:26,360,level_complete,2522,2,119595,0,913866,964362,44,1673534
2025-04-18 20:58:27,360,level_complete,2523,3,119598,0,913897,964373,148,1673683
2025-04-18 20:58:29,360,level_complete,2524,4,119632,0,914217,964658,49,1674122
2025-04-18 20:58:29,360,level_complete,2525,5,119640,0,914365,964755,82,1674498
2025-04-18 20:58:30,360,level_complete,2526,6,119643,0,914440,964805,94,1674664
2025-04-18 20:58:30,360,training_run_ep 139000,-,7,119645,0,914466,964839,0,1674715
2025-04-18 20:58:31,360,level_complete,2527,7,119648,0,914509,964899,83,1674815
2025-04-18 20:58:31,360,game_complete,-,8,119648,0,914509,964899,83,1674815
2025-04-18 20:58:35,361,level_complete,2528,1,119678,0,914920,965432,34,1675282
2025-04-18 20:58:35,361,level_complete,2529,2,119682,0,914999,965503,44,1675425
2025-04-18 20:58:36,361,level_complete,2530,3,119683,0,915029,965527,58,1675483
2025-04-18 20:58:37,361,level_complete,2531,4,119711,0,915281,965783,33,1675842
2025-04-18 20:58:38,361,level_complete,2532,5,119717,0,915343,965837,85,1675988
2025-04-18 20:58:39,361,level_complete,2533,6,119738,0,915627,965986,107,1676815
2025-04-18 20:58:39,361,level_complete,2534,7,119741,0,915668,966015,82,1676918
2025-04-18 20:58:39,361,game_complete,-,8,119741,0,915668,966015,82,1676918
2025-04-18 20:58:41,362,level_complete,2535,1,119761,0,915928,966308,34,1677211
2025-04-18 20:58:43,362,level_complete,2536,2,119788,0,916164,966495,37,1677628
2025-04-18 20:58:43,362,level_complete,2537,3,119789,0,916194,966508,126,1677754
2025-04-18 20:58:43,362,level_complete,2538,4,119792,0,916226,966538,30,1677792
2025-04-18 20:58:43,362,level_complete,2539,5,119797,0,916288,966578,71,1677960
2025-04-18 20:58:44,362,level_complete,2540,6,119804,0,916427,966671,91,1678307
2025-04-18 20:58:44,362,level_complete,2541,7,119810,0,916504,966723,118,1678699
2025-04-18 20:58:44,362,game_complete,-,8,119810,0,916504,966723,118,1678699
2025-04-18 20:58:54,363,level_complete,2542,1,119952,0,917806,967967,34,1680232
2025-04-18 20:58:56,363,level_complete,2543,2,119984,0,918126,968232,46,1680765
2025-04-18 20:58:56,363,level_complete,2544,3,119990,0,918208,968272,89,1681017
2025-04-18 20:58:57,363,level_complete,2545,4,120013,0,918421,968441,40,1681417
2025-04-18 20:58:58,363,level_complete,2546,5,120035,0,918610,968549,94,1681984
2025-04-18 20:58:58,363,level_complete,2547,6,120036,0,918640,968560,143,1682127
2025-04-18 20:59:03,363,training_run_ep 139500,-,7,120145,0,919474,969116,0,1684479
2025-04-18 20:59:05,363,level_complete,2548,7,120207,0,920049,969497,85,1686419
2025-04-18 20:59:05,363,game_complete,-,8,120207,0,920049,969497,85,1686419
2025-04-18 20:59:28,364,training_run_ep 140000,-,1,120645,0,922930,972227,0,1689855
2025-04-18 20:59:46,364,level_complete,2549,1,121003,0,925308,974562,34,1692656
2025-04-18 20:59:50,364,level_complete,2550,2,121073,0,925941,975054,48,1693714
2025-04-18 20:59:50,364,level_complete,2551,3,121075,0,925976,975073,85,1693810
2025-04-18 20:59:51,364,level_complete,2552,4,121088,0,926114,975185,33,1694010
2025-04-18 20:59:53,364,training_run_ep 140500,-,5,121145,0,926609,975436,0,1695649
2025-04-18 20:59:55,364,level_complete,2553,5,121170,0,926972,975655,51,1696823
2025-04-18 20:59:56,364,level_complete,2554,6,121195,0,927198,975798,54,1697330
2025-04-18 21:00:05,364,level_complete,2555,7,121513,0,929272,977223,143,1703382
2025-04-18 21:00:05,364,game_complete,-,8,121513,0,929272,977223,143,1703382
2025-04-18 21:00:14,365,training_run_ep 141000,-,1,121645,0,930188,978188,0,1704455
2025-04-18 21:00:38,365,training_run_ep 141500,-,1,122145,0,933332,981103,0,1708108
2025-04-18 21:00:42,365,level_complete,2556,1,122219,0,933992,981693,39,1708907
2025-04-18 21:00:43,365,level_complete,2557,2,122220,0,934022,981723,99,1709006
2025-04-18 21:00:43,365,level_complete,2558,3,122224,0,934095,981779,47,1709147
2025-04-18 21:00:46,365,level_complete,2559,4,122284,0,934572,982170,49,1709943
2025-04-18 21:00:47,365,level_complete,2560,5,122325,0,934984,982406,84,1711070
2025-04-18 21:00:48,365,level_complete,2561,6,122347,0,935219,982554,88,1711578
2025-04-18 21:00:49,365,level_complete,2562,7,122368,0,935417,982681,115,1712149
2025-04-18 21:00:49,365,game_complete,-,8,122368,0,935417,982681,115,1712149
2025-04-18 21:01:03,366,training_run_ep 142000,-,1,122645,0,937077,984264,0,1714066
2025-04-18 21:01:10,366,level_complete,2563,1,122779,0,937995,985153,34,1715144
2025-04-18 21:01:22,366,level_complete,2564,2,123031,0,940154,986850,42,1718786
2025-04-18 21:01:23,366,level_complete,2565,3,123032,0,940184,986881,93,1718879
2025-04-18 21:01:23,366,level_complete,2566,4,123036,0,940232,986924,33,1718942
2025-04-18 21:01:24,366,level_complete,2567,5,123055,0,940469,987054,65,1719635
2025-04-18 21:01:24,366,level_complete,2568,6,123058,0,940531,987093,154,1719856
2025-04-18 21:01:25,366,level_complete,2569,7,123065,0,940629,987162,116,1720215
2025-04-18 21:01:25,366,game_complete,-,8,123065,0,940629,987162,116,1720215
2025-04-18 21:01:25,367,level_complete,2570,1,123071,0,940704,987244,32,1720296
2025-04-18 21:01:25,367,level_complete,2571,2,123072,0,940734,987283,35,1720331
2025-04-18 21:01:26,367,level_complete,2572,3,123074,0,940775,987308,163,1720509
2025-04-18 21:01:26,367,level_complete,2573,4,123082,0,940884,987414,29,1720648
2025-04-18 21:01:27,367,level_complete,2574,5,123083,0,940914,987439,66,1720714
2025-04-18 21:01:28,367,level_complete,2575,6,123104,0,941158,987643,61,1721128
2025-04-18 21:01:29,367,level_complete,2576,7,123124,0,941367,987799,168,1721890
2025-04-18 21:01:29,367,game_complete,-,8,123124,0,941367,987799,168,1721890
2025-04-18 21:01:31,368,level_complete,2577,1,123144,0,941652,988103,39,1722221
2025-04-18 21:01:32,368,training_run_ep 142500,-,2,123145,0,941659,988108,0,1722231
2025-04-18 21:01:32,368,level_complete,2578,2,123146,0,941689,988135,52,1722283
2025-04-18 21:01:34,368,level_complete,2579,3,123167,0,942063,988366,79,1723446
2025-04-18 21:01:35,368,level_complete,2580,4,123183,0,942259,988557,50,1723720
2025-04-18 21:01:36,368,level_complete,2581,5,123187,0,942356,988646,67,1723956
2025-04-18 21:01:36,368,level_complete,2582,6,123188,0,942386,988662,152,1724108
2025-04-18 21:01:36,368,level_complete,2583,7,123189,0,942416,988692,154,1724262
2025-04-18 21:01:36,368,game_complete,-,8,123189,0,942416,988692,154,1724262
2025-04-18 21:01:39,369,level_complete,2584,1,123226,0,942757,989077,35,1724648
2025-04-18 21:01:45,369,level_complete,2585,2,123328,0,943625,989817,41,1726044
2025-04-18 21:01:47,369,level_complete,2586,3,123370,0,944220,990162,83,1727845
2025-04-18 21:01:48,369,level_complete,2587,4,123375,0,944293,990251,32,1727950
2025-04-18 21:01:48,369,level_complete,2588,5,123387,0,944467,990365,74,1728400
2025-04-18 21:01:49,369,level_complete,2589,6,123404,0,944625,990476,62,1728763
2025-04-18 21:01:57,369,level_complete,2590,7,123642,0,946330,991775,142,1733597
2025-04-18 21:01:57,369,game_complete,-,8,123642,0,946330,991775,142,1733597
2025-04-18 21:01:58,370,training_run_ep 143000,-,1,123645,0,946363,991805,0,1733635
2025-04-18 21:02:08,370,level_complete,2591,1,123773,0,947555,993037,33,1735034
2025-04-18 21:02:11,370,level_complete,2592,2,123812,0,947888,993366,60,1735555
2025-04-18 21:02:11,370,level_complete,2593,3,123820,0,947990,993427,65,1735759
2025-04-18 21:02:12,370,level_complete,2594,4,123836,0,948133,993534,58,1735992
2025-04-18 21:02:12,370,level_complete,2595,5,123841,0,948213,993597,79,1736160
2025-04-18 21:02:12,370,level_complete,2596,6,123844,0,948252,993621,66,1736238
2025-04-18 21:02:15,370,level_complete,2597,7,123909,0,948843,994072,81,1737645
2025-04-18 21:02:15,370,game_complete,-,8,123909,0,948843,994072,81,1737645
2025-04-18 21:02:15,371,level_complete,2598,1,123910,0,948873,994102,33,1737678
2025-04-18 21:02:27,371,training_run_ep 143500,-,2,124145,0,950614,995554,0,1740469
2025-04-18 21:02:32,371,level_complete,2599,2,124230,0,951393,996242,32,1741727
2025-04-18 21:02:32,371,level_complete,2600,3,124232,0,951424,996261,102,1741830
2025-04-18 21:02:33,371,level_complete,2601,4,124251,0,951571,996389,37,1742042
2025-04-18 21:02:33,371,level_complete,2602,5,124252,0,951601,996411,102,1742144
2025-04-18 21:02:34,371,level_complete,2603,6,124258,0,951686,996460,89,1742365
2025-04-18 21:02:34,371,level_complete,2604,7,124262,0,951754,996491,221,1742769
2025-04-18 21:02:34,371,game_complete,-,8,124262,0,951754,996491,221,1742769
2025-04-18 21:02:45,372,level_complete,2605,1,124437,0,953323,997972,34,1744691
2025-04-18 21:02:55,372,training_run_ep 144000,-,2,124645,0,954923,999192,0,1747558
2025-04-18 21:03:16,372,training_run_ep 144500,-,2,125145,0,958156,1001770,0,1752838
2025-04-18 21:03:17,372,level_complete,2606,2,125162,0,958286,1001900,87,1753050
2025-04-18 21:03:17,372,level_complete,2607,3,125171,0,958383,1001956,137,1753364
2025-04-18 21:03:17,372,level_complete,2608,4,125175,0,958417,1001994,31,1753405
2025-04-18 21:03:20,372,level_complete,2609,5,125241,0,959147,1002390,69,1755507
2025-04-18 21:03:23,372,level_complete,2610,6,125293,0,959709,1002751,145,1756863
2025-04-18 21:03:25,372,level_complete,2611,7,125346,0,960144,1003069,131,1758086
2025-04-18 21:03:25,372,game_complete,-,8,125346,0,960144,1003069,131,1758086
2025-04-18 21:03:25,373,level_complete,2612,1,125355,0,960240,1003159,33,1758199
2025-04-18 21:03:34,373,level_complete,2613,2,125618,0,961631,1004250,60,1760438
2025-04-18 21:03:35,373,training_run_ep 145000,-,3,125645,0,961898,1004384,0,1761465
2025-04-18 21:03:36,373,level_complete,2614,3,125663,0,962113,1004517,60,1761992
2025-04-18 21:03:38,373,level_complete,2615,4,125707,0,962443,1004761,35,1762535
2025-04-18 21:03:38,373,level_complete,2616,5,125713,0,962554,1004814,102,1762871
2025-04-18 21:03:39,373,level_complete,2617,6,125732,0,962718,1004936,68,1763302
2025-04-18 21:03:42,373,level_complete,2618,7,125786,0,963330,1005358,77,1765246
2025-04-18 21:03:42,373,game_complete,-,8,125786,0,963330,1005358,77,1765246
2025-04-18 21:03:55,374,level_complete,2619,1,125978,0,965035,1007081,38,1767239
2025-04-18 21:03:59,374,level_complete,2620,2,126035,0,965594,1007608,51,1768161
2025-04-18 21:04:00,374,level_complete,2621,3,126038,0,965637,1007643,112,1768287
2025-04-18 21:04:00,374,level_complete,2622,4,126040,0,965677,1007676,37,1768346
2025-04-18 21:04:00,374,level_complete,2623,5,126045,0,965760,1007746,56,1768548
2025-04-18 21:04:01,374,level_complete,2624,6,126049,0,965841,1007787,243,1768947
2025-04-18 21:04:01,374,level_complete,2625,7,126050,0,965871,1007823,47,1768994
2025-04-18 21:04:01,374,game_complete,-,8,126050,0,965871,1007823,47,1768994
2025-04-18 21:04:06,375,level_complete,2626,1,126098,0,966440,1008486,34,1769683
2025-04-18 21:04:08,375,level_complete,2627,2,126125,0,966796,1008793,42,1770346
2025-04-18 21:04:09,375,level_complete,2628,3,126133,0,966945,1008875,97,1771014
2025-04-18 21:04:10,375,training_run_ep 145500,-,4,126145,0,967024,1008934,0,1771125
2025-04-18 21:04:10,375,level_complete,2629,4,126146,0,967049,1008965,33,1771158
2025-04-18 21:04:11,375,level_complete,2630,5,126157,0,967266,1009103,56,1771754
2025-04-18 21:04:12,375,level_complete,2631,6,126187,0,967584,1009314,74,1772427
2025-04-18 21:04:13,375,level_complete,2632,7,126191,0,967668,1009353,286,1772972
2025-04-18 21:04:13,375,game_complete,-,8,126191,0,967668,1009353,286,1772972
2025-04-18 21:04:13,376,level_complete,2633,1,126197,0,967754,1009447,36,1773069
2025-04-18 21:04:14,376,level_complete,2634,2,126199,0,967807,1009492,50,1773180
2025-04-18 21:04:14,376,level_complete,2635,3,126205,0,967884,1009529,73,1773454
2025-04-18 21:04:14,376,level_complete,2636,4,126208,0,967918,1009574,41,1773505
2025-04-18 21:04:14,376,level_complete,2637,5,126209,0,967948,1009589,114,1773619
2025-04-18 21:04:15,376,level_complete,2638,6,126223,0,968116,1009684,110,1774081
2025-04-18 21:04:15,376,level_complete,2639,7,126231,0,968199,1009749,89,1774278
2025-04-18 21:04:15,376,game_complete,-,8,126231,0,968199,1009749,89,1774278
2025-04-18 21:04:26,377,level_complete,2640,1,126393,0,969470,1011145,37,1775758
2025-04-18 21:04:28,377,level_complete,2641,2,126430,0,969742,1011378,37,1776202
2025-04-18 21:04:29,377,level_complete,2642,3,126446,0,969953,1011494,175,1776891
2025-04-18 21:04:30,377,level_complete,2643,4,126462,0,970100,1011620,43,1777120
2025-04-18 21:04:30,377,level_complete,2644,5,126468,0,970178,1011676,53,1777283
2025-04-18 21:04:30,377,level_complete,2645,6,126469,0,970208,1011691,103,1777386
2025-04-18 21:04:34,377,level_complete,2646,7,126557,0,970964,1012204,93,1779820
2025-04-18 21:04:34,377,game_complete,-,8,126557,0,970964,1012204,93,1779820
2025-04-18 21:04:39,378,training_run_ep 146000,-,1,126645,0,971575,1012761,0,1780581
2025-04-18 21:05:01,378,training_run_ep 146500,-,1,127145,0,974450,1015407,0,1783920
2025-04-18 21:05:09,378,level_complete,2647,1,127260,0,975427,1016348,53,1785096
2025-04-18 21:05:10,378,level_complete,2648,2,127288,0,975685,1016582,43,1785507
2025-04-18 21:05:11,378,level_complete,2649,3,127292,0,975759,1016648,43,1785629
2025-04-18 21:05:12,378,level_complete,2650,4,127315,0,975914,1016781,37,1785833
2025-04-18 21:05:12,378,level_complete,2651,5,127328,0,976090,1016890,87,1786289
2025-04-18 21:05:14,378,level_complete,2652,6,127365,0,976470,1017151,68,1787164
2025-04-18 21:05:16,378,level_complete,2653,7,127426,0,976953,1017530,111,1788422
2025-04-18 21:05:16,378,game_complete,-,8,127426,0,976953,1017530,111,1788422
2025-04-18 21:05:17,379,level_complete,2654,1,127430,0,977020,1017605,37,1788510
2025-04-18 21:05:24,379,training_run_ep 147000,-,2,127645,0,977913,1018352,0,1789858
2025-04-18 21:05:39,379,training_run_ep 147500,-,2,128145,0,980249,1020266,0,1793546
2025-04-18 21:05:56,379,training_run_ep 148000,-,2,128645,0,982862,1022327,0,1797901
2025-04-18 21:05:59,379,level_complete,2655,2,128746,0,983331,1022720,84,1798602
2025-04-18 21:06:03,379,level_complete,2656,3,128858,0,984183,1023193,50,1801012
2025-04-18 21:06:14,379,training_run_ep 148500,-,4,129145,0,985994,1024747,0,1803614
2025-04-18 21:06:21,379,level_complete,2657,4,129269,0,986956,1025605,31,1805006
2025-04-18 21:06:21,379,level_complete,2658,5,129273,0,987014,1025659,62,1805133
2025-04-18 21:06:25,379,level_complete,2659,6,129348,0,987786,1026202,89,1806871
2025-04-18 21:06:25,379,level_complete,2660,7,129352,0,987846,1026266,93,1807020
2025-04-18 21:06:25,379,game_complete,-,8,129352,0,987846,1026266,93,1807020
2025-04-18 21:06:25,380,level_complete,2661,1,129361,0,987914,1026333,37,1807100
2025-04-18 21:06:26,380,level_complete,2662,2,129369,0,987983,1026389,48,1807197
2025-04-18 21:06:26,380,level_complete,2663,3,129380,0,988106,1026441,408,1807845
2025-04-18 21:06:26,380,level_complete,2664,4,129384,0,988142,1026469,42,1807902
2025-04-18 21:06:27,380,level_complete,2665,5,129390,0,988236,1026516,77,1808213
2025-04-18 21:06:28,380,level_complete,2666,6,129400,0,988401,1026643,55,1808629
2025-04-18 21:06:28,380,level_complete,2667,7,129403,0,988452,1026681,69,1808785
2025-04-18 21:06:28,380,game_complete,-,8,129403,0,988452,1026681,69,1808785
2025-04-18 21:06:30,381,level_complete,2668,1,129439,0,988691,1026914,32,1809060
2025-04-18 21:06:32,381,level_complete,2669,2,129474,0,989041,1027188,67,1809667
2025-04-18 21:06:32,381,level_complete,2670,3,129482,0,989133,1027230,136,1809976
2025-04-18 21:06:32,381,level_complete,2671,4,129486,0,989164,1027269,30,1810012
2025-04-18 21:06:32,381,level_complete,2672,5,129488,0,989195,1027283,98,1810111
2025-04-18 21:06:33,381,level_complete,2673,6,129489,0,989225,1027322,36,1810147
2025-04-18 21:06:33,381,level_complete,2674,7,129490,0,989255,1027333,190,1810337
2025-04-18 21:06:33,381,game_complete,-,8,129490,0,989255,1027333,190,1810337
2025-04-18 21:06:34,382,level_complete,2675,1,129500,0,989354,1027432,35,1810453
2025-04-18 21:06:34,382,level_complete,2676,2,129501,0,989384,1027469,39,1810492
2025-04-18 21:06:34,382,level_complete,2677,3,129502,0,989414,1027493,64,1810556
2025-04-18 21:06:35,382,level_complete,2678,4,129529,0,989625,1027695,44,1810851
2025-04-18 21:06:39,382,level_complete,2679,5,129605,0,990531,1028200,101,1813577
2025-04-18 21:06:41,382,training_run_ep 149000,-,6,129645,0,990811,1028375,0,1814385
2025-04-18 21:06:41,382,level_complete,2680,6,129646,0,990841,1028396,51,1814436
2025-04-18 21:06:44,382,level_complete,2681,7,129730,0,991518,1028904,71,1816118
2025-04-18 21:06:44,382,game_complete,-,8,129730,0,991518,1028904,71,1816118
2025-04-18 21:06:57,383,level_complete,2682,1,129946,0,993191,1030550,42,1818137
2025-04-18 21:06:58,383,level_complete,2683,2,129958,0,993319,1030661,42,1818335
2025-04-18 21:06:59,383,level_complete,2684,3,129978,0,993633,1030835,54,1819302
2025-04-18 21:07:02,383,level_complete,2685,4,130034,0,994103,1031247,35,1820030
2025-04-18 21:07:03,383,level_complete,2686,5,130048,0,994298,1031352,59,1820696
2025-04-18 21:07:03,383,level_complete,2687,6,130049,0,994328,1031362,206,1820902
2025-04-18 21:07:04,383,level_complete,2688,7,130064,0,994538,1031513,126,1821476
2025-04-18 21:07:04,383,game_complete,-,8,130064,0,994538,1031513,126,1821476
2025-04-18 21:07:04,384,level_complete,2689,1,130066,0,994569,1031566,33,1821510
2025-04-18 21:07:05,384,level_complete,2690,2,130081,0,994715,1031678,55,1821752
2025-04-18 21:07:07,384,level_complete,2691,3,130119,0,995062,1031871,68,1822816
2025-04-18 21:07:07,384,level_complete,2692,4,130131,0,995199,1031989,37,1823018
2025-04-18 21:07:08,384,level_complete,2693,5,130135,0,995238,1032016,77,1823105
2025-04-18 21:07:08,384,level_complete,2694,6,130142,0,995351,1032092,52,1823343
2025-04-18 21:07:09,384,training_run_ep 149500,-,7,130145,0,995394,1032104,0,1823696
2025-04-18 21:07:10,384,level_complete,2695,7,130165,0,995595,1032250,50,1824181
2025-04-18 21:07:10,384,game_complete,-,8,130165,0,995595,1032250,50,1824181
2025-04-18 21:07:19,385,level_complete,2696,1,130303,0,996758,1033453,36,1825497
2025-04-18 21:07:21,385,level_complete,2697,2,130317,0,996973,1033636,50,1825846
2025-04-18 21:07:21,385,level_complete,2698,3,130328,0,997144,1033718,171,1826496
2025-04-18 21:07:22,385,level_complete,2699,4,130336,0,997249,1033811,81,1826684
2025-04-18 21:07:22,385,level_complete,2700,5,130344,0,997378,1033892,103,1827063
2025-04-18 21:07:23,385,level_complete,2701,6,130348,0,997449,1033933,110,1827268
2025-04-18 21:07:23,385,level_complete,2702,7,130354,0,997519,1034041,44,1827370
2025-04-18 21:07:23,385,game_complete,-,8,130354,0,997519,1034041,44,1827370
2025-04-18 21:07:26,386,level_complete,2703,1,130410,0,997901,1034396,44,1827832
2025-04-18 21:07:27,386,level_complete,2704,2,130424,0,998044,1034524,109,1828110
2025-04-18 21:07:27,386,level_complete,2705,3,130425,0,998074,1034542,104,1828214
2025-04-18 21:07:28,386,level_complete,2706,4,130428,0,998142,1034606,49,1828323
2025-04-18 21:07:28,386,level_complete,2707,5,130432,0,998194,1034648,38,1828393
2025-04-18 21:07:28,386,level_complete,2708,6,130435,0,998239,1034679,47,1828477
2025-04-18 21:07:29,386,level_complete,2709,7,130437,0,998298,1034729,102,1828632
2025-04-18 21:07:29,386,game_complete,-,8,130437,0,998298,1034729,102,1828632
2025-04-18 21:07:33,387,level_complete,2710,1,130500,0,998830,1035240,32,1829265
2025-04-18 21:07:34,387,level_complete,2711,2,130517,0,999028,1035424,69,1829571
2025-04-18 21:07:35,387,level_complete,2712,3,130556,0,999441,1035627,159,1830970
2025-04-18 21:07:36,387,level_complete,2713,4,130564,0,999523,1035700,31,1831081
2025-04-18 21:07:36,387,level_complete,2714,5,130566,0,999557,1035741,58,1831146
2025-04-18 21:07:37,387,level_complete,2715,6,130572,0,999697,1035831,89,1831535
2025-04-18 21:07:37,387,level_complete,2716,7,130577,0,999762,1035885,60,1831695
2025-04-18 21:07:37,387,game_complete,-,8,130577,0,999762,1035885,60,1831695
2025-04-18 21:07:42,388,training_run_ep 150000,-,1,130645,0,1000285,1036380,0,1832292
2025-04-18 21:07:58,388,level_complete,2717,1,131045,0,1002310,1038319,32,1834600
2025-04-18 21:08:02,388,training_run_ep 150500,-,2,131145,0,1002791,1038722,0,1835277
2025-04-18 21:08:04,388,level_complete,2718,2,131193,0,1003268,1039112,34,1836093
2025-04-18 21:08:05,388,level_complete,2719,3,131221,0,1003540,1039248,76,1837031
2025-04-18 21:08:09,388,level_complete,2720,4,131315,0,1004182,1039801,47,1838048
2025-04-18 21:08:12,388,level_complete,2721,5,131372,0,1004793,1040185,89,1839706
2025-04-18 21:08:15,388,level_complete,2722,6,131436,0,1005447,1040596,95,1841383
2025-04-18 21:08:16,388,level_complete,2723,7,131478,0,1005643,1040740,118,1841835
2025-04-18 21:08:16,388,game_complete,-,8,131478,0,1005643,1040740,118,1841835
2025-04-18 21:08:20,389,level_complete,2724,1,131582,0,1006148,1041249,32,1842399
2025-04-18 21:08:23,389,training_run_ep 151000,-,2,131645,0,1006432,1041483,0,1842892
2025-04-18 21:08:24,389,level_complete,2725,2,131700,0,1006700,1041732,41,1843251
2025-04-18 21:08:25,389,level_complete,2726,3,131719,0,1006944,1041868,51,1843954
2025-04-18 21:08:26,389,level_complete,2727,4,131731,0,1007043,1041960,40,1844093
2025-04-18 21:08:27,389,level_complete,2728,5,131748,0,1007222,1042075,179,1844639
2025-04-18 21:08:32,389,level_complete,2729,6,131887,0,1008265,1042778,79,1847422
2025-04-18 21:08:38,389,level_complete,2730,7,132087,0,1009773,1043761,224,1852037
2025-04-18 21:08:38,389,game_complete,-,8,132087,0,1009773,1043761,224,1852037
2025-04-18 21:08:41,390,training_run_ep 151500,-,1,132145,0,1010099,1044077,0,1852414
2025-04-18 21:09:01,390,training_run_ep 152000,-,1,132645,0,1012562,1046437,0,1855259
2025-04-18 21:09:19,390,training_run_ep 152500,-,1,133145,0,1014774,1048508,0,1857763
2025-04-18 21:09:39,390,training_run_ep 153000,-,1,133645,0,1017291,1050854,0,1860675
2025-04-18 21:09:56,390,training_run_ep 153500,-,1,134145,0,1019295,1052795,0,1862924
2025-04-18 21:10:17,390,level_complete,2731,1,134572,0,1021971,1055395,32,1866057
2025-04-18 21:10:18,390,level_complete,2732,2,134582,0,1022105,1055547,42,1866262
2025-04-18 21:10:19,390,level_complete,2733,3,134583,0,1022135,1055578,39,1866301
2025-04-18 21:10:19,390,level_complete,2734,4,134596,0,1022266,1055685,44,1866553
2025-04-18 21:10:22,390,level_complete,2735,5,134643,0,1022816,1056063,39,1867777
2025-04-18 21:10:23,390,training_run_ep 154000,-,6,134645,0,1022822,1056067,0,1867785
2025-04-18 21:10:23,390,level_complete,2736,6,134647,0,1022852,1056098,60,1867845
2025-04-18 21:10:24,390,level_complete,2737,7,134661,0,1023058,1056268,54,1868369
2025-04-18 21:10:24,390,game_complete,-,8,134661,0,1023058,1056268,54,1868369
2025-04-18 21:10:25,391,level_complete,2738,1,134669,0,1023185,1056408,36,1868512
2025-04-18 21:10:25,391,level_complete,2739,2,134670,0,1023215,1056436,69,1868581
2025-04-18 21:10:27,391,level_complete,2740,3,134690,0,1023621,1056642,128,1870140
2025-04-18 21:10:27,391,level_complete,2741,4,134695,0,1023695,1056730,47,1870255
2025-04-18 21:10:28,391,level_complete,2742,5,134705,0,1023880,1056866,101,1870798
2025-04-18 21:10:29,391,level_complete,2743,6,134716,0,1024073,1057013,76,1871213
2025-04-18 21:10:30,391,level_complete,2744,7,134726,0,1024179,1057096,94,1871483
2025-04-18 21:10:30,391,game_complete,-,8,134726,0,1024179,1057096,94,1871483
2025-04-18 21:10:36,392,level_complete,2745,1,134824,0,1024916,1057877,36,1872344
2025-04-18 21:10:37,392,level_complete,2746,2,134838,0,1025118,1058044,81,1872717
2025-04-18 21:10:38,392,level_complete,2747,3,134858,0,1025351,1058180,155,1873363
2025-04-18 21:10:41,392,level_complete,2748,4,134910,0,1025815,1058589,40,1874058
2025-04-18 21:10:41,392,level_complete,2749,5,134911,0,1025845,1058614,99,1874157
2025-04-18 21:10:42,392,level_complete,2750,6,134922,0,1025965,1058705,55,1874401
2025-04-18 21:10:43,392,level_complete,2751,7,134931,0,1026126,1058807,141,1874872
2025-04-18 21:10:43,392,game_complete,-,8,134931,0,1026126,1058807,141,1874872
2025-04-18 21:10:43,393,level_complete,2752,1,134933,0,1026162,1058856,34,1874913
2025-04-18 21:10:44,393,level_complete,2753,2,134940,0,1026264,1058937,59,1875095
2025-04-18 21:10:44,393,level_complete,2754,3,134941,0,1026294,1058964,56,1875151
2025-04-18 21:10:44,393,level_complete,2755,4,134942,0,1026319,1058987,38,1875189
2025-04-18 21:10:44,393,level_complete,2756,5,134943,0,1026349,1059019,70,1875259
2025-04-18 21:10:45,393,level_complete,2757,6,134956,0,1026540,1059149,130,1875706
2025-04-18 21:10:46,393,level_complete,2758,7,134963,0,1026670,1059256,57,1876093
2025-04-18 21:10:46,393,game_complete,-,8,134963,0,1026670,1059256,57,1876093
2025-04-18 21:10:47,394,level_complete,2759,1,134977,0,1026854,1059485,46,1876329
2025-04-18 21:10:48,394,level_complete,2760,2,134980,0,1026923,1059559,33,1876475
2025-04-18 21:10:49,394,level_complete,2761,3,134995,0,1027156,1059707,60,1877107
2025-04-18 21:10:49,394,level_complete,2762,4,134996,0,1027181,1059744,32,1877139
2025-04-18 21:10:50,394,level_complete,2763,5,135004,0,1027350,1059864,105,1877559
2025-04-18 21:10:52,394,level_complete,2764,6,135043,0,1027736,1060176,129,1878368
2025-04-18 21:10:52,394,level_complete,2765,7,135044,0,1027766,1060204,82,1878450
2025-04-18 21:10:52,394,game_complete,-,8,135044,0,1027766,1060204,82,1878450
2025-04-18 21:10:53,395,level_complete,2766,1,135045,0,1027796,1060243,38,1878488
2025-04-18 21:10:53,395,level_complete,2767,2,135046,0,1027826,1060266,74,1878562
2025-04-18 21:10:53,395,level_complete,2768,3,135049,0,1027861,1060283,168,1878736
2025-04-18 21:10:54,395,level_complete,2769,4,135054,0,1027959,1060371,39,1878925
2025-04-18 21:10:54,395,level_complete,2770,5,135063,0,1028052,1060427,80,1879131
2025-04-18 21:10:55,395,level_complete,2771,6,135072,0,1028244,1060566,65,1879609
2025-04-18 21:10:56,395,level_complete,2772,7,135079,0,1028339,1060681,91,1879828
2025-04-18 21:10:56,395,game_complete,-,8,135079,0,1028339,1060681,91,1879828
2025-04-18 21:11:01,396,training_run_ep 154500,-,1,135145,0,1028932,1061271,0,1880502
2025-04-18 21:11:05,396,level_complete,2773,1,135197,0,1029519,1061859,42,1881204
2025-04-18 21:11:06,396,level_complete,2774,2,135200,0,1029574,1061901,48,1881300
2025-04-18 21:11:06,396,level_complete,2775,3,135204,0,1029649,1061941,54,1881512
2025-04-18 21:11:06,396,level_complete,2776,4,135207,0,1029696,1061991,37,1881578
2025-04-18 21:11:07,396,level_complete,2777,5,135208,0,1029726,1062027,57,1881635
2025-04-18 21:11:07,396,level_complete,2778,6,135213,0,1029831,1062085,105,1881928
2025-04-18 21:11:07,396,level_complete,2779,7,135224,0,1029923,1062151,146,1882171
2025-04-18 21:11:07,396,game_complete,-,8,135224,0,1029923,1062151,146,1882171
2025-04-18 21:11:17,397,level_complete,2780,1,135341,0,1031070,1063376,31,1883517
2025-04-18 21:11:17,397,level_complete,2781,2,135347,0,1031156,1063454,50,1883659
2025-04-18 21:11:18,397,level_complete,2782,3,135356,0,1031323,1063591,65,1884006
2025-04-18 21:11:19,397,level_complete,2783,4,135360,0,1031394,1063655,33,1884117
2025-04-18 21:11:19,397,level_complete,2784,5,135365,0,1031500,1063723,53,1884388
2025-04-18 21:11:20,397,level_complete,2785,6,135377,0,1031634,1063818,112,1884690
2025-04-18 21:11:20,397,level_complete,2786,7,135384,0,1031700,1063859,155,1884903
2025-04-18 21:11:20,397,game_complete,-,8,135384,0,1031700,1063859,155,1884903
2025-04-18 21:11:21,398,level_complete,2787,1,135385,0,1031730,1063932,32,1884935
2025-04-18 21:11:22,398,level_complete,2788,2,135399,0,1031871,1064106,36,1885141
2025-04-18 21:11:22,398,level_complete,2789,3,135402,0,1031940,1064148,79,1885323
2025-04-18 21:11:23,398,level_complete,2790,4,135406,0,1031981,1064188,49,1885392
2025-04-18 21:11:23,398,level_complete,2791,5,135408,0,1032032,1064225,52,1885516
2025-04-18 21:11:24,398,level_complete,2792,6,135424,0,1032290,1064436,53,1886051
2025-04-18 21:11:25,398,level_complete,2793,7,135425,0,1032320,1064489,145,1886196
2025-04-18 21:11:25,398,game_complete,-,8,135425,0,1032320,1064489,145,1886196
2025-04-18 21:11:27,399,level_complete,2794,1,135438,0,1032544,1064763,34,1886448
2025-04-18 21:11:27,399,level_complete,2795,2,135441,0,1032623,1064836,41,1886564
2025-04-18 21:11:27,399,level_complete,2796,3,135442,0,1032653,1064859,72,1886636
2025-04-18 21:11:27,399,level_complete,2797,4,135443,0,1032678,1064880,34,1886670
2025-04-18 21:11:28,399,level_complete,2798,5,135445,0,1032722,1064914,141,1886829
2025-04-18 21:11:28,399,level_complete,2799,6,135451,0,1032857,1065016,170,1887237
2025-04-18 21:11:29,399,level_complete,2800,7,135453,0,1032903,1065047,100,1887370
2025-04-18 21:11:29,399,game_complete,-,8,135453,0,1032903,1065047,100,1887370
2025-04-18 21:11:32,400,level_complete,2801,1,135477,0,1033257,1065444,31,1887790
2025-04-18 21:11:33,400,level_complete,2802,2,135486,0,1033407,1065642,37,1887980
2025-04-18 21:11:33,400,level_complete,2803,3,135491,0,1033485,1065685,89,1888177
2025-04-18 21:11:34,400,level_complete,2804,4,135494,0,1033539,1065761,36,1888261
2025-04-18 21:11:34,400,level_complete,2805,5,135503,0,1033682,1065843,152,1888676
2025-04-18 21:11:34,400,level_complete,2806,6,135504,0,1033712,1065858,87,1888763
2025-04-18 21:11:35,400,level_complete,2807,7,135505,0,1033742,1065876,52,1888815
2025-04-18 21:11:35,400,game_complete,-,8,135505,0,1033742,1065876,52,1888815
2025-04-18 21:11:35,401,level_complete,2808,1,135506,0,1033772,1065912,35,1888850
2025-04-18 21:11:37,401,level_complete,2809,2,135520,0,1034070,1066190,52,1889332
2025-04-18 21:11:37,401,level_complete,2810,3,135521,0,1034100,1066211,60,1889392
2025-04-18 21:11:37,401,level_complete,2811,4,135522,0,1034125,1066235,35,1889427
2025-04-18 21:11:37,401,level_complete,2812,5,135526,0,1034173,1066264,93,1889552
2025-04-18 21:11:40,401,level_complete,2813,6,135603,0,1034824,1066673,162,1891219
2025-04-18 21:11:41,401,level_complete,2814,7,135617,0,1034950,1066785,77,1891439
2025-04-18 21:11:41,401,game_complete,-,8,135617,0,1034950,1066785,77,1891439
2025-04-18 21:11:44,402,training_run_ep 155000,-,1,135645,0,1035288,1067126,0,1891856
2025-04-18 21:11:51,402,level_complete,2815,1,135728,0,1036127,1067956,39,1892871
2025-04-18 21:11:52,402,level_complete,2816,2,135739,0,1036247,1068085,46,1893040
2025-04-18 21:11:52,402,level_complete,2817,3,135740,0,1036277,1068099,206,1893246
2025-04-18 21:11:53,402,level_complete,2818,4,135762,0,1036457,1068260,38,1893518
2025-04-18 21:11:53,402,level_complete,2819,5,135764,0,1036488,1068279,85,1893604
2025-04-18 21:11:53,402,level_complete,2820,6,135769,0,1036577,1068336,53,1893821
2025-04-18 21:11:54,402,level_complete,2821,7,135775,0,1036659,1068427,57,1893947
2025-04-18 21:11:54,402,game_complete,-,8,135775,0,1036659,1068427,57,1893947
2025-04-18 21:11:55,403,level_complete,2822,1,135787,0,1036794,1068561,39,1894121
2025-04-18 21:11:56,403,level_complete,2823,2,135804,0,1037003,1068723,88,1894501
2025-04-18 21:11:56,403,level_complete,2824,3,135808,0,1037089,1068762,83,1894775
2025-04-18 21:11:57,403,level_complete,2825,4,135821,0,1037245,1068899,31,1895000
2025-04-18 21:11:58,403,level_complete,2826,5,135827,0,1037351,1068954,67,1895338
2025-04-18 21:11:58,403,level_complete,2827,6,135829,0,1037395,1068990,106,1895474
2025-04-18 21:11:58,403,level_complete,2828,7,135830,0,1037425,1069010,240,1895714
2025-04-18 21:11:58,403,game_complete,-,8,135830,0,1037425,1069010,240,1895714
2025-04-18 21:12:03,404,level_complete,2829,1,135878,0,1038030,1069629,32,1896421
2025-04-18 21:12:03,404,level_complete,2830,2,135879,0,1038060,1069661,66,1896487
2025-04-18 21:12:03,404,level_complete,2831,3,135881,0,1038091,1069682,75,1896563
2025-04-18 21:12:04,404,level_complete,2832,4,135890,0,1038221,1069796,39,1896774
2025-04-18 21:12:04,404,level_complete,2833,5,135894,0,1038270,1069829,100,1896899
2025-04-18 21:12:05,404,level_complete,2834,6,135895,0,1038300,1069857,78,1896977
2025-04-18 21:12:05,404,level_complete,2835,7,135897,0,1038341,1069898,126,1897115
2025-04-18 21:12:05,404,game_complete,-,8,135897,0,1038341,1069898,126,1897115
2025-04-18 21:12:06,405,level_complete,2836,1,135906,0,1038505,1070116,32,1897321
2025-04-18 21:12:10,405,level_complete,2837,2,135976,0,1039130,1070623,86,1898461
2025-04-18 21:12:12,405,level_complete,2838,3,136020,0,1039614,1070941,59,1899585
2025-04-18 21:12:13,405,level_complete,2839,4,136032,0,1039725,1071028,49,1899796
2025-04-18 21:12:14,405,level_complete,2840,5,136052,0,1040073,1071244,77,1900766
2025-04-18 21:12:16,405,level_complete,2841,6,136096,0,1040477,1071523,64,1901649
2025-04-18 21:12:19,405,training_run_ep 155500,-,7,136145,0,1040817,1071762,0,1902698
2025-04-18 21:12:22,405,level_complete,2842,7,136215,0,1041449,1072260,130,1904449
2025-04-18 21:12:22,405,game_complete,-,8,136215,0,1041449,1072260,130,1904449
2025-04-18 21:12:25,406,level_complete,2843,1,136253,0,1041848,1072686,32,1904934
2025-04-18 21:12:25,406,level_complete,2844,2,136255,0,1041883,1072740,51,1904990
2025-04-18 21:12:26,406,level_complete,2845,3,136257,0,1041920,1072763,59,1905077
2025-04-18 21:12:26,406,level_complete,2846,4,136258,0,1041945,1072786,38,1905115
2025-04-18 21:12:26,406,level_complete,2847,5,136264,0,1042047,1072859,72,1905355
2025-04-18 21:12:27,406,level_complete,2848,6,136290,0,1042267,1072986,148,1905946
2025-04-18 21:12:28,406,level_complete,2849,7,136314,0,1042486,1073149,145,1906553
2025-04-18 21:12:28,406,game_complete,-,8,136314,0,1042486,1073149,145,1906553
2025-04-18 21:12:32,407,level_complete,2850,1,136367,0,1042894,1073594,36,1907041
2025-04-18 21:12:36,407,level_complete,2851,2,136423,0,1043543,1074131,62,1908159
2025-04-18 21:12:36,407,level_complete,2852,3,136424,0,1043573,1074149,66,1908225
2025-04-18 21:12:37,407,level_complete,2853,4,136440,0,1043745,1074329,29,1908436
2025-04-18 21:12:37,407,level_complete,2854,5,136452,0,1043858,1074403,50,1908804
2025-04-18 21:12:38,407,level_complete,2855,6,136455,0,1043896,1074433,44,1908857
2025-04-18 21:12:38,407,level_complete,2856,7,136456,0,1043926,1074453,131,1908988
2025-04-18 21:12:38,407,game_complete,-,8,136456,0,1043926,1074453,131,1908988
2025-04-18 21:12:52,408,training_run_ep 156000,-,1,136645,0,1045652,1076115,0,1911061
2025-04-18 21:12:55,408,level_complete,2857,1,136682,0,1046027,1076497,35,1911484
2025-04-18 21:12:57,408,level_complete,2858,2,136711,0,1046491,1076878,46,1912277
2025-04-18 21:12:58,408,level_complete,2859,3,136712,0,1046521,1076915,101,1912378
2025-04-18 21:12:59,408,level_complete,2860,4,136728,0,1046744,1077110,66,1912717
2025-04-18 21:13:00,408,level_complete,2861,5,136743,0,1046988,1077264,52,1913307
2025-04-18 21:13:01,408,level_complete,2862,6,136749,0,1047089,1077340,64,1913583
2025-04-18 21:13:01,408,level_complete,2863,7,136752,0,1047129,1077369,168,1913762
2025-04-18 21:13:01,408,game_complete,-,8,136752,0,1047129,1077369,168,1913762
2025-04-18 21:13:02,409,level_complete,2864,1,136765,0,1047274,1077517,35,1913948
2025-04-18 21:13:04,409,level_complete,2865,2,136827,0,1047656,1077835,84,1914552
2025-04-18 21:13:06,409,level_complete,2866,3,136853,0,1047951,1078014,201,1915658
2025-04-18 21:13:07,409,level_complete,2867,4,136884,0,1048195,1078226,41,1916026
2025-04-18 21:13:09,409,level_complete,2868,5,136918,0,1048584,1078465,108,1917027
2025-04-18 21:13:12,409,level_complete,2869,6,136997,0,1049364,1078933,63,1919160
2025-04-18 21:13:16,409,level_complete,2870,7,137123,0,1050327,1079557,223,1922199
2025-04-18 21:13:16,409,game_complete,-,8,137123,0,1050327,1079557,223,1922199
2025-04-18 21:13:17,410,training_run_ep 156500,-,1,137145,0,1050392,1079621,0,1922274
2025-04-18 21:13:34,410,training_run_ep 157000,-,1,137645,0,1052401,1081511,0,1924570
2025-04-18 21:13:42,410,level_complete,2871,1,137833,0,1053430,1082524,31,1925786
2025-04-18 21:13:54,410,training_run_ep 157500,-,2,138145,0,1055126,1083887,0,1928609
2025-04-18 21:14:00,410,level_complete,2872,2,138309,0,1056162,1084717,67,1930342
2025-04-18 21:14:00,410,level_complete,2873,3,138317,0,1056242,1084760,71,1930620
2025-04-18 21:14:09,410,training_run_ep 158000,-,4,138645,0,1057551,1085840,0,1932480
2025-04-18 21:14:10,410,level_complete,2874,4,138659,0,1057625,1085909,31,1932583
2025-04-18 21:14:11,410,level_complete,2875,5,138700,0,1057974,1086148,55,1933438
2025-04-18 21:14:18,410,level_complete,2876,6,138966,0,1059436,1087163,83,1936612
2025-04-18 21:14:18,410,level_complete,2877,7,138972,0,1059514,1087206,207,1936988
2025-04-18 21:14:18,410,game_complete,-,8,138972,0,1059514,1087206,207,1936988
2025-04-18 21:14:27,411,training_run_ep 158500,-,1,139145,0,1060461,1088120,0,1938087
2025-04-18 21:14:31,411,level_complete,2878,1,139285,0,1061036,1088688,48,1938733
2025-04-18 21:14:37,411,level_complete,2879,2,139504,0,1061988,1089478,68,1940182
2025-04-18 21:14:42,411,training_run_ep 159000,-,3,139645,0,1063192,1090082,0,1944258
2025-04-18 21:14:43,411,level_complete,2880,3,139650,0,1063273,1090124,107,1944491
2025-04-18 21:14:45,411,level_complete,2881,4,139695,0,1063609,1090413,40,1944961
2025-04-18 21:14:46,411,level_complete,2882,5,139724,0,1063857,1090549,157,1945674
2025-04-18 21:14:46,411,level_complete,2883,6,139732,0,1063921,1090609,70,1945826
2025-04-18 21:14:46,411,level_complete,2884,7,139734,0,1063955,1090631,102,1945935
2025-04-18 21:14:46,411,game_complete,-,8,139734,0,1063955,1090631,102,1945935
2025-04-18 21:14:47,412,level_complete,2885,1,139738,0,1064008,1090702,37,1945997
2025-04-18 21:14:52,412,level_complete,2886,2,139861,0,1064740,1091319,51,1947006
2025-04-18 21:14:52,412,level_complete,2887,3,139868,0,1064801,1091358,62,1947124
2025-04-18 21:15:00,412,training_run_ep 159500,-,4,140145,0,1065942,1092343,0,1948598
2025-04-18 21:15:01,412,level_complete,2888,4,140170,0,1066094,1092482,30,1948802
2025-04-18 21:15:06,412,level_complete,2889,5,140305,0,1067308,1093198,64,1952171
2025-04-18 21:15:08,412,level_complete,2890,6,140364,0,1067741,1093491,151,1953121
2025-04-18 21:15:09,412,level_complete,2891,7,140399,0,1067996,1093673,220,1954077
2025-04-18 21:15:09,412,game_complete,-,8,140399,0,1067996,1093673,220,1954077
2025-04-18 21:15:20,413,training_run_ep 160000,-,1,140645,0,1069390,1094956,0,1955704
2025-04-18 21:15:46,413,training_run_ep 160500,-,1,141145,0,1072595,1098116,0,1959409
2025-04-18 21:16:04,413,level_complete,2892,1,141456,0,1074914,1100405,35,1962180
2025-04-18 21:16:06,413,level_complete,2893,2,141486,0,1075214,1100661,54,1962623
2025-04-18 21:16:06,413,level_complete,2894,3,141489,0,1075249,1100692,50,1962678
2025-04-18 21:16:07,413,level_complete,2895,4,141492,0,1075282,1100729,34,1962720
2025-04-18 21:16:07,413,level_complete,2896,5,141493,0,1075312,1100754,72,1962792
2025-04-18 21:16:08,413,level_complete,2897,6,141527,0,1075683,1101007,135,1963761
2025-04-18 21:16:09,413,level_complete,2898,7,141528,0,1075713,1101033,57,1963818
2025-04-18 21:16:09,413,game_complete,-,8,141528,0,1075713,1101033,57,1963818
2025-04-18 21:16:09,414,level_complete,2899,1,141534,0,1075777,1101100,36,1963889
2025-04-18 21:16:15,414,training_run_ep 161000,-,2,141645,0,1076687,1101844,0,1965364
2025-04-18 21:16:21,414,level_complete,2900,2,141778,0,1077581,1102515,54,1966942
2025-04-18 21:16:21,414,level_complete,2901,3,141795,0,1077753,1102590,226,1967719
2025-04-18 21:16:30,414,level_complete,2902,4,142083,0,1079180,1103809,34,1969811
2025-04-18 21:16:34,414,training_run_ep 161500,-,5,142145,0,1079907,1104223,0,1971800
2025-04-18 21:16:40,414,level_complete,2903,5,142343,0,1081634,1105193,127,1976859
2025-04-18 21:16:44,414,level_complete,2904,6,142424,0,1082346,1105678,104,1978612
2025-04-18 21:16:47,414,level_complete,2905,7,142530,0,1083054,1106205,60,1980218
2025-04-18 21:16:47,414,game_complete,-,8,142530,0,1083054,1106205,60,1980218
2025-04-18 21:16:51,415,training_run_ep 162000,-,1,142645,0,1083443,1106584,0,1980677
2025-04-18 21:16:55,415,level_complete,2906,1,142735,0,1083934,1107038,34,1981243
2025-04-18 21:17:08,415,level_complete,2907,2,143119,0,1086129,1108799,76,1984764
2025-04-18 21:17:09,415,level_complete,2908,3,143130,0,1086277,1108864,77,1985613
2025-04-18 21:17:10,415,training_run_ep 162500,-,4,143145,0,1086338,1108906,0,1985745
2025-04-18 21:17:13,415,level_complete,2909,4,143252,0,1086999,1109425,96,1986745
2025-04-18 21:17:19,415,level_complete,2910,5,143368,0,1088395,1110187,113,1991271
2025-04-18 21:17:19,415,level_complete,2911,6,143374,0,1088476,1110248,52,1991404
2025-04-18 21:17:22,415,level_complete,2912,7,143458,0,1089089,1110673,116,1993376
2025-04-18 21:17:22,415,game_complete,-,8,143458,0,1089089,1110673,116,1993376
2025-04-18 21:17:29,416,training_run_ep 163000,-,1,143645,0,1089884,1111462,0,1994289
2025-04-18 21:17:52,416,training_run_ep 163500,-,1,144145,0,1092662,1114194,0,1997449
2025-04-18 21:17:55,416,level_complete,2913,1,144189,0,1093028,1114553,32,1997877
2025-04-18 21:17:57,416,level_complete,2914,2,144225,0,1093363,1114835,99,1998442
2025-04-18 21:17:58,416,level_complete,2915,3,144232,0,1093456,1114894,139,1998756
2025-04-18 21:17:59,416,level_complete,2916,4,144252,0,1093661,1115077,40,1999055
2025-04-18 21:18:00,416,level_complete,2917,5,144273,0,1093955,1115246,74,1999852
2025-04-18 21:18:01,416,level_complete,2918,6,144292,0,1094164,1115358,171,2000658
2025-04-18 21:18:02,416,level_complete,2919,7,144301,0,1094300,1115462,56,2000996
2025-04-18 21:18:02,416,game_complete,-,8,144301,0,1094300,1115462,56,2000996
2025-04-18 21:18:14,417,level_complete,2920,1,144538,0,1095851,1116974,37,2002832
2025-04-18 21:18:15,417,level_complete,2921,2,144550,0,1095996,1117092,64,2003170
2025-04-18 21:18:15,417,level_complete,2922,3,144557,0,1096109,1117154,47,2003541
2025-04-18 21:18:16,417,level_complete,2923,4,144575,0,1096257,1117342,33,2003734
2025-04-18 21:18:20,417,training_run_ep 164000,-,5,144645,0,1097008,1117781,0,2005706
2025-04-18 21:18:21,417,level_complete,2924,5,144654,0,1097151,1117862,83,2006157
2025-04-18 21:18:22,417,level_complete,2925,6,144677,0,1097423,1118027,93,2006851
2025-04-18 21:18:26,417,level_complete,2926,7,144780,0,1098307,1118716,163,2009323
2025-04-18 21:18:26,417,game_complete,-,8,144780,0,1098307,1118716,163,2009323
2025-04-18 21:18:46,418,level_complete,2927,1,145125,0,1100888,1121229,37,2012362
2025-04-18 21:18:47,418,level_complete,2928,2,145138,0,1101012,1121366,41,2012571
2025-04-18 21:18:47,418,level_complete,2929,3,145140,0,1101047,1121391,79,2012656
2025-04-18 21:18:48,418,level_complete,2930,4,145142,0,1101075,1121420,41,2012701
2025-04-18 21:18:49,418,training_run_ep 164500,-,5,145145,0,1101126,1121464,0,2012813
2025-04-18 21:18:50,418,level_complete,2931,5,145175,0,1101512,1121713,80,2013823
2025-04-18 21:18:52,418,level_complete,2932,6,145211,0,1101855,1121948,126,2014731
2025-04-18 21:18:54,418,level_complete,2933,7,145250,0,1102301,1122329,43,2015633
2025-04-18 21:18:54,418,game_complete,-,8,145250,0,1102301,1122329,43,2015633
2025-04-18 21:18:56,419,level_complete,2934,1,145275,0,1102539,1122562,40,2015918
2025-04-18 21:18:57,419,level_complete,2935,2,145284,0,1102669,1122694,89,2016178
2025-04-18 21:18:58,419,level_complete,2936,3,145295,0,1102824,1122798,58,2016607
2025-04-18 21:18:58,419,level_complete,2937,4,145297,0,1102857,1122822,56,2016672
2025-04-18 21:18:58,419,level_complete,2938,5,145302,0,1102935,1122877,121,2016937
2025-04-18 21:19:01,419,level_complete,2939,6,145350,0,1103420,1123246,51,2018044
2025-04-18 21:19:03,419,level_complete,2940,7,145396,0,1103848,1123570,108,2019060
2025-04-18 21:19:03,419,game_complete,-,8,145396,0,1103848,1123570,108,2019060
2025-04-18 21:19:16,420,training_run_ep 165000,-,1,145645,0,1105518,1125162,0,2021004
2025-04-18 21:19:27,420,level_complete,2941,1,145831,0,1106835,1126459,34,2022525
2025-04-18 21:19:33,420,level_complete,2942,2,145971,0,1107883,1127397,53,2024145
2025-04-18 21:19:34,420,level_complete,2943,3,145998,0,1108149,1127526,106,2025034
2025-04-18 21:19:38,420,level_complete,2944,4,146092,0,1108808,1128075,39,2026003
2025-04-18 21:19:39,420,level_complete,2945,5,146112,0,1108997,1128200,91,2026427
2025-04-18 21:19:41,420,training_run_ep 165500,-,6,146145,0,1109308,1128403,0,2027256
2025-04-18 21:19:41,420,level_complete,2946,6,146147,0,1109344,1128421,92,2027354
2025-04-18 21:19:43,420,level_complete,2947,7,146165,0,1109630,1128688,241,2028406
2025-04-18 21:19:43,420,game_complete,-,8,146165,0,1109630,1128688,241,2028406
2025-04-18 21:19:44,421,level_complete,2948,1,146171,0,1109716,1128790,35,2028506
2025-04-18 21:19:45,421,level_complete,2949,2,146178,0,1109785,1128853,49,2028607
2025-04-18 21:19:47,421,level_complete,2950,3,146245,0,1110410,1129181,110,2030402
2025-04-18 21:19:53,421,level_complete,2951,4,146384,0,1111348,1129977,30,2031899
2025-04-18 21:19:55,421,level_complete,2952,5,146424,0,1111830,1130257,71,2033370
2025-04-18 21:19:55,421,level_complete,2953,6,146442,0,1112044,1130362,84,2033977
2025-04-18 21:19:56,421,level_complete,2954,7,146460,0,1112142,1130441,86,2034156
2025-04-18 21:19:56,421,game_complete,-,8,146460,0,1112142,1130441,86,2034156
2025-04-18 21:20:03,422,training_run_ep 166000,-,1,146645,0,1112962,1131234,0,2035054
2025-04-18 21:20:07,422,level_complete,2955,1,146719,0,1113440,1131701,37,2035598
2025-04-18 21:20:07,422,level_complete,2956,2,146730,0,1113526,1131761,60,2035775
2025-04-18 21:20:09,422,level_complete,2957,3,146763,0,1113993,1131954,48,2037705
2025-04-18 21:20:09,422,level_complete,2958,4,146767,0,1114042,1131992,53,2037794
2025-04-18 21:20:13,422,level_complete,2959,5,146876,0,1115105,1132582,46,2040816
2025-04-18 21:20:14,422,level_complete,2960,6,146905,0,1115399,1132764,53,2041620
2025-04-18 21:20:16,422,level_complete,2961,7,146939,0,1115792,1133069,97,2042815
2025-04-18 21:20:16,422,game_complete,-,8,146939,0,1115792,1133069,97,2042815
2025-04-18 21:20:21,423,level_complete,2962,1,147010,0,1116347,1133616,35,2043445
2025-04-18 21:20:26,423,training_run_ep 166500,-,2,147145,0,1117093,1134222,0,2044659
2025-04-18 21:20:33,423,level_complete,2963,2,147298,0,1118207,1135157,34,2046504
2025-04-18 21:20:34,423,level_complete,2964,3,147305,0,1118340,1135226,126,2047121
2025-04-18 21:20:34,423,level_complete,2965,4,147312,0,1118406,1135285,30,2047197
2025-04-18 21:20:39,423,level_complete,2966,5,147424,0,1119513,1135935,81,2050112
2025-04-18 21:20:39,423,level_complete,2967,6,147427,0,1119549,1135956,114,2050233
2025-04-18 21:20:41,423,level_complete,2968,7,147480,0,1120074,1136296,69,2052003
2025-04-18 21:20:41,423,game_complete,-,8,147480,0,1120074,1136296,69,2052003
2025-04-18 21:20:50,424,level_complete,2969,1,147641,0,1121268,1137474,46,2053413
2025-04-18 21:20:52,424,training_run_ep 167000,-,2,147645,0,1121308,1137515,0,2053463
2025-04-18 21:21:01,424,level_complete,2970,2,147772,0,1122686,1138733,45,2055637
2025-04-18 21:21:01,424,level_complete,2971,3,147774,0,1122740,1138770,117,2055824
2025-04-18 21:21:02,424,level_complete,2972,4,147793,0,1122981,1138993,46,2056223
2025-04-18 21:21:03,424,level_complete,2973,5,147797,0,1123033,1139027,88,2056355
2025-04-18 21:21:03,424,level_complete,2974,6,147807,0,1123164,1139141,40,2056573
2025-04-18 21:21:07,424,level_complete,2975,7,147869,0,1123743,1139628,71,2058294
2025-04-18 21:21:07,424,game_complete,-,8,147869,0,1123743,1139628,71,2058294
2025-04-18 21:21:07,425,level_complete,2976,1,147870,0,1123773,1139675,40,2058334
2025-04-18 21:21:08,425,level_complete,2977,2,147882,0,1123909,1139794,49,2058628
2025-04-18 21:21:09,425,level_complete,2978,3,147899,0,1124189,1139967,187,2059436
2025-04-18 21:21:09,425,level_complete,2979,4,147903,0,1124244,1140013,52,2059527
2025-04-18 21:21:10,425,level_complete,2980,5,147911,0,1124405,1140114,68,2059950
2025-04-18 21:21:10,425,level_complete,2981,6,147914,0,1124484,1140160,134,2060231
2025-04-18 21:21:11,425,level_complete,2982,7,147921,0,1124589,1140268,45,2060416
2025-04-18 21:21:11,425,game_complete,-,8,147921,0,1124589,1140268,45,2060416
2025-04-18 21:21:23,426,training_run_ep 167500,-,1,148145,0,1125987,1141685,0,2062091
2025-04-18 21:21:44,426,level_complete,2983,1,148576,0,1128744,1144314,37,2065348
2025-04-18 21:21:49,426,training_run_ep 168000,-,2,148645,0,1129390,1144837,0,2066384
2025-04-18 21:21:54,426,level_complete,2984,2,148762,0,1130143,1145490,49,2067541
2025-04-18 21:21:55,426,level_complete,2985,3,148798,0,1130458,1145644,151,2068686
2025-04-18 21:21:57,426,level_complete,2986,4,148852,0,1130758,1145913,30,2069104
2025-04-18 21:21:58,426,level_complete,2987,5,148862,0,1130899,1146051,43,2069454
2025-04-18 21:22:00,426,level_complete,2988,6,148920,0,1131352,1146383,92,2070339
2025-04-18 21:22:00,426,level_complete,2989,7,148921,0,1131382,1146396,175,2070514
2025-04-18 21:22:00,426,game_complete,-,8,148921,0,1131382,1146396,175,2070514
2025-04-18 21:22:08,427,level_complete,2990,1,149061,0,1132319,1147417,33,2071596
2025-04-18 21:22:12,427,training_run_ep 168500,-,2,149145,0,1132777,1147803,0,2072333
2025-04-18 21:22:24,427,level_complete,2991,2,149444,0,1134760,1149393,44,2075655
2025-04-18 21:22:25,427,level_complete,2992,3,149472,0,1135082,1149553,51,2076561
2025-04-18 21:22:25,427,level_complete,2993,4,149475,0,1135117,1149580,36,2076611
2025-04-18 21:22:27,427,level_complete,2994,5,149506,0,1135442,1149770,72,2077486
2025-04-18 21:22:28,427,level_complete,2995,6,149527,0,1135612,1149894,65,2077909
2025-04-18 21:22:28,427,level_complete,2996,7,149541,0,1135736,1149979,90,2078373
2025-04-18 21:22:28,427,game_complete,-,8,149541,0,1135736,1149979,90,2078373
2025-04-18 21:22:32,428,training_run_ep 169000,-,1,149645,0,1136171,1150390,0,2078885
2025-04-18 21:22:34,428,level_complete,2997,1,149675,0,1136346,1150556,31,2079083
2025-04-18 21:22:34,428,level_complete,2998,2,149691,0,1136472,1150660,58,2079308
2025-04-18 21:22:35,428,level_complete,2999,3,149711,0,1136657,1150763,79,2079841
2025-04-18 21:22:38,428,level_complete,3000,4,149781,0,1137147,1151158,64,2080667
2025-04-18 21:22:38,428,level_complete,3001,5,149791,0,1137266,1151217,126,2081096
2025-04-18 21:22:40,428,level_complete,3002,6,149836,0,1137746,1151532,81,2082318
2025-04-18 21:22:50,428,training_run_ep 169500,-,7,150145,0,1139684,1152915,0,2088053
2025-04-18 21:22:52,428,level_complete,3003,7,150217,0,1140214,1153277,55,2089418
2025-04-18 21:22:52,428,game_complete,-,8,150217,0,1140214,1153277,55,2089418
2025-04-18 21:23:10,429,training_run_ep 170000,-,1,150645,0,1142396,1155340,0,2091937
2025-04-18 21:23:28,429,training_run_ep 170500,-,1,151145,0,1144573,1157378,0,2094447
2025-04-18 21:23:48,429,training_run_ep 171000,-,1,151645,0,1147025,1159638,0,2097265
2025-04-18 21:23:48,429,level_complete,3004,1,151647,0,1147058,1159678,38,2097306
2025-04-18 21:23:48,429,level_complete,3005,2,151648,0,1147088,1159705,50,2097356
2025-04-18 21:23:48,429,level_complete,3006,3,151656,0,1147203,1159743,408,2098127
2025-04-18 21:23:51,429,level_complete,3007,4,151721,0,1147625,1160105,29,2098787
2025-04-18 21:23:53,429,level_complete,3008,5,151782,0,1148185,1160428,89,2100311
2025-04-18 21:23:56,429,level_complete,3009,6,151896,0,1148958,1160912,104,2102165
2025-04-18 21:23:58,429,level_complete,3010,7,151963,0,1149366,1161178,90,2103348
2025-04-18 21:23:58,429,game_complete,-,8,151963,0,1149366,1161178,90,2103348
2025-04-18 21:24:10,430,level_complete,3011,1,152140,0,1150848,1162644,37,2105044
2025-04-18 21:24:11,430,training_run_ep 171500,-,2,152145,0,1150925,1162694,0,2105214
2025-04-18 21:24:14,430,level_complete,3012,2,152194,0,1151445,1163154,41,2106145
2025-04-18 21:24:15,430,level_complete,3013,3,152204,0,1151566,1163219,50,2106540
2025-04-18 21:24:16,430,level_complete,3014,4,152235,0,1151818,1163451,29,2106882
2025-04-18 21:24:18,430,level_complete,3015,5,152266,0,1152149,1163667,76,2107620
2025-04-18 21:24:19,430,level_complete,3016,6,152297,0,1152474,1163921,129,2108485
2025-04-18 21:24:20,430,level_complete,3017,7,152313,0,1152589,1164015,153,2108770
2025-04-18 21:24:20,430,game_complete,-,8,152313,0,1152589,1164015,153,2108770
2025-04-18 21:24:38,431,training_run_ep 172000,-,1,152645,0,1154856,1166236,0,2111396
2025-04-18 21:25:12,431,training_run_ep 172500,-,1,153145,0,1159182,1170437,0,2116537
2025-04-18 21:25:28,431,level_complete,3018,1,153443,0,1161285,1172472,35,2118996
2025-04-18 21:25:36,431,level_complete,3019,2,153579,0,1162574,1173547,63,2121151
2025-04-18 21:25:37,431,level_complete,3020,3,153583,0,1162648,1173592,42,2121348
2025-04-18 21:25:37,431,level_complete,3021,4,153589,0,1162736,1173658,41,2121517
2025-04-18 21:25:37,431,level_complete,3022,5,153592,0,1162782,1173699,67,2121616
2025-04-18 21:25:38,431,level_complete,3023,6,153611,0,1162982,1173848,54,2122020
2025-04-18 21:25:42,431,training_run_ep 173000,-,7,153645,0,1163483,1174271,0,2123344
2025-04-18 21:25:42,431,level_complete,3024,7,153648,0,1163570,1174323,100,2123723
2025-04-18 21:25:42,431,game_complete,-,8,153648,0,1163570,1174323,100,2123723
2025-04-18 21:25:43,432,level_complete,3025,1,153662,0,1163724,1174470,36,2123907
2025-04-18 21:25:44,432,level_complete,3026,2,153664,0,1163760,1174511,40,2123954
2025-04-18 21:25:44,432,level_complete,3027,3,153669,0,1163808,1174546,62,2124041
2025-04-18 21:25:44,432,level_complete,3028,4,153681,0,1163903,1174628,37,2124179
2025-04-18 21:25:45,432,level_complete,3029,5,153682,0,1163933,1174657,89,2124268
2025-04-18 21:25:45,432,level_complete,3030,6,153685,0,1163982,1174687,143,2124439
2025-04-18 21:25:45,432,level_complete,3031,7,153687,0,1164013,1174711,79,2124519
2025-04-18 21:25:45,432,game_complete,-,8,153687,0,1164013,1174711,79,2124519
2025-04-18 21:25:47,433,level_complete,3032,1,153707,0,1164279,1174961,40,2124871
2025-04-18 21:25:47,433,level_complete,3033,2,153708,0,1164309,1174989,108,2124979
2025-04-18 21:25:47,433,level_complete,3034,3,153717,0,1164430,1175039,111,2125474
2025-04-18 21:25:48,433,level_complete,3035,4,153719,0,1164473,1175074,58,2125557
2025-04-18 21:25:48,433,level_complete,3036,5,153729,0,1164597,1175159,44,2125887
2025-04-18 21:25:49,433,level_complete,3037,6,153736,0,1164681,1175208,72,2126075
2025-04-18 21:25:49,433,level_complete,3038,7,153741,0,1164733,1175237,284,2126385
2025-04-18 21:25:49,433,game_complete,-,8,153741,0,1164733,1175237,284,2126385
2025-04-18 21:25:50,434,level_complete,3039,1,153750,0,1164820,1175345,33,2126491
2025-04-18 21:25:51,434,level_complete,3040,2,153755,0,1164926,1175503,35,2126651
2025-04-18 21:25:51,434,level_complete,3041,3,153756,0,1164956,1175523,74,2126725
2025-04-18 21:25:51,434,level_complete,3042,4,153757,0,1164981,1175562,30,2126755
2025-04-18 21:25:51,434,level_complete,3043,5,153758,0,1165011,1175608,47,2126802
2025-04-18 21:25:52,434,level_complete,3044,6,153760,0,1165052,1175644,69,2126883
2025-04-18 21:25:52,434,level_complete,3045,7,153762,0,1165084,1175679,83,2126968
2025-04-18 21:25:52,434,game_complete,-,8,153762,0,1165084,1175679,83,2126968
2025-04-18 21:25:53,435,level_complete,3046,1,153767,0,1165167,1175797,31,2127064
2025-04-18 21:25:53,435,level_complete,3047,2,153771,0,1165220,1175864,44,2127146
2025-04-18 21:25:54,435,level_complete,3048,3,153775,0,1165281,1175900,169,2127372
2025-04-18 21:25:54,435,level_complete,3049,4,153776,0,1165306,1175920,40,2127412
2025-04-18 21:25:54,435,level_complete,3050,5,153777,0,1165336,1175941,134,2127546
2025-04-18 21:25:54,435,level_complete,3051,6,153780,0,1165415,1175990,90,2127759
2025-04-18 21:25:54,435,level_complete,3052,7,153783,0,1165476,1176027,87,2127903
2025-04-18 21:25:54,435,game_complete,-,8,153783,0,1165476,1176027,87,2127903
2025-04-18 21:25:56,436,level_complete,3053,1,153788,0,1165584,1176192,35,2128024
2025-04-18 21:25:57,436,level_complete,3054,2,153802,0,1165775,1176422,35,2128332
2025-04-18 21:25:58,436,level_complete,3055,3,153818,0,1165912,1176515,90,2128760
2025-04-18 21:25:59,436,level_complete,3056,4,153826,0,1166037,1176636,37,2128946
2025-04-18 21:26:00,436,level_complete,3057,5,153842,0,1166317,1176833,70,2129532
2025-04-18 21:26:01,436,level_complete,3058,6,153854,0,1166462,1176937,69,2129853
2025-04-18 21:26:01,436,level_complete,3059,7,153863,0,1166567,1177019,79,2130121
2025-04-18 21:26:01,436,game_complete,-,8,153863,0,1166567,1177019,79,2130121
2025-04-18 21:26:02,437,level_complete,3060,1,153864,0,1166597,1177055,37,2130158
2025-04-18 21:26:02,437,level_complete,3061,2,153867,0,1166638,1177107,48,2130224
2025-04-18 21:26:02,437,level_complete,3062,3,153868,0,1166668,1177126,71,2130295
2025-04-18 21:26:03,437,level_complete,3063,4,153874,0,1166737,1177198,34,2130382
2025-04-18 21:26:04,437,level_complete,3064,5,153899,0,1167002,1177348,79,2131211
2025-04-18 21:26:04,437,level_complete,3065,6,153908,0,1167107,1177432,33,2131444
2025-04-18 21:26:05,437,level_complete,3066,7,153918,0,1167202,1177504,64,2131669
2025-04-18 21:26:05,437,game_complete,-,8,153918,0,1167202,1177504,64,2131669
2025-04-18 21:26:06,438,level_complete,3067,1,153930,0,1167386,1177717,37,2131888
2025-04-18 21:26:07,438,level_complete,3068,2,153936,0,1167490,1177812,62,2132071
2025-04-18 21:26:07,438,level_complete,3069,3,153937,0,1167520,1177821,192,2132263
2025-04-18 21:26:07,438,level_complete,3070,4,153939,0,1167552,1177852,37,2132307
2025-04-18 21:26:07,438,level_complete,3071,5,153940,0,1167582,1177868,71,2132378
2025-04-18 21:26:08,438,level_complete,3072,6,153946,0,1167730,1177983,90,2132725
2025-04-18 21:26:08,438,level_complete,3073,7,153947,0,1167760,1178001,107,2132832
2025-04-18 21:26:08,438,game_complete,-,8,153947,0,1167760,1178001,107,2132832
2025-04-18 21:26:09,439,level_complete,3074,1,153961,0,1167896,1178148,31,2132983
2025-04-18 21:26:10,439,level_complete,3075,2,153963,0,1167929,1178184,41,2133027
2025-04-18 21:26:11,439,level_complete,3076,3,153978,0,1168167,1178331,40,2133764
2025-04-18 21:26:11,439,level_complete,3077,4,153979,0,1168192,1178360,30,2133794
2025-04-18 21:26:12,439,level_complete,3078,5,153992,0,1168372,1178478,66,2134241
2025-04-18 21:26:12,439,level_complete,3079,6,154013,0,1168558,1178594,78,2134825
2025-04-18 21:26:13,439,level_complete,3080,7,154017,0,1168641,1178649,47,2135055
2025-04-18 21:26:13,439,game_complete,-,8,154017,0,1168641,1178649,47,2135055
2025-04-18 21:26:16,440,level_complete,3081,1,154061,0,1169039,1179044,38,2135535
2025-04-18 21:26:17,440,level_complete,3082,2,154077,0,1169241,1179238,42,2135843
2025-04-18 21:26:18,440,level_complete,3083,3,154084,0,1169382,1179316,80,2136296
2025-04-18 21:26:19,440,level_complete,3084,4,154099,0,1169564,1179463,88,2136647
2025-04-18 21:26:19,440,level_complete,3085,5,154108,0,1169669,1179521,104,2136912
2025-04-18 21:26:19,440,level_complete,3086,6,154110,0,1169702,1179537,101,2137016
2025-04-18 21:26:20,440,level_complete,3087,7,154122,0,1169841,1179650,52,2137331
2025-04-18 21:26:20,440,game_complete,-,8,154122,0,1169841,1179650,52,2137331
2025-04-18 21:26:21,441,level_complete,3088,1,154133,0,1169975,1179820,36,2137497
2025-04-18 21:26:22,441,level_complete,3089,2,154136,0,1170049,1179901,59,2137623
2025-04-18 21:26:22,441,level_complete,3090,3,154142,0,1170164,1179971,85,2138008
2025-04-18 21:26:23,441,training_run_ep 173500,-,4,154145,0,1170184,1179985,0,2138039
2025-04-18 21:26:24,441,level_complete,3091,4,154158,0,1170266,1180055,31,2138154
2025-04-18 21:26:25,441,level_complete,3092,5,154174,0,1170486,1180205,56,2138637
2025-04-18 21:26:27,441,level_complete,3093,6,154203,0,1170830,1180453,62,2139364
2025-04-18 21:26:27,441,level_complete,3094,7,154208,0,1170879,1180484,60,2139509
2025-04-18 21:26:27,441,game_complete,-,8,154208,0,1170879,1180484,60,2139509
2025-04-18 21:26:50,442,training_run_ep 174000,-,1,154645,0,1173779,1183274,0,2142932
2025-04-18 21:26:54,442,level_complete,3095,1,154737,0,1174289,1183764,32,2143533
2025-04-18 21:27:09,442,training_run_ep 174500,-,2,155145,0,1176599,1185579,0,2147435
2025-04-18 21:27:13,442,level_complete,3096,2,155243,0,1177329,1186166,40,2148648
2025-04-18 21:27:13,442,level_complete,3097,3,155247,0,1177374,1186204,40,2148745
2025-04-18 21:27:16,442,level_complete,3098,4,155317,0,1177873,1186636,67,2149478
2025-04-18 21:27:19,442,level_complete,3099,5,155372,0,1178549,1186993,142,2151711
2025-04-18 21:27:19,442,level_complete,3100,6,155385,0,1178657,1187067,184,2152125
2025-04-18 21:27:20,442,level_complete,3101,7,155409,0,1178858,1187233,68,2152493
2025-04-18 21:27:20,442,game_complete,-,8,155409,0,1178858,1187233,68,2152493
2025-04-18 21:27:27,443,level_complete,3102,1,155505,0,1179652,1188054,35,2153446
2025-04-18 21:27:27,443,level_complete,3103,2,155509,0,1179710,1188117,36,2153529
2025-04-18 21:27:27,443,level_complete,3104,3,155511,0,1179751,1188134,96,2153659
2025-04-18 21:27:27,443,level_complete,3105,4,155512,0,1179776,1188159,35,2153694
2025-04-18 21:27:28,443,level_complete,3106,5,155513,0,1179806,1188176,241,2153935
2025-04-18 21:27:28,443,level_complete,3107,6,155516,0,1179860,1188211,84,2154068
2025-04-18 21:27:30,443,level_complete,3108,7,155562,0,1180298,1188499,156,2155477
2025-04-18 21:27:30,443,game_complete,-,8,155562,0,1180298,1188499,156,2155477
2025-04-18 21:27:34,444,training_run_ep 175000,-,1,155645,0,1180787,1188984,0,2156048
2025-04-18 21:27:38,444,level_complete,3109,1,155711,0,1181262,1189468,35,2156585
2025-04-18 21:28:01,444,training_run_ep 175500,-,2,156145,0,1184897,1192413,0,2162820
2025-04-18 21:28:13,444,level_complete,3110,2,156389,0,1186743,1194031,48,2165806
2025-04-18 21:28:16,444,level_complete,3111,3,156449,0,1187527,1194487,152,2168331
2025-04-18 21:28:17,444,level_complete,3112,4,156457,0,1187601,1194558,41,2168427
2025-04-18 21:28:17,444,level_complete,3113,5,156465,0,1187679,1194623,49,2168535
2025-04-18 21:28:17,444,level_complete,3114,6,156466,0,1187709,1194641,102,2168637
2025-04-18 21:28:18,444,level_complete,3115,7,156477,0,1187826,1194722,185,2169163
2025-04-18 21:28:18,444,game_complete,-,8,156477,0,1187826,1194722,185,2169163
2025-04-18 21:28:28,445,level_complete,3116,1,156627,0,1189226,1196075,35,2170790
2025-04-18 21:28:29,445,level_complete,3117,2,156636,0,1189299,1196152,48,2170903
2025-04-18 21:28:30,445,training_run_ep 176000,-,3,156645,0,1189407,1196204,0,2171300
2025-04-18 21:28:30,445,level_complete,3118,3,156653,0,1189465,1196248,82,2171439
2025-04-18 21:28:31,445,level_complete,3119,4,156671,0,1189635,1196379,39,2171725
2025-04-18 21:28:32,445,level_complete,3120,5,156676,0,1189728,1196431,62,2171962
2025-04-18 21:28:32,445,level_complete,3121,6,156679,0,1189796,1196478,66,2172141
2025-04-18 21:28:34,445,level_complete,3122,7,156723,0,1190137,1196747,146,2172928
2025-04-18 21:28:34,445,game_complete,-,8,156723,0,1190137,1196747,146,2172928
2025-04-18 21:28:36,446,level_complete,3123,1,156747,0,1190463,1197078,36,2173324
2025-04-18 21:28:40,446,level_complete,3124,2,156780,0,1191005,1197562,87,2174241
2025-04-18 21:28:40,446,level_complete,3125,3,156781,0,1191035,1197571,244,2174485
2025-04-18 21:28:40,446,level_complete,3126,4,156782,0,1191060,1197597,34,2174519
2025-04-18 21:28:40,446,level_complete,3127,5,156783,0,1191090,1197643,50,2174569
2025-04-18 21:28:40,446,level_complete,3128,6,156786,0,1191127,1197653,267,2174845
2025-04-18 21:28:42,446,level_complete,3129,7,156809,0,1191441,1197875,60,2175793
2025-04-18 21:28:42,446,game_complete,-,8,156809,0,1191441,1197875,60,2175793
2025-04-18 21:28:43,447,level_complete,3130,1,156823,0,1191594,1198044,32,2175971
2025-04-18 21:28:47,447,level_complete,3131,2,156902,0,1192370,1198618,51,2177522
2025-04-18 21:28:49,447,level_complete,3132,3,156926,0,1192737,1198815,98,2178546
2025-04-18 21:28:49,447,level_complete,3133,4,156927,0,1192762,1198845,34,2178580
2025-04-18 21:28:49,447,level_complete,3134,5,156929,0,1192801,1198877,71,2178670
2025-04-18 21:28:50,447,level_complete,3135,6,156933,0,1192901,1198950,93,2178882
2025-04-18 21:28:50,447,level_complete,3136,7,156936,0,1192955,1199001,189,2179101
2025-04-18 21:28:50,447,game_complete,-,8,156936,0,1192955,1199001,189,2179101
2025-04-18 21:28:51,448,level_complete,3137,1,156950,0,1193138,1199181,34,2179315
2025-04-18 21:28:52,448,level_complete,3138,2,156959,0,1193245,1199269,36,2179502
2025-04-18 21:28:53,448,level_complete,3139,3,156962,0,1193310,1199328,103,2179659
2025-04-18 21:28:53,448,level_complete,3140,4,156963,0,1193335,1199358,36,2179695
2025-04-18 21:28:53,448,level_complete,3141,5,156968,0,1193445,1199439,73,2180032
2025-04-18 21:28:54,448,level_complete,3142,6,156984,0,1193664,1199579,89,2180625
2025-04-18 21:28:55,448,level_complete,3143,7,156991,0,1193723,1199621,162,2180818
2025-04-18 21:28:55,448,game_complete,-,8,156991,0,1193723,1199621,162,2180818
2025-04-18 21:28:55,449,level_complete,3144,1,156992,0,1193753,1199661,41,2180859
2025-04-18 21:28:55,449,level_complete,3145,2,156994,0,1193810,1199738,48,2180950
2025-04-18 21:28:55,449,level_complete,3146,3,156995,0,1193840,1199753,109,2181059
2025-04-18 21:28:56,449,level_complete,3147,4,156996,0,1193865,1199772,36,2181095
2025-04-18 21:28:56,449,level_complete,3148,5,157004,0,1193943,1199858,65,2181259
2025-04-18 21:28:56,449,level_complete,3149,6,157005,0,1193973,1199881,79,2181338
2025-04-18 21:28:56,449,level_complete,3150,7,157006,0,1194003,1199893,150,2181488
2025-04-18 21:28:56,449,game_complete,-,8,157006,0,1194003,1199893,150,2181488
2025-04-18 21:28:59,450,level_complete,3151,1,157035,0,1194322,1200228,38,2181869
2025-04-18 21:28:59,450,level_complete,3152,2,157036,0,1194352,1200250,67,2181936
2025-04-18 21:29:00,450,level_complete,3153,3,157041,0,1194425,1200292,80,2182101
2025-04-18 21:29:00,450,level_complete,3154,4,157049,0,1194490,1200356,34,2182189
2025-04-18 21:29:01,450,level_complete,3155,5,157053,0,1194586,1200430,153,2182494
2025-04-18 21:29:01,450,level_complete,3156,6,157058,0,1194677,1200486,190,2182841
2025-04-18 21:29:01,450,level_complete,3157,7,157061,0,1194722,1200543,58,2182920
2025-04-18 21:29:01,450,game_complete,-,8,157061,0,1194722,1200543,58,2182920
2025-04-18 21:29:02,451,level_complete,3158,1,157063,0,1194781,1200615,33,2182987
2025-04-18 21:29:02,451,level_complete,3159,2,157064,0,1194811,1200662,53,2183040
2025-04-18 21:29:02,451,level_complete,3160,3,157067,0,1194880,1200697,52,2183201
2025-04-18 21:29:03,451,level_complete,3161,4,157071,0,1194934,1200747,54,2183302
2025-04-18 21:29:03,451,level_complete,3162,5,157075,0,1194994,1200798,60,2183427
2025-04-18 21:29:03,451,level_complete,3163,6,157077,0,1195050,1200847,49,2183517
2025-04-18 21:29:04,451,level_complete,3164,7,157084,0,1195162,1200949,51,2183940
2025-04-18 21:29:04,451,game_complete,-,8,157084,0,1195162,1200949,51,2183940
2025-04-18 21:29:06,452,level_complete,3165,1,157098,0,1195403,1201192,34,2184220
2025-04-18 21:29:06,452,level_complete,3166,2,157104,0,1195444,1201254,41,2184272
2025-04-18 21:29:07,452,level_complete,3167,3,157108,0,1195516,1201299,151,2184551
2025-04-18 21:29:07,452,level_complete,3168,4,157117,0,1195593,1201360,36,2184673
2025-04-18 21:29:09,452,level_complete,3169,5,157140,0,1195912,1201574,83,2185678
2025-04-18 21:29:10,452,training_run_ep 176500,-,6,157145,0,1195947,1201593,0,2185763
2025-04-18 21:29:11,452,level_complete,3170,6,157163,0,1196119,1201709,170,2186227
2025-04-18 21:29:13,452,level_complete,3171,7,157240,0,1196716,1202130,186,2187808
2025-04-18 21:29:13,452,game_complete,-,8,157240,0,1196716,1202130,186,2187808
2025-04-18 21:29:26,453,level_complete,3172,1,157474,0,1198367,1203782,34,2189757
2025-04-18 21:29:27,453,level_complete,3173,2,157478,0,1198436,1203850,55,2189869
2025-04-18 21:29:27,453,level_complete,3174,3,157487,0,1198497,1203895,83,2189987
2025-04-18 21:29:28,453,level_complete,3175,4,157500,0,1198579,1203981,32,2190088
2025-04-18 21:29:29,453,level_complete,3176,5,157508,0,1198711,1204109,68,2190461
2025-04-18 21:29:30,453,level_complete,3177,6,157528,0,1198968,1204273,89,2190999
2025-04-18 21:29:33,453,level_complete,3178,7,157601,0,1199660,1204771,244,2192900
2025-04-18 21:29:33,453,game_complete,-,8,157601,0,1199660,1204771,244,2192900
2025-04-18 21:29:36,454,training_run_ep 177000,-,1,157645,0,1199879,1204992,0,2193141
2025-04-18 21:29:44,454,level_complete,3179,1,157783,0,1200891,1206006,51,2194346
2025-04-18 21:29:53,454,level_complete,3180,2,157983,0,1202343,1207302,101,2196693
2025-04-18 21:29:53,454,level_complete,3181,3,157985,0,1202376,1207317,93,2196790
2025-04-18 21:29:59,454,training_run_ep 177500,-,4,158145,0,1203069,1207874,0,2197851
2025-04-18 21:30:02,454,level_complete,3182,4,158258,0,1203665,1208384,50,2198695
2025-04-18 21:30:03,454,level_complete,3183,5,158292,0,1203950,1208520,116,2199753
2025-04-18 21:30:12,454,level_complete,3184,6,158613,0,1205912,1209872,186,2204477
2025-04-18 21:30:13,454,level_complete,3185,7,158638,0,1206153,1210036,141,2205215
2025-04-18 21:30:13,454,game_complete,-,8,158638,0,1206153,1210036,141,2205215
2025-04-18 21:30:14,455,training_run_ep 178000,-,1,158645,0,1206186,1210071,0,2205249
2025-04-18 21:30:23,455,level_complete,3186,1,158824,0,1207317,1211195,36,2206560
2025-04-18 21:30:25,455,level_complete,3187,2,158846,0,1207567,1211392,36,2207030
2025-04-18 21:30:26,455,level_complete,3188,3,158875,0,1207856,1211558,118,2208021
2025-04-18 21:30:26,455,level_complete,3189,4,158880,0,1207890,1211597,38,2208068
2025-04-18 21:30:27,455,level_complete,3190,5,158892,0,1207984,1211658,158,2208335
2025-04-18 21:30:27,455,level_complete,3191,6,158900,0,1208074,1211711,59,2208607
2025-04-18 21:30:29,455,level_complete,3192,7,158941,0,1208494,1211979,243,2210084
2025-04-18 21:30:29,455,game_complete,-,8,158941,0,1208494,1211979,243,2210084
2025-04-18 21:30:43,456,training_run_ep 178500,-,1,159145,0,1210128,1213599,0,2211977
2025-04-18 21:30:43,456,level_complete,3193,1,159156,0,1210243,1213706,33,2212119
2025-04-18 21:30:49,456,level_complete,3194,2,159265,0,1211231,1214507,54,2213716
2025-04-18 21:30:50,456,level_complete,3195,3,159284,0,1211441,1214653,47,2214197
2025-04-18 21:30:51,456,level_complete,3196,4,159286,0,1211471,1214701,28,2214230
2025-04-18 21:30:53,456,level_complete,3197,5,159363,0,1212107,1215104,208,2216002
2025-04-18 21:30:54,456,level_complete,3198,6,159366,0,1212149,1215147,75,2216090
2025-04-18 21:30:55,456,level_complete,3199,7,159394,0,1212480,1215380,88,2216994
2025-04-18 21:30:55,456,game_complete,-,8,159394,0,1212480,1215380,88,2216994
2025-04-18 21:31:02,457,level_complete,3200,1,159520,0,1213346,1216243,38,2218006
2025-04-18 21:31:03,457,level_complete,3201,2,159533,0,1213496,1216378,51,2218263
2025-04-18 21:31:03,457,level_complete,3202,3,159536,0,1213540,1216409,202,2218500
2025-04-18 21:31:05,457,level_complete,3203,4,159587,0,1213927,1216693,55,2219170
2025-04-18 21:31:06,457,level_complete,3204,5,159593,0,1213997,1216739,71,2219311
2025-04-18 21:31:06,457,level_complete,3205,6,159601,0,1214087,1216808,40,2219502
2025-04-18 21:31:09,457,training_run_ep 179000,-,7,159645,0,1214521,1217100,0,2220615
2025-04-18 21:31:11,457,level_complete,3206,7,159699,0,1215072,1217500,49,2222187
2025-04-18 21:31:11,457,game_complete,-,8,159699,0,1215072,1217500,49,2222187
2025-04-18 21:31:16,458,level_complete,3207,1,159777,0,1215716,1218132,43,2222959
2025-04-18 21:31:21,458,level_complete,3208,2,159871,0,1216546,1218791,57,2224318
2025-04-18 21:31:22,458,level_complete,3209,3,159876,0,1216655,1218829,90,2224851
2025-04-18 21:31:22,458,level_complete,3210,4,159883,0,1216737,1218895,32,2224965
2025-04-18 21:31:23,458,level_complete,3211,5,159894,0,1216886,1218978,70,2225398
2025-04-18 21:31:23,458,level_complete,3212,6,159897,0,1216935,1219007,90,2225524
2025-04-18 21:31:23,458,level_complete,3213,7,159898,0,1216965,1219016,128,2225652
2025-04-18 21:31:23,458,game_complete,-,8,159898,0,1216965,1219016,128,2225652
2025-04-18 21:31:25,459,level_complete,3214,1,159936,0,1217255,1219313,33,2226025
2025-04-18 21:31:26,459,level_complete,3215,2,159946,0,1217381,1219422,72,2226272
2025-04-18 21:31:26,459,level_complete,3216,3,159948,0,1217415,1219441,173,2226452
2025-04-18 21:31:27,459,level_complete,3217,4,159958,0,1217529,1219543,42,2226620
2025-04-18 21:31:29,459,level_complete,3218,5,159995,0,1217881,1219789,106,2227547
2025-04-18 21:31:29,459,level_complete,3219,6,159996,0,1217911,1219808,82,2227629
2025-04-18 21:31:33,459,level_complete,3220,7,160116,0,1218841,1220517,164,2229886
2025-04-18 21:31:33,459,game_complete,-,8,160116,0,1218841,1220517,164,2229886
2025-04-18 21:31:37,460,training_run_ep 179500,-,1,160145,0,1219133,1220838,0,2230211
2025-04-18 21:31:49,460,level_complete,3221,1,160374,0,1220688,1222311,32,2232059
2025-04-18 21:31:50,460,level_complete,3222,2,160402,0,1220934,1222495,74,2232495
2025-04-18 21:31:51,460,level_complete,3223,3,160424,0,1221187,1222647,185,2233435
2025-04-18 21:31:52,460,level_complete,3224,4,160433,0,1221258,1222708,44,2233530
2025-04-18 21:31:52,460,level_complete,3225,5,160436,0,1221314,1222758,62,2233643
2025-04-18 21:31:52,460,level_complete,3226,6,160438,0,1221371,1222803,59,2233768
2025-04-18 21:31:55,460,level_complete,3227,7,160484,0,1221867,1223199,133,2234988
2025-04-18 21:31:55,460,game_complete,-,8,160484,0,1221867,1223199,133,2234988
2025-04-18 21:31:58,461,level_complete,3228,1,160520,0,1222229,1223564,37,2235410
2025-04-18 21:32:03,461,level_complete,3229,2,160606,0,1223071,1224282,45,2236773
2025-04-18 21:32:04,461,level_complete,3230,3,160615,0,1223237,1224418,84,2237155
2025-04-18 21:32:06,461,training_run_ep 180000,-,4,160645,0,1223400,1224556,0,2237396
2025-04-18 21:32:14,461,level_complete,3231,4,160815,0,1224748,1225644,32,2239536
2025-04-18 21:32:15,461,level_complete,3232,5,160833,0,1224959,1225751,93,2240221
2025-04-18 21:32:15,461,level_complete,3233,6,160835,0,1224991,1225770,63,2240286
2025-04-18 21:32:16,461,level_complete,3234,7,160856,0,1225254,1225897,115,2241350
2025-04-18 21:32:16,461,game_complete,-,8,160856,0,1225254,1225897,115,2241350
2025-04-18 21:32:30,462,training_run_ep 180500,-,1,161145,0,1227040,1227606,0,2243429
2025-04-18 21:32:44,462,level_complete,3235,1,161489,0,1228715,1229246,43,2245398
2025-04-18 21:32:50,462,training_run_ep 181000,-,2,161645,0,1229588,1229964,0,2246779
2025-04-18 21:33:00,462,level_complete,3236,2,161882,0,1231211,1231232,51,2249517
2025-04-18 21:33:00,462,level_complete,3237,3,161901,0,1231409,1231323,84,2250245
2025-04-18 21:33:06,462,level_complete,3238,4,162073,0,1232390,1232131,39,2251781
2025-04-18 21:33:07,462,level_complete,3239,5,162085,0,1232526,1232228,124,2252328
2025-04-18 21:33:07,462,level_complete,3240,6,162087,0,1232565,1232258,47,2252389
2025-04-18 21:33:11,462,training_run_ep 181500,-,7,162145,0,1233170,1232672,0,2253945
2025-04-18 21:33:11,462,level_complete,3241,7,162169,0,1233381,1232776,244,2254949
2025-04-18 21:33:11,462,game_complete,-,8,162169,0,1233381,1232776,244,2254949
2025-04-18 21:33:35,463,training_run_ep 182000,-,1,162645,0,1236364,1235619,0,2258457
2025-04-18 21:33:58,463,training_run_ep 182500,-,1,163145,0,1239278,1238368,0,2261897
2025-04-18 21:34:14,463,level_complete,3242,1,163460,0,1241336,1240369,36,2264275
2025-04-18 21:34:16,463,level_complete,3243,2,163496,0,1241599,1240616,37,2264685
2025-04-18 21:34:16,463,level_complete,3244,3,163500,0,1241651,1240643,156,2264881
2025-04-18 21:34:18,463,level_complete,3245,4,163554,0,1241958,1240893,48,2265380
2025-04-18 21:34:18,463,level_complete,3246,5,163557,0,1241990,1240916,82,2265464
2025-04-18 21:34:19,463,level_complete,3247,6,163571,0,1242133,1240997,94,2265963
2025-04-18 21:34:20,463,level_complete,3248,7,163580,0,1242250,1241088,71,2266239
2025-04-18 21:34:20,463,game_complete,-,8,163580,0,1242250,1241088,71,2266239
2025-04-18 21:34:24,464,training_run_ep 183000,-,1,163645,0,1242697,1241499,0,2266780
2025-04-18 21:34:47,464,training_run_ep 183500,-,1,164145,0,1245571,1244174,0,2270154
2025-04-18 21:34:52,464,level_complete,3249,1,164253,0,1246321,1244865,36,2271059
2025-04-18 21:35:02,464,level_complete,3250,2,164529,0,1247768,1246043,50,2273497
2025-04-18 21:35:04,464,level_complete,3251,3,164605,0,1248385,1246378,156,2275386
2025-04-18 21:35:05,464,level_complete,3252,4,164644,0,1248586,1246554,34,2275676
2025-04-18 21:35:06,464,training_run_ep 184000,-,5,164645,0,1248605,1246561,0,2275726
2025-04-18 21:35:12,464,level_complete,3253,5,164784,0,1249869,1247300,61,2279211
2025-04-18 21:35:22,464,level_complete,3254,6,165141,0,1252108,1248771,146,2284661
2025-04-18 21:35:23,464,training_run_ep 184500,-,7,165145,0,1252121,1248782,0,2284677
2025-04-18 21:35:26,464,level_complete,3255,7,165254,0,1252857,1249289,203,2286751
2025-04-18 21:35:26,464,game_complete,-,8,165254,0,1252857,1249289,203,2286751
2025-04-18 21:35:43,465,training_run_ep 185000,-,1,165645,0,1254865,1251218,0,2289064
2025-04-18 21:36:07,465,training_run_ep 185500,-,1,166145,0,1257856,1254098,0,2292510
2025-04-18 21:36:15,465,level_complete,3256,1,166268,0,1258852,1255079,35,2293667
2025-04-18 21:36:16,465,level_complete,3257,2,166275,0,1258940,1255173,48,2293817
2025-04-18 21:36:16,465,level_complete,3258,3,166284,0,1259074,1255239,97,2294176
2025-04-18 21:36:18,465,level_complete,3259,4,166326,0,1259395,1255507,42,2294617
2025-04-18 21:36:18,465,level_complete,3260,5,166328,0,1259443,1255525,226,2294912
2025-04-18 21:36:18,465,level_complete,3261,6,166329,0,1259473,1255543,81,2294993
2025-04-18 21:36:27,465,level_complete,3262,7,166526,0,1261345,1256843,57,2300462
2025-04-18 21:36:27,465,game_complete,-,8,166526,0,1261345,1256843,57,2300462
2025-04-18 21:36:34,466,training_run_ep 186000,-,1,166645,0,1262226,1257688,0,2301484
2025-04-18 21:36:44,466,level_complete,3263,1,166873,0,1263506,1258913,35,2302952
2025-04-18 21:36:49,466,level_complete,3264,2,166950,0,1264273,1259546,52,2304224
2025-04-18 21:36:49,466,level_complete,3265,3,166954,0,1264361,1259602,97,2304449
2025-04-18 21:36:51,466,level_complete,3266,4,166979,0,1264642,1259851,41,2304841
2025-04-18 21:36:51,466,level_complete,3267,5,166986,0,1264745,1259897,144,2305315
2025-04-18 21:36:51,466,level_complete,3268,6,166987,0,1264775,1259919,85,2305400
2025-04-18 21:36:53,466,level_complete,3269,7,167016,0,1265069,1260105,69,2306469
2025-04-18 21:36:53,466,game_complete,-,8,167016,0,1265069,1260105,69,2306469
2025-04-18 21:37:02,467,level_complete,3270,1,167121,0,1266274,1261339,31,2307906
2025-04-18 21:37:05,467,training_run_ep 186500,-,2,167145,0,1266562,1261609,0,2308330
2025-04-18 21:37:06,467,level_complete,3271,2,167165,0,1266686,1261710,61,2308549
2025-04-18 21:37:06,467,level_complete,3272,3,167167,0,1266727,1261733,88,2308664
2025-04-18 21:37:07,467,level_complete,3273,4,167174,0,1266840,1261859,34,2308848
2025-04-18 21:37:07,467,level_complete,3274,5,167181,0,1266970,1261927,102,2309232
2025-04-18 21:37:09,467,level_complete,3275,6,167214,0,1267242,1262114,100,2309829
2025-04-18 21:37:09,467,level_complete,3276,7,167220,0,1267321,1262173,61,2309978
2025-04-18 21:37:09,467,game_complete,-,8,167220,0,1267321,1262173,61,2309978
2025-04-18 21:37:12,468,level_complete,3277,1,167247,0,1267643,1262535,40,2310367
2025-04-18 21:37:12,468,level_complete,3278,2,167251,0,1267702,1262590,48,2310538
2025-04-18 21:37:15,468,level_complete,3279,3,167301,0,1268437,1263018,68,2312687
2025-04-18 21:37:16,468,level_complete,3280,4,167315,0,1268570,1263133,32,2312863
2025-04-18 21:37:17,468,level_complete,3281,5,167326,0,1268754,1263242,88,2313335
2025-04-18 21:37:18,468,level_complete,3282,6,167346,0,1268975,1263406,84,2313848
2025-04-18 21:37:18,468,level_complete,3283,7,167352,0,1269047,1263455,80,2314035
2025-04-18 21:37:18,468,game_complete,-,8,167352,0,1269047,1263455,80,2314035
2025-04-18 21:37:20,469,level_complete,3284,1,167382,0,1269344,1263736,34,2314392
2025-04-18 21:37:21,469,level_complete,3285,2,167397,0,1269517,1263877,57,2314673
2025-04-18 21:37:22,469,level_complete,3286,3,167402,0,1269606,1263954,63,2314840
2025-04-18 21:37:22,469,level_complete,3287,4,167404,0,1269645,1263987,29,2314906
2025-04-18 21:37:22,469,level_complete,3288,5,167405,0,1269675,1264048,103,2315009
2025-04-18 21:37:22,469,level_complete,3289,6,167407,0,1269707,1264069,95,2315106
2025-04-18 21:37:24,469,level_complete,3290,7,167432,0,1270026,1264330,97,2315843
2025-04-18 21:37:24,469,game_complete,-,8,167432,0,1270026,1264330,97,2315843
2025-04-18 21:37:27,470,level_complete,3291,1,167453,0,1270344,1264728,35,2316206
2025-04-18 21:37:27,470,level_complete,3292,2,167463,0,1270422,1264790,44,2316326
2025-04-18 21:37:28,470,level_complete,3293,3,167465,0,1270453,1264803,109,2316436
2025-04-18 21:37:28,470,level_complete,3294,4,167466,0,1270478,1264829,34,2316470
2025-04-18 21:37:28,470,level_complete,3295,5,167468,0,1270513,1264854,129,2316605
2025-04-18 21:37:28,470,level_complete,3296,6,167472,0,1270553,1264898,41,2316658
2025-04-18 21:37:28,470,level_complete,3297,7,167473,0,1270583,1264929,49,2316707
2025-04-18 21:37:28,470,game_complete,-,8,167473,0,1270583,1264929,49,2316707
2025-04-18 21:37:30,471,level_complete,3298,1,167482,0,1270718,1265146,31,2316860
2025-04-18 21:37:30,471,level_complete,3299,2,167483,0,1270748,1265169,45,2316905
2025-04-18 21:37:30,471,level_complete,3300,3,167484,0,1270778,1265197,123,2317028
2025-04-18 21:37:31,471,level_complete,3301,4,167485,0,1270803,1265223,38,2317066
2025-04-18 21:37:31,471,level_complete,3302,5,167489,0,1270870,1265272,152,2317269
2025-04-18 21:37:31,471,level_complete,3303,6,167491,0,1270905,1265316,51,2317326
2025-04-18 21:37:31,471,level_complete,3304,7,167492,0,1270935,1265326,164,2317490
2025-04-18 21:37:31,471,game_complete,-,8,167492,0,1270935,1265326,164,2317490
2025-04-18 21:37:32,472,level_complete,3305,1,167493,0,1270965,1265398,34,2317524
2025-04-18 21:37:32,472,level_complete,3306,2,167494,0,1270995,1265438,57,2317581
2025-04-18 21:37:32,472,level_complete,3307,3,167495,0,1271025,1265454,87,2317668
2025-04-18 21:37:33,472,level_complete,3308,4,167498,0,1271094,1265529,42,2317780
2025-04-18 21:37:33,472,level_complete,3309,5,167501,0,1271169,1265598,41,2317949
2025-04-18 21:37:36,472,level_complete,3310,6,167528,0,1271652,1265966,94,2318935
2025-04-18 21:37:36,472,level_complete,3311,7,167535,0,1271755,1266052,65,2319259
2025-04-18 21:37:36,472,game_complete,-,8,167535,0,1271755,1266052,65,2319259
2025-04-18 21:37:39,473,level_complete,3312,1,167562,0,1272103,1266422,35,2319656
2025-04-18 21:37:40,473,level_complete,3313,2,167567,0,1272195,1266514,66,2319811
2025-04-18 21:37:40,473,level_complete,3314,3,167571,0,1272265,1266566,88,2319985
2025-04-18 21:37:41,473,level_complete,3315,4,167574,0,1272327,1266619,71,2320120
2025-04-18 21:37:41,473,level_complete,3316,5,167576,0,1272375,1266653,89,2320239
2025-04-18 21:37:41,473,level_complete,3317,6,167578,0,1272413,1266677,182,2320430
2025-04-18 21:37:41,473,level_complete,3318,7,167579,0,1272443,1266688,113,2320543
2025-04-18 21:37:41,473,game_complete,-,8,167579,0,1272443,1266688,113,2320543
2025-04-18 21:37:41,474,level_complete,3319,1,167580,0,1272473,1266738,32,2320575
2025-04-18 21:37:42,474,level_complete,3320,2,167588,0,1272612,1266868,52,2320799
2025-04-18 21:37:43,474,level_complete,3321,3,167591,0,1272668,1266893,99,2321038
2025-04-18 21:37:43,474,level_complete,3322,4,167595,0,1272719,1266936,44,2321122
2025-04-18 21:37:43,474,level_complete,3323,5,167600,0,1272792,1266986,61,2321321
2025-04-18 21:37:44,474,level_complete,3324,6,167608,0,1272912,1267067,79,2321560
2025-04-18 21:37:44,474,level_complete,3325,7,167613,0,1272978,1267123,45,2321748
2025-04-18 21:37:44,474,game_complete,-,8,167613,0,1272978,1267123,45,2321748
2025-04-18 21:37:45,475,level_complete,3326,1,167621,0,1273100,1267253,36,2321900
2025-04-18 21:37:48,475,training_run_ep 187000,-,2,167645,0,1273327,1267479,0,2322235
2025-04-18 21:37:48,475,level_complete,3327,2,167655,0,1273430,1267568,46,2322388
2025-04-18 21:37:50,475,level_complete,3328,3,167694,0,1273858,1267822,99,2323507
2025-04-18 21:37:50,475,level_complete,3329,4,167697,0,1273900,1267870,26,2323572
2025-04-18 21:37:52,475,level_complete,3330,5,167733,0,1274275,1268098,90,2324577
2025-04-18 21:37:52,475,level_complete,3331,6,167738,0,1274360,1268166,106,2324829
2025-04-18 21:37:52,475,level_complete,3332,7,167742,0,1274401,1268200,95,2324936
2025-04-18 21:37:52,475,game_complete,-,8,167742,0,1274401,1268200,95,2324936
2025-04-18 21:37:53,476,level_complete,3333,1,167749,0,1274458,1268274,35,2325000
2025-04-18 21:38:09,476,level_complete,3334,2,168025,0,1277217,1270476,53,2329790
2025-04-18 21:38:10,476,level_complete,3335,3,168037,0,1277360,1270575,47,2330077
2025-04-18 21:38:14,476,level_complete,3336,4,168118,0,1277927,1271124,39,2330860
2025-04-18 21:38:15,476,level_complete,3337,5,168144,0,1278272,1271315,64,2332048
2025-04-18 21:38:16,476,training_run_ep 187500,-,6,168145,0,1278280,1271320,0,2332060
2025-04-18 21:38:18,476,level_complete,3338,6,168173,0,1278557,1271573,62,2332568
2025-04-18 21:38:23,476,level_complete,3339,7,168299,0,1279591,1272317,128,2335519
2025-04-18 21:38:23,476,game_complete,-,8,168299,0,1279591,1272317,128,2335519
2025-04-18 21:38:37,477,level_complete,3340,1,168626,0,1281344,1274009,32,2337526
2025-04-18 21:38:38,477,training_run_ep 188000,-,2,168645,0,1281452,1274093,0,2337697
2025-04-18 21:38:48,477,level_complete,3341,2,168888,0,1282943,1275353,54,2340137
2025-04-18 21:38:48,477,level_complete,3342,3,168889,0,1282973,1275367,136,2340273
2025-04-18 21:38:49,477,level_complete,3343,4,168919,0,1283140,1275517,45,2340513
2025-04-18 21:38:49,477,level_complete,3344,5,168925,0,1283225,1275572,71,2340751
2025-04-18 21:38:50,477,level_complete,3345,6,168942,0,1283388,1275698,83,2341070
2025-04-18 21:38:52,477,level_complete,3346,7,168981,0,1283801,1276016,98,2342220
2025-04-18 21:38:52,477,game_complete,-,8,168981,0,1283801,1276016,98,2342220
2025-04-18 21:38:59,478,training_run_ep 188500,-,1,169145,0,1284467,1276707,0,2343009
2025-04-18 21:39:24,478,training_run_ep 189000,-,1,169645,0,1287659,1279772,0,2346664
2025-04-18 21:39:32,478,level_complete,3347,1,169761,0,1288685,1280770,37,2347887
2025-04-18 21:39:34,478,level_complete,3348,2,169788,0,1288912,1280982,68,2348221
2025-04-18 21:39:34,478,level_complete,3349,3,169809,0,1289129,1281074,191,2349035
2025-04-18 21:39:39,478,level_complete,3350,4,169891,0,1289827,1281669,34,2350067
2025-04-18 21:39:40,478,level_complete,3351,5,169913,0,1290135,1281855,49,2350989
2025-04-18 21:39:42,478,level_complete,3352,6,169972,0,1290641,1282231,51,2351966
2025-04-18 21:39:46,478,level_complete,3353,7,170066,0,1291368,1282765,113,2354054
2025-04-18 21:39:46,478,game_complete,-,8,170066,0,1291368,1282765,113,2354054
2025-04-18 21:39:50,479,training_run_ep 189500,-,1,170145,0,1291744,1283118,0,2354479
2025-04-18 21:40:18,479,training_run_ep 190000,-,1,170645,0,1295109,1286565,0,2358435
2025-04-18 21:40:32,479,level_complete,3354,1,170869,0,1296765,1288325,36,2360370
2025-04-18 21:40:33,479,level_complete,3355,2,170875,0,1296851,1288420,38,2360502
2025-04-18 21:40:33,479,level_complete,3356,3,170881,0,1296949,1288493,41,2360837
2025-04-18 21:40:34,479,level_complete,3357,4,170891,0,1297085,1288612,50,2361041
2025-04-18 21:40:34,479,level_complete,3358,5,170892,0,1297115,1288629,74,2361115
2025-04-18 21:40:38,479,level_complete,3359,6,170973,0,1297913,1289189,49,2362890
2025-04-18 21:40:39,479,level_complete,3360,7,170978,0,1298014,1289311,59,2363098
2025-04-18 21:40:39,479,game_complete,-,8,170978,0,1298014,1289311,59,2363098
2025-04-18 21:40:47,480,level_complete,3361,1,171094,0,1299064,1290369,33,2364325
2025-04-18 21:40:51,480,level_complete,3362,2,171145,0,1299679,1290944,56,2365290
2025-04-18 21:40:52,480,training_run_ep 190500,-,3,171145,0,1299679,1290944,56,2365290
2025-04-18 21:40:53,480,level_complete,3363,3,171150,0,1299767,1290997,118,2365613
2025-04-18 21:40:53,480,level_complete,3364,4,171159,0,1299867,1291102,41,2365747
2025-04-18 21:40:54,480,level_complete,3365,5,171162,0,1299930,1291146,90,2365919
2025-04-18 21:40:55,480,level_complete,3366,6,171194,0,1300275,1291391,63,2366721
2025-04-18 21:40:56,480,level_complete,3367,7,171201,0,1300367,1291469,78,2366881
2025-04-18 21:40:56,480,game_complete,-,8,171201,0,1300367,1291469,78,2366881
2025-04-18 21:40:58,481,level_complete,3368,1,171235,0,1300672,1291773,40,2367231
2025-04-18 21:41:02,481,level_complete,3369,2,171276,0,1301231,1292275,42,2368072
2025-04-18 21:41:02,481,level_complete,3370,3,171279,0,1301269,1292305,79,2368162
2025-04-18 21:41:02,481,level_complete,3371,4,171281,0,1301318,1292356,38,2368226
2025-04-18 21:41:03,481,level_complete,3372,5,171292,0,1301507,1292475,47,2368674
2025-04-18 21:41:03,481,level_complete,3373,6,171296,0,1301572,1292523,83,2368848
2025-04-18 21:41:04,481,level_complete,3374,7,171307,0,1301726,1292627,108,2369361
2025-04-18 21:41:04,481,game_complete,-,8,171307,0,1301726,1292627,108,2369361
2025-04-18 21:41:15,482,level_complete,3375,1,171449,0,1303081,1294018,34,2370963
2025-04-18 21:41:15,482,level_complete,3376,2,171451,0,1303115,1294068,42,2371010
2025-04-18 21:41:15,482,level_complete,3377,3,171453,0,1303151,1294097,68,2371084
2025-04-18 21:41:16,482,level_complete,3378,4,171456,0,1303198,1294143,52,2371176
2025-04-18 21:41:16,482,level_complete,3379,5,171464,0,1303289,1294206,59,2371413
2025-04-18 21:41:16,482,level_complete,3380,6,171467,0,1303321,1294241,66,2371481
2025-04-18 21:41:17,482,level_complete,3381,7,171476,0,1303428,1294356,98,2371700
2025-04-18 21:41:17,482,game_complete,-,8,171476,0,1303428,1294356,98,2371700
2025-04-18 21:41:22,483,level_complete,3382,1,171530,0,1304013,1294950,36,2372432
2025-04-18 21:41:23,483,level_complete,3383,2,171547,0,1304155,1295073,75,2372666
2025-04-18 21:41:23,483,level_complete,3384,3,171557,0,1304274,1295139,79,2373081
2025-04-18 21:41:24,483,level_complete,3385,4,171585,0,1304474,1295305,39,2373377
2025-04-18 21:41:25,483,level_complete,3386,5,171597,0,1304669,1295436,76,2373903
2025-04-18 21:41:25,483,level_complete,3387,6,171598,0,1304699,1295463,46,2373949
2025-04-18 21:41:28,483,training_run_ep 191000,-,7,171645,0,1305115,1295811,0,2374771
2025-04-18 21:41:30,483,level_complete,3388,7,171667,0,1305412,1296055,80,2375446
2025-04-18 21:41:30,483,game_complete,-,8,171667,0,1305412,1296055,80,2375446
2025-04-18 21:41:32,484,level_complete,3389,1,171684,0,1305611,1296276,39,2375676
2025-04-18 21:41:34,484,level_complete,3390,2,171735,0,1306032,1296602,126,2376406
2025-04-18 21:41:34,484,level_complete,3391,3,171741,0,1306102,1296632,87,2376595
2025-04-18 21:41:37,484,level_complete,3392,4,171822,0,1306552,1297012,37,2377329
2025-04-18 21:41:37,484,level_complete,3393,5,171826,0,1306608,1297050,49,2377452
2025-04-18 21:41:37,484,level_complete,3394,6,171827,0,1306638,1297059,160,2377612
2025-04-18 21:41:40,484,level_complete,3395,7,171904,0,1307295,1297496,140,2379435
2025-04-18 21:41:40,484,game_complete,-,8,171904,0,1307295,1297496,140,2379435
2025-04-18 21:41:55,485,training_run_ep 191500,-,1,172145,0,1309006,1299217,0,2381480
2025-04-18 21:42:17,485,level_complete,3396,1,172461,0,1311876,1302042,35,2384878
2025-04-18 21:42:22,485,level_complete,3397,2,172530,0,1312676,1302775,38,2386146
2025-04-18 21:42:23,485,level_complete,3398,3,172533,0,1312723,1302806,139,2386331
2025-04-18 21:42:23,485,level_complete,3399,4,172536,0,1312773,1302868,29,2386403
2025-04-18 21:42:23,485,level_complete,3400,5,172540,0,1312841,1302920,48,2386600
2025-04-18 21:42:24,485,level_complete,3401,6,172552,0,1312995,1303072,54,2386893
2025-04-18 21:42:25,485,level_complete,3402,7,172557,0,1313080,1303129,58,2387040
2025-04-18 21:42:25,485,game_complete,-,8,172557,0,1313080,1303129,58,2387040
2025-04-18 21:42:28,486,level_complete,3403,1,172587,0,1313449,1303538,35,2387470
2025-04-18 21:42:29,486,level_complete,3404,2,172599,0,1313570,1303675,50,2387669
2025-04-18 21:42:29,486,level_complete,3405,3,172606,0,1313663,1303727,56,2387919
2025-04-18 21:42:30,486,level_complete,3406,4,172616,0,1313799,1303849,31,2388112
2025-04-18 21:42:30,486,level_complete,3407,5,172622,0,1313898,1303896,173,2388510
2025-04-18 21:42:31,486,level_complete,3408,6,172625,0,1313946,1303922,92,2388633
2025-04-18 21:42:31,486,level_complete,3409,7,172641,0,1314108,1304027,86,2389132
2025-04-18 21:42:31,486,game_complete,-,8,172641,0,1314108,1304027,86,2389132
2025-04-18 21:42:32,487,training_run_ep 192000,-,1,172645,0,1314157,1304071,0,2389188
2025-04-18 21:42:33,487,level_complete,3410,1,172655,0,1314276,1304184,37,2389329
2025-04-18 21:42:34,487,level_complete,3411,2,172657,0,1314333,1304257,40,2389411
2025-04-18 21:42:34,487,level_complete,3412,3,172659,0,1314392,1304314,72,2389535
2025-04-18 21:42:35,487,level_complete,3413,4,172666,0,1314453,1304366,33,2389616
2025-04-18 21:42:35,487,level_complete,3414,5,172669,0,1314527,1304426,58,2389844
2025-04-18 21:42:36,487,level_complete,3415,6,172678,0,1314641,1304521,75,2390132
2025-04-18 21:42:36,487,level_complete,3416,7,172680,0,1314676,1304547,111,2390251
2025-04-18 21:42:36,487,game_complete,-,8,172680,0,1314676,1304547,111,2390251
2025-04-18 21:42:43,488,level_complete,3417,1,172773,0,1315636,1305497,38,2391408
2025-04-18 21:42:51,488,level_complete,3418,2,172933,0,1316978,1306577,46,2393699
2025-04-18 21:42:52,488,level_complete,3419,3,172937,0,1317047,1306632,49,2393829
2025-04-18 21:42:52,488,level_complete,3420,4,172939,0,1317077,1306665,34,2393868
2025-04-18 21:42:52,488,level_complete,3421,5,172945,0,1317174,1306735,94,2394130
2025-04-18 21:42:53,488,level_complete,3422,6,172951,0,1317276,1306811,159,2394399
2025-04-18 21:42:53,488,level_complete,3423,7,172958,0,1317371,1306888,56,2394671
2025-04-18 21:42:53,488,game_complete,-,8,172958,0,1317371,1306888,56,2394671
2025-04-18 21:42:58,489,level_complete,3424,1,173004,0,1317908,1307483,36,2395300
2025-04-18 21:42:58,489,level_complete,3425,2,173009,0,1317992,1307544,62,2395461
2025-04-18 21:42:59,489,level_complete,3426,3,173011,0,1318037,1307574,54,2395564
2025-04-18 21:42:59,489,level_complete,3427,4,173012,0,1318062,1307603,29,2395593
2025-04-18 21:43:00,489,level_complete,3428,5,173033,0,1318324,1307754,55,2396214
2025-04-18 21:43:00,489,level_complete,3429,6,173034,0,1318354,1307770,63,2396277
2025-04-18 21:43:03,489,level_complete,3430,7,173111,0,1318929,1308187,241,2397802
2025-04-18 21:43:03,489,game_complete,-,8,173111,0,1318929,1308187,241,2397802
2025-04-18 21:43:05,490,training_run_ep 192500,-,1,173145,0,1319168,1308435,0,2398067
2025-04-18 21:43:15,490,level_complete,3431,1,173296,0,1320382,1309674,36,2399495
2025-04-18 21:43:16,490,level_complete,3432,2,173316,0,1320560,1309833,38,2399729
2025-04-18 21:43:16,490,level_complete,3433,3,173318,0,1320594,1309854,96,2399829
2025-04-18 21:43:21,490,level_complete,3434,4,173394,0,1321342,1310475,57,2400961
2025-04-18 21:43:26,490,level_complete,3435,5,173527,0,1322776,1311296,155,2405021
2025-04-18 21:43:31,490,level_complete,3436,6,173636,0,1323850,1312010,62,2407659
2025-04-18 21:43:31,490,level_complete,3437,7,173638,0,1323886,1312038,142,2407813
2025-04-18 21:43:31,490,game_complete,-,8,173638,0,1323886,1312038,142,2407813
2025-04-18 21:43:33,491,training_run_ep 193000,-,1,173645,0,1323980,1312128,0,2407925
2025-04-18 21:43:51,491,level_complete,3438,1,173888,0,1326344,1314471,36,2410754
2025-04-18 21:44:03,491,level_complete,3439,2,174141,0,1328252,1315983,47,2413887
2025-04-18 21:44:04,491,training_run_ep 193500,-,3,174145,0,1328297,1316014,0,2413970
2025-04-18 21:44:07,491,level_complete,3440,3,174220,0,1328962,1316365,70,2416182
2025-04-18 21:44:07,491,level_complete,3441,4,174222,0,1329008,1316404,32,2416255
2025-04-18 21:44:07,491,level_complete,3442,5,174227,0,1329069,1316458,72,2416443
2025-04-18 21:44:08,491,level_complete,3443,6,174229,0,1329128,1316510,87,2416581
2025-04-18 21:44:08,491,level_complete,3444,7,174238,0,1329252,1316582,157,2417059
2025-04-18 21:44:08,491,game_complete,-,8,174238,0,1329252,1316582,157,2417059
2025-04-18 21:44:17,492,level_complete,3445,1,174368,0,1330407,1317711,34,2418448
2025-04-18 21:44:20,492,level_complete,3446,2,174439,0,1330932,1318148,68,2419219
2025-04-18 21:44:21,492,level_complete,3447,3,174462,0,1331179,1318341,116,2419863
2025-04-18 21:44:22,492,level_complete,3448,4,174469,0,1331257,1318413,30,2419959
2025-04-18 21:44:22,492,level_complete,3449,5,174471,0,1331305,1318441,65,2420133
2025-04-18 21:44:23,492,level_complete,3450,6,174494,0,1331503,1318542,58,2420759
2025-04-18 21:44:24,492,level_complete,3451,7,174531,0,1331795,1318721,223,2421916
2025-04-18 21:44:24,492,game_complete,-,8,174531,0,1331795,1318721,223,2421916
2025-04-18 21:44:30,493,training_run_ep 194000,-,1,174645,0,1332465,1319365,0,2422687
2025-04-18 21:44:32,493,level_complete,3452,1,174670,0,1332702,1319578,40,2422969
2025-04-18 21:44:34,493,level_complete,3453,2,174705,0,1333028,1319853,58,2423577
2025-04-18 21:44:34,493,level_complete,3454,3,174715,0,1333162,1319914,117,2424026
2025-04-18 21:44:36,493,level_complete,3455,4,174740,0,1333352,1320083,40,2424284
2025-04-18 21:44:37,493,level_complete,3456,5,174773,0,1333730,1320288,160,2425468
2025-04-18 21:44:38,493,level_complete,3457,6,174794,0,1333961,1320446,56,2426027
2025-04-18 21:44:38,493,level_complete,3458,7,174799,0,1334004,1320475,76,2426121
2025-04-18 21:44:38,493,game_complete,-,8,174799,0,1334004,1320475,76,2426121
2025-04-18 21:44:42,494,level_complete,3459,1,174857,0,1334456,1320985,36,2426629
2025-04-18 21:44:47,494,level_complete,3460,2,174949,0,1335229,1321633,60,2427871
2025-04-18 21:44:47,494,level_complete,3461,3,174954,0,1335306,1321669,82,2428148
2025-04-18 21:44:48,494,level_complete,3462,4,174985,0,1335519,1321835,62,2428478
2025-04-18 21:44:49,494,level_complete,3463,5,174988,0,1335592,1321880,42,2428796
2025-04-18 21:44:52,494,level_complete,3464,6,175091,0,1336391,1322427,52,2430471
2025-04-18 21:44:55,494,training_run_ep 194500,-,7,175145,0,1336796,1322707,0,2431502
2025-04-18 21:45:01,494,level_complete,3465,7,175327,0,1338062,1323675,67,2434828
2025-04-18 21:45:01,494,game_complete,-,8,175327,0,1338062,1323675,67,2434828
2025-04-18 21:45:16,495,training_run_ep 195000,-,1,175645,0,1339805,1325308,0,2436848
2025-04-18 21:45:37,495,level_complete,3466,1,176069,0,1342618,1328014,40,2440180
2025-04-18 21:45:38,495,level_complete,3467,2,176073,0,1342686,1328071,46,2440294
2025-04-18 21:45:38,495,level_complete,3468,3,176074,0,1342716,1328085,100,2440394
2025-04-18 21:45:38,495,level_complete,3469,4,176083,0,1342797,1328159,64,2440556
2025-04-18 21:45:39,495,level_complete,3470,5,176101,0,1343072,1328346,79,2441264
2025-04-18 21:45:41,495,level_complete,3471,6,176130,0,1343394,1328518,98,2442259
2025-04-18 21:45:42,495,training_run_ep 195500,-,7,176145,0,1343518,1328582,0,2442815
2025-04-18 21:45:48,495,level_complete,3472,7,176314,0,1344832,1329507,81,2446314
2025-04-18 21:45:48,495,game_complete,-,8,176314,0,1344832,1329507,81,2446314
2025-04-18 21:45:59,496,training_run_ep 196000,-,1,176645,0,1346178,1330762,0,2447868
2025-04-18 21:46:16,496,training_run_ep 196500,-,1,177145,0,1348165,1332594,0,2450161
2025-04-18 21:46:20,496,level_complete,3473,1,177249,0,1348720,1333105,44,2450815
2025-04-18 21:46:25,496,level_complete,3474,2,177379,0,1349495,1333747,72,2452018
2025-04-18 21:46:30,496,level_complete,3475,3,177524,0,1350887,1334510,165,2456190
2025-04-18 21:46:35,496,training_run_ep 197000,-,4,177645,0,1351564,1335043,0,2457341
2025-04-18 21:46:38,496,level_complete,3476,4,177723,0,1352064,1335477,35,2458051
2025-04-18 21:46:41,496,level_complete,3477,5,177810,0,1352893,1335929,60,2460619
2025-04-18 21:46:42,496,level_complete,3478,6,177818,0,1352962,1335990,127,2460804
2025-04-18 21:46:42,496,level_complete,3479,7,177833,0,1353103,1336095,140,2461308
2025-04-18 21:46:42,496,game_complete,-,8,177833,0,1353103,1336095,140,2461308
2025-04-18 21:47:00,497,training_run_ep 197500,-,1,178145,0,1355324,1338283,0,2463866
2025-04-18 21:47:04,497,level_complete,3480,1,178207,0,1355848,1338793,38,2464497
2025-04-18 21:47:06,497,level_complete,3481,2,178230,0,1356077,1338977,64,2464907
2025-04-18 21:47:07,497,level_complete,3482,3,178253,0,1356341,1339163,151,2465646
2025-04-18 21:47:08,497,level_complete,3483,4,178271,0,1356474,1339272,32,2465837
2025-04-18 21:47:10,497,level_complete,3484,5,178365,0,1357135,1339631,61,2467823
2025-04-18 21:47:11,497,level_complete,3485,6,178380,0,1357303,1339725,64,2468213
2025-04-18 21:47:12,497,level_complete,3486,7,178409,0,1357597,1339934,99,2469161
2025-04-18 21:47:12,497,game_complete,-,8,178409,0,1357597,1339934,99,2469161
2025-04-18 21:47:28,498,training_run_ep 198000,-,1,178645,0,1359430,1341819,0,2471302
2025-04-18 21:47:51,498,level_complete,3487,1,179041,0,1362387,1344767,35,2474722
2025-04-18 21:47:57,498,training_run_ep 198500,-,2,179145,0,1363210,1345448,0,2476009
2025-04-18 21:47:59,498,level_complete,3488,2,179171,0,1363463,1345663,93,2476477
2025-04-18 21:47:59,498,level_complete,3489,3,179175,0,1363545,1345703,151,2476840
2025-04-18 21:48:05,498,level_complete,3490,4,179290,0,1364405,1346450,63,2478212
2025-04-18 21:48:05,498,level_complete,3491,5,179297,0,1364499,1346514,130,2478542
2025-04-18 21:48:06,498,level_complete,3492,6,179308,0,1364672,1346638,66,2479016
2025-04-18 21:48:06,498,level_complete,3493,7,179320,0,1364766,1346686,159,2479363
2025-04-18 21:48:06,498,game_complete,-,8,179320,0,1364766,1346686,159,2479363
2025-04-18 21:48:26,499,training_run_ep 199000,-,1,179645,0,1367136,1349002,0,2482073
2025-04-18 21:48:29,499,level_complete,3494,1,179726,0,1367570,1349419,36,2482576
2025-04-18 21:48:31,499,level_complete,3495,2,179774,0,1367930,1349726,75,2483180
2025-04-18 21:48:32,499,level_complete,3496,3,179803,0,1368131,1349864,64,2483585
2025-04-18 21:48:41,499,level_complete,3497,4,180107,0,1369631,1351075,50,2485900
2025-04-18 21:48:42,499,level_complete,3498,5,180114,0,1369725,1351136,54,2486129
2025-04-18 21:48:42,499,level_complete,3499,6,180124,0,1369825,1351197,186,2486447
2025-04-18 21:48:43,499,level_complete,3500,7,180138,0,1369958,1351290,240,2486883
2025-04-18 21:48:43,499,game_complete,-,8,180138,0,1369958,1351290,240,2486883
2025-04-18 21:48:44,500,training_run_ep 199500,-,1,180145,0,1370021,1351345,0,2486968
2025-04-18 21:49:08,500,level_complete,3501,1,180507,0,1373015,1354448,34,2490549
2025-04-18 21:49:12,500,level_complete,3502,2,180582,0,1373544,1354900,52,2491420
2025-04-18 21:49:12,500,level_complete,3503,3,180587,0,1373619,1354957,78,2491588
2025-04-18 21:49:13,500,level_complete,3504,4,180598,0,1373703,1355020,69,2491744
2025-04-18 21:49:14,500,level_complete,3505,5,180623,0,1374031,1355206,83,2492591
2025-04-18 21:49:15,500,training_run_ep 200000,-,6,180645,0,1374160,1355293,0,2492905
2025-04-18 21:49:17,500,level_complete,3506,6,180679,0,1374415,1355476,133,2493490
2025-04-18 21:49:17,500,level_complete,3507,7,180684,0,1374480,1355507,204,2493805
2025-04-18 21:49:17,500,game_complete,-,8,180684,0,1374480,1355507,204,2493805
2025-04-18 21:49:21,501,level_complete,3508,1,180740,0,1374988,1356022,32,2494432
2025-04-18 21:49:23,501,level_complete,3509,2,180754,0,1375211,1356256,50,2494791
2025-04-18 21:49:23,501,level_complete,3510,3,180756,0,1375254,1356280,69,2494882
2025-04-18 21:49:23,501,level_complete,3511,4,180770,0,1375387,1356388,59,2495135
2025-04-18 21:49:24,501,level_complete,3512,5,180783,0,1375599,1356485,174,2495969
2025-04-18 21:49:25,501,level_complete,3513,6,180793,0,1375789,1356607,108,2496570
2025-04-18 21:49:26,501,level_complete,3514,7,180798,0,1375881,1356718,53,2496748
2025-04-18 21:49:26,501,game_complete,-,8,180798,0,1375881,1356718,53,2496748
2025-04-18 21:49:27,502,level_complete,3515,1,180810,0,1375980,1356831,33,2496857
2025-04-18 21:49:27,502,level_complete,3516,2,180813,0,1376011,1356868,69,2496927
2025-04-18 21:49:32,502,level_complete,3517,3,180914,0,1377287,1357626,48,2501227
2025-04-18 21:49:33,502,level_complete,3518,4,180933,0,1377447,1357759,53,2501460
2025-04-18 21:49:35,502,level_complete,3519,5,180976,0,1377895,1358061,74,2502567
2025-04-18 21:49:35,502,level_complete,3520,6,180977,0,1377925,1358080,83,2502650
2025-04-18 21:49:36,502,level_complete,3521,7,180993,0,1378079,1358161,78,2503381
2025-04-18 21:49:36,502,game_complete,-,8,180993,0,1378079,1358161,78,2503381
2025-04-18 21:49:38,503,level_complete,3522,1,181017,0,1378274,1358368,38,2503604
2025-04-18 21:49:38,503,level_complete,3523,2,181030,0,1378346,1358428,44,2503702
2025-04-18 21:49:41,503,level_complete,3524,3,181126,0,1379283,1358901,97,2506674
2025-04-18 21:49:43,503,training_run_ep 200500,-,4,181145,0,1379397,1358985,0,2506839
2025-04-18 21:49:44,503,level_complete,3525,4,181163,0,1379533,1359116,40,2507027
2025-04-18 21:49:46,503,level_complete,3526,5,181188,0,1379965,1359361,76,2508466
2025-04-18 21:49:47,503,level_complete,3527,6,181226,0,1380192,1359540,50,2508872
2025-04-18 21:49:49,503,level_complete,3528,7,181300,0,1380697,1359917,122,2510259
2025-04-18 21:49:49,503,game_complete,-,8,181300,0,1380697,1359917,122,2510259
2025-04-18 21:49:53,504,level_complete,3529,1,181346,0,1381142,1360382,36,2510778
2025-04-18 21:49:54,504,level_complete,3530,2,181382,0,1381379,1360569,73,2511220
2025-04-18 21:49:55,504,level_complete,3531,3,181389,0,1381484,1360613,89,2511569
2025-04-18 21:49:55,504,level_complete,3532,4,181402,0,1381622,1360731,39,2511777
2025-04-18 21:49:56,504,level_complete,3533,5,181422,0,1381907,1360881,132,2512680
2025-04-18 21:49:57,504,level_complete,3534,6,181424,0,1381949,1360903,124,2512821
2025-04-18 21:50:00,504,level_complete,3535,7,181486,0,1382540,1361392,122,2514401
2025-04-18 21:50:00,504,game_complete,-,8,181486,0,1382540,1361392,122,2514401
2025-04-18 21:50:01,505,level_complete,3536,1,181501,0,1382698,1361573,31,2514576
2025-04-18 21:50:07,505,level_complete,3537,2,181580,0,1383584,1362346,40,2516102
2025-04-18 21:50:07,505,level_complete,3538,3,181583,0,1383668,1362401,70,2516280
2025-04-18 21:50:07,505,level_complete,3539,4,181586,0,1383706,1362438,32,2516333
2025-04-18 21:50:08,505,level_complete,3540,5,181600,0,1383892,1362528,247,2517029
2025-04-18 21:50:09,505,level_complete,3541,6,181617,0,1384097,1362661,106,2517504
2025-04-18 21:50:09,505,level_complete,3542,7,181629,0,1384159,1362731,47,2517597
2025-04-18 21:50:09,505,game_complete,-,8,181629,0,1384159,1362731,47,2517597
2025-04-18 21:50:11,506,training_run_ep 201000,-,1,181645,0,1384278,1362858,0,2517731
2025-04-18 21:50:13,506,level_complete,3543,1,181665,0,1384422,1362994,34,2517898
2025-04-18 21:50:13,506,level_complete,3544,2,181675,0,1384540,1363097,48,2518111
2025-04-18 21:50:14,506,level_complete,3545,3,181677,0,1384597,1363131,120,2518302
2025-04-18 21:50:14,506,level_complete,3546,4,181678,0,1384622,1363177,29,2518331
2025-04-18 21:50:14,506,level_complete,3547,5,181684,0,1384693,1363218,166,2518573
2025-04-18 21:50:15,506,level_complete,3548,6,181707,0,1384936,1363412,181,2519126
2025-04-18 21:50:20,506,level_complete,3549,7,181795,0,1385749,1364055,82,2521376
2025-04-18 21:50:20,506,game_complete,-,8,181795,0,1385749,1364055,82,2521376
2025-04-18 21:50:28,507,level_complete,3550,1,181924,0,1386768,1365132,33,2522540
2025-04-18 21:50:28,507,level_complete,3551,2,181925,0,1386798,1365186,52,2522592
2025-04-18 21:50:29,507,level_complete,3552,3,181930,0,1386914,1365237,151,2523316
2025-04-18 21:50:29,507,level_complete,3553,4,181932,0,1386945,1365273,33,2523356
2025-04-18 21:50:31,507,level_complete,3554,5,181962,0,1387384,1365537,64,2524691
2025-04-18 21:50:31,507,level_complete,3555,6,181975,0,1387504,1365625,79,2524915
2025-04-18 21:50:32,507,level_complete,3556,7,181984,0,1387567,1365682,134,2525094
2025-04-18 21:50:32,507,game_complete,-,8,181984,0,1387567,1365682,134,2525094
2025-04-18 21:50:32,508,level_complete,3557,1,181989,0,1387641,1365761,32,2525176
2025-04-18 21:50:34,508,level_complete,3558,2,181998,0,1387809,1365930,51,2525499
2025-04-18 21:50:34,508,level_complete,3559,3,182015,0,1387932,1366011,114,2525915
2025-04-18 21:50:36,508,level_complete,3560,4,182044,0,1388268,1366274,43,2526486
2025-04-18 21:50:37,508,level_complete,3561,5,182053,0,1388386,1366357,81,2526757
2025-04-18 21:50:37,508,level_complete,3562,6,182057,0,1388497,1366432,67,2527017
2025-04-18 21:50:39,508,level_complete,3563,7,182089,0,1388817,1366692,143,2527923
2025-04-18 21:50:39,508,game_complete,-,8,182089,0,1388817,1366692,143,2527923
2025-04-18 21:50:40,509,level_complete,3564,1,182101,0,1388931,1366809,33,2528070
2025-04-18 21:50:40,509,level_complete,3565,2,182105,0,1389016,1366880,64,2528221
2025-04-18 21:50:41,509,level_complete,3566,3,182118,0,1389205,1366976,73,2528885
2025-04-18 21:50:43,509,training_run_ep 201500,-,4,182145,0,1389381,1367132,0,2529108
2025-04-18 21:50:44,509,level_complete,3567,4,182151,0,1389466,1367196,59,2529258
2025-04-18 21:50:45,509,level_complete,3568,5,182176,0,1389878,1367430,96,2530477
2025-04-18 21:50:47,509,level_complete,3569,6,182246,0,1390433,1367776,77,2531955
2025-04-18 21:50:49,509,level_complete,3570,7,182296,0,1390804,1368055,71,2532936
2025-04-18 21:50:49,509,game_complete,-,8,182296,0,1390804,1368055,71,2532936
2025-04-18 21:50:57,510,level_complete,3571,1,182415,0,1391755,1369014,35,2534030
2025-04-18 21:51:06,510,training_run_ep 202000,-,2,182645,0,1393067,1370123,0,2536111
2025-04-18 21:51:18,510,level_complete,3572,2,182902,0,1395000,1371637,49,2539381
2025-04-18 21:51:18,510,level_complete,3573,3,182905,0,1395050,1371675,70,2539563
2025-04-18 21:51:21,510,level_complete,3574,4,182975,0,1395487,1372052,39,2540167
2025-04-18 21:51:25,510,level_complete,3575,5,183057,0,1396450,1372628,64,2542742
2025-04-18 21:51:26,510,level_complete,3576,6,183087,0,1396721,1372811,79,2543397
2025-04-18 21:51:27,510,level_complete,3577,7,183105,0,1396852,1372907,133,2543749
2025-04-18 21:51:27,510,game_complete,-,8,183105,0,1396852,1372907,133,2543749
2025-04-18 21:51:30,511,training_run_ep 202500,-,1,183145,0,1397138,1373185,0,2544093
2025-04-18 21:51:33,511,level_complete,3578,1,183195,0,1397509,1373567,39,2544536
2025-04-18 21:51:42,511,level_complete,3579,2,183417,0,1399113,1374828,51,2547382
2025-04-18 21:51:44,511,level_complete,3580,3,183479,0,1399685,1375083,115,2549214
2025-04-18 21:51:45,511,level_complete,3581,4,183496,0,1399857,1375242,42,2549459
2025-04-18 21:51:45,511,level_complete,3582,5,183508,0,1399938,1375288,109,2549722
2025-04-18 21:51:50,511,training_run_ep 203000,-,6,183645,0,1400877,1375896,0,2552170
2025-04-18 21:51:51,511,level_complete,3583,6,183665,0,1401036,1376002,110,2552579
2025-04-18 21:51:52,511,level_complete,3584,7,183672,0,1401124,1376056,83,2552838
2025-04-18 21:51:52,511,game_complete,-,8,183672,0,1401124,1376056,83,2552838
2025-04-18 21:52:07,512,training_run_ep 203500,-,1,184145,0,1402936,1377770,0,2554897
2025-04-18 21:52:26,512,training_run_ep 204000,-,1,184645,0,1405251,1379947,0,2557599
2025-04-18 21:52:40,512,level_complete,3585,1,184959,0,1406925,1381654,32,2559514
2025-04-18 21:52:44,512,level_complete,3586,2,185084,0,1407687,1382251,41,2560740
2025-04-18 21:52:46,512,level_complete,3587,3,185140,0,1408115,1382519,68,2561902
2025-04-18 21:52:48,512,training_run_ep 204500,-,4,185145,0,1408153,1382551,0,2561954
2025-04-18 21:52:57,512,level_complete,3588,4,185444,0,1409684,1383841,36,2564144
2025-04-18 21:52:58,512,level_complete,3589,5,185470,0,1409985,1383985,158,2565109
2025-04-18 21:52:58,512,level_complete,3590,6,185481,0,1410080,1384047,56,2565313
2025-04-18 21:53:00,512,level_complete,3591,7,185531,0,1410484,1384391,50,2566320
2025-04-18 21:53:00,512,game_complete,-,8,185531,0,1410484,1384391,50,2566320
2025-04-18 21:53:07,513,level_complete,3592,1,185642,0,1411369,1385292,33,2567376
2025-04-18 21:53:09,513,training_run_ep 205000,-,2,185645,0,1411396,1385309,0,2567445
2025-04-18 21:53:15,513,level_complete,3593,2,185749,0,1412433,1386158,66,2569367
2025-04-18 21:53:15,513,level_complete,3594,3,185753,0,1412498,1386193,240,2569695
2025-04-18 21:53:17,513,level_complete,3595,4,185796,0,1412854,1386483,48,2570242
2025-04-18 21:53:18,513,level_complete,3596,5,185804,0,1412974,1386547,107,2570545
2025-04-18 21:53:18,513,level_complete,3597,6,185813,0,1413050,1386583,181,2570868
2025-04-18 21:53:19,513,level_complete,3598,7,185825,0,1413183,1386685,169,2571254
2025-04-18 21:53:19,513,game_complete,-,8,185825,0,1413183,1386685,169,2571254
2025-04-18 21:53:32,514,level_complete,3599,1,186091,0,1414909,1388312,41,2573256
2025-04-18 21:53:35,514,training_run_ep 205500,-,2,186145,0,1415325,1388674,0,2573882
2025-04-18 21:53:36,514,level_complete,3600,2,186148,0,1415372,1388739,45,2573947
2025-04-18 21:53:37,514,level_complete,3601,3,186159,0,1415561,1388864,134,2574430
2025-04-18 21:53:38,514,level_complete,3602,4,186175,0,1415725,1389016,36,2574656
2025-04-18 21:53:38,514,level_complete,3603,5,186179,0,1415805,1389062,95,2574882
2025-04-18 21:53:38,514,level_complete,3604,6,186182,0,1415889,1389091,307,2575513
2025-04-18 21:53:40,514,level_complete,3605,7,186214,0,1416275,1389385,84,2576565
2025-04-18 21:53:40,514,game_complete,-,8,186214,0,1416275,1389385,84,2576565
2025-04-18 21:53:46,515,level_complete,3606,1,186274,0,1416989,1390148,40,2577403
2025-04-18 21:54:04,515,training_run_ep 206000,-,2,186645,0,1419756,1392343,0,2582044
2025-04-18 21:54:08,515,level_complete,3607,2,186724,0,1420327,1392762,80,2583096
2025-04-18 21:54:09,515,level_complete,3608,3,186782,0,1420845,1393026,100,2584707
2025-04-18 21:54:24,515,training_run_ep 206500,-,4,187145,0,1422962,1394839,0,2587997
2025-04-18 21:54:30,515,level_complete,3609,4,187316,0,1423948,1395655,43,2589557
2025-04-18 21:54:32,515,level_complete,3610,5,187354,0,1424358,1395891,63,2590617
2025-04-18 21:54:39,515,level_complete,3611,6,187577,0,1426018,1397046,44,2594554
2025-04-18 21:54:42,515,training_run_ep 207000,-,7,187645,0,1426490,1397403,0,2595775
2025-04-18 21:54:49,515,level_complete,3612,7,187857,0,1428050,1398481,152,2599772
2025-04-18 21:54:49,515,game_complete,-,8,187857,0,1428050,1398481,152,2599772
2025-04-18 21:55:02,516,training_run_ep 207500,-,1,188145,0,1429509,1399877,0,2601438
2025-04-18 21:55:23,516,level_complete,3613,1,188554,0,1432202,1402525,32,2604564
2025-04-18 21:55:25,516,level_complete,3614,2,188591,0,1432501,1402779,39,2605062
2025-04-18 21:55:26,516,level_complete,3615,3,188635,0,1432951,1403031,45,2606146
2025-04-18 21:55:28,516,training_run_ep 208000,-,4,188645,0,1433070,1403115,0,2606360
2025-04-18 21:55:29,516,level_complete,3616,4,188658,0,1433173,1403195,29,2606520
2025-04-18 21:55:29,516,level_complete,3617,5,188666,0,1433334,1403271,90,2606986
2025-04-18 21:55:31,516,level_complete,3618,6,188693,0,1433639,1403473,81,2607680
2025-04-18 21:55:33,516,level_complete,3619,7,188757,0,1434174,1403880,112,2609109
2025-04-18 21:55:33,516,game_complete,-,8,188757,0,1434174,1403880,112,2609109
2025-04-18 21:55:40,517,level_complete,3620,1,188915,0,1435074,1404708,33,2610149
2025-04-18 21:55:41,517,level_complete,3621,2,188925,0,1435205,1404829,35,2610345
2025-04-18 21:55:41,517,level_complete,3622,3,188938,0,1435345,1404894,78,2610786
2025-04-18 21:55:45,517,level_complete,3623,4,189021,0,1435972,1405422,28,2611782
2025-04-18 21:55:46,517,level_complete,3624,5,189036,0,1436182,1405523,115,2612445
2025-04-18 21:55:47,517,level_complete,3625,6,189065,0,1436408,1405704,68,2612803
2025-04-18 21:55:50,517,level_complete,3626,7,189106,0,1436933,1406116,106,2614262
2025-04-18 21:55:50,517,game_complete,-,8,189106,0,1436933,1406116,106,2614262
2025-04-18 21:55:53,518,training_run_ep 208500,-,1,189145,0,1437218,1406391,0,2614586
2025-04-18 21:56:00,518,level_complete,3627,1,189251,0,1438104,1407341,32,2615610
2025-04-18 21:56:11,518,level_complete,3628,2,189405,0,1439744,1408812,43,2618177
2025-04-18 21:56:11,518,level_complete,3629,3,189409,0,1439798,1408850,205,2618413
2025-04-18 21:56:11,518,level_complete,3630,4,189410,0,1439823,1408878,44,2618457
2025-04-18 21:56:12,518,level_complete,3631,5,189411,0,1439853,1408901,82,2618539
2025-04-18 21:56:12,518,level_complete,3632,6,189414,0,1439911,1408938,77,2618652
2025-04-18 21:56:12,518,level_complete,3633,7,189415,0,1439941,1408953,145,2618797
2025-04-18 21:56:12,518,game_complete,-,8,189415,0,1439941,1408953,145,2618797
2025-04-18 21:56:12,519,level_complete,3634,1,189416,0,1439971,1408992,35,2618832
2025-04-18 21:56:13,519,level_complete,3635,2,189418,0,1440006,1409035,38,2618875
2025-04-18 21:56:13,519,level_complete,3636,3,189420,0,1440042,1409061,97,2618978
2025-04-18 21:56:13,519,level_complete,3637,4,189429,0,1440141,1409146,34,2619112
2025-04-18 21:56:14,519,level_complete,3638,5,189431,0,1440188,1409179,53,2619213
2025-04-18 21:56:14,519,level_complete,3639,6,189443,0,1440347,1409293,137,2619632
2025-04-18 21:56:15,519,level_complete,3640,7,189451,0,1440433,1409356,107,2619872
2025-04-18 21:56:15,519,game_complete,-,8,189451,0,1440433,1409356,107,2619872
2025-04-18 21:56:23,520,level_complete,3641,1,189586,0,1441550,1410426,40,2621243
2025-04-18 21:56:28,520,training_run_ep 209000,-,2,189645,0,1442143,1410892,0,2622225
2025-04-18 21:56:29,520,level_complete,3642,2,189657,0,1442373,1411072,46,2622623
2025-04-18 21:56:30,520,level_complete,3643,3,189669,0,1442519,1411169,42,2622996
2025-04-18 21:56:30,520,level_complete,3644,4,189672,0,1442550,1411201,47,2623050
2025-04-18 21:56:30,520,level_complete,3645,5,189679,0,1442661,1411264,70,2623380
2025-04-18 21:56:30,520,level_complete,3646,6,189681,0,1442716,1411295,146,2623585
2025-04-18 21:56:31,520,level_complete,3647,7,189684,0,1442751,1411326,55,2623655
2025-04-18 21:56:31,520,game_complete,-,8,189684,0,1442751,1411326,55,2623655
2025-04-18 21:56:38,521,level_complete,3648,1,189771,0,1443649,1412268,35,2624734
2025-04-18 21:56:41,521,level_complete,3649,2,189803,0,1444011,1412610,53,2625302
2025-04-18 21:56:42,521,level_complete,3650,3,189830,0,1444344,1412809,90,2626384
2025-04-18 21:56:42,521,level_complete,3651,4,189835,0,1444391,1412849,43,2626455
2025-04-18 21:56:43,521,level_complete,3652,5,189838,0,1444469,1412888,70,2626803
2025-04-18 21:56:44,521,level_complete,3653,6,189853,0,1444668,1413061,67,2627218
2025-04-18 21:56:45,521,level_complete,3654,7,189877,0,1444914,1413240,143,2627934
2025-04-18 21:56:45,521,game_complete,-,8,189877,0,1444914,1413240,143,2627934
2025-04-18 21:56:47,522,level_complete,3655,1,189900,0,1445128,1413478,37,2628188
2025-04-18 21:56:47,522,level_complete,3656,2,189906,0,1445190,1413529,55,2628282
2025-04-18 21:56:47,522,level_complete,3657,3,189908,0,1445245,1413558,59,2628461
2025-04-18 21:56:48,522,level_complete,3658,4,189917,0,1445367,1413679,42,2628634
2025-04-18 21:56:49,522,level_complete,3659,5,189921,0,1445451,1413736,187,2628927
2025-04-18 21:56:49,522,level_complete,3660,6,189929,0,1445583,1413833,60,2629184
2025-04-18 21:56:52,522,level_complete,3661,7,189976,0,1446009,1414194,204,2630294
2025-04-18 21:56:52,522,game_complete,-,8,189976,0,1446009,1414194,204,2630294
2025-04-18 21:56:58,523,level_complete,3662,1,190070,0,1446837,1415006,36,2631254
2025-04-18 21:57:02,523,training_run_ep 209500,-,2,190145,0,1447442,1415467,0,2632265
2025-04-18 21:57:16,523,level_complete,3663,2,190580,0,1449628,1417238,77,2635811
2025-04-18 21:57:19,523,training_run_ep 210000,-,3,190645,0,1450155,1417498,0,2637463
2025-04-18 21:57:25,523,level_complete,3664,3,190854,0,1451916,1418348,85,2643413
2025-04-18 21:57:29,523,level_complete,3665,4,190999,0,1452560,1418888,69,2644397
2025-04-18 21:57:33,523,training_run_ep 210500,-,5,191145,0,1453466,1419371,0,2646990
2025-04-18 21:57:35,523,level_complete,3666,5,191234,0,1454063,1419674,50,2648716
2025-04-18 21:57:36,523,level_complete,3667,6,191246,0,1454145,1419737,55,2648859
2025-04-18 21:57:37,523,level_complete,3668,7,191281,0,1454430,1419918,162,2649927
2025-04-18 21:57:37,523,game_complete,-,8,191281,0,1454430,1419918,162,2649927
2025-04-18 21:57:51,524,training_run_ep 211000,-,1,191645,0,1455994,1421482,0,2651725
2025-04-18 21:58:09,524,training_run_ep 211500,-,1,192145,0,1458159,1423535,0,2654209
2025-04-18 21:58:35,524,training_run_ep 212000,-,1,192645,0,1461368,1426647,0,2657965
2025-04-18 21:58:39,524,level_complete,3669,1,192742,0,1461799,1427087,39,2658442
2025-04-18 21:58:40,524,level_complete,3670,2,192758,0,1461987,1427267,40,2658708
2025-04-18 21:58:41,524,level_complete,3671,3,192759,0,1462017,1427308,87,2658795
2025-04-18 21:58:41,524,level_complete,3672,4,192770,0,1462131,1427428,30,2658946
2025-04-18 21:58:45,524,level_complete,3673,5,192838,0,1462983,1427924,119,2661408
2025-04-18 21:58:45,524,level_complete,3674,6,192846,0,1463084,1427998,69,2661608
2025-04-18 21:58:47,524,level_complete,3675,7,192875,0,1463318,1428185,52,2662206
2025-04-18 21:58:47,524,game_complete,-,8,192875,0,1463318,1428185,52,2662206
2025-04-18 21:58:52,525,level_complete,3676,1,192986,0,1464033,1428837,40,2663078
2025-04-18 21:58:58,525,training_run_ep 212500,-,2,193145,0,1464855,1429468,0,2664398
2025-04-18 21:59:00,525,level_complete,3677,2,193188,0,1465170,1429728,67,2664886
2025-04-18 21:59:00,525,level_complete,3678,3,193199,0,1465389,1429835,226,2665755
2025-04-18 21:59:02,525,level_complete,3679,4,193226,0,1465604,1430040,32,2666084
2025-04-18 21:59:03,525,level_complete,3680,5,193244,0,1465877,1430194,44,2666870
2025-04-18 21:59:04,525,level_complete,3681,6,193261,0,1466061,1430319,170,2667384
2025-04-18 21:59:05,525,level_complete,3682,7,193271,0,1466198,1430423,67,2667826
2025-04-18 21:59:05,525,game_complete,-,8,193271,0,1466198,1430423,67,2667826
2025-04-18 21:59:25,526,training_run_ep 213000,-,1,193645,0,1468800,1432845,0,2670914
2025-04-18 21:59:37,526,level_complete,3683,1,193848,0,1470342,1434411,42,2672704
2025-04-18 21:59:38,526,level_complete,3684,2,193852,0,1470422,1434502,34,2672821
2025-04-18 21:59:38,526,level_complete,3685,3,193853,0,1470452,1434525,56,2672877
2025-04-18 21:59:41,526,level_complete,3686,4,193897,0,1470860,1434885,36,2673479
2025-04-18 21:59:41,526,level_complete,3687,5,193898,0,1470890,1434917,46,2673525
2025-04-18 21:59:42,526,level_complete,3688,6,193909,0,1471055,1435016,127,2674170
2025-04-18 21:59:42,526,level_complete,3689,7,193920,0,1471199,1435108,169,2674640
2025-04-18 21:59:42,526,game_complete,-,8,193920,0,1471199,1435108,169,2674640
2025-04-18 21:59:53,527,level_complete,3690,1,194113,0,1472512,1436396,40,2676174
2025-04-18 21:59:55,527,training_run_ep 213500,-,2,194145,0,1472705,1436551,0,2676485
2025-04-18 22:00:07,527,level_complete,3691,2,194428,0,1474495,1438140,55,2679371
2025-04-18 22:00:10,527,level_complete,3692,3,194497,0,1475237,1438547,186,2681503
2025-04-18 22:00:16,527,training_run_ep 214000,-,4,194645,0,1476107,1439275,0,2682766
2025-04-18 22:00:17,527,level_complete,3693,4,194675,0,1476340,1439458,34,2683159
2025-04-18 22:00:17,527,level_complete,3694,5,194676,0,1476370,1439484,115,2683274
2025-04-18 22:00:18,527,level_complete,3695,6,194692,0,1476608,1439625,94,2683939
2025-04-18 22:00:19,527,level_complete,3696,7,194704,0,1476694,1439700,59,2684131
2025-04-18 22:00:19,527,game_complete,-,8,194704,0,1476694,1439700,59,2684131
2025-04-18 22:00:23,528,level_complete,3697,1,194749,0,1477151,1440199,40,2684656
2025-04-18 22:00:25,528,level_complete,3698,2,194783,0,1477530,1440541,49,2685264
2025-04-18 22:00:26,528,level_complete,3699,3,194785,0,1477575,1440576,112,2685400
2025-04-18 22:00:26,528,level_complete,3700,4,194787,0,1477615,1440607,37,2685457
2025-04-18 22:00:27,528,level_complete,3701,5,194804,0,1477920,1440793,103,2686238
2025-04-18 22:00:27,528,level_complete,3702,6,194808,0,1477983,1440843,81,2686410
2025-04-18 22:00:33,528,level_complete,3703,7,194935,0,1479353,1441776,179,2690316
2025-04-18 22:00:33,528,game_complete,-,8,194935,0,1479353,1441776,179,2690316
2025-04-18 22:00:43,529,level_complete,3704,1,195109,0,1480507,1442933,36,2691696
2025-04-18 22:00:44,529,level_complete,3705,2,195120,0,1480613,1443052,41,2691868
2025-04-18 22:00:44,529,level_complete,3706,3,195121,0,1480643,1443066,83,2691951
2025-04-18 22:00:45,529,level_complete,3707,4,195134,0,1480795,1443205,32,2692189
2025-04-18 22:00:45,529,level_complete,3708,5,195135,0,1480825,1443233,42,2692231
2025-04-18 22:00:45,529,level_complete,3709,6,195144,0,1480964,1443308,226,2692680
2025-04-18 22:00:46,529,training_run_ep 214500,-,7,195145,0,1480987,1443318,0,2692810
2025-04-18 22:00:47,529,level_complete,3710,7,195158,0,1481174,1443459,61,2693250
2025-04-18 22:00:47,529,game_complete,-,8,195158,0,1481174,1443459,61,2693250
2025-04-18 22:00:49,530,level_complete,3711,1,195174,0,1481336,1443655,31,2693429
2025-04-18 22:00:52,530,level_complete,3712,2,195209,0,1481740,1444062,45,2694113
2025-04-18 22:00:52,530,level_complete,3713,3,195216,0,1481861,1444141,144,2694432
2025-04-18 22:00:53,530,level_complete,3714,4,195218,0,1481896,1444185,29,2694475
2025-04-18 22:00:53,530,level_complete,3715,5,195219,0,1481926,1444200,92,2694567
2025-04-18 22:00:54,530,level_complete,3716,6,195249,0,1482225,1444368,157,2695516
2025-04-18 22:00:55,530,level_complete,3717,7,195271,0,1482428,1444499,132,2696027
2025-04-18 22:00:55,530,game_complete,-,8,195271,0,1482428,1444499,132,2696027
2025-04-18 22:01:06,531,level_complete,3718,1,195492,0,1483866,1445891,34,2697709
2025-04-18 22:01:07,531,level_complete,3719,2,195503,0,1484014,1446008,48,2697999
2025-04-18 22:01:09,531,level_complete,3720,3,195565,0,1484646,1446329,120,2699890
2025-04-18 22:01:13,531,training_run_ep 215000,-,4,195645,0,1485172,1446773,0,2700654
2025-04-18 22:01:16,531,level_complete,3721,4,195715,0,1485759,1447237,35,2701609
2025-04-18 22:01:21,531,level_complete,3722,5,195827,0,1486935,1447902,83,2704976
2025-04-18 22:01:22,531,level_complete,3723,6,195850,0,1487141,1448030,111,2705448
2025-04-18 22:01:27,531,level_complete,3724,7,196009,0,1488332,1448845,102,2708689
2025-04-18 22:01:27,531,game_complete,-,8,196009,0,1488332,1448845,102,2708689
2025-04-18 22:01:33,532,level_complete,3725,1,196073,0,1489017,1449557,33,2709518
2025-04-18 22:01:36,532,training_run_ep 215500,-,2,196145,0,1489377,1449856,0,2710030
2025-04-18 22:01:55,532,training_run_ep 216000,-,2,196645,0,1492492,1452193,0,2715700
2025-04-18 22:01:57,532,level_complete,3726,2,196707,0,1492897,1452510,52,2716373
2025-04-18 22:02:00,532,level_complete,3727,3,196836,0,1493717,1452963,55,2718451
2025-04-18 22:02:02,532,level_complete,3728,4,196858,0,1493896,1453132,55,2718703
2025-04-18 22:02:03,532,level_complete,3729,5,196888,0,1494125,1453305,60,2719142
2025-04-18 22:02:11,532,level_complete,3730,6,197130,0,1496090,1454532,171,2724147
2025-04-18 22:02:12,532,training_run_ep 216500,-,7,197145,0,1496171,1454596,0,2724270
2025-04-18 22:02:13,532,level_complete,3731,7,197149,0,1496247,1454654,88,2724489
2025-04-18 22:02:13,532,game_complete,-,8,197149,0,1496247,1454654,88,2724489
2025-04-18 22:02:21,533,level_complete,3732,1,197351,0,1497321,1455687,34,2725704
2025-04-18 22:02:22,533,level_complete,3733,2,197365,0,1497517,1455839,102,2726085
2025-04-18 22:02:23,533,level_complete,3734,3,197367,0,1497553,1455869,67,2726161
2025-04-18 22:02:24,533,level_complete,3735,4,197398,0,1497822,1456084,34,2726546
2025-04-18 22:02:24,533,level_complete,3736,5,197401,0,1497874,1456114,69,2726675
2025-04-18 22:02:27,533,level_complete,3737,6,197483,0,1498524,1456511,73,2728467
2025-04-18 22:02:29,533,level_complete,3738,7,197531,0,1498909,1456788,83,2729305
2025-04-18 22:02:29,533,game_complete,-,8,197531,0,1498909,1456788,83,2729305
2025-04-18 22:02:34,534,training_run_ep 217000,-,1,197645,0,1499528,1457374,0,2730027
2025-04-18 22:02:55,534,training_run_ep 217500,-,1,198145,0,1502096,1459766,0,2733018
2025-04-18 22:03:15,534,training_run_ep 218000,-,1,198645,0,1504576,1462075,0,2735968
2025-04-18 22:03:37,534,training_run_ep 218500,-,1,199145,0,1507234,1464602,0,2739085
2025-04-18 22:03:56,534,training_run_ep 219000,-,1,199645,0,1509576,1466818,0,2741814
2025-04-18 22:04:17,534,training_run_ep 219500,-,1,200145,0,1512014,1469164,0,2744626
2025-04-18 22:04:38,534,training_run_ep 220000,-,1,200645,0,1514517,1471587,0,2747537
2025-04-18 22:04:46,534,level_complete,3739,1,200847,0,1515591,1472616,32,2748784
2025-04-18 22:04:58,534,training_run_ep 220500,-,2,201145,0,1517311,1474076,0,2751537
2025-04-18 22:05:20,534,training_run_ep 221000,-,2,201645,0,1520603,1476807,0,2756846
2025-04-18 22:05:31,534,level_complete,3740,2,201900,0,1522365,1478222,40,2759944
2025-04-18 22:05:33,534,level_complete,3741,3,201963,0,1522997,1478580,91,2761805
2025-04-18 22:05:34,534,level_complete,3742,4,201975,0,1523073,1478647,34,2761901
2025-04-18 22:05:37,534,level_complete,3743,5,202056,0,1523796,1479041,79,2763863
2025-04-18 22:05:38,534,level_complete,3744,6,202086,0,1524079,1479201,81,2764637
2025-04-18 22:05:41,534,training_run_ep 221500,-,7,202145,0,1524539,1479542,0,2766036
2025-04-18 22:05:44,534,level_complete,3745,7,202205,0,1525134,1479953,151,2768048
2025-04-18 22:05:44,534,game_complete,-,8,202205,0,1525134,1479953,151,2768048
2025-04-18 22:05:45,535,level_complete,3746,1,202225,0,1525323,1480126,45,2768291
2025-04-18 22:05:48,535,level_complete,3747,2,202264,0,1525812,1480599,47,2768980
2025-04-18 22:05:49,535,level_complete,3748,3,202269,0,1525876,1480634,59,2769138
2025-04-18 22:05:50,535,level_complete,3749,4,202284,0,1526086,1480830,32,2769455
2025-04-18 22:05:50,535,level_complete,3750,5,202285,0,1526116,1480867,59,2769514
2025-04-18 22:05:51,535,level_complete,3751,6,202289,0,1526179,1480899,144,2769762
2025-04-18 22:05:52,535,level_complete,3752,7,202335,0,1526580,1481207,83,2770826
2025-04-18 22:05:52,535,game_complete,-,8,202335,0,1526580,1481207,83,2770826
2025-04-18 22:06:03,536,level_complete,3753,1,202488,0,1527952,1482570,37,2772417
2025-04-18 22:06:04,536,level_complete,3754,2,202501,0,1528133,1482740,43,2772716
2025-04-18 22:06:05,536,level_complete,3755,3,202502,0,1528163,1482762,61,2772777
2025-04-18 22:06:05,536,level_complete,3756,4,202505,0,1528217,1482826,48,2772862
2025-04-18 22:06:06,536,level_complete,3757,5,202515,0,1528326,1482907,112,2773101
2025-04-18 22:06:06,536,level_complete,3758,6,202534,0,1528487,1483025,126,2773510
2025-04-18 22:06:07,536,level_complete,3759,7,202542,0,1528565,1483093,68,2773656
2025-04-18 22:06:07,536,game_complete,-,8,202542,0,1528565,1483093,68,2773656
2025-04-18 22:06:08,537,level_complete,3760,1,202554,0,1528724,1483280,31,2773839
2025-04-18 22:06:10,537,level_complete,3761,2,202562,0,1528916,1483465,51,2774144
2025-04-18 22:06:10,537,level_complete,3762,3,202567,0,1529024,1483523,64,2774396
2025-04-18 22:06:10,537,level_complete,3763,4,202569,0,1529064,1483561,32,2774466
2025-04-18 22:06:10,537,level_complete,3764,5,202572,0,1529103,1483581,162,2774647
2025-04-18 22:06:11,537,level_complete,3765,6,202581,0,1529204,1483699,102,2774838
2025-04-18 22:06:11,537,level_complete,3766,7,202582,0,1529234,1483730,60,2774898
2025-04-18 22:06:11,537,game_complete,-,8,202582,0,1529234,1483730,60,2774898
2025-04-18 22:06:13,538,level_complete,3767,1,202592,0,1529425,1483947,37,2775120
2025-04-18 22:06:14,538,level_complete,3768,2,202604,0,1529554,1484058,56,2775332
2025-04-18 22:06:14,538,level_complete,3769,3,202611,0,1529676,1484144,79,2775619
2025-04-18 22:06:15,538,level_complete,3770,4,202616,0,1529755,1484197,61,2775806
2025-04-18 22:06:18,538,training_run_ep 222000,-,5,202645,0,1530122,1484419,0,2776887
2025-04-18 22:06:18,538,level_complete,3771,5,202656,0,1530254,1484493,80,2777264
2025-04-18 22:06:19,538,level_complete,3772,6,202668,0,1530388,1484595,85,2777530
2025-04-18 22:06:19,538,level_complete,3773,7,202680,0,1530530,1484693,60,2778050
2025-04-18 22:06:19,538,game_complete,-,8,202680,0,1530530,1484693,60,2778050
2025-04-18 22:06:23,539,level_complete,3774,1,202706,0,1530916,1485108,37,2778530
2025-04-18 22:06:23,539,level_complete,3775,2,202710,0,1530998,1485185,39,2778640
2025-04-18 22:06:23,539,level_complete,3776,3,202711,0,1531028,1485207,82,2778722
2025-04-18 22:06:24,539,level_complete,3777,4,202715,0,1531097,1485272,28,2778812
2025-04-18 22:06:24,539,level_complete,3778,5,202716,0,1531127,1485289,75,2778887
2025-04-18 22:06:24,539,level_complete,3779,6,202720,0,1531199,1485350,50,2779004
2025-04-18 22:06:25,539,level_complete,3780,7,202721,0,1531229,1485373,61,2779065
2025-04-18 22:06:25,539,game_complete,-,8,202721,0,1531229,1485373,61,2779065
2025-04-18 22:06:25,540,level_complete,3781,1,202722,0,1531259,1485406,35,2779100
2025-04-18 22:06:27,540,level_complete,3782,2,202743,0,1531556,1485702,48,2779562
2025-04-18 22:06:27,540,level_complete,3783,3,202748,0,1531620,1485733,71,2779746
2025-04-18 22:06:28,540,level_complete,3784,4,202755,0,1531693,1485802,36,2779848
2025-04-18 22:06:28,540,level_complete,3785,5,202763,0,1531816,1485905,34,2780081
2025-04-18 22:06:29,540,level_complete,3786,6,202773,0,1531979,1486011,83,2780642
2025-04-18 22:06:29,540,level_complete,3787,7,202774,0,1532009,1486027,105,2780747
2025-04-18 22:06:29,540,game_complete,-,8,202774,0,1532009,1486027,105,2780747
2025-04-18 22:06:31,541,level_complete,3788,1,202789,0,1532241,1486297,36,2781012
2025-04-18 22:06:32,541,level_complete,3789,2,202799,0,1532416,1486438,51,2781398
2025-04-18 22:06:33,541,level_complete,3790,3,202805,0,1532504,1486487,108,2781630
2025-04-18 22:06:33,541,level_complete,3791,4,202806,0,1532529,1486527,40,2781670
2025-04-18 22:06:33,541,level_complete,3792,5,202808,0,1532576,1486565,56,2781756
2025-04-18 22:06:34,541,level_complete,3793,6,202813,0,1532692,1486638,75,2782059
2025-04-18 22:06:34,541,level_complete,3794,7,202821,0,1532823,1486720,173,2782472
2025-04-18 22:06:34,541,game_complete,-,8,202821,0,1532823,1486720,173,2782472
2025-04-18 22:06:35,542,level_complete,3795,1,202826,0,1532908,1486816,36,2782576
2025-04-18 22:06:36,542,level_complete,3796,2,202840,0,1533090,1486990,40,2782880
2025-04-18 22:06:37,542,level_complete,3797,3,202842,0,1533124,1487004,82,2782969
2025-04-18 22:06:38,542,level_complete,3798,4,202868,0,1533379,1487218,36,2783355
2025-04-18 22:06:39,542,level_complete,3799,5,202875,0,1533505,1487332,55,2783667
2025-04-18 22:06:39,542,level_complete,3800,6,202876,0,1533535,1487365,69,2783736
2025-04-18 22:06:40,542,level_complete,3801,7,202888,0,1533673,1487471,59,2784128
2025-04-18 22:06:40,542,game_complete,-,8,202888,0,1533673,1487471,59,2784128
2025-04-18 22:06:49,543,level_complete,3802,1,202993,0,1534769,1488577,33,2785421
2025-04-18 22:06:49,543,level_complete,3803,2,202999,0,1534840,1488671,42,2785541
2025-04-18 22:06:50,543,level_complete,3804,3,203005,0,1534909,1488719,86,2785724
2025-04-18 22:06:50,543,level_complete,3805,4,203017,0,1535030,1488828,30,2785880
2025-04-18 22:06:52,543,level_complete,3806,5,203048,0,1535414,1489071,62,2786919
2025-04-18 22:06:55,543,level_complete,3807,6,203105,0,1535877,1489392,68,2788049
2025-04-18 22:06:55,543,level_complete,3808,7,203107,0,1535935,1489425,222,2788353
2025-04-18 22:06:55,543,game_complete,-,8,203107,0,1535935,1489425,222,2788353
2025-04-18 22:06:58,544,training_run_ep 222500,-,1,203145,0,1536146,1489628,0,2788601
2025-04-18 22:07:04,544,level_complete,3809,1,203235,0,1536910,1490396,37,2789496
2025-04-18 22:07:06,544,level_complete,3810,2,203255,0,1537168,1490628,41,2789893
2025-04-18 22:07:06,544,level_complete,3811,3,203256,0,1537198,1490650,183,2790076
2025-04-18 22:07:07,544,level_complete,3812,4,203268,0,1537348,1490793,31,2790283
2025-04-18 22:07:08,544,level_complete,3813,5,203289,0,1537613,1490974,65,2791038
2025-04-18 22:07:09,544,level_complete,3814,6,203304,0,1537795,1491098,78,2791610
2025-04-18 22:07:11,544,level_complete,3815,7,203355,0,1538262,1491410,145,2792947
2025-04-18 22:07:11,544,game_complete,-,8,203355,0,1538262,1491410,145,2792947
2025-04-18 22:07:29,545,training_run_ep 223000,-,1,203645,0,1540436,1493521,0,2795552
2025-04-18 22:07:32,545,level_complete,3816,1,203693,0,1540875,1493956,35,2796094
2025-04-18 22:07:32,545,level_complete,3817,2,203696,0,1540907,1493981,48,2796144
2025-04-18 22:07:33,545,level_complete,3818,3,203704,0,1541019,1494057,74,2796467
2025-04-18 22:07:33,545,level_complete,3819,4,203711,0,1541099,1494123,46,2796596
2025-04-18 22:07:34,545,level_complete,3820,5,203719,0,1541252,1494212,78,2797069
2025-04-18 22:07:34,545,level_complete,3821,6,203723,0,1541311,1494259,117,2797223
2025-04-18 22:07:38,545,level_complete,3822,7,203808,0,1542079,1494821,90,2799241
2025-04-18 22:07:38,545,game_complete,-,8,203808,0,1542079,1494821,90,2799241
2025-04-18 22:07:44,546,level_complete,3823,1,203884,0,1542751,1495562,34,2800025
2025-04-18 22:07:44,546,level_complete,3824,2,203888,0,1542802,1495610,52,2800106
2025-04-18 22:07:44,546,level_complete,3825,3,203892,0,1542839,1495641,113,2800226
2025-04-18 22:07:46,546,level_complete,3826,4,203931,0,1543077,1495856,48,2800557
2025-04-18 22:07:47,546,level_complete,3827,5,203969,0,1543412,1496078,124,2801412
2025-04-18 22:07:53,546,training_run_ep 223500,-,6,204145,0,1544376,1496734,0,2803580
2025-04-18 22:08:03,546,level_complete,3828,6,204509,0,1546819,1498304,59,2809374
2025-04-18 22:08:06,546,level_complete,3829,7,204578,0,1547457,1498744,106,2811145
2025-04-18 22:08:06,546,game_complete,-,8,204578,0,1547457,1498744,106,2811145
2025-04-18 22:08:10,547,training_run_ep 224000,-,1,204645,0,1547669,1499100,0,2811376
2025-04-18 22:08:14,547,level_complete,3830,1,204726,0,1548180,1499589,37,2811974
2025-04-18 22:08:16,547,level_complete,3831,2,204774,0,1548494,1499838,61,2812475
2025-04-18 22:08:18,547,level_complete,3832,3,204825,0,1549085,1500148,123,2814252
2025-04-18 22:08:18,547,level_complete,3833,4,204826,0,1549110,1500155,104,2814356
2025-04-18 22:08:19,547,level_complete,3834,5,204851,0,1549467,1500347,77,2815552
2025-04-18 22:08:20,547,level_complete,3835,6,204864,0,1549602,1500417,91,2815932
2025-04-18 22:08:23,547,level_complete,3836,7,204963,0,1550436,1501028,92,2818089
2025-04-18 22:08:23,547,game_complete,-,8,204963,0,1550436,1501028,92,2818089
2025-04-18 22:08:26,548,level_complete,3837,1,205009,0,1550721,1501301,35,2818428
2025-04-18 22:08:29,548,level_complete,3838,2,205077,0,1551196,1501736,44,2819158
2025-04-18 22:08:32,548,training_run_ep 224500,-,3,205145,0,1551724,1502039,0,2820690
2025-04-18 22:08:32,548,level_complete,3839,3,205148,0,1551757,1502049,262,2820958
2025-04-18 22:08:35,548,level_complete,3840,4,205226,0,1552203,1502404,62,2821616
2025-04-18 22:08:40,548,level_complete,3841,5,205371,0,1553495,1503144,66,2825206
2025-04-18 22:08:42,548,level_complete,3842,6,205433,0,1554027,1503528,54,2826435
2025-04-18 22:08:44,548,level_complete,3843,7,205467,0,1554374,1503751,63,2827432
2025-04-18 22:08:44,548,game_complete,-,8,205467,0,1554374,1503751,63,2827432
2025-04-18 22:08:47,549,level_complete,3844,1,205529,0,1554779,1504168,36,2827923
2025-04-18 22:08:52,549,training_run_ep 225000,-,2,205645,0,1555366,1504672,0,2828847
2025-04-18 22:09:08,549,level_complete,3845,2,206081,0,1557956,1506708,40,2833272
2025-04-18 22:09:08,549,level_complete,3846,3,206094,0,1558125,1506805,121,2833703
2025-04-18 22:09:11,549,training_run_ep 225500,-,4,206145,0,1558412,1507052,0,2834076
2025-04-18 22:09:15,549,level_complete,3847,4,206251,0,1558976,1507540,38,2834862
2025-04-18 22:09:17,549,level_complete,3848,5,206317,0,1559531,1507831,241,2837012
2025-04-18 22:09:17,549,level_complete,3849,6,206324,0,1559626,1507906,123,2837224
2025-04-18 22:09:20,549,level_complete,3850,7,206430,0,1560285,1508337,101,2839129
2025-04-18 22:09:20,549,game_complete,-,8,206430,0,1560285,1508337,101,2839129
2025-04-18 22:09:28,550,training_run_ep 226000,-,1,206645,0,1561231,1509187,0,2840241
2025-04-18 22:09:52,550,training_run_ep 226500,-,1,207145,0,1564229,1512093,0,2843672
2025-04-18 22:10:11,550,level_complete,3851,1,207498,0,1566566,1514408,34,2846408
2025-04-18 22:10:14,550,level_complete,3852,2,207539,0,1566998,1514787,37,2847167
2025-04-18 22:10:15,550,level_complete,3853,3,207561,0,1567261,1515024,118,2847921
2025-04-18 22:10:21,550,training_run_ep 227000,-,4,207645,0,1567966,1515584,0,2849080
2025-04-18 22:10:21,550,level_complete,3854,4,207649,0,1568015,1515617,57,2849180
2025-04-18 22:10:21,550,level_complete,3855,5,207656,0,1568120,1515677,66,2849549
2025-04-18 22:10:25,550,level_complete,3856,6,207750,0,1569032,1516264,381,2852169
2025-04-18 22:10:28,550,level_complete,3857,7,207810,0,1569711,1516745,41,2854365
2025-04-18 22:10:28,550,game_complete,-,8,207810,0,1569711,1516745,41,2854365
2025-04-18 22:10:29,551,level_complete,3858,1,207815,0,1569787,1516813,39,2854463
2025-04-18 22:10:31,551,level_complete,3859,2,207853,0,1570119,1517137,44,2855017
2025-04-18 22:10:32,551,level_complete,3860,3,207865,0,1570255,1517222,87,2855443
2025-04-18 22:10:32,551,level_complete,3861,4,207875,0,1570322,1517286,47,2855544
2025-04-18 22:10:32,551,level_complete,3862,5,207879,0,1570364,1517323,49,2855608
2025-04-18 22:10:33,551,level_complete,3863,6,207893,0,1570525,1517435,89,2856040
2025-04-18 22:10:36,551,level_complete,3864,7,207934,0,1570919,1517800,88,2856941
2025-04-18 22:10:36,551,game_complete,-,8,207934,0,1570919,1517800,88,2856941
2025-04-18 22:10:48,552,training_run_ep 227500,-,1,208145,0,1572295,1519253,0,2858561
2025-04-18 22:10:54,552,level_complete,3865,1,208307,0,1573059,1519982,38,2859424
2025-04-18 22:11:05,552,level_complete,3866,2,208558,0,1574807,1521393,55,2862535
2025-04-18 22:11:05,552,level_complete,3867,3,208562,0,1574846,1521418,103,2862650
2025-04-18 22:11:06,552,level_complete,3868,4,208566,0,1574904,1521481,37,2862726
2025-04-18 22:11:08,552,level_complete,3869,5,208596,0,1575363,1521778,53,2864005
2025-04-18 22:11:09,552,level_complete,3870,6,208616,0,1575658,1521973,59,2864809
2025-04-18 22:11:11,552,training_run_ep 228000,-,7,208645,0,1575874,1522107,0,2865390
2025-04-18 22:11:12,552,level_complete,3871,7,208680,0,1576093,1522243,77,2866016
2025-04-18 22:11:12,552,game_complete,-,8,208680,0,1576093,1522243,77,2866016
2025-04-18 22:11:18,553,level_complete,3872,1,208796,0,1576856,1523004,38,2866910
2025-04-18 22:11:23,553,level_complete,3873,2,208909,0,1577712,1523671,57,2868406
2025-04-18 22:11:23,553,level_complete,3874,3,208923,0,1577875,1523782,79,2868895
2025-04-18 22:11:24,553,level_complete,3875,4,208943,0,1578042,1523918,43,2869199
2025-04-18 22:11:25,553,level_complete,3876,5,208945,0,1578073,1523943,56,2869256
2025-04-18 22:11:26,553,level_complete,3877,6,208986,0,1578400,1524183,55,2869887
2025-04-18 22:11:27,553,level_complete,3878,7,208993,0,1578494,1524249,110,2870262
2025-04-18 22:11:27,553,game_complete,-,8,208993,0,1578494,1524249,110,2870262
2025-04-18 22:11:33,554,training_run_ep 228500,-,1,209145,0,1579212,1524916,0,2871141
2025-04-18 22:11:57,554,training_run_ep 229000,-,1,209645,0,1582062,1527674,0,2874424
2025-04-18 22:12:03,554,level_complete,3879,1,209761,0,1582837,1528434,33,2875326
2025-04-18 22:12:09,554,level_complete,3880,2,209887,0,1583889,1529284,45,2877088
2025-04-18 22:12:13,554,level_complete,3881,3,209982,0,1584890,1529886,59,2880071
2025-04-18 22:12:18,554,level_complete,3882,4,210087,0,1585742,1530623,84,2881387
2025-04-18 22:12:18,554,level_complete,3883,5,210088,0,1585772,1530637,143,2881530
2025-04-18 22:12:18,554,level_complete,3884,6,210090,0,1585813,1530665,89,2881639
2025-04-18 22:12:20,554,level_complete,3885,7,210107,0,1586168,1530907,56,2882779
2025-04-18 22:12:20,554,game_complete,-,8,210107,0,1586168,1530907,56,2882779
2025-04-18 22:12:24,555,level_complete,3886,1,210141,0,1586565,1531371,37,2883236
2025-04-18 22:12:25,555,training_run_ep 229500,-,2,210145,0,1586603,1531400,0,2883294
2025-04-18 22:12:31,555,level_complete,3887,2,210238,0,1587514,1532230,57,2884645
2025-04-18 22:12:31,555,level_complete,3888,3,210239,0,1587544,1532247,136,2884781
2025-04-18 22:12:31,555,level_complete,3889,4,210240,0,1587569,1532267,49,2884830
2025-04-18 22:12:32,555,level_complete,3890,5,210255,0,1587782,1532415,85,2885417
2025-04-18 22:12:32,555,level_complete,3891,6,210256,0,1587812,1532432,58,2885475
2025-04-18 22:12:33,555,level_complete,3892,7,210258,0,1587844,1532472,84,2885561
2025-04-18 22:12:33,555,game_complete,-,8,210258,0,1587844,1532472,84,2885561
2025-04-18 22:12:34,556,level_complete,3893,1,210265,0,1587980,1532619,38,2885729
2025-04-18 22:12:35,556,level_complete,3894,2,210279,0,1588229,1532826,49,2886186
2025-04-18 22:12:36,556,level_complete,3895,3,210284,0,1588302,1532875,77,2886368
2025-04-18 22:12:36,556,level_complete,3896,4,210292,0,1588403,1532962,34,2886511
2025-04-18 22:12:37,556,level_complete,3897,5,210297,0,1588471,1533037,76,2886675
2025-04-18 22:12:38,556,level_complete,3898,6,210314,0,1588646,1533159,87,2887145
2025-04-18 22:12:38,556,level_complete,3899,7,210321,0,1588772,1533245,154,2887583
2025-04-18 22:12:38,556,game_complete,-,8,210321,0,1588772,1533245,154,2887583
2025-04-18 22:12:48,557,level_complete,3900,1,210417,0,1589856,1534480,32,2888857
2025-04-18 22:12:49,557,level_complete,3901,2,210435,0,1590112,1534673,48,2889307
2025-04-18 22:12:50,557,level_complete,3902,3,210447,0,1590360,1534864,69,2889971
2025-04-18 22:12:50,557,level_complete,3903,4,210448,0,1590385,1534885,49,2890020
2025-04-18 22:12:51,557,level_complete,3904,5,210449,0,1590415,1534903,87,2890107
2025-04-18 22:12:51,557,level_complete,3905,6,210451,0,1590459,1534935,93,2890245
2025-04-18 22:12:52,557,level_complete,3906,7,210461,0,1590613,1535060,51,2890588
2025-04-18 22:12:52,557,game_complete,-,8,210461,0,1590613,1535060,51,2890588
2025-04-18 22:12:54,558,level_complete,3907,1,210475,0,1590833,1535338,32,2890840
2025-04-18 22:12:54,558,level_complete,3908,2,210480,0,1590905,1535410,53,2890942
2025-04-18 22:12:54,558,level_complete,3909,3,210483,0,1590948,1535441,62,2891029
2025-04-18 22:12:55,558,level_complete,3910,4,210484,0,1590973,1535466,38,2891067
2025-04-18 22:12:55,558,level_complete,3911,5,210488,0,1591072,1535561,88,2891294
2025-04-18 22:12:56,558,level_complete,3912,6,210494,0,1591173,1535640,75,2891565
2025-04-18 22:12:56,558,level_complete,3913,7,210500,0,1591274,1535728,36,2891735
2025-04-18 22:12:56,558,game_complete,-,8,210500,0,1591274,1535728,36,2891735
2025-04-18 22:12:57,559,level_complete,3914,1,210503,0,1591351,1535823,46,2891854
2025-04-18 22:12:59,559,level_complete,3915,2,210526,0,1591671,1536098,37,2892395
2025-04-18 22:12:59,559,level_complete,3916,3,210527,0,1591701,1536120,114,2892509
2025-04-18 22:13:00,559,level_complete,3917,4,210541,0,1591849,1536257,38,2892720
2025-04-18 22:13:00,559,level_complete,3918,5,210542,0,1591879,1536268,91,2892811
2025-04-18 22:13:01,559,level_complete,3919,6,210555,0,1592006,1536366,83,2893113
2025-04-18 22:13:03,559,level_complete,3920,7,210576,0,1592345,1536630,107,2894132
2025-04-18 22:13:03,559,game_complete,-,8,210576,0,1592345,1536630,107,2894132
2025-04-18 22:13:03,560,level_complete,3921,1,210580,0,1592389,1536672,38,2894184
2025-04-18 22:13:03,560,level_complete,3922,2,210581,0,1592419,1536697,54,2894238
2025-04-18 22:13:03,560,level_complete,3923,3,210582,0,1592449,1536714,67,2894305
2025-04-18 22:13:04,560,level_complete,3924,4,210593,0,1592598,1536846,43,2894568
2025-04-18 22:13:04,560,level_complete,3925,5,210596,0,1592652,1536882,98,2894718
2025-04-18 22:13:05,560,level_complete,3926,6,210602,0,1592774,1536975,71,2895084
2025-04-18 22:13:07,560,level_complete,3927,7,210625,0,1593067,1537236,101,2895702
2025-04-18 22:13:07,560,game_complete,-,8,210625,0,1593067,1537236,101,2895702
2025-04-18 22:13:08,561,level_complete,3928,1,210637,0,1593246,1537406,62,2895938
2025-04-18 22:13:10,561,training_run_ep 230000,-,2,210645,0,1593340,1537498,0,2896054
2025-04-18 22:13:11,561,level_complete,3929,2,210658,0,1593506,1537641,39,2896348
2025-04-18 22:13:11,561,level_complete,3930,3,210659,0,1593536,1537672,54,2896402
2025-04-18 22:13:12,561,level_complete,3931,4,210678,0,1593736,1537840,49,2896762
2025-04-18 22:13:12,561,level_complete,3932,5,210679,0,1593766,1537857,137,2896899
2025-04-18 22:13:13,561,level_complete,3933,6,210681,0,1593797,1537890,63,2896963
2025-04-18 22:13:14,561,level_complete,3934,7,210715,0,1594170,1538182,53,2897956
2025-04-18 22:13:14,561,game_complete,-,8,210715,0,1594170,1538182,53,2897956
2025-04-18 22:13:18,562,level_complete,3935,1,210744,0,1594607,1538675,32,2898489
2025-04-18 22:13:19,562,level_complete,3936,2,210755,0,1594738,1538789,38,2898682
2025-04-18 22:13:19,562,level_complete,3937,3,210756,0,1594768,1538809,115,2898797
2025-04-18 22:13:19,562,level_complete,3938,4,210757,0,1594793,1538829,33,2898830
2025-04-18 22:13:22,562,level_complete,3939,5,210782,0,1595211,1539198,98,2899968
2025-04-18 22:13:23,562,level_complete,3940,6,210790,0,1595401,1539333,89,2900415
2025-04-18 22:13:24,562,level_complete,3941,7,210815,0,1595705,1539563,91,2901110
2025-04-18 22:13:24,562,game_complete,-,8,210815,0,1595705,1539563,91,2901110
2025-04-18 22:13:30,563,level_complete,3942,1,210884,0,1596504,1540357,31,2902039
2025-04-18 22:13:31,563,level_complete,3943,2,210888,0,1596595,1540452,33,2902163
2025-04-18 22:13:31,563,level_complete,3944,3,210893,0,1596671,1540502,144,2902430
2025-04-18 22:13:32,563,level_complete,3945,4,210906,0,1596820,1540639,39,2902652
2025-04-18 22:13:32,563,level_complete,3946,5,210909,0,1596869,1540671,89,2902771
2025-04-18 22:13:33,563,level_complete,3947,6,210915,0,1596967,1540747,44,2902956
2025-04-18 22:13:34,563,level_complete,3948,7,210931,0,1597190,1540887,160,2903846
2025-04-18 22:13:34,563,game_complete,-,8,210931,0,1597190,1540887,160,2903846
2025-04-18 22:13:39,564,level_complete,3949,1,211004,0,1597815,1541507,34,2904608
2025-04-18 22:13:39,564,level_complete,3950,2,211007,0,1597865,1541548,42,2904695
2025-04-18 22:13:39,564,level_complete,3951,3,211009,0,1597897,1541570,77,2904774
2025-04-18 22:13:39,564,level_complete,3952,4,211010,0,1597922,1541601,32,2904806
2025-04-18 22:13:40,564,level_complete,3953,5,211023,0,1598133,1541739,82,2905422
2025-04-18 22:13:41,564,level_complete,3954,6,211031,0,1598239,1541824,47,2905609
2025-04-18 22:13:42,564,level_complete,3955,7,211038,0,1598345,1541924,88,2905865
2025-04-18 22:13:42,564,game_complete,-,8,211038,0,1598345,1541924,88,2905865
2025-04-18 22:13:42,565,level_complete,3956,1,211046,0,1598421,1542020,39,2905957
2025-04-18 22:13:43,565,level_complete,3957,2,211051,0,1598527,1542099,56,2906134
2025-04-18 22:13:44,565,level_complete,3958,3,211069,0,1598787,1542237,153,2907025
2025-04-18 22:13:44,565,level_complete,3959,4,211075,0,1598838,1542281,29,2907086
2025-04-18 22:13:44,565,level_complete,3960,5,211078,0,1598891,1542321,128,2907274
2025-04-18 22:13:45,565,level_complete,3961,6,211084,0,1598995,1542431,40,2907439
2025-04-18 22:13:45,565,level_complete,3962,7,211089,0,1599076,1542479,145,2907696
2025-04-18 22:13:45,565,game_complete,-,8,211089,0,1599076,1542479,145,2907696
2025-04-18 22:13:47,566,level_complete,3963,1,211103,0,1599264,1542684,33,2907902
2025-04-18 22:13:48,566,level_complete,3964,2,211114,0,1599395,1542821,38,2908114
2025-04-18 22:13:48,566,level_complete,3965,3,211122,0,1599502,1542884,78,2908340
2025-04-18 22:13:51,566,training_run_ep 230500,-,4,211145,0,1599722,1543062,0,2908706
2025-04-18 22:13:51,566,level_complete,3966,4,211151,0,1599779,1543122,30,2908778
2025-04-18 22:13:51,566,level_complete,3967,5,211155,0,1599871,1543168,83,2909101
2025-04-18 22:13:52,566,level_complete,3968,6,211157,0,1599916,1543193,68,2909199
2025-04-18 22:13:52,566,level_complete,3969,7,211164,0,1600004,1543259,206,2909576
2025-04-18 22:13:52,566,game_complete,-,8,211164,0,1600004,1543259,206,2909576
2025-04-18 22:13:52,567,level_complete,3970,1,211166,0,1600039,1543302,36,2909617
2025-04-18 22:13:55,567,level_complete,3971,2,211186,0,1600315,1543639,43,2910084
2025-04-18 22:13:55,567,level_complete,3972,3,211188,0,1600361,1543668,50,2910255
2025-04-18 22:13:56,567,level_complete,3973,4,211194,0,1600456,1543747,37,2910399
2025-04-18 22:13:56,567,level_complete,3974,5,211196,0,1600491,1543774,59,2910469
2025-04-18 22:13:56,567,level_complete,3975,6,211199,0,1600567,1543832,51,2910610
2025-04-18 22:13:56,567,level_complete,3976,7,211201,0,1600618,1543869,50,2910741
2025-04-18 22:13:56,567,game_complete,-,8,211201,0,1600618,1543869,50,2910741
2025-04-18 22:13:57,568,level_complete,3977,1,211203,0,1600648,1543919,34,2910775
2025-04-18 22:13:57,568,level_complete,3978,2,211212,0,1600762,1544005,46,2910985
2025-04-18 22:13:58,568,level_complete,3979,3,211214,0,1600821,1544037,70,2911174
2025-04-18 22:13:58,568,level_complete,3980,4,211216,0,1600863,1544080,52,2911244
2025-04-18 22:13:58,568,level_complete,3981,5,211218,0,1600895,1544092,146,2911392
2025-04-18 22:13:59,568,level_complete,3982,6,211222,0,1600992,1544181,102,2911604
2025-04-18 22:13:59,568,level_complete,3983,7,211225,0,1601035,1544223,88,2911708
2025-04-18 22:13:59,568,game_complete,-,8,211225,0,1601035,1544223,88,2911708
2025-04-18 22:14:00,569,level_complete,3984,1,211235,0,1601169,1544370,35,2911863
2025-04-18 22:14:01,569,level_complete,3985,2,211247,0,1601344,1544531,75,2912160
2025-04-18 22:14:02,569,level_complete,3986,3,211257,0,1601474,1544610,77,2912579
2025-04-18 22:14:03,569,level_complete,3987,4,211272,0,1601671,1544837,39,2912847
2025-04-18 22:14:04,569,level_complete,3988,5,211273,0,1601701,1544858,58,2912905
2025-04-18 22:14:04,569,level_complete,3989,6,211292,0,1601891,1544995,49,2913326
2025-04-18 22:14:05,569,level_complete,3990,7,211294,0,1601938,1545030,82,2913438
2025-04-18 22:14:05,569,game_complete,-,8,211294,0,1601938,1545030,82,2913438
2025-04-18 22:14:06,570,level_complete,3991,1,211309,0,1602160,1545254,36,2913713
2025-04-18 22:14:08,570,level_complete,3992,2,211328,0,1602443,1545547,40,2914214
2025-04-18 22:14:09,570,level_complete,3993,3,211331,0,1602493,1545592,49,2914311
2025-04-18 22:14:09,570,level_complete,3994,4,211338,0,1602592,1545675,38,2914487
2025-04-18 22:14:10,570,level_complete,3995,5,211339,0,1602622,1545704,46,2914533
2025-04-18 22:14:10,570,level_complete,3996,6,211346,0,1602722,1545772,173,2914839
2025-04-18 22:14:10,570,level_complete,3997,7,211349,0,1602768,1545815,121,2914997
2025-04-18 22:14:10,570,game_complete,-,8,211349,0,1602768,1545815,121,2914997
2025-04-18 22:14:11,571,level_complete,3998,1,211354,0,1602857,1545922,30,2915097
2025-04-18 22:14:12,571,level_complete,3999,2,211364,0,1603039,1546100,42,2915372
2025-04-18 22:14:12,571,level_complete,4000,3,211365,0,1603069,1546114,99,2915471
2025-04-18 22:14:13,571,level_complete,4001,4,211369,0,1603138,1546179,44,2915582
2025-04-18 22:14:13,571,level_complete,4002,5,211372,0,1603216,1546225,100,2915821
2025-04-18 22:14:14,571,level_complete,4003,6,211375,0,1603287,1546283,54,2915969
2025-04-18 22:14:15,571,level_complete,4004,7,211378,0,1603360,1546452,50,2916158
2025-04-18 22:14:15,571,game_complete,-,8,211378,0,1603360,1546452,50,2916158
2025-04-18 22:14:17,572,level_complete,4005,1,211389,0,1603535,1546679,33,2916365
2025-04-18 22:14:17,572,level_complete,4006,2,211391,0,1603593,1546752,34,2916438
2025-04-18 22:14:17,572,level_complete,4007,3,211392,0,1603623,1546772,74,2916512
2025-04-18 22:14:17,572,level_complete,4008,4,211393,0,1603648,1546788,45,2916557
2025-04-18 22:14:18,572,level_complete,4009,5,211394,0,1603678,1546862,84,2916641
2025-04-18 22:14:18,572,level_complete,4010,6,211395,0,1603708,1546885,49,2916690
2025-04-18 22:14:19,572,level_complete,4011,7,211401,0,1603823,1546982,86,2917007
2025-04-18 22:14:19,572,game_complete,-,8,211401,0,1603823,1546982,86,2917007
2025-04-18 22:14:20,573,level_complete,4012,1,211407,0,1603947,1547119,31,2917149
2025-04-18 22:14:20,573,level_complete,4013,2,211408,0,1603977,1547145,47,2917196
2025-04-18 22:14:21,573,level_complete,4014,3,211418,0,1604154,1547280,53,2917540
2025-04-18 22:14:21,573,level_complete,4015,4,211420,0,1604188,1547307,59,2917609
2025-04-18 22:14:21,573,level_complete,4016,5,211424,0,1604262,1547361,75,2917763
2025-04-18 22:14:21,573,level_complete,4017,6,211425,0,1604292,1547384,65,2917828
2025-04-18 22:14:22,573,level_complete,4018,7,211430,0,1604362,1547470,68,2917949
2025-04-18 22:14:22,573,game_complete,-,8,211430,0,1604362,1547470,68,2917949
2025-04-18 22:14:23,574,level_complete,4019,1,211438,0,1604469,1547589,35,2918073
2025-04-18 22:14:24,574,level_complete,4020,2,211449,0,1604707,1547785,48,2918459
2025-04-18 22:14:24,574,level_complete,4021,3,211450,0,1604737,1547801,61,2918520
2025-04-18 22:14:25,574,level_complete,4022,4,211452,0,1604786,1547842,52,2918619
2025-04-18 22:14:25,574,level_complete,4023,5,211453,0,1604816,1547881,53,2918672
2025-04-18 22:14:25,574,level_complete,4024,6,211458,0,1604902,1547941,45,2918909
2025-04-18 22:14:27,574,level_complete,4025,7,211475,0,1605171,1548142,170,2919705
2025-04-18 22:14:27,574,game_complete,-,8,211475,0,1605171,1548142,170,2919705
2025-04-18 22:14:28,575,level_complete,4026,1,211484,0,1605321,1548310,40,2919881
2025-04-18 22:14:28,575,level_complete,4027,2,211485,0,1605351,1548339,50,2919931
2025-04-18 22:14:29,575,level_complete,4028,3,211489,0,1605412,1548397,284,2920253
2025-04-18 22:14:29,575,level_complete,4029,4,211495,0,1605471,1548446,31,2920334
2025-04-18 22:14:29,575,level_complete,4030,5,211496,0,1605501,1548463,105,2920439
2025-04-18 22:14:30,575,level_complete,4031,6,211498,0,1605559,1548537,42,2920520
2025-04-18 22:14:30,575,level_complete,4032,7,211502,0,1605637,1548612,168,2920817
2025-04-18 22:14:30,575,game_complete,-,8,211502,0,1605637,1548612,168,2920817
2025-04-18 22:14:31,576,level_complete,4033,1,211509,0,1605748,1548739,39,2920948
2025-04-18 22:14:32,576,level_complete,4034,2,211524,0,1605935,1548932,79,2921260
2025-04-18 22:14:33,576,level_complete,4035,3,211528,0,1606002,1548971,62,2921439
2025-04-18 22:14:33,576,level_complete,4036,4,211530,0,1606033,1549014,30,2921481
2025-04-18 22:14:34,576,level_complete,4037,5,211541,0,1606224,1549141,89,2922029
2025-04-18 22:14:36,576,level_complete,4038,6,211566,0,1606593,1549402,89,2922847
2025-04-18 22:14:36,576,level_complete,4039,7,211567,0,1606623,1549425,67,2922914
2025-04-18 22:14:36,576,game_complete,-,8,211567,0,1606623,1549425,67,2922914
2025-04-18 22:14:38,577,level_complete,4040,1,211596,0,1606942,1549779,37,2923305
2025-04-18 22:14:39,577,level_complete,4041,2,211599,0,1607014,1549884,46,2923412
2025-04-18 22:14:40,577,level_complete,4042,3,211606,0,1607105,1549937,85,2923634
2025-04-18 22:14:40,577,level_complete,4043,4,211607,0,1607130,1549956,76,2923710
2025-04-18 22:14:41,577,level_complete,4044,5,211628,0,1607483,1550172,123,2924878
2025-04-18 22:14:41,577,level_complete,4045,6,211629,0,1607513,1550194,50,2924928
2025-04-18 22:14:41,577,level_complete,4046,7,211630,0,1607543,1550215,240,2925168
2025-04-18 22:14:41,577,game_complete,-,8,211630,0,1607543,1550215,240,2925168
2025-04-18 22:14:44,578,training_run_ep 231000,-,1,211645,0,1607717,1550420,0,2925377
2025-04-18 22:14:45,578,level_complete,4047,1,211647,0,1607766,1550472,39,2925437
2025-04-18 22:14:46,578,level_complete,4048,2,211666,0,1607961,1550672,52,2925741
2025-04-18 22:14:46,578,level_complete,4049,3,211667,0,1607991,1550697,80,2925821
2025-04-18 22:14:46,578,level_complete,4050,4,211668,0,1608016,1550712,39,2925860
2025-04-18 22:14:47,578,level_complete,4051,5,211680,0,1608211,1550881,125,2926403
2025-04-18 22:14:48,578,level_complete,4052,6,211681,0,1608241,1550926,56,2926459
2025-04-18 22:14:48,578,level_complete,4053,7,211685,0,1608308,1550989,102,2926632
2025-04-18 22:14:48,578,game_complete,-,8,211685,0,1608308,1550989,102,2926632
2025-04-18 22:14:49,579,level_complete,4054,1,211693,0,1608369,1551049,36,2926699
2025-04-18 22:14:51,579,level_complete,4055,2,211715,0,1608705,1551373,50,2927250
2025-04-18 22:14:51,579,level_complete,4056,3,211716,0,1608735,1551390,94,2927344
2025-04-18 22:14:52,579,level_complete,4057,4,211721,0,1608833,1551489,37,2927509
2025-04-18 22:14:52,579,level_complete,4058,5,211727,0,1608946,1551554,62,2927779
2025-04-18 22:14:53,579,level_complete,4059,6,211731,0,1609007,1551601,60,2927888
2025-04-18 22:14:53,579,level_complete,4060,7,211732,0,1609037,1551618,74,2927962
2025-04-18 22:14:53,579,game_complete,-,8,211732,0,1609037,1551618,74,2927962
2025-04-18 22:14:53,580,level_complete,4061,1,211734,0,1609071,1551654,34,2928000
2025-04-18 22:14:53,580,level_complete,4062,2,211736,0,1609126,1551718,47,2928075
2025-04-18 22:14:54,580,level_complete,4063,3,211738,0,1609174,1551758,98,2928208
2025-04-18 22:14:54,580,level_complete,4064,4,211739,0,1609199,1551779,41,2928249
2025-04-18 22:14:54,580,level_complete,4065,5,211741,0,1609232,1551807,58,2928310
2025-04-18 22:14:55,580,level_complete,4066,6,211766,0,1609504,1552004,68,2929003
2025-04-18 22:14:57,580,level_complete,4067,7,211781,0,1609762,1552238,177,2929746
2025-04-18 22:14:57,580,game_complete,-,8,211781,0,1609762,1552238,177,2929746
2025-04-18 22:14:57,581,level_complete,4068,1,211782,0,1609792,1552307,37,2929783
2025-04-18 22:14:58,581,level_complete,4069,2,211784,0,1609839,1552388,44,2929850
2025-04-18 22:14:58,581,level_complete,4070,3,211785,0,1609869,1552404,127,2929977
2025-04-18 22:14:59,581,level_complete,4071,4,211788,0,1609941,1552498,28,2930064
2025-04-18 22:14:59,581,level_complete,4072,5,211792,0,1610028,1552548,95,2930309
2025-04-18 22:14:59,581,level_complete,4073,6,211793,0,1610058,1552574,46,2930355
2025-04-18 22:14:59,581,level_complete,4074,7,211794,0,1610088,1552590,95,2930450
2025-04-18 22:14:59,581,game_complete,-,8,211794,0,1610088,1552590,95,2930450
2025-04-18 22:15:00,582,level_complete,4075,1,211797,0,1610163,1552684,32,2930542
2025-04-18 22:15:01,582,level_complete,4076,2,211804,0,1610267,1552794,37,2930694
2025-04-18 22:15:01,582,level_complete,4077,3,211813,0,1610389,1552856,157,2931084
2025-04-18 22:15:01,582,level_complete,4078,4,211815,0,1610423,1552885,56,2931152
2025-04-18 22:15:02,582,level_complete,4079,5,211816,0,1610453,1552914,81,2931233
2025-04-18 22:15:02,582,level_complete,4080,6,211817,0,1610483,1552960,33,2931266
2025-04-18 22:15:02,582,level_complete,4081,7,211818,0,1610513,1552992,181,2931447
2025-04-18 22:15:02,582,game_complete,-,8,211818,0,1610513,1552992,181,2931447
2025-04-18 22:15:03,583,level_complete,4082,1,211824,0,1610599,1553096,33,2931546
2025-04-18 22:15:03,583,level_complete,4083,2,211828,0,1610657,1553145,38,2931625
2025-04-18 22:15:04,583,level_complete,4084,3,211832,0,1610765,1553208,141,2932055
2025-04-18 22:15:04,583,level_complete,4085,4,211835,0,1610829,1553266,31,2932183
2025-04-18 22:15:04,583,level_complete,4086,5,211836,0,1610859,1553286,82,2932265
2025-04-18 22:15:04,583,level_complete,4087,6,211838,0,1610896,1553303,187,2932462
2025-04-18 22:15:05,583,level_complete,4088,7,211841,0,1610956,1553335,204,2932756
2025-04-18 22:15:05,583,game_complete,-,8,211841,0,1610956,1553335,204,2932756
2025-04-18 22:15:06,584,level_complete,4089,1,211855,0,1611169,1553579,44,2933023
2025-04-18 22:15:09,584,level_complete,4090,2,211891,0,1611568,1553908,49,2933700
2025-04-18 22:15:09,584,level_complete,4091,3,211894,0,1611603,1553937,76,2933782
2025-04-18 22:15:10,584,level_complete,4092,4,211899,0,1611700,1554054,50,2933930
2025-04-18 22:15:11,584,level_complete,4093,5,211916,0,1611922,1554162,70,2934625
2025-04-18 22:15:11,584,level_complete,4094,6,211925,0,1612077,1554277,62,2934926
2025-04-18 22:15:12,584,level_complete,4095,7,211931,0,1612145,1554344,60,2935038
2025-04-18 22:15:12,584,game_complete,-,8,211931,0,1612145,1554344,60,2935038
2025-04-18 22:15:20,585,level_complete,4096,1,212030,0,1613249,1555473,38,2936375
2025-04-18 22:15:21,585,level_complete,4097,2,212032,0,1613285,1555514,60,2936444
2025-04-18 22:15:21,585,level_complete,4098,3,212033,0,1613315,1555551,86,2936530
2025-04-18 22:15:22,585,level_complete,4099,4,212037,0,1613381,1555618,33,2936614
2025-04-18 22:15:22,585,level_complete,4100,5,212049,0,1613487,1555675,62,2936939
2025-04-18 22:15:22,585,level_complete,4101,6,212050,0,1613517,1555694,88,2937027
2025-04-18 22:15:23,585,level_complete,4102,7,212056,0,1613616,1555779,249,2937379
2025-04-18 22:15:23,585,game_complete,-,8,212056,0,1613616,1555779,249,2937379
2025-04-18 22:15:30,586,training_run_ep 231500,-,1,212145,0,1614412,1556603,0,2938304
2025-04-18 22:15:36,586,level_complete,4103,1,212211,0,1615046,1557328,39,2939025
2025-04-18 22:15:38,586,level_complete,4104,2,212263,0,1615485,1557645,42,2939846
2025-04-18 22:15:40,586,level_complete,4105,3,212318,0,1616050,1557932,114,2941586
2025-04-18 22:15:41,586,level_complete,4106,4,212343,0,1616249,1558127,27,2941834
2025-04-18 22:15:43,586,level_complete,4107,5,212370,0,1616667,1558386,148,2943104
2025-04-18 22:15:44,586,level_complete,4108,6,212392,0,1616919,1558560,99,2943772
2025-04-18 22:15:46,586,level_complete,4109,7,212424,0,1617219,1558808,155,2944583
2025-04-18 22:15:46,586,game_complete,-,8,212424,0,1617219,1558808,155,2944583
2025-04-18 22:15:48,587,level_complete,4110,1,212450,0,1617478,1559091,33,2944891
2025-04-18 22:15:49,587,level_complete,4111,2,212465,0,1617591,1559194,51,2945061
2025-04-18 22:15:49,587,level_complete,4112,3,212467,0,1617646,1559219,99,2945244
2025-04-18 22:15:49,587,level_complete,4113,4,212468,0,1617671,1559247,31,2945275
2025-04-18 22:15:49,587,level_complete,4114,5,212470,0,1617719,1559283,68,2945367
2025-04-18 22:15:50,587,level_complete,4115,6,212472,0,1617757,1559318,58,2945436
2025-04-18 22:15:50,587,level_complete,4116,7,212485,0,1617936,1559441,84,2945991
2025-04-18 22:15:50,587,game_complete,-,8,212485,0,1617936,1559441,84,2945991
2025-04-18 22:15:51,588,level_complete,4117,1,212488,0,1617996,1559547,31,2946055
2025-04-18 22:15:51,588,level_complete,4118,2,212489,0,1618026,1559584,40,2946095
2025-04-18 22:15:53,588,level_complete,4119,3,212508,0,1618294,1559751,93,2946780
2025-04-18 22:15:53,588,level_complete,4120,4,212512,0,1618325,1559780,65,2946851
2025-04-18 22:15:53,588,level_complete,4121,5,212513,0,1618355,1559802,70,2946921
2025-04-18 22:15:54,588,level_complete,4122,6,212531,0,1618573,1559944,63,2947479
2025-04-18 22:15:57,588,level_complete,4123,7,212576,0,1619115,1560389,60,2949442
2025-04-18 22:15:57,588,game_complete,-,8,212576,0,1619115,1560389,60,2949442
2025-04-18 22:16:03,589,training_run_ep 232000,-,1,212645,0,1619738,1561008,0,2950202
2025-04-18 22:16:07,589,level_complete,4124,1,212711,0,1620299,1561601,32,2950850
2025-04-18 22:16:09,589,level_complete,4125,2,212734,0,1620582,1561841,44,2951328
2025-04-18 22:16:10,589,level_complete,4126,3,212748,0,1620797,1561986,41,2951916
2025-04-18 22:16:10,589,level_complete,4127,4,212749,0,1620822,1562008,44,2951960
2025-04-18 22:16:12,589,level_complete,4128,5,212780,0,1621217,1562262,86,2952881
2025-04-18 22:16:12,589,level_complete,4129,6,212789,0,1621314,1562322,97,2953122
2025-04-18 22:16:14,589,level_complete,4130,7,212825,0,1621586,1562537,221,2953847
2025-04-18 22:16:14,589,game_complete,-,8,212825,0,1621586,1562537,221,2953847
2025-04-18 22:16:25,590,level_complete,4131,1,213000,0,1622977,1563968,34,2955466
2025-04-18 22:16:31,590,training_run_ep 232500,-,2,213145,0,1623763,1564571,0,2956790
2025-04-18 22:16:31,590,level_complete,4132,2,213155,0,1623887,1564655,91,2957029
2025-04-18 22:16:36,590,level_complete,4133,3,213297,0,1625087,1565292,51,2960624
2025-04-18 22:16:46,590,training_run_ep 233000,-,4,213645,0,1626587,1566563,0,2962779
2025-04-18 22:16:47,590,level_complete,4134,4,213689,0,1626785,1566732,50,2963097
2025-04-18 22:16:48,590,level_complete,4135,5,213719,0,1627004,1566847,120,2963752
2025-04-18 22:16:49,590,level_complete,4136,6,213733,0,1627159,1566937,86,2964310
2025-04-18 22:16:50,590,level_complete,4137,7,213761,0,1627443,1567122,126,2965194
2025-04-18 22:16:50,590,game_complete,-,8,213761,0,1627443,1567122,126,2965194
2025-04-18 22:17:06,591,training_run_ep 233500,-,1,214145,0,1629383,1568952,0,2967477
2025-04-18 22:17:14,591,level_complete,4138,1,214265,0,1630463,1569974,39,2968765
2025-04-18 22:17:22,591,level_complete,4139,2,214404,0,1631664,1570967,60,2970674
2025-04-18 22:17:23,591,level_complete,4140,3,214438,0,1632032,1571150,74,2971838
2025-04-18 22:17:24,591,level_complete,4141,4,214448,0,1632113,1571240,35,2971951
2025-04-18 22:17:24,591,level_complete,4142,5,214450,0,1632152,1571256,98,2972071
2025-04-18 22:17:24,591,level_complete,4143,6,214451,0,1632182,1571284,68,2972139
2025-04-18 22:17:25,591,level_complete,4144,7,214464,0,1632313,1571387,100,2972531
2025-04-18 22:17:25,591,game_complete,-,8,214464,0,1632313,1571387,100,2972531
2025-04-18 22:17:34,592,training_run_ep 234000,-,1,214645,0,1633442,1572467,0,2973844
2025-04-18 22:17:57,592,training_run_ep 234500,-,1,215145,0,1636321,1575191,0,2977203
2025-04-18 22:18:20,592,training_run_ep 235000,-,1,215645,0,1639139,1577898,0,2980423
2025-04-18 22:18:44,592,training_run_ep 235500,-,1,216145,0,1642071,1580690,0,2983846
2025-04-18 22:19:03,592,training_run_ep 236000,-,1,216645,0,1644379,1582879,0,2986486
2025-04-18 22:19:20,592,training_run_ep 236500,-,1,217145,0,1646363,1584741,0,2988746
2025-04-18 22:19:36,592,level_complete,4145,1,217539,0,1648341,1586660,37,2991065
2025-04-18 22:19:42,592,training_run_ep 237000,-,2,217645,0,1649152,1587343,0,2992380
2025-04-18 22:19:46,592,level_complete,4146,2,217721,0,1649812,1587898,36,2993428
2025-04-18 22:19:47,592,level_complete,4147,3,217723,0,1649854,1587933,105,2993566
2025-04-18 22:19:47,592,level_complete,4148,4,217730,0,1649916,1587997,30,2993636
2025-04-18 22:19:48,592,level_complete,4149,5,217748,0,1650141,1588192,149,2994343
2025-04-18 22:19:49,592,level_complete,4150,6,217766,0,1650355,1588334,381,2995194
2025-04-18 22:19:50,592,level_complete,4151,7,217776,0,1650473,1588415,69,2995450
2025-04-18 22:19:50,592,game_complete,-,8,217776,0,1650473,1588415,69,2995450
2025-04-18 22:19:50,593,level_complete,4152,1,217781,0,1650534,1588486,36,2995524
2025-04-18 22:19:51,593,level_complete,4153,2,217784,0,1650596,1588543,68,2995630
2025-04-18 22:19:52,593,level_complete,4154,3,217812,0,1650891,1588691,173,2996889
2025-04-18 22:19:53,593,level_complete,4155,4,217826,0,1650996,1588789,30,2997022
2025-04-18 22:19:53,593,level_complete,4156,5,217835,0,1651109,1588876,37,2997245
2025-04-18 22:19:56,593,level_complete,4157,6,217906,0,1651716,1589266,100,2998856
2025-04-18 22:19:57,593,level_complete,4158,7,217931,0,1651963,1589447,154,2999658
2025-04-18 22:19:57,593,game_complete,-,8,217931,0,1651963,1589447,154,2999658
2025-04-18 22:19:58,594,level_complete,4159,1,217947,0,1652163,1589652,35,2999885
2025-04-18 22:20:01,594,level_complete,4160,2,217991,0,1652531,1589966,41,3000473
2025-04-18 22:20:01,594,level_complete,4161,3,217996,0,1652623,1590033,45,3000660
2025-04-18 22:20:02,594,level_complete,4162,4,218002,0,1652698,1590098,46,3000788
2025-04-18 22:20:02,594,level_complete,4163,5,218006,0,1652778,1590175,56,3000948
2025-04-18 22:20:04,594,level_complete,4164,6,218041,0,1653146,1590464,38,3001825
2025-04-18 22:20:04,594,level_complete,4165,7,218042,0,1653176,1590495,167,3001992
2025-04-18 22:20:04,594,game_complete,-,8,218042,0,1653176,1590495,167,3001992
2025-04-18 22:20:16,595,training_run_ep 237500,-,1,218145,0,1654385,1591830,0,3003403
2025-04-18 22:20:26,595,level_complete,4166,1,218295,0,1655671,1593098,37,3004926
2025-04-18 22:20:30,595,level_complete,4167,2,218368,0,1656366,1593704,48,3006007
2025-04-18 22:20:31,595,level_complete,4168,3,218379,0,1656597,1593838,91,3006745
2025-04-18 22:20:32,595,level_complete,4169,4,218393,0,1656763,1593968,55,3007003
2025-04-18 22:20:33,595,level_complete,4170,5,218403,0,1656896,1594054,97,3007343
2025-04-18 22:20:34,595,level_complete,4171,6,218423,0,1657189,1594250,57,3007972
2025-04-18 22:20:34,595,level_complete,4172,7,218429,0,1657278,1594292,148,3008311
2025-04-18 22:20:34,595,game_complete,-,8,218429,0,1657278,1594292,148,3008311
2025-04-18 22:20:35,596,level_complete,4173,1,218438,0,1657407,1594447,33,3008472
2025-04-18 22:20:37,596,level_complete,4174,2,218456,0,1657602,1594668,34,3008753
2025-04-18 22:20:38,596,level_complete,4175,3,218468,0,1657814,1594780,172,3009607
2025-04-18 22:20:38,596,level_complete,4176,4,218473,0,1657897,1594853,35,3009725
2025-04-18 22:20:39,596,level_complete,4177,5,218474,0,1657927,1594889,140,3009865
2025-04-18 22:20:39,596,level_complete,4178,6,218482,0,1658079,1594975,84,3010285
2025-04-18 22:20:40,596,level_complete,4179,7,218494,0,1658220,1595093,89,3010583
2025-04-18 22:20:40,596,game_complete,-,8,218494,0,1658220,1595093,89,3010583
2025-04-18 22:20:40,597,level_complete,4180,1,218498,0,1658290,1595170,33,3010660
2025-04-18 22:20:43,597,level_complete,4181,2,218545,0,1658631,1595475,49,3011197
2025-04-18 22:20:44,597,level_complete,4182,3,218590,0,1659059,1595671,48,3012852
2025-04-18 22:20:45,597,level_complete,4183,4,218595,0,1659140,1595751,40,3012973
2025-04-18 22:20:49,597,training_run_ep 238000,-,5,218645,0,1659831,1596188,0,3014708
2025-04-18 22:20:51,597,level_complete,4184,5,218674,0,1660266,1596456,42,3016047
2025-04-18 22:20:54,597,level_complete,4185,6,218719,0,1660827,1596900,73,3017229
2025-04-18 22:20:54,597,level_complete,4186,7,218722,0,1660880,1596943,86,3017360
2025-04-18 22:20:54,597,game_complete,-,8,218722,0,1660880,1596943,86,3017360
2025-04-18 22:20:58,598,level_complete,4187,1,218761,0,1661352,1597486,36,3017905
2025-04-18 22:20:59,598,level_complete,4188,2,218770,0,1661527,1597670,40,3018229
2025-04-18 22:21:00,598,level_complete,4189,3,218774,0,1661607,1597711,61,3018532
2025-04-18 22:21:00,598,level_complete,4190,4,218777,0,1661665,1597773,30,3018606
2025-04-18 22:21:00,598,level_complete,4191,5,218778,0,1661695,1597793,108,3018714
2025-04-18 22:21:01,598,level_complete,4192,6,218780,0,1661754,1597834,54,3018859
2025-04-18 22:21:02,598,level_complete,4193,7,218791,0,1661952,1598037,138,3019267
2025-04-18 22:21:02,598,game_complete,-,8,218791,0,1661952,1598037,138,3019267
2025-04-18 22:21:06,599,level_complete,4194,1,218836,0,1662506,1598620,41,3019931
2025-04-18 22:21:07,599,level_complete,4195,2,218846,0,1662628,1598730,61,3020116
2025-04-18 22:21:08,599,level_complete,4196,3,218849,0,1662709,1598772,151,3020440
2025-04-18 22:21:08,599,level_complete,4197,4,218852,0,1662736,1598808,37,3020479
2025-04-18 22:21:08,599,level_complete,4198,5,218856,0,1662800,1598860,67,3020598
2025-04-18 22:21:09,599,level_complete,4199,6,218862,0,1662902,1598960,48,3020744
2025-04-18 22:21:09,599,level_complete,4200,7,218863,0,1662932,1598995,70,3020814
2025-04-18 22:21:09,599,game_complete,-,8,218863,0,1662932,1598995,70,3020814
2025-04-18 22:21:10,600,level_complete,4201,1,218877,0,1663119,1599176,37,3021038
2025-04-18 22:21:11,600,level_complete,4202,2,218882,0,1663194,1599239,53,3021163
2025-04-18 22:21:11,600,level_complete,4203,3,218883,0,1663224,1599256,187,3021350
2025-04-18 22:21:11,600,level_complete,4204,4,218885,0,1663269,1599289,38,3021427
2025-04-18 22:21:11,600,level_complete,4205,5,218888,0,1663330,1599332,125,3021629
2025-04-18 22:21:12,600,level_complete,4206,6,218898,0,1663472,1599439,77,3021908
2025-04-18 22:21:13,600,level_complete,4207,7,218904,0,1663613,1599575,54,3022206
2025-04-18 22:21:13,600,game_complete,-,8,218904,0,1663613,1599575,54,3022206
2025-04-18 22:21:14,601,level_complete,4208,1,218907,0,1663670,1599674,35,3022269
2025-04-18 22:21:15,601,level_complete,4209,2,218924,0,1663806,1599819,43,3022445
2025-04-18 22:21:15,601,level_complete,4210,3,218925,0,1663836,1599838,76,3022521
2025-04-18 22:21:15,601,level_complete,4211,4,218927,0,1663869,1599873,41,3022577
2025-04-18 22:21:16,601,level_complete,4212,5,218933,0,1663992,1599948,50,3022965
2025-04-18 22:21:17,601,level_complete,4213,6,218951,0,1664188,1600075,226,3023573
2025-04-18 22:21:17,601,level_complete,4214,7,218960,0,1664362,1600187,104,3024068
2025-04-18 22:21:17,601,game_complete,-,8,218960,0,1664362,1600187,104,3024068
2025-04-18 22:21:22,602,level_complete,4215,1,219033,0,1664883,1600731,34,3024673
2025-04-18 22:21:29,602,training_run_ep 238500,-,2,219145,0,1665827,1601511,0,3026304
2025-04-18 22:21:30,602,level_complete,4216,2,219195,0,1666095,1601733,38,3026787
2025-04-18 22:21:33,602,level_complete,4217,3,219256,0,1666775,1602136,144,3028602
2025-04-18 22:21:34,602,level_complete,4218,4,219262,0,1666844,1602196,29,3028712
2025-04-18 22:21:34,602,level_complete,4219,5,219265,0,1666885,1602227,89,3028813
2025-04-18 22:21:36,602,level_complete,4220,6,219339,0,1667503,1602618,145,3030355
2025-04-18 22:21:38,602,level_complete,4221,7,219397,0,1667867,1602890,92,3031476
2025-04-18 22:21:38,602,game_complete,-,8,219397,0,1667867,1602890,92,3031476
2025-04-18 22:21:47,603,training_run_ep 239000,-,1,219645,0,1668892,1603867,0,3032664
2025-04-18 22:22:10,603,training_run_ep 239500,-,1,220145,0,1671647,1606537,0,3035862
2025-04-18 22:22:11,603,level_complete,4222,1,220149,0,1671705,1606606,37,3035929
2025-04-18 22:22:19,603,level_complete,4223,2,220452,0,1672946,1607649,45,3037890
2025-04-18 22:22:21,603,level_complete,4224,3,220512,0,1673588,1607955,189,3040406
2025-04-18 22:22:26,603,training_run_ep 240000,-,4,220645,0,1674234,1608472,0,3041356
2025-04-18 22:22:30,603,level_complete,4225,4,220787,0,1674918,1609055,62,3042373
2025-04-18 22:22:30,603,level_complete,4226,5,220791,0,1674970,1609077,243,3042694
2025-04-18 22:22:37,603,level_complete,4227,6,220995,0,1676655,1610118,188,3047422
2025-04-18 22:22:39,603,level_complete,4228,7,221028,0,1677103,1610430,76,3048966
2025-04-18 22:22:39,603,game_complete,-,8,221028,0,1677103,1610430,76,3048966
2025-04-18 22:22:47,604,training_run_ep 240500,-,1,221145,0,1677943,1611268,0,3049929
2025-04-18 22:22:49,604,level_complete,4229,1,221177,0,1678162,1611489,36,3050177
2025-04-18 22:22:52,604,level_complete,4230,2,221223,0,1678562,1611857,39,3050744
2025-04-18 22:22:53,604,level_complete,4231,3,221246,0,1678844,1612023,57,3051573
2025-04-18 22:22:54,604,level_complete,4232,4,221274,0,1679109,1612257,32,3051972
2025-04-18 22:22:55,604,level_complete,4233,5,221277,0,1679144,1612274,172,3052149
2025-04-18 22:22:55,604,level_complete,4234,6,221280,0,1679206,1612319,83,3052329
2025-04-18 22:22:55,604,level_complete,4235,7,221281,0,1679236,1612337,125,3052454
2025-04-18 22:22:55,604,game_complete,-,8,221281,0,1679236,1612337,125,3052454
2025-04-18 22:22:56,605,level_complete,4236,1,221290,0,1679367,1612501,34,3052606
2025-04-18 22:23:07,605,level_complete,4237,2,221520,0,1681142,1613975,49,3055518
2025-04-18 22:23:11,605,level_complete,4238,3,221613,0,1682173,1614587,59,3058383
2025-04-18 22:23:14,605,training_run_ep 241000,-,4,221645,0,1682364,1614755,0,3058651
2025-04-18 22:23:15,605,level_complete,4239,4,221693,0,1682696,1615010,36,3059180
2025-04-18 22:23:16,605,level_complete,4240,5,221697,0,1682793,1615094,52,3059499
2025-04-18 22:23:20,605,level_complete,4241,6,221776,0,1683546,1615634,147,3061399
2025-04-18 22:23:20,605,level_complete,4242,7,221784,0,1683646,1615719,148,3061729
2025-04-18 22:23:20,605,game_complete,-,8,221784,0,1683646,1615719,148,3061729
2025-04-18 22:23:41,606,level_complete,4243,1,222115,0,1686339,1618381,35,3064893
2025-04-18 22:23:43,606,level_complete,4244,2,222144,0,1686608,1618597,44,3065301
2025-04-18 22:23:44,606,training_run_ep 241500,-,3,222145,0,1686613,1618600,0,3065309
2025-04-18 22:23:45,606,level_complete,4245,3,222170,0,1686852,1618763,133,3066132
2025-04-18 22:23:46,606,level_complete,4246,4,222185,0,1686983,1618889,35,3066303
2025-04-18 22:23:46,606,level_complete,4247,5,222186,0,1687013,1618909,103,3066406
2025-04-18 22:23:48,606,level_complete,4248,6,222204,0,1687241,1619158,156,3067272
2025-04-18 22:23:51,606,level_complete,4249,7,222278,0,1687900,1619646,243,3069229
2025-04-18 22:23:51,606,game_complete,-,8,222278,0,1687900,1619646,243,3069229
2025-04-18 22:23:52,607,level_complete,4250,1,222283,0,1687975,1619735,33,3069318
2025-04-18 22:23:57,607,level_complete,4251,2,222372,0,1688856,1620432,42,3070986
2025-04-18 22:23:57,607,level_complete,4252,3,222384,0,1689010,1620513,51,3071520
2025-04-18 22:24:02,607,level_complete,4253,4,222483,0,1689727,1621132,36,3072620
2025-04-18 22:24:03,607,level_complete,4254,5,222497,0,1689958,1621303,105,3073249
2025-04-18 22:24:04,607,level_complete,4255,6,222500,0,1690031,1621366,86,3073452
2025-04-18 22:24:05,607,level_complete,4256,7,222524,0,1690308,1621548,168,3074473
2025-04-18 22:24:05,607,game_complete,-,8,222524,0,1690308,1621548,168,3074473
2025-04-18 22:24:07,608,level_complete,4257,1,222555,0,1690586,1621846,38,3074787
2025-04-18 22:24:11,608,level_complete,4258,2,222619,0,1691201,1622338,38,3075869
2025-04-18 22:24:13,608,training_run_ep 242000,-,3,222645,0,1691454,1622502,0,3076560
2025-04-18 22:24:14,608,level_complete,4259,3,222667,0,1691678,1622631,119,3077429
2025-04-18 22:24:17,608,level_complete,4260,4,222733,0,1692155,1623027,31,3078166
2025-04-18 22:24:18,608,level_complete,4261,5,222752,0,1692417,1623206,85,3078915
2025-04-18 22:24:19,608,level_complete,4262,6,222780,0,1692685,1623394,76,3079433
2025-04-18 22:24:21,608,level_complete,4263,7,222811,0,1693012,1623666,51,3080280
2025-04-18 22:24:21,608,game_complete,-,8,222811,0,1693012,1623666,51,3080280
2025-04-18 22:24:44,609,training_run_ep 242500,-,1,223145,0,1695836,1626459,0,3083608
2025-04-18 22:24:53,609,level_complete,4264,1,223285,0,1697024,1627639,34,3085004
2025-04-18 22:24:54,609,level_complete,4265,2,223304,0,1697211,1627791,47,3085300
2025-04-18 22:24:55,609,level_complete,4266,3,223321,0,1697448,1627947,49,3086016
2025-04-18 22:24:56,609,level_complete,4267,4,223337,0,1697567,1628057,35,3086177
2025-04-18 22:24:57,609,level_complete,4268,5,223369,0,1697890,1628231,88,3086963
2025-04-18 22:24:59,609,level_complete,4269,6,223396,0,1698201,1628496,51,3087568
2025-04-18 22:24:59,609,level_complete,4270,7,223400,0,1698269,1628525,242,3087959
2025-04-18 22:24:59,609,game_complete,-,8,223400,0,1698269,1628525,242,3087959
2025-04-18 22:25:04,610,level_complete,4271,1,223481,0,1698872,1629145,37,3088655
2025-04-18 22:25:07,610,level_complete,4272,2,223519,0,1699250,1629480,62,3089314
2025-04-18 22:25:07,610,level_complete,4273,3,223526,0,1699336,1629542,127,3089531
2025-04-18 22:25:10,610,level_complete,4274,4,223603,0,1699876,1629998,43,3090251
2025-04-18 22:25:11,610,level_complete,4275,5,223604,0,1699906,1630016,69,3090320
2025-04-18 22:25:12,610,level_complete,4276,6,223641,0,1700249,1630259,69,3091059
2025-04-18 22:25:13,610,training_run_ep 243000,-,7,223645,0,1700262,1630270,0,3091074
2025-04-18 22:25:15,610,level_complete,4277,7,223680,0,1700577,1630534,146,3091943
2025-04-18 22:25:15,610,game_complete,-,8,223680,0,1700577,1630534,146,3091943
2025-04-18 22:25:34,611,level_complete,4278,1,224039,0,1703024,1632925,37,3094806
2025-04-18 22:25:41,611,training_run_ep 243500,-,2,224145,0,1703827,1633623,0,3096214
2025-04-18 22:25:41,611,level_complete,4279,2,224159,0,1703919,1633703,56,3096349
2025-04-18 22:25:42,611,level_complete,4280,3,224167,0,1704059,1633777,62,3096910
2025-04-18 22:25:42,611,level_complete,4281,4,224168,0,1704084,1633803,36,3096946
2025-04-18 22:25:42,611,level_complete,4282,5,224169,0,1704114,1633815,157,3097103
2025-04-18 22:25:43,611,level_complete,4283,6,224182,0,1704266,1633926,78,3097449
2025-04-18 22:25:43,611,level_complete,4284,7,224184,0,1704300,1633943,78,3097534
2025-04-18 22:25:43,611,game_complete,-,8,224184,0,1704300,1633943,78,3097534
2025-04-18 22:25:47,612,level_complete,4285,1,224219,0,1704721,1634439,31,3098036
2025-04-18 22:25:48,612,level_complete,4286,2,224229,0,1704871,1634606,50,3098252
2025-04-18 22:25:49,612,level_complete,4287,3,224235,0,1704976,1634669,108,3098567
2025-04-18 22:25:50,612,level_complete,4288,4,224253,0,1705172,1634844,34,3098840
2025-04-18 22:25:50,612,level_complete,4289,5,224262,0,1705308,1634927,60,3099297
2025-04-18 22:25:54,612,level_complete,4290,6,224314,0,1705967,1635388,48,3100978
2025-04-18 22:25:54,612,level_complete,4291,7,224329,0,1706121,1635505,92,3101430
2025-04-18 22:25:54,612,game_complete,-,8,224329,0,1706121,1635505,92,3101430
2025-04-18 22:25:55,613,level_complete,4292,1,224338,0,1706228,1635647,35,3101555
2025-04-18 22:25:56,613,level_complete,4293,2,224343,0,1706295,1635699,40,3101670
2025-04-18 22:25:56,613,level_complete,4294,3,224347,0,1706375,1635760,91,3101922
2025-04-18 22:25:57,613,level_complete,4295,4,224354,0,1706458,1635836,80,3102106
2025-04-18 22:25:57,613,level_complete,4296,5,224361,0,1706581,1635903,66,3102399
2025-04-18 22:25:58,613,level_complete,4297,6,224363,0,1706638,1635960,72,3102511
2025-04-18 22:25:58,613,level_complete,4298,7,224374,0,1706779,1636078,125,3102876
2025-04-18 22:25:58,613,game_complete,-,8,224374,0,1706779,1636078,125,3102876
2025-04-18 22:25:59,614,level_complete,4299,1,224379,0,1706874,1636177,32,3102989
2025-04-18 22:26:03,614,level_complete,4300,2,224424,0,1707424,1636659,43,3103884
2025-04-18 22:26:03,614,level_complete,4301,3,224433,0,1707561,1636720,83,3104280
2025-04-18 22:26:04,614,level_complete,4302,4,224447,0,1707737,1636898,28,3104514
2025-04-18 22:26:05,614,level_complete,4303,5,224457,0,1707885,1636972,106,3104971
2025-04-18 22:26:07,614,level_complete,4304,6,224504,0,1708284,1637245,38,3105911
2025-04-18 22:26:10,614,level_complete,4305,7,224572,0,1709001,1637721,93,3108339
2025-04-18 22:26:10,614,game_complete,-,8,224572,0,1709001,1637721,93,3108339
2025-04-18 22:26:13,615,level_complete,4306,1,224602,0,1709392,1638146,35,3108806
2025-04-18 22:26:14,615,level_complete,4307,2,224610,0,1709526,1638282,38,3109060
2025-04-18 22:26:14,615,level_complete,4308,3,224612,0,1709583,1638326,122,3109243
2025-04-18 22:26:15,615,level_complete,4309,4,224614,0,1709625,1638367,44,3109315
2025-04-18 22:26:15,615,level_complete,4310,5,224616,0,1709676,1638397,81,3109436
2025-04-18 22:26:15,615,level_complete,4311,6,224617,0,1709706,1638410,103,3109539
2025-04-18 22:26:16,615,level_complete,4312,7,224631,0,1709850,1638530,88,3109841
2025-04-18 22:26:16,615,game_complete,-,8,224631,0,1709850,1638530,88,3109841
2025-04-18 22:26:18,616,training_run_ep 244000,-,1,224645,0,1709998,1638697,0,3110028
2025-04-18 22:26:22,616,level_complete,4313,1,224687,0,1710508,1639242,32,3110643
2025-04-18 22:26:25,616,level_complete,4314,2,224706,0,1710834,1639555,42,3111162
2025-04-18 22:26:26,616,level_complete,4315,3,224724,0,1711066,1639729,46,3111713
2025-04-18 22:26:27,616,level_complete,4316,4,224749,0,1711326,1639954,36,3112099
2025-04-18 22:26:28,616,level_complete,4317,5,224759,0,1711483,1640064,57,3112562
2025-04-18 22:26:31,616,level_complete,4318,6,224837,0,1712172,1640507,93,3114099
2025-04-18 22:26:32,616,level_complete,4319,7,224871,0,1712419,1640658,173,3115125
2025-04-18 22:26:32,616,game_complete,-,8,224871,0,1712419,1640658,173,3115125
2025-04-18 22:26:38,617,level_complete,4320,1,224973,0,1713224,1641472,37,3116068
2025-04-18 22:26:43,617,level_complete,4321,2,225029,0,1713903,1642045,45,3117258
2025-04-18 22:26:43,617,level_complete,4322,3,225045,0,1714120,1642174,86,3117802
2025-04-18 22:26:45,617,level_complete,4323,4,225065,0,1714324,1642369,53,3118070
2025-04-18 22:26:45,617,level_complete,4324,5,225069,0,1714418,1642410,86,3118470
2025-04-18 22:26:46,617,level_complete,4325,6,225082,0,1714561,1642544,63,3118698
2025-04-18 22:26:47,617,level_complete,4326,7,225089,0,1714638,1642623,63,3118863
2025-04-18 22:26:47,617,game_complete,-,8,225089,0,1714638,1642623,63,3118863
2025-04-18 22:26:51,618,training_run_ep 244500,-,1,225145,0,1715027,1643015,0,3119343
2025-04-18 22:27:01,618,level_complete,4327,1,225278,0,1716379,1644352,37,3120926
2025-04-18 22:27:03,618,level_complete,4328,2,225299,0,1716615,1644545,46,3121300
2025-04-18 22:27:04,618,level_complete,4329,3,225317,0,1716877,1644692,88,3122149
2025-04-18 22:27:12,618,level_complete,4330,4,225556,0,1718332,1645870,32,3124269
2025-04-18 22:27:14,618,level_complete,4331,5,225589,0,1718644,1646075,77,3125079
2025-04-18 22:27:14,618,level_complete,4332,6,225596,0,1718734,1646138,153,3125360
2025-04-18 22:27:15,618,level_complete,4333,7,225633,0,1719061,1646345,95,3126386
2025-04-18 22:27:15,618,game_complete,-,8,225633,0,1719061,1646345,95,3126386
2025-04-18 22:27:17,619,training_run_ep 245000,-,1,225645,0,1719112,1646391,0,3126445
2025-04-18 22:27:37,619,training_run_ep 245500,-,1,226145,0,1721449,1648632,0,3129139
2025-04-18 22:27:46,619,level_complete,4334,1,226317,0,1722548,1649791,37,3130396
2025-04-18 22:27:55,619,level_complete,4335,2,226484,0,1723976,1651006,43,3132722
2025-04-18 22:27:55,619,level_complete,4336,3,226485,0,1724006,1651035,77,3132799
2025-04-18 22:27:58,619,level_complete,4337,4,226556,0,1724465,1651457,43,3133416
2025-04-18 22:27:59,619,level_complete,4338,5,226580,0,1724677,1651579,158,3134159
2025-04-18 22:28:01,619,level_complete,4339,6,226637,0,1725163,1651921,55,3135366
2025-04-18 22:28:03,619,training_run_ep 246000,-,7,226645,0,1725220,1651970,0,3135485
2025-04-18 22:28:06,619,level_complete,4340,7,226729,0,1725898,1652488,61,3137308
2025-04-18 22:28:06,619,game_complete,-,8,226729,0,1725898,1652488,61,3137308
2025-04-18 22:28:13,620,level_complete,4341,1,226850,0,1726854,1653415,36,3138436
2025-04-18 22:28:25,620,training_run_ep 246500,-,2,227145,0,1728512,1654745,0,3141074
2025-04-18 22:28:42,620,training_run_ep 247000,-,2,227645,0,1731048,1656824,0,3144867
2025-04-18 22:28:59,620,training_run_ep 247500,-,2,228145,0,1733496,1658849,0,3148767
2025-04-18 22:29:13,620,training_run_ep 248000,-,2,228645,0,1735546,1660530,0,3151894
2025-04-18 22:29:38,620,training_run_ep 248500,-,2,229145,0,1739089,1663602,0,3157489
2025-04-18 22:29:43,620,level_complete,4342,2,229229,0,1739767,1664287,41,3158556
2025-04-18 22:29:43,620,level_complete,4343,3,229230,0,1739797,1664316,66,3158622
2025-04-18 22:29:44,620,level_complete,4344,4,229242,0,1739879,1664398,31,3158727
2025-04-18 22:29:45,620,level_complete,4345,5,229255,0,1740121,1664524,65,3159464
2025-04-18 22:29:45,620,level_complete,4346,6,229259,0,1740214,1664590,179,3159744
2025-04-18 22:29:45,620,level_complete,4347,7,229260,0,1740244,1664609,243,3159987
2025-04-18 22:29:45,620,game_complete,-,8,229260,0,1740244,1664609,243,3159987
2025-04-18 22:29:54,621,level_complete,4348,1,229367,0,1741339,1665800,33,3161262
2025-04-18 22:29:56,621,level_complete,4349,2,229381,0,1741584,1666049,88,3161680
2025-04-18 22:29:57,621,level_complete,4350,3,229391,0,1741699,1666110,61,3161963
2025-04-18 22:29:57,621,level_complete,4351,4,229399,0,1741805,1666205,38,3162103
2025-04-18 22:29:58,621,level_complete,4352,5,229413,0,1741978,1666304,158,3162649
2025-04-18 22:29:59,621,level_complete,4353,6,229431,0,1742159,1666456,67,3163095
2025-04-18 22:29:59,621,level_complete,4354,7,229438,0,1742241,1666521,118,3163291
2025-04-18 22:29:59,621,game_complete,-,8,229438,0,1742241,1666521,118,3163291
2025-04-18 22:30:00,622,level_complete,4355,1,229444,0,1742310,1666614,39,3163377
2025-04-18 22:30:01,622,level_complete,4356,2,229466,0,1742529,1666804,36,3163702
2025-04-18 22:30:02,622,level_complete,4357,3,229467,0,1742559,1666830,63,3163765
2025-04-18 22:30:02,622,level_complete,4358,4,229471,0,1742623,1666881,34,3163873
2025-04-18 22:30:03,622,level_complete,4359,5,229479,0,1742796,1666996,79,3164334
2025-04-18 22:30:03,622,level_complete,4360,6,229486,0,1742886,1667064,86,3164499
2025-04-18 22:30:04,622,level_complete,4361,7,229502,0,1743016,1667158,48,3164800
2025-04-18 22:30:04,622,game_complete,-,8,229502,0,1743016,1667158,48,3164800
2025-04-18 22:30:14,623,level_complete,4362,1,229620,0,1744288,1668509,41,3166286
2025-04-18 22:30:16,623,level_complete,4363,2,229643,0,1744673,1668828,33,3167015
2025-04-18 22:30:18,623,training_run_ep 249000,-,3,229645,0,1744698,1668856,0,3167053
2025-04-18 22:30:18,623,level_complete,4364,3,229656,0,1744852,1668953,44,3167559
2025-04-18 22:30:19,623,level_complete,4365,4,229659,0,1744895,1668991,36,3167637
2025-04-18 22:30:19,623,level_complete,4366,5,229662,0,1744957,1669027,77,3167803
2025-04-18 22:30:21,623,level_complete,4367,6,229691,0,1745390,1669310,89,3168920
2025-04-18 22:30:22,623,level_complete,4368,7,229703,0,1745529,1669412,98,3169210
2025-04-18 22:30:22,623,game_complete,-,8,229703,0,1745529,1669412,98,3169210
2025-04-18 22:30:25,624,level_complete,4369,1,229745,0,1746006,1669926,33,3169770
2025-04-18 22:30:26,624,level_complete,4370,2,229750,0,1746051,1669972,77,3169866
2025-04-18 22:30:27,624,level_complete,4371,3,229758,0,1746198,1670083,74,3170218
2025-04-18 22:30:27,624,level_complete,4372,4,229760,0,1746225,1670115,47,3170267
2025-04-18 22:30:27,624,level_complete,4373,5,229763,0,1746257,1670138,93,3170362
2025-04-18 22:30:28,624,level_complete,4374,6,229773,0,1746389,1670215,155,3170808
2025-04-18 22:30:29,624,level_complete,4375,7,229804,0,1746658,1670480,90,3171304
2025-04-18 22:30:29,624,game_complete,-,8,229804,0,1746658,1670480,90,3171304
2025-04-18 22:30:30,625,level_complete,4376,1,229812,0,1746736,1670593,36,3171398
2025-04-18 22:30:30,625,level_complete,4377,2,229813,0,1746766,1670639,36,3171434
2025-04-18 22:30:30,625,level_complete,4378,3,229816,0,1746822,1670664,125,3171662
2025-04-18 22:30:31,625,level_complete,4379,4,229822,0,1746887,1670724,44,3171761
2025-04-18 22:30:31,625,level_complete,4380,5,229823,0,1746917,1670733,192,3171953
2025-04-18 22:30:32,625,level_complete,4381,6,229830,0,1747020,1670811,59,3172256
2025-04-18 22:30:32,625,level_complete,4382,7,229834,0,1747059,1670847,62,3172327
2025-04-18 22:30:32,625,game_complete,-,8,229834,0,1747059,1670847,62,3172327
2025-04-18 22:30:32,626,level_complete,4383,1,229840,0,1747115,1670913,38,3172395
2025-04-18 22:30:34,626,level_complete,4384,2,229857,0,1747380,1671182,38,3172783
2025-04-18 22:30:34,626,level_complete,4385,3,229858,0,1747410,1671203,94,3172877
2025-04-18 22:30:35,626,level_complete,4386,4,229860,0,1747450,1671242,52,3172962
2025-04-18 22:30:35,626,level_complete,4387,5,229865,0,1747519,1671309,49,3173070
2025-04-18 22:30:35,626,level_complete,4388,6,229867,0,1747550,1671327,166,3173237
2025-04-18 22:30:36,626,level_complete,4389,7,229869,0,1747593,1671382,69,3173323
2025-04-18 22:30:36,626,game_complete,-,8,229869,0,1747593,1671382,69,3173323
2025-04-18 22:30:36,627,level_complete,4390,1,229873,0,1747645,1671446,40,3173392
2025-04-18 22:30:38,627,level_complete,4391,2,229908,0,1747944,1671710,73,3173860
2025-04-18 22:30:39,627,level_complete,4392,3,229919,0,1748016,1671776,54,3174005
2025-04-18 22:30:39,627,level_complete,4393,4,229922,0,1748044,1671807,42,3174050
2025-04-18 22:30:40,627,level_complete,4394,5,229938,0,1748307,1671960,181,3174836
2025-04-18 22:30:40,627,level_complete,4395,6,229944,0,1748362,1671996,72,3174950
2025-04-18 22:30:41,627,level_complete,4396,7,229946,0,1748396,1672074,46,3175001
2025-04-18 22:30:41,627,game_complete,-,8,229946,0,1748396,1672074,46,3175001
2025-04-18 22:30:42,628,level_complete,4397,1,229963,0,1748555,1672251,32,3175177
2025-04-18 22:30:43,628,level_complete,4398,2,229980,0,1748795,1672434,113,3175681
2025-04-18 22:30:44,628,level_complete,4399,3,229997,0,1749019,1672549,110,3176548
2025-04-18 22:30:44,628,level_complete,4400,4,229998,0,1749044,1672575,42,3176590
2025-04-18 22:30:46,628,level_complete,4401,5,230024,0,1749383,1672799,70,3177376
2025-04-18 22:30:47,628,level_complete,4402,6,230042,0,1749583,1672950,75,3178024
2025-04-18 22:30:48,628,level_complete,4403,7,230058,0,1749846,1673168,63,3178708
2025-04-18 22:30:48,628,game_complete,-,8,230058,0,1749846,1673168,63,3178708
2025-04-18 22:30:50,629,level_complete,4404,1,230075,0,1750009,1673335,36,3178900
2025-04-18 22:30:50,629,level_complete,4405,2,230079,0,1750075,1673389,53,3178993
2025-04-18 22:30:51,629,level_complete,4406,3,230087,0,1750230,1673472,114,3179514
2025-04-18 22:30:51,629,level_complete,4407,4,230089,0,1750257,1673498,33,3179549
2025-04-18 22:30:51,629,level_complete,4408,5,230093,0,1750320,1673542,88,3179700
2025-04-18 22:30:51,629,level_complete,4409,6,230094,0,1750350,1673559,60,3179760
2025-04-18 22:30:54,629,level_complete,4410,7,230144,0,1750931,1673980,142,3181365
2025-04-18 22:30:54,629,game_complete,-,8,230144,0,1750931,1673980,142,3181365
2025-04-18 22:30:55,630,training_run_ep 249500,-,1,230145,0,1750948,1673996,0,3181383
2025-04-18 22:31:00,630,level_complete,4411,1,230196,0,1751588,1674677,35,3182163
2025-04-18 22:31:02,630,level_complete,4412,2,230209,0,1751781,1674848,42,3182452
2025-04-18 22:31:02,630,level_complete,4413,3,230212,0,1751845,1674893,70,3182581
2025-04-18 22:31:04,630,level_complete,4414,4,230237,0,1752113,1675147,33,3182972
2025-04-18 22:31:06,630,level_complete,4415,5,230271,0,1752571,1675393,202,3184494
2025-04-18 22:31:07,630,level_complete,4416,6,230296,0,1752793,1675537,53,3184988
2025-04-18 22:31:09,630,level_complete,4417,7,230327,0,1753241,1675879,125,3186375
2025-04-18 22:31:09,630,game_complete,-,8,230327,0,1753241,1675879,125,3186375
2025-04-18 22:31:12,631,level_complete,4418,1,230357,0,1753556,1676222,41,3186750
2025-04-18 22:31:12,631,level_complete,4419,2,230361,0,1753641,1676284,49,3186910
2025-04-18 22:31:13,631,level_complete,4420,3,230373,0,1753804,1676380,94,3187395
2025-04-18 22:31:13,631,level_complete,4421,4,230375,0,1753830,1676414,32,3187428
2025-04-18 22:31:13,631,level_complete,4422,5,230377,0,1753863,1676443,53,3187484
2025-04-18 22:31:13,631,level_complete,4423,6,230381,0,1753926,1676484,166,3187703
2025-04-18 22:31:15,631,level_complete,4424,7,230423,0,1754309,1676744,72,3188874
2025-04-18 22:31:15,631,game_complete,-,8,230423,0,1754309,1676744,72,3188874
2025-04-18 22:31:18,632,level_complete,4425,1,230465,0,1754659,1677089,36,3189294
2025-04-18 22:31:26,632,level_complete,4426,2,230645,0,1755879,1678135,54,3191381
2025-04-18 22:31:27,632,training_run_ep 250000,-,3,230645,0,1755879,1678135,54,3191381
2025-04-18 22:31:27,632,level_complete,4427,3,230646,0,1755909,1678151,109,3191490
2025-04-18 22:31:31,632,level_complete,4428,4,230775,0,1756587,1678695,54,3192548
2025-04-18 22:31:32,632,level_complete,4429,5,230793,0,1756805,1678856,98,3193220
2025-04-18 22:31:32,632,level_complete,4430,6,230797,0,1756858,1678897,55,3193310
2025-04-18 22:31:33,632,level_complete,4431,7,230808,0,1756966,1678983,117,3193558
2025-04-18 22:31:33,632,game_complete,-,8,230808,0,1756966,1678983,117,3193558
2025-04-18 22:31:48,633,training_run_ep 250500,-,1,231145,0,1758698,1680690,0,3195611
2025-04-18 22:32:10,633,training_run_ep 251000,-,1,231645,0,1761250,1683249,0,3198554
2025-04-18 22:32:34,633,level_complete,4432,1,232129,0,1764243,1686113,36,3202013
2025-04-18 22:32:36,633,training_run_ep 251500,-,2,232145,0,1764417,1686265,0,3202301
2025-04-18 22:32:42,633,level_complete,4433,2,232304,0,1765400,1687010,51,3203997
2025-04-18 22:32:45,633,level_complete,4434,3,232385,0,1766178,1687407,83,3206499
2025-04-18 22:32:45,633,level_complete,4435,4,232389,0,1766219,1687436,33,3206572
2025-04-18 22:32:45,633,level_complete,4436,5,232401,0,1766322,1687498,97,3206822
2025-04-18 22:32:49,633,level_complete,4437,6,232486,0,1767160,1688082,66,3208953
2025-04-18 22:32:50,633,level_complete,4438,7,232493,0,1767266,1688162,77,3209231
2025-04-18 22:32:50,633,game_complete,-,8,232493,0,1767266,1688162,77,3209231
2025-04-18 22:32:57,634,training_run_ep 252000,-,1,232645,0,1768002,1688852,0,3210112
2025-04-18 22:33:15,634,training_run_ep 252500,-,1,233145,0,1770096,1690856,0,3212504
2025-04-18 22:33:32,634,training_run_ep 253000,-,1,233645,0,1772120,1692727,0,3214832
2025-04-18 22:33:47,634,training_run_ep 253500,-,1,234145,0,1773844,1694382,0,3216784
2025-04-18 22:33:51,634,level_complete,4439,1,234257,0,1774258,1694796,41,3217241
2025-04-18 22:34:03,634,training_run_ep 254000,-,2,234645,0,1776085,1696240,0,3220016
2025-04-18 22:34:16,634,level_complete,4440,2,235060,0,1778153,1697864,54,3223350
2025-04-18 22:34:16,634,level_complete,4441,3,235073,0,1778283,1697926,261,3223814
2025-04-18 22:34:19,634,training_run_ep 254500,-,4,235145,0,1778666,1698236,0,3224453
2025-04-18 22:34:28,634,level_complete,4442,4,235462,0,1780028,1699361,33,3226472
2025-04-18 22:34:29,634,level_complete,4443,5,235514,0,1780523,1699593,167,3228214
2025-04-18 22:34:31,634,level_complete,4444,6,235548,0,1780778,1699790,121,3228697
2025-04-18 22:34:33,634,level_complete,4445,7,235623,0,1781385,1700230,68,3230313
2025-04-18 22:34:33,634,game_complete,-,8,235623,0,1781385,1700230,68,3230313
2025-04-18 22:34:36,635,training_run_ep 255000,-,1,235645,0,1781576,1700402,0,3230542
2025-04-18 22:34:47,635,level_complete,4446,1,235820,0,1783003,1701834,37,3232203
2025-04-18 22:35:03,635,level_complete,4447,2,236065,0,1785544,1703975,47,3236478
2025-04-18 22:35:03,635,level_complete,4448,3,236071,0,1785645,1704009,154,3236966
2025-04-18 22:35:04,635,level_complete,4449,4,236072,0,1785670,1704032,45,3237011
2025-04-18 22:35:04,635,level_complete,4450,5,236078,0,1785800,1704121,120,3237306
2025-04-18 22:35:05,635,level_complete,4451,6,236084,0,1785886,1704181,141,3237614
2025-04-18 22:35:05,635,level_complete,4452,7,236099,0,1786048,1704293,114,3238064
2025-04-18 22:35:05,635,game_complete,-,8,236099,0,1786048,1704293,114,3238064
2025-04-18 22:35:10,636,training_run_ep 255500,-,1,236145,0,1786463,1704710,0,3238546
2025-04-18 22:35:10,636,level_complete,4453,1,236148,0,1786524,1704791,31,3238611
2025-04-18 22:35:11,636,level_complete,4454,2,236152,0,1786572,1704844,37,3238675
2025-04-18 22:35:11,636,level_complete,4455,3,236153,0,1786602,1704856,205,3238880
2025-04-18 22:35:11,636,level_complete,4456,4,236154,0,1786627,1704880,42,3238922
2025-04-18 22:35:11,636,level_complete,4457,5,236157,0,1786674,1704940,92,3239046
2025-04-18 22:35:13,636,level_complete,4458,6,236176,0,1786952,1705110,58,3239802
2025-04-18 22:35:15,636,level_complete,4459,7,236221,0,1787390,1705438,102,3240825
2025-04-18 22:35:15,636,game_complete,-,8,236221,0,1787390,1705438,102,3240825
2025-04-18 22:35:17,637,level_complete,4460,1,236270,0,1787731,1705778,37,3241224
2025-04-18 22:35:21,637,level_complete,4461,2,236334,0,1788368,1706328,59,3242358
2025-04-18 22:35:22,637,level_complete,4462,3,236342,0,1788522,1706401,93,3242960
2025-04-18 22:35:24,637,level_complete,4463,4,236400,0,1788936,1706741,39,3243552
2025-04-18 22:35:26,637,level_complete,4464,5,236433,0,1789307,1706951,75,3244531
2025-04-18 22:35:28,637,level_complete,4465,6,236480,0,1789699,1707275,82,3245299
2025-04-18 22:35:31,637,level_complete,4466,7,236584,0,1790387,1707738,223,3247204
2025-04-18 22:35:31,637,game_complete,-,8,236584,0,1790387,1707738,223,3247204
2025-04-18 22:35:34,638,training_run_ep 256000,-,1,236645,0,1790587,1707946,0,3247428
2025-04-18 22:35:57,638,training_run_ep 256500,-,1,237145,0,1793470,1710695,0,3250805
2025-04-18 22:36:22,638,training_run_ep 257000,-,1,237645,0,1796569,1713643,0,3254462
2025-04-18 22:36:32,638,level_complete,4467,1,237822,0,1797788,1714837,32,3255853
2025-04-18 22:36:38,638,level_complete,4468,2,237969,0,1798802,1715702,48,3257524
2025-04-18 22:36:39,638,level_complete,4469,3,237970,0,1798832,1715720,84,3257608
2025-04-18 22:36:40,638,level_complete,4470,4,238008,0,1799094,1715952,103,3258015
2025-04-18 22:36:41,638,level_complete,4471,5,238028,0,1799277,1716059,74,3258485
2025-04-18 22:36:47,638,training_run_ep 257500,-,6,238145,0,1800343,1716701,0,3261267
2025-04-18 22:36:50,638,level_complete,4472,6,238239,0,1801096,1717205,105,3263172
2025-04-18 22:36:51,638,level_complete,4473,7,238258,0,1801228,1717309,53,3263386
2025-04-18 22:36:51,638,game_complete,-,8,238258,0,1801228,1717309,53,3263386
2025-04-18 22:37:12,639,training_run_ep 258000,-,1,238645,0,1803808,1719828,0,3266334
2025-04-18 22:37:19,639,level_complete,4474,1,238814,0,1804802,1720780,32,3267491
2025-04-18 22:37:21,639,level_complete,4475,2,238849,0,1805146,1721042,55,3268031
2025-04-18 22:37:22,639,level_complete,4476,3,238859,0,1805242,1721105,49,3268186
2025-04-18 22:37:23,639,level_complete,4477,4,238874,0,1805370,1721227,31,3268364
2025-04-18 22:37:23,639,level_complete,4478,5,238882,0,1805478,1721297,63,3268642
2025-04-18 22:37:24,639,level_complete,4479,6,238895,0,1805662,1721430,133,3269101
2025-04-18 22:37:28,639,level_complete,4480,7,238977,0,1806412,1722013,125,3271062
2025-04-18 22:37:28,639,game_complete,-,8,238977,0,1806412,1722013,125,3271062
2025-04-18 22:37:37,640,training_run_ep 258500,-,1,239145,0,1807462,1723013,0,3272272
2025-04-18 22:37:43,640,level_complete,4481,1,239301,0,1808198,1723699,38,3273120
2025-04-18 22:37:43,640,level_complete,4482,2,239311,0,1808307,1723795,52,3273308
2025-04-18 22:37:44,640,level_complete,4483,3,239334,0,1808467,1723879,122,3273800
2025-04-18 22:37:45,640,level_complete,4484,4,239349,0,1808605,1724016,35,3274055
2025-04-18 22:37:48,640,level_complete,4485,5,239413,0,1809305,1724393,76,3276197
2025-04-18 22:37:48,640,level_complete,4486,6,239423,0,1809394,1724464,94,3276379
2025-04-18 22:37:50,640,level_complete,4487,7,239466,0,1809743,1724719,73,3277367
2025-04-18 22:37:50,640,game_complete,-,8,239466,0,1809743,1724719,73,3277367
2025-04-18 22:37:55,641,level_complete,4488,1,239585,0,1810386,1725378,32,3278115
2025-04-18 22:37:55,641,level_complete,4489,2,239586,0,1810416,1725396,82,3278197
2025-04-18 22:37:56,641,level_complete,4490,3,239596,0,1810528,1725474,124,3278456
2025-04-18 22:37:57,641,level_complete,4491,4,239615,0,1810673,1725600,50,3278676
2025-04-18 22:37:57,641,level_complete,4492,5,239619,0,1810758,1725644,96,3278922
2025-04-18 22:37:57,641,level_complete,4493,6,239621,0,1810816,1725686,73,3279044
2025-04-18 22:37:58,641,level_complete,4494,7,239632,0,1810977,1725815,91,3279409
2025-04-18 22:37:58,641,game_complete,-,8,239632,0,1810977,1725815,91,3279409
2025-04-18 22:38:00,642,training_run_ep 259000,-,1,239645,0,1811046,1725882,0,3279486
2025-04-18 22:38:14,642,level_complete,4495,1,239891,0,1812835,1727718,36,3281592
2025-04-18 22:38:15,642,level_complete,4496,2,239896,0,1812914,1727784,41,3281713
2025-04-18 22:38:15,642,level_complete,4497,3,239899,0,1812971,1727823,40,3281875
2025-04-18 22:38:16,642,level_complete,4498,4,239919,0,1813114,1727962,38,3282089
2025-04-18 22:38:17,642,level_complete,4499,5,239930,0,1813283,1728065,112,3282476
2025-04-18 22:38:17,642,level_complete,4500,6,239932,0,1813336,1728103,74,3282710
2025-04-18 22:38:19,642,level_complete,4501,7,240002,0,1813874,1728478,194,3284098
2025-04-18 22:38:19,642,game_complete,-,8,240002,0,1813874,1728478,194,3284098
2025-04-18 22:38:28,643,training_run_ep 259500,-,1,240145,0,1814919,1729488,0,3285316
2025-04-18 22:38:46,643,level_complete,4502,1,240497,0,1817240,1731677,37,3288076
2025-04-18 22:38:46,643,level_complete,4503,2,240500,0,1817302,1731747,48,3288179
2025-04-18 22:38:47,643,level_complete,4504,3,240501,0,1817332,1731773,55,3288234
2025-04-18 22:38:48,643,level_complete,4505,4,240526,0,1817578,1731987,32,3288563
2025-04-18 22:38:49,643,level_complete,4506,5,240537,0,1817684,1732069,48,3288781
2025-04-18 22:38:50,643,level_complete,4507,6,240563,0,1817988,1732270,92,3289439
2025-04-18 22:38:54,643,training_run_ep 260000,-,7,240645,0,1818747,1732764,0,3291641
2025-04-18 22:38:56,643,level_complete,4508,7,240681,0,1819089,1733016,90,3292483
2025-04-18 22:38:56,643,game_complete,-,8,240681,0,1819089,1733016,90,3292483
2025-04-18 22:39:14,644,level_complete,4509,1,241095,0,1821489,1735271,35,3295254
2025-04-18 22:39:17,644,training_run_ep 260500,-,2,241145,0,1821834,1735549,0,3295847
2025-04-18 22:39:21,644,level_complete,4510,2,241220,0,1822459,1736069,44,3296820
2025-04-18 22:39:21,644,level_complete,4511,3,241224,0,1822545,1736119,49,3297009
2025-04-18 22:39:22,644,level_complete,4512,4,241226,0,1822590,1736143,62,3297123
2025-04-18 22:39:22,644,level_complete,4513,5,241231,0,1822656,1736184,157,3297350
2025-04-18 22:39:23,644,level_complete,4514,6,241239,0,1822766,1736266,75,3297731
2025-04-18 22:39:26,644,level_complete,4515,7,241309,0,1823511,1736832,94,3299803
2025-04-18 22:39:26,644,game_complete,-,8,241309,0,1823511,1736832,94,3299803
2025-04-18 22:39:42,645,training_run_ep 261000,-,1,241645,0,1825301,1738655,0,3301855
2025-04-18 22:40:06,645,level_complete,4516,1,242073,0,1828275,1741577,43,3305291
2025-04-18 22:40:07,645,level_complete,4517,2,242095,0,1828560,1741823,38,3305766
2025-04-18 22:40:08,645,level_complete,4518,3,242098,0,1828602,1741844,125,3305912
2025-04-18 22:40:08,645,level_complete,4519,4,242109,0,1828722,1741934,63,3306200
2025-04-18 22:40:09,645,level_complete,4520,5,242112,0,1828782,1741970,128,3306396
2025-04-18 22:40:09,645,level_complete,4521,6,242116,0,1828819,1741999,53,3306456
2025-04-18 22:40:10,645,level_complete,4522,7,242141,0,1829078,1742182,130,3307067
2025-04-18 22:40:10,645,game_complete,-,8,242141,0,1829078,1742182,130,3307067
2025-04-18 22:40:11,646,training_run_ep 261500,-,1,242145,0,1829112,1742219,0,3307104
2025-04-18 22:40:21,646,level_complete,4523,1,242295,0,1830335,1743428,32,3308553
2025-04-18 22:40:24,646,level_complete,4524,2,242336,0,1830778,1743821,110,3309342
2025-04-18 22:40:24,646,level_complete,4525,3,242347,0,1830943,1743914,56,3309832
2025-04-18 22:40:27,646,level_complete,4526,4,242415,0,1831345,1744266,38,3310435
2025-04-18 22:40:29,646,level_complete,4527,5,242442,0,1831694,1744516,67,3311302
2025-04-18 22:40:29,646,level_complete,4528,6,242452,0,1831789,1744589,132,3311558
2025-04-18 22:40:30,646,level_complete,4529,7,242480,0,1832091,1744773,64,3312529
2025-04-18 22:40:30,646,game_complete,-,8,242480,0,1832091,1744773,64,3312529
2025-04-18 22:40:31,647,level_complete,4530,1,242493,0,1832176,1744872,36,3312626
2025-04-18 22:40:32,647,level_complete,4531,2,242514,0,1832352,1745031,43,3312908
2025-04-18 22:40:33,647,level_complete,4532,3,242517,0,1832415,1745083,75,3313038
2025-04-18 22:40:33,647,level_complete,4533,4,242521,0,1832456,1745129,30,3313087
2025-04-18 22:40:33,647,level_complete,4534,5,242528,0,1832539,1745188,97,3313319
2025-04-18 22:40:34,647,level_complete,4535,6,242530,0,1832581,1745223,61,3313403
2025-04-18 22:40:34,647,level_complete,4536,7,242531,0,1832611,1745265,98,3313501
2025-04-18 22:40:34,647,game_complete,-,8,242531,0,1832611,1745265,98,3313501
2025-04-18 22:40:35,648,level_complete,4537,1,242543,0,1832717,1745378,34,3313617
2025-04-18 22:40:38,648,level_complete,4538,2,242583,0,1833133,1745786,52,3314276
2025-04-18 22:40:40,648,level_complete,4539,3,242634,0,1833729,1746109,79,3315883
2025-04-18 22:40:41,648,level_complete,4540,4,242642,0,1833829,1746191,33,3316020
2025-04-18 22:40:41,648,level_complete,4541,5,242644,0,1833873,1746219,83,3316139
2025-04-18 22:40:42,648,training_run_ep 262000,-,6,242645,0,1833897,1746235,0,3316184
2025-04-18 22:40:43,648,level_complete,4542,6,242656,0,1834034,1746331,57,3316580
2025-04-18 22:40:43,648,level_complete,4543,7,242660,0,1834081,1746350,87,3316762
2025-04-18 22:40:43,648,game_complete,-,8,242660,0,1834081,1746350,87,3316762
2025-04-18 22:40:43,649,level_complete,4544,1,242662,0,1834114,1746408,36,3316801
2025-04-18 22:40:46,649,level_complete,4545,2,242702,0,1834558,1746753,43,3317559
2025-04-18 22:40:46,649,level_complete,4546,3,242708,0,1834634,1746796,48,3317741
2025-04-18 22:40:46,649,level_complete,4547,4,242709,0,1834659,1746824,38,3317779
2025-04-18 22:40:47,649,level_complete,4548,5,242713,0,1834706,1746855,82,3317895
2025-04-18 22:40:47,649,level_complete,4549,6,242736,0,1834868,1746977,90,3318214
2025-04-18 22:40:50,649,level_complete,4550,7,242785,0,1835454,1747363,114,3320168
2025-04-18 22:40:50,649,game_complete,-,8,242785,0,1835454,1747363,114,3320168
2025-04-18 22:40:54,650,level_complete,4551,1,242841,0,1835868,1747793,40,3320661
2025-04-18 22:40:54,650,level_complete,4552,2,242848,0,1835914,1747849,60,3320738
2025-04-18 22:40:54,650,level_complete,4553,3,242855,0,1836016,1747914,45,3321049
2025-04-18 22:40:55,650,level_complete,4554,4,242860,0,1836079,1747980,37,3321142
2025-04-18 22:40:55,650,level_complete,4555,5,242861,0,1836109,1748000,96,3321238
2025-04-18 22:40:57,650,level_complete,4556,6,242902,0,1836478,1748241,113,3322138
2025-04-18 22:40:58,650,level_complete,4557,7,242915,0,1836668,1748383,57,3322589
2025-04-18 22:40:58,650,game_complete,-,8,242915,0,1836668,1748383,57,3322589
2025-04-18 22:41:01,651,level_complete,4558,1,242961,0,1837128,1748887,34,3323131
2025-04-18 22:41:02,651,level_complete,4559,2,242967,0,1837196,1748934,61,3323286
2025-04-18 22:41:02,651,level_complete,4560,3,242976,0,1837307,1749010,154,3323663
2025-04-18 22:41:03,651,level_complete,4561,4,242985,0,1837399,1749107,38,3323807
2025-04-18 22:41:04,651,level_complete,4562,5,242999,0,1837611,1749246,57,3324312
2025-04-18 22:41:05,651,level_complete,4563,6,243006,0,1837704,1749322,43,3324558
2025-04-18 22:41:06,651,level_complete,4564,7,243014,0,1837902,1749518,103,3325088
2025-04-18 22:41:06,651,game_complete,-,8,243014,0,1837902,1749518,103,3325088
2025-04-18 22:41:07,652,level_complete,4565,1,243028,0,1838102,1749732,37,3325328
2025-04-18 22:41:08,652,level_complete,4566,2,243035,0,1838235,1749851,56,3325555
2025-04-18 22:41:09,652,level_complete,4567,3,243040,0,1838309,1749888,90,3325791
2025-04-18 22:41:09,652,level_complete,4568,4,243044,0,1838384,1749959,54,3325933
2025-04-18 22:41:10,652,level_complete,4569,5,243047,0,1838457,1750041,85,3326106
2025-04-18 22:41:10,652,level_complete,4570,6,243048,0,1838487,1750065,61,3326167
2025-04-18 22:41:10,652,level_complete,4571,7,243049,0,1838517,1750080,119,3326286
2025-04-18 22:41:10,652,game_complete,-,8,243049,0,1838517,1750080,119,3326286
2025-04-18 22:41:10,653,level_complete,4572,1,243051,0,1838565,1750135,32,3326337
2025-04-18 22:41:11,653,level_complete,4573,2,243053,0,1838596,1750181,44,3326382
2025-04-18 22:41:11,653,level_complete,4574,3,243056,0,1838655,1750256,47,3326468
2025-04-18 22:41:12,653,level_complete,4575,4,243059,0,1838702,1750321,47,3326563
2025-04-18 22:41:12,653,level_complete,4576,5,243062,0,1838748,1750358,58,3326641
2025-04-18 22:41:12,653,level_complete,4577,6,243064,0,1838803,1750395,263,3326965
2025-04-18 22:41:12,653,level_complete,4578,7,243065,0,1838833,1750426,84,3327049
2025-04-18 22:41:12,653,game_complete,-,8,243065,0,1838833,1750426,84,3327049
2025-04-18 22:41:15,654,level_complete,4579,1,243092,0,1839118,1750727,41,3327395
2025-04-18 22:41:16,654,level_complete,4580,2,243108,0,1839322,1750918,90,3327749
2025-04-18 22:41:17,654,level_complete,4581,3,243111,0,1839410,1750975,84,3327999
2025-04-18 22:41:17,654,level_complete,4582,4,243113,0,1839440,1751001,31,3328041
2025-04-18 22:41:18,654,level_complete,4583,5,243125,0,1839657,1751161,61,3328580
2025-04-18 22:41:18,654,level_complete,4584,6,243126,0,1839687,1751180,57,3328637
2025-04-18 22:41:19,654,level_complete,4585,7,243141,0,1839888,1751389,66,3329388
2025-04-18 22:41:19,654,game_complete,-,8,243141,0,1839888,1751389,66,3329388
2025-04-18 22:41:20,655,level_complete,4586,1,243144,0,1839949,1751492,31,3329454
2025-04-18 22:41:21,655,level_complete,4587,2,243145,0,1839979,1751539,55,3329509
2025-04-18 22:41:22,655,training_run_ep 262500,-,3,243145,0,1839979,1751539,55,3329509
2025-04-18 22:41:22,655,level_complete,4588,3,243147,0,1840029,1751559,79,3329691
2025-04-18 22:41:23,655,level_complete,4589,4,243161,0,1840219,1751755,33,3329969
2025-04-18 22:41:24,655,level_complete,4590,5,243163,0,1840252,1751780,50,3330023
2025-04-18 22:41:25,655,level_complete,4591,6,243178,0,1840523,1751948,84,3330808
2025-04-18 22:41:26,655,level_complete,4592,7,243194,0,1840813,1752163,38,3331800
2025-04-18 22:41:26,655,game_complete,-,8,243194,0,1840813,1752163,38,3331800
2025-04-18 22:41:30,656,level_complete,4593,1,243223,0,1841242,1752628,34,3332302
2025-04-18 22:41:32,656,level_complete,4594,2,243261,0,1841587,1752951,46,3332872
2025-04-18 22:41:33,656,level_complete,4595,3,243292,0,1841848,1753116,114,3333531
2025-04-18 22:41:35,656,level_complete,4596,4,243316,0,1842073,1753349,30,3333836
2025-04-18 22:41:36,656,level_complete,4597,5,243331,0,1842286,1753527,64,3334364
2025-04-18 22:41:37,656,level_complete,4598,6,243353,0,1842498,1753698,59,3334776
2025-04-18 22:41:37,656,level_complete,4599,7,243357,0,1842538,1753736,47,3334834
2025-04-18 22:41:37,656,game_complete,-,8,243357,0,1842538,1753736,47,3334834
2025-04-18 22:41:38,657,level_complete,4600,1,243358,0,1842568,1753772,39,3334873
2025-04-18 22:41:38,657,level_complete,4601,2,243361,0,1842622,1753814,37,3334957
2025-04-18 22:41:38,657,level_complete,4602,3,243364,0,1842666,1753841,102,3335082
2025-04-18 22:41:40,657,level_complete,4603,4,243399,0,1843014,1754144,39,3335604
2025-04-18 22:41:40,657,level_complete,4604,5,243400,0,1843044,1754160,80,3335684
2025-04-18 22:41:42,657,level_complete,4605,6,243421,0,1843319,1754351,110,3336264
2025-04-18 22:41:42,657,level_complete,4606,7,243423,0,1843350,1754383,99,3336364
2025-04-18 22:41:42,657,game_complete,-,8,243423,0,1843350,1754383,99,3336364
2025-04-18 22:41:42,658,level_complete,4607,1,243426,0,1843388,1754470,33,3336408
2025-04-18 22:41:44,658,level_complete,4608,2,243449,0,1843626,1754722,35,3336791
2025-04-18 22:41:45,658,level_complete,4609,3,243465,0,1843836,1754833,135,3337572
2025-04-18 22:41:45,658,level_complete,4610,4,243467,0,1843862,1754861,38,3337611
2025-04-18 22:41:46,658,level_complete,4611,5,243487,0,1844067,1754988,92,3338171
2025-04-18 22:41:47,658,level_complete,4612,6,243507,0,1844196,1755073,102,3338452
2025-04-18 22:41:49,658,level_complete,4613,7,243562,0,1844696,1755380,75,3340243
2025-04-18 22:41:49,658,game_complete,-,8,243562,0,1844696,1755380,75,3340243
2025-04-18 22:41:54,659,training_run_ep 263000,-,1,243645,0,1845234,1755905,0,3340895
2025-04-18 22:42:00,659,level_complete,4614,1,243788,0,1846014,1756658,34,3341802
2025-04-18 22:42:06,659,level_complete,4615,2,243913,0,1846890,1757442,47,3343228
2025-04-18 22:42:07,659,level_complete,4616,3,243923,0,1847135,1757592,53,3343824
2025-04-18 22:42:08,659,level_complete,4617,4,243926,0,1847201,1757657,32,3343929
2025-04-18 22:42:08,659,level_complete,4618,5,243935,0,1847357,1757784,73,3344231
2025-04-18 22:42:09,659,level_complete,4619,6,243936,0,1847387,1757807,50,3344281
2025-04-18 22:42:09,659,level_complete,4620,7,243950,0,1847563,1757925,240,3344927
2025-04-18 22:42:09,659,game_complete,-,8,243950,0,1847563,1757925,240,3344927
2025-04-18 22:42:10,660,level_complete,4621,1,243958,0,1847662,1758033,35,3345053
2025-04-18 22:42:10,660,level_complete,4622,2,243960,0,1847695,1758059,51,3345107
2025-04-18 22:42:11,660,level_complete,4623,3,243969,0,1847821,1758145,130,3345419
2025-04-18 22:42:13,660,level_complete,4624,4,244003,0,1848138,1758450,34,3345865
2025-04-18 22:42:14,660,level_complete,4625,5,244022,0,1848428,1758635,135,3346706
2025-04-18 22:42:15,660,level_complete,4626,6,244037,0,1848626,1758777,102,3347480
2025-04-18 22:42:16,660,level_complete,4627,7,244044,0,1848724,1758850,110,3347822
2025-04-18 22:42:16,660,game_complete,-,8,244044,0,1848724,1758850,110,3347822
2025-04-18 22:42:18,661,level_complete,4628,1,244070,0,1848968,1759105,34,3348096
2025-04-18 22:42:23,661,training_run_ep 263500,-,2,244145,0,1849710,1759724,0,3349250
2025-04-18 22:42:25,661,level_complete,4629,2,244181,0,1849990,1759951,46,3349660
2025-04-18 22:42:28,661,level_complete,4630,3,244266,0,1850785,1760379,90,3352264
2025-04-18 22:42:30,661,level_complete,4631,4,244304,0,1851011,1760596,31,3352598
2025-04-18 22:42:30,661,level_complete,4632,5,244314,0,1851127,1760681,53,3352828
2025-04-18 22:42:31,661,level_complete,4633,6,244326,0,1851276,1760762,106,3353282
2025-04-18 22:42:35,661,level_complete,4634,7,244451,0,1852273,1761445,62,3356165
2025-04-18 22:42:35,661,game_complete,-,8,244451,0,1852273,1761445,62,3356165
2025-04-18 22:42:44,662,training_run_ep 264000,-,1,244645,0,1853251,1762424,0,3357289
2025-04-18 22:43:02,662,training_run_ep 264500,-,1,245145,0,1855405,1764382,0,3359856
2025-04-18 22:43:24,662,training_run_ep 265000,-,1,245645,0,1858083,1766889,0,3362995
2025-04-18 22:43:45,662,training_run_ep 265500,-,1,246145,0,1860674,1769346,0,3365982
2025-04-18 22:44:05,662,level_complete,4635,1,246527,0,1863194,1771802,35,3368950
2025-04-18 22:44:09,662,level_complete,4636,2,246595,0,1863842,1772386,38,3370043
2025-04-18 22:44:09,662,level_complete,4637,3,246597,0,1863892,1772437,60,3370133
2025-04-18 22:44:11,662,level_complete,4638,4,246630,0,1864233,1772722,41,3370671
2025-04-18 22:44:12,662,level_complete,4639,5,246639,0,1864335,1772780,156,3370979
2025-04-18 22:44:13,662,training_run_ep 266000,-,6,246645,0,1864381,1772812,0,3371061
2025-04-18 22:44:16,662,level_complete,4640,6,246731,0,1864961,1773222,79,3372355
2025-04-18 22:44:21,662,level_complete,4641,7,246844,0,1865711,1773903,77,3374559
2025-04-18 22:44:21,662,game_complete,-,8,246844,0,1865711,1773903,77,3374559
2025-04-18 22:44:36,663,training_run_ep 266500,-,1,247145,0,1867410,1775545,0,3376506
2025-04-18 22:44:55,663,training_run_ep 267000,-,1,247645,0,1869833,1777778,0,3379326
2025-04-18 22:45:13,663,training_run_ep 267500,-,1,248145,0,1871960,1779798,0,3381791
2025-04-18 22:45:32,663,training_run_ep 268000,-,1,248645,0,1874212,1781910,0,3384438
2025-04-18 22:45:41,663,level_complete,4642,1,248876,0,1875289,1782967,34,3385652
2025-04-18 22:45:51,663,training_run_ep 268500,-,2,249145,0,1876695,1784122,0,3388108
2025-04-18 22:45:54,663,level_complete,4643,2,249242,0,1877224,1784527,46,3388985
2025-04-18 22:45:54,663,level_complete,4644,3,249245,0,1877282,1784578,48,3389201
2025-04-18 22:45:57,663,level_complete,4645,4,249304,0,1877668,1784898,43,3389769
2025-04-18 22:45:58,663,level_complete,4646,5,249346,0,1878057,1785118,89,3390842
2025-04-18 22:45:59,663,level_complete,4647,6,249380,0,1878283,1785248,75,3391543
2025-04-18 22:46:01,663,level_complete,4648,7,249435,0,1878649,1785494,164,3392729
2025-04-18 22:46:01,663,game_complete,-,8,249435,0,1878649,1785494,164,3392729
2025-04-18 22:46:10,664,training_run_ep 269000,-,1,249645,0,1879733,1786537,0,3393960
2025-04-18 22:46:14,664,level_complete,4649,1,249699,0,1880181,1786999,35,3394486
2025-04-18 22:46:26,664,level_complete,4650,2,249936,0,1882068,1788559,43,3397575
2025-04-18 22:46:26,664,level_complete,4651,3,249944,0,1882183,1788614,87,3397947
2025-04-18 22:46:29,664,level_complete,4652,4,250001,0,1882531,1788934,39,3398457
2025-04-18 22:46:31,664,level_complete,4653,5,250078,0,1883097,1789265,119,3399908
2025-04-18 22:46:32,664,level_complete,4654,6,250117,0,1883435,1789514,52,3400637
2025-04-18 22:46:33,664,level_complete,4655,7,250132,0,1883693,1789658,154,3401493
2025-04-18 22:46:33,664,game_complete,-,8,250132,0,1883693,1789658,154,3401493
2025-04-18 22:46:36,665,training_run_ep 269500,-,1,250145,0,1883893,1789867,0,3401734
2025-04-18 22:46:43,665,level_complete,4656,1,250234,0,1884700,1790688,32,3402674
2025-04-18 22:46:43,665,level_complete,4657,2,250237,0,1884760,1790732,84,3402804
2025-04-18 22:46:43,665,level_complete,4658,3,250240,0,1884801,1790754,220,3403042
2025-04-18 22:46:44,665,level_complete,4659,4,250245,0,1884889,1790833,27,3403183
2025-04-18 22:46:45,665,level_complete,4660,5,250268,0,1885254,1791042,60,3404301
2025-04-18 22:46:49,665,level_complete,4661,6,250350,0,1886074,1791623,91,3406242
2025-04-18 22:46:59,665,level_complete,4662,7,250507,0,1888152,1793134,102,3412932
2025-04-18 22:46:59,665,game_complete,-,8,250507,0,1888152,1793134,102,3412932
2025-04-18 22:47:05,666,level_complete,4663,1,250579,0,1888863,1793978,31,3413788
2025-04-18 22:47:06,666,level_complete,4664,2,250589,0,1888972,1794069,96,3414016
2025-04-18 22:47:06,666,level_complete,4665,3,250592,0,1889031,1794106,201,3414369
2025-04-18 22:47:07,666,level_complete,4666,4,250598,0,1889104,1794193,35,3414456
2025-04-18 22:47:08,666,level_complete,4667,5,250609,0,1889257,1794292,59,3414879
2025-04-18 22:47:08,666,level_complete,4668,6,250612,0,1889320,1794350,42,3415005
2025-04-18 22:47:08,666,level_complete,4669,7,250619,0,1889402,1794396,153,3415266
2025-04-18 22:47:08,666,game_complete,-,8,250619,0,1889402,1794396,153,3415266
2025-04-18 22:47:12,667,training_run_ep 270000,-,1,250645,0,1889648,1794690,0,3415560
2025-04-18 22:47:13,667,level_complete,4670,1,250657,0,1889746,1794783,35,3415673
2025-04-18 22:47:16,667,level_complete,4671,2,250698,0,1890202,1795196,42,3416382
2025-04-18 22:47:16,667,level_complete,4672,3,250702,0,1890267,1795253,60,3416578
2025-04-18 22:47:19,667,level_complete,4673,4,250766,0,1890709,1795629,63,3417308
2025-04-18 22:47:19,667,level_complete,4674,5,250786,0,1890856,1795709,97,3417714
2025-04-18 22:47:20,667,level_complete,4675,6,250792,0,1890968,1795779,57,3418035
2025-04-18 22:47:23,667,level_complete,4676,7,250858,0,1891800,1796370,51,3420317
2025-04-18 22:47:23,667,game_complete,-,8,250858,0,1891800,1796370,51,3420317
2025-04-18 22:47:28,668,level_complete,4677,1,250904,0,1892343,1796919,34,3420993
2025-04-18 22:47:33,668,level_complete,4678,2,251002,0,1893138,1797571,46,3422396
2025-04-18 22:47:33,668,level_complete,4679,3,251006,0,1893204,1797612,56,3422677
2025-04-18 22:47:35,668,level_complete,4680,4,251029,0,1893418,1797782,52,3423027
2025-04-18 22:47:35,668,level_complete,4681,5,251034,0,1893497,1797831,45,3423250
2025-04-18 22:47:36,668,level_complete,4682,6,251040,0,1893599,1797911,47,3423502
2025-04-18 22:47:37,668,level_complete,4683,7,251056,0,1893844,1798061,80,3424379
2025-04-18 22:47:37,668,game_complete,-,8,251056,0,1893844,1798061,80,3424379
2025-04-18 22:47:42,669,level_complete,4684,1,251120,0,1894484,1798699,39,3425143
2025-04-18 22:47:42,669,level_complete,4685,2,251129,0,1894627,1798818,69,3425388
2025-04-18 22:47:43,669,level_complete,4686,3,251131,0,1894663,1798847,128,3425522
2025-04-18 22:47:43,669,level_complete,4687,4,251135,0,1894713,1798887,32,3425587
2025-04-18 22:47:43,669,level_complete,4688,5,251139,0,1894794,1798931,88,3425841
2025-04-18 22:47:45,669,training_run_ep 270500,-,6,251145,0,1894856,1798967,0,3426044
2025-04-18 22:47:45,669,level_complete,4689,6,251147,0,1894910,1799047,57,3426180
2025-04-18 22:47:46,669,level_complete,4690,7,251154,0,1895027,1799141,50,3426549
2025-04-18 22:47:46,669,game_complete,-,8,251154,0,1895027,1799141,50,3426549
2025-04-18 22:48:03,670,level_complete,4691,1,251446,0,1897219,1801279,32,3429158
2025-04-18 22:48:04,670,level_complete,4692,2,251467,0,1897425,1801464,57,3429478
2025-04-18 22:48:05,670,level_complete,4693,3,251490,0,1897729,1801624,78,3430690
2025-04-18 22:48:07,670,level_complete,4694,4,251510,0,1897918,1801793,32,3430955
2025-04-18 22:48:07,670,level_complete,4695,5,251519,0,1898055,1801897,59,3431307
2025-04-18 22:48:09,670,level_complete,4696,6,251555,0,1898400,1802133,57,3432064
2025-04-18 22:48:10,670,level_complete,4697,7,251567,0,1898580,1802252,39,3432661
2025-04-18 22:48:10,670,game_complete,-,8,251567,0,1898580,1802252,39,3432661
2025-04-18 22:48:14,671,training_run_ep 271000,-,1,251645,0,1899017,1802669,0,3433187
2025-04-18 22:48:32,671,level_complete,4698,1,252041,0,1901277,1804802,35,3435817
2025-04-18 22:48:33,671,level_complete,4699,2,252057,0,1901413,1804909,49,3436047
2025-04-18 22:48:33,671,level_complete,4700,3,252071,0,1901559,1804975,121,3436637
2025-04-18 22:48:37,671,training_run_ep 271500,-,4,252145,0,1901923,1805307,0,3437147
2025-04-18 22:48:38,671,level_complete,4701,4,252179,0,1902112,1805487,31,3437371
2025-04-18 22:48:39,671,level_complete,4702,5,252194,0,1902324,1805641,55,3438031
2025-04-18 22:48:40,671,level_complete,4703,6,252200,0,1902424,1805719,65,3438279
2025-04-18 22:48:43,671,level_complete,4704,7,252290,0,1903197,1806247,127,3440487
2025-04-18 22:48:43,671,game_complete,-,8,252290,0,1903197,1806247,127,3440487
2025-04-18 22:48:59,672,training_run_ep 272000,-,1,252645,0,1904979,1807970,0,3442532
2025-04-18 22:49:01,672,level_complete,4705,1,252683,0,1905260,1808255,36,3442867
2025-04-18 22:49:01,672,level_complete,4706,2,252690,0,1905338,1808319,53,3443010
2025-04-18 22:49:03,672,level_complete,4707,3,252718,0,1905687,1808518,39,3443882
2025-04-18 22:49:11,672,level_complete,4708,4,252910,0,1907021,1809631,32,3445823
2025-04-18 22:49:11,672,level_complete,4709,5,252918,0,1907102,1809702,101,3446140
2025-04-18 22:49:14,672,level_complete,4710,6,253015,0,1907740,1810161,64,3447531
2025-04-18 22:49:15,672,level_complete,4711,7,253021,0,1907849,1810244,157,3447934
2025-04-18 22:49:15,672,game_complete,-,8,253021,0,1907849,1810244,157,3447934
2025-04-18 22:49:22,673,training_run_ep 272500,-,1,253145,0,1908592,1810962,0,3448837
2025-04-18 22:49:26,673,level_complete,4712,1,253245,0,1909091,1811449,35,3449411
2025-04-18 22:49:39,673,level_complete,4713,2,253497,0,1911224,1813165,100,3453011
2025-04-18 22:49:39,673,level_complete,4714,3,253500,0,1911287,1813205,107,3453186
2025-04-18 22:49:41,673,level_complete,4715,4,253515,0,1911478,1813348,35,3453483
2025-04-18 22:49:41,673,level_complete,4716,5,253519,0,1911567,1813399,68,3453686
2025-04-18 22:49:41,673,level_complete,4717,6,253533,0,1911691,1813474,102,3454121
2025-04-18 22:49:42,673,level_complete,4718,7,253544,0,1911877,1813605,81,3454610
2025-04-18 22:49:42,673,game_complete,-,8,253544,0,1911877,1813605,81,3454610
2025-04-18 22:49:52,674,training_run_ep 273000,-,1,253645,0,1912861,1814695,0,3455779
2025-04-18 22:50:07,674,level_complete,4719,1,253879,0,1914746,1816567,48,3458052
2025-04-18 22:50:12,674,level_complete,4720,2,253943,0,1915427,1817162,33,3459206
2025-04-18 22:50:12,674,level_complete,4721,3,253951,0,1915580,1817255,41,3459623
2025-04-18 22:50:12,674,level_complete,4722,4,253952,0,1915605,1817277,34,3459657
2025-04-18 22:50:13,674,level_complete,4723,5,253967,0,1915801,1817419,59,3460129
2025-04-18 22:50:14,674,level_complete,4724,6,253968,0,1915831,1817443,60,3460189
2025-04-18 22:50:14,674,level_complete,4725,7,253969,0,1915861,1817464,62,3460251
2025-04-18 22:50:14,674,game_complete,-,8,253969,0,1915861,1817464,62,3460251
2025-04-18 22:50:21,675,level_complete,4726,1,254085,0,1916771,1818390,38,3461332
2025-04-18 22:50:22,675,level_complete,4727,2,254087,0,1916821,1818454,41,3461399
2025-04-18 22:50:22,675,level_complete,4728,3,254089,0,1916866,1818470,241,3461660
2025-04-18 22:50:22,675,level_complete,4729,4,254101,0,1916948,1818549,57,3461792
2025-04-18 22:50:23,675,level_complete,4730,5,254113,0,1917118,1818663,99,3462239
2025-04-18 22:50:24,675,level_complete,4731,6,254129,0,1917325,1818818,58,3462751
2025-04-18 22:50:24,675,level_complete,4732,7,254130,0,1917355,1818830,138,3462889
2025-04-18 22:50:24,675,game_complete,-,8,254130,0,1917355,1818830,138,3462889
2025-04-18 22:50:27,676,training_run_ep 273500,-,1,254145,0,1917568,1819038,0,3463144
2025-04-18 22:50:28,676,level_complete,4733,1,254150,0,1917660,1819155,32,3463246
2025-04-18 22:50:28,676,level_complete,4734,2,254156,0,1917715,1819197,112,3463395
2025-04-18 22:50:28,676,level_complete,4735,3,254157,0,1917745,1819206,107,3463502
2025-04-18 22:50:30,676,level_complete,4736,4,254179,0,1917984,1819464,36,3463874
2025-04-18 22:50:33,676,level_complete,4737,5,254241,0,1918627,1819801,120,3465933
2025-04-18 22:50:37,676,level_complete,4738,6,254321,0,1919478,1820367,83,3467884
2025-04-18 22:50:37,676,level_complete,4739,7,254323,0,1919519,1820403,190,3468086
2025-04-18 22:50:37,676,game_complete,-,8,254323,0,1919519,1820403,190,3468086
2025-04-18 22:50:54,677,training_run_ep 274000,-,1,254645,0,1921672,1822413,0,3470693
2025-04-18 22:51:10,677,level_complete,4740,1,255008,0,1923602,1824260,34,3472924
2025-04-18 22:51:18,677,training_run_ep 274500,-,2,255145,0,1924672,1825159,0,3474733
2025-04-18 22:51:19,677,level_complete,4741,2,255183,0,1924893,1825360,57,3475113
2025-04-18 22:51:20,677,level_complete,4742,3,255199,0,1925067,1825476,122,3475551
2025-04-18 22:51:22,677,level_complete,4743,4,255224,0,1925302,1825690,39,3475876
2025-04-18 22:51:23,677,level_complete,4744,5,255248,0,1925583,1825858,87,3476695
2025-04-18 22:51:26,677,level_complete,4745,6,255325,0,1926188,1826361,137,3478084
2025-04-18 22:51:31,677,level_complete,4746,7,255404,0,1927069,1827000,127,3480668
2025-04-18 22:51:31,677,game_complete,-,8,255404,0,1927069,1827000,127,3480668
2025-04-18 22:51:37,678,level_complete,4747,1,255538,0,1927823,1827735,33,3481525
2025-04-18 22:51:41,678,training_run_ep 275000,-,2,255645,0,1928255,1828089,0,3482179
2025-04-18 22:51:45,678,level_complete,4748,2,255758,0,1928963,1828621,66,3483408
2025-04-18 22:51:46,678,level_complete,4749,3,255785,0,1929196,1828752,70,3483961
2025-04-18 22:51:48,678,level_complete,4750,4,255836,0,1929592,1829090,33,3484571
2025-04-18 22:51:51,678,level_complete,4751,5,255893,0,1930293,1829453,91,3486957
2025-04-18 22:51:52,678,level_complete,4752,6,255912,0,1930508,1829594,86,3487377
2025-04-18 22:51:58,678,level_complete,4753,7,256092,0,1931772,1830472,97,3491216
2025-04-18 22:51:58,678,game_complete,-,8,256092,0,1931772,1830472,97,3491216
2025-04-18 22:52:02,679,training_run_ep 275500,-,1,256145,0,1932090,1830775,0,3491594
2025-04-18 22:52:17,679,level_complete,4754,1,256462,0,1933966,1832549,42,3493774
2025-04-18 22:52:26,679,training_run_ep 276000,-,2,256645,0,1935135,1833548,0,3495567
2025-04-18 22:52:41,679,level_complete,4755,2,256997,0,1937585,1835547,66,3499484
2025-04-18 22:52:41,679,level_complete,4756,3,257003,0,1937640,1835595,45,3499566
2025-04-18 22:52:45,679,level_complete,4757,4,257062,0,1938120,1836054,119,3500273
2025-04-18 22:52:48,679,level_complete,4758,5,257144,0,1938972,1836544,63,3502529
2025-04-18 22:52:49,679,training_run_ep 276500,-,6,257145,0,1938973,1836545,0,3502530
2025-04-18 22:52:52,679,level_complete,4759,6,257191,0,1939516,1836919,72,3503891
2025-04-18 22:52:58,679,level_complete,4760,7,257344,0,1940816,1837798,64,3507836
2025-04-18 22:52:58,679,game_complete,-,8,257344,0,1940816,1837798,64,3507836
2025-04-18 22:53:12,680,training_run_ep 277000,-,1,257645,0,1942507,1839388,0,3509825
2025-04-18 22:53:35,680,level_complete,4761,1,258060,0,1945254,1842162,31,3512952
2025-04-18 22:53:35,680,level_complete,4762,2,258074,0,1945359,1842244,53,3513115
2025-04-18 22:53:36,680,level_complete,4763,3,258080,0,1945454,1842317,55,3513326
2025-04-18 22:53:37,680,level_complete,4764,4,258108,0,1945690,1842527,29,3513653
2025-04-18 22:53:38,680,level_complete,4765,5,258125,0,1945830,1842614,72,3514087
2025-04-18 22:53:39,680,level_complete,4766,6,258134,0,1945980,1842738,51,3514400
2025-04-18 22:53:39,680,level_complete,4767,7,258136,0,1946020,1842758,182,3514598
2025-04-18 22:53:39,680,game_complete,-,8,258136,0,1946020,1842758,182,3514598
2025-04-18 22:53:41,681,training_run_ep 277500,-,1,258145,0,1946091,1842843,0,3514673
2025-04-18 22:53:44,681,level_complete,4768,1,258200,0,1946476,1843233,45,3515113
2025-04-18 22:53:50,681,level_complete,4769,2,258316,0,1947434,1844013,39,3516606
2025-04-18 22:53:50,681,level_complete,4770,3,258329,0,1947596,1844098,77,3517139
2025-04-18 22:54:05,681,training_run_ep 278000,-,4,258645,0,1949754,1845926,0,3520278
2025-04-18 22:54:07,681,level_complete,4771,4,258681,0,1950003,1846134,37,3520637
2025-04-18 22:54:07,681,level_complete,4772,5,258692,0,1950148,1846210,146,3521097
2025-04-18 22:54:07,681,level_complete,4773,6,258693,0,1950178,1846227,153,3521250
2025-04-18 22:54:10,681,level_complete,4774,7,258749,0,1950753,1846588,83,3522850
2025-04-18 22:54:10,681,game_complete,-,8,258749,0,1950753,1846588,83,3522850
2025-04-18 22:54:18,682,level_complete,4775,1,258859,0,1951791,1847618,40,3524067
2025-04-18 22:54:25,682,level_complete,4776,2,258949,0,1952802,1848501,36,3525786
2025-04-18 22:54:25,682,level_complete,4777,3,258952,0,1952881,1848543,83,3526203
2025-04-18 22:54:26,682,level_complete,4778,4,258967,0,1953004,1848650,38,3526429
2025-04-18 22:54:26,682,level_complete,4779,5,258972,0,1953072,1848686,106,3526629
2025-04-18 22:54:26,682,level_complete,4780,6,258977,0,1953143,1848725,68,3526841
2025-04-18 22:54:28,682,level_complete,4781,7,259013,0,1953455,1848995,77,3527406
2025-04-18 22:54:28,682,game_complete,-,8,259013,0,1953455,1848995,77,3527406
2025-04-18 22:54:28,683,level_complete,4782,1,259014,0,1953485,1849041,41,3527447
2025-04-18 22:54:30,683,level_complete,4783,2,259034,0,1953653,1849204,47,3527683
2025-04-18 22:54:30,683,level_complete,4784,3,259037,0,1953712,1849236,60,3527840
2025-04-18 22:54:32,683,level_complete,4785,4,259085,0,1954106,1849600,40,3528389
2025-04-18 22:54:33,683,level_complete,4786,5,259096,0,1954276,1849706,52,3528825
2025-04-18 22:54:33,683,level_complete,4787,6,259101,0,1954331,1849753,41,3528919
2025-04-18 22:54:36,683,level_complete,4788,7,259136,0,1954783,1850138,174,3530128
2025-04-18 22:54:36,683,game_complete,-,8,259136,0,1954783,1850138,174,3530128
2025-04-18 22:54:38,684,training_run_ep 278500,-,1,259145,0,1954893,1850245,0,3530260
2025-04-18 22:54:39,684,level_complete,4789,1,259154,0,1955039,1850409,36,3530434
2025-04-18 22:54:40,684,level_complete,4790,2,259155,0,1955069,1850456,41,3530475
2025-04-18 22:54:40,684,level_complete,4791,3,259161,0,1955170,1850514,60,3530816
2025-04-18 22:54:40,684,level_complete,4792,4,259162,0,1955195,1850551,41,3530857
2025-04-18 22:54:41,684,level_complete,4793,5,259164,0,1955248,1850581,62,3531048
2025-04-18 22:54:41,684,level_complete,4794,6,259170,0,1955344,1850657,50,3531221
2025-04-18 22:54:43,684,level_complete,4795,7,259204,0,1955682,1850909,76,3532320
2025-04-18 22:54:43,684,game_complete,-,8,259204,0,1955682,1850909,76,3532320
2025-04-18 22:54:45,685,level_complete,4796,1,259222,0,1955916,1851163,32,3532584
2025-04-18 22:54:46,685,level_complete,4797,2,259230,0,1956047,1851284,42,3532797
2025-04-18 22:54:46,685,level_complete,4798,3,259231,0,1956077,1851297,92,3532889
2025-04-18 22:54:46,685,level_complete,4799,4,259237,0,1956134,1851353,42,3532969
2025-04-18 22:54:46,685,level_complete,4800,5,259240,0,1956206,1851398,60,3533135
2025-04-18 22:54:47,685,level_complete,4801,6,259250,0,1956351,1851490,56,3533517
2025-04-18 22:54:47,685,level_complete,4802,7,259252,0,1956409,1851553,129,3533695
2025-04-18 22:54:47,685,game_complete,-,8,259252,0,1956409,1851553,129,3533695
2025-04-18 22:54:52,686,level_complete,4803,1,259311,0,1957001,1852174,35,3534393
2025-04-18 22:54:57,686,level_complete,4804,2,259368,0,1957690,1852759,43,3535628
2025-04-18 22:54:57,686,level_complete,4805,3,259378,0,1957837,1852845,151,3536152
2025-04-18 22:54:58,686,level_complete,4806,4,259386,0,1957929,1852930,29,3536318
2025-04-18 22:54:59,686,level_complete,4807,5,259403,0,1958156,1853073,127,3537035
2025-04-18 22:54:59,686,level_complete,4808,6,259405,0,1958197,1853091,142,3537224
2025-04-18 22:54:59,686,level_complete,4809,7,259411,0,1958261,1853144,74,3537414
2025-04-18 22:54:59,686,game_complete,-,8,259411,0,1958261,1853144,74,3537414
2025-04-18 22:55:06,687,level_complete,4810,1,259470,0,1959062,1853995,33,3538351
2025-04-18 22:55:06,687,level_complete,4811,2,259472,0,1959117,1854049,39,3538433
2025-04-18 22:55:07,687,level_complete,4812,3,259474,0,1959174,1854084,122,3538597
2025-04-18 22:55:07,687,level_complete,4813,4,259475,0,1959199,1854109,33,3538630
2025-04-18 22:55:07,687,level_complete,4814,5,259481,0,1959336,1854190,102,3538969
2025-04-18 22:55:08,687,level_complete,4815,6,259495,0,1959518,1854324,47,3539445
2025-04-18 22:55:09,687,level_complete,4816,7,259508,0,1959736,1854486,164,3540364
2025-04-18 22:55:09,687,game_complete,-,8,259508,0,1959736,1854486,164,3540364
2025-04-18 22:55:11,688,level_complete,4817,1,259522,0,1959892,1854656,34,3540543
2025-04-18 22:55:11,688,level_complete,4818,2,259524,0,1959926,1854706,42,3540589
2025-04-18 22:55:11,688,level_complete,4819,3,259525,0,1959956,1854729,54,3540643
2025-04-18 22:55:12,688,level_complete,4820,4,259530,0,1960049,1854854,37,3540766
2025-04-18 22:55:12,688,level_complete,4821,5,259533,0,1960092,1854883,76,3540856
2025-04-18 22:55:12,688,level_complete,4822,6,259534,0,1960122,1854899,125,3540981
2025-04-18 22:55:13,688,level_complete,4823,7,259538,0,1960218,1854985,77,3541335
2025-04-18 22:55:13,688,game_complete,-,8,259538,0,1960218,1854985,77,3541335
2025-04-18 22:55:14,689,level_complete,4824,1,259543,0,1960322,1855124,36,3541457
2025-04-18 22:55:15,689,level_complete,4825,2,259558,0,1960466,1855255,41,3541652
2025-04-18 22:55:15,689,level_complete,4826,3,259562,0,1960566,1855318,50,3542080
2025-04-18 22:55:15,689,level_complete,4827,4,259564,0,1960593,1855343,40,3542122
2025-04-18 22:55:16,689,level_complete,4828,5,259565,0,1960623,1855361,63,3542185
2025-04-18 22:55:16,689,level_complete,4829,6,259575,0,1960713,1855435,99,3542435
2025-04-18 22:55:17,689,level_complete,4830,7,259599,0,1960978,1855613,158,3543367
2025-04-18 22:55:17,689,game_complete,-,8,259599,0,1960978,1855613,158,3543367
2025-04-18 22:55:22,690,level_complete,4831,1,259641,0,1961515,1856203,30,3543988
2025-04-18 22:55:23,690,training_run_ep 279000,-,2,259645,0,1961573,1856276,0,3544090
2025-04-18 22:55:24,690,level_complete,4832,2,259659,0,1961714,1856410,43,3544321
2025-04-18 22:55:25,690,level_complete,4833,3,259662,0,1961770,1856439,133,3544556
2025-04-18 22:55:25,690,level_complete,4834,4,259663,0,1961795,1856470,27,3544583
2025-04-18 22:55:25,690,level_complete,4835,5,259664,0,1961825,1856505,74,3544657
2025-04-18 22:55:26,690,level_complete,4836,6,259672,0,1961939,1856590,55,3544901
2025-04-18 22:55:26,690,level_complete,4837,7,259678,0,1962073,1856697,161,3545410
2025-04-18 22:55:26,690,game_complete,-,8,259678,0,1962073,1856697,161,3545410
2025-04-18 22:55:27,691,level_complete,4838,1,259683,0,1962180,1856824,40,3545543
2025-04-18 22:55:31,691,level_complete,4839,2,259745,0,1962783,1857356,35,3546458
2025-04-18 22:55:32,691,level_complete,4840,3,259767,0,1963020,1857490,207,3547396
2025-04-18 22:55:33,691,level_complete,4841,4,259771,0,1963073,1857543,71,3547502
2025-04-18 22:55:33,691,level_complete,4842,5,259778,0,1963199,1857624,102,3547857
2025-04-18 22:55:34,691,level_complete,4843,6,259782,0,1963242,1857651,160,3548066
2025-04-18 22:55:34,691,level_complete,4844,7,259800,0,1963439,1857799,121,3548573
2025-04-18 22:55:34,691,game_complete,-,8,259800,0,1963439,1857799,121,3548573
2025-04-18 22:55:46,692,level_complete,4845,1,259932,0,1964840,1859281,35,3550217
2025-04-18 22:55:49,692,level_complete,4846,2,259971,0,1965252,1859692,43,3550836
2025-04-18 22:55:49,692,level_complete,4847,3,259972,0,1965282,1859709,69,3550905
2025-04-18 22:55:50,692,level_complete,4848,4,259990,0,1965457,1859849,38,3551166
2025-04-18 22:55:50,692,level_complete,4849,5,259993,0,1965494,1859870,83,3551266
2025-04-18 22:55:51,692,level_complete,4850,6,260006,0,1965635,1859979,66,3551545
2025-04-18 22:55:52,692,level_complete,4851,7,260024,0,1965785,1860091,74,3551844
2025-04-18 22:55:52,692,game_complete,-,8,260024,0,1965785,1860091,74,3551844
2025-04-18 22:56:01,693,training_run_ep 279500,-,1,260145,0,1966819,1861110,0,3553038
2025-04-18 22:56:12,693,level_complete,4852,1,260281,0,1968207,1862480,36,3554753
2025-04-18 22:56:12,693,level_complete,4853,2,260287,0,1968302,1862585,58,3554900
2025-04-18 22:56:13,693,level_complete,4854,3,260299,0,1968509,1862714,71,3555422
2025-04-18 22:56:14,693,level_complete,4855,4,260311,0,1968615,1862804,31,3555593
2025-04-18 22:56:16,693,level_complete,4856,5,260361,0,1969102,1863099,56,3556866
2025-04-18 22:56:19,693,level_complete,4857,6,260457,0,1969922,1863616,155,3558988
2025-04-18 22:56:22,693,level_complete,4858,7,260510,0,1970436,1864030,49,3560414
2025-04-18 22:56:22,693,game_complete,-,8,260510,0,1970436,1864030,49,3560414
2025-04-18 22:56:23,694,level_complete,4859,1,260521,0,1970596,1864192,45,3560613
2025-04-18 22:56:24,694,level_complete,4860,2,260527,0,1970657,1864239,44,3560725
2025-04-18 22:56:24,694,level_complete,4861,3,260533,0,1970784,1864315,80,3561114
2025-04-18 22:56:25,694,level_complete,4862,4,260536,0,1970835,1864357,33,3561191
2025-04-18 22:56:25,694,level_complete,4863,5,260545,0,1970974,1864440,177,3561642
2025-04-18 22:56:25,694,level_complete,4864,6,260546,0,1971004,1864457,63,3561705
2025-04-18 22:56:26,694,level_complete,4865,7,260554,0,1971153,1864585,53,3562040
2025-04-18 22:56:26,694,game_complete,-,8,260554,0,1971153,1864585,53,3562040
2025-04-18 22:56:27,695,level_complete,4866,1,260560,0,1971284,1864722,31,3562194
2025-04-18 22:56:29,695,level_complete,4867,2,260597,0,1971562,1864970,42,3562684
2025-04-18 22:56:30,695,level_complete,4868,3,260616,0,1971803,1865104,66,3563484
2025-04-18 22:56:30,695,level_complete,4869,4,260617,0,1971828,1865128,37,3563521
2025-04-18 22:56:31,695,level_complete,4870,5,260631,0,1972000,1865232,89,3563991
2025-04-18 22:56:31,695,level_complete,4871,6,260633,0,1972041,1865265,65,3564088
2025-04-18 22:56:32,695,level_complete,4872,7,260642,0,1972171,1865360,73,3564449
2025-04-18 22:56:32,695,game_complete,-,8,260642,0,1972171,1865360,73,3564449
2025-04-18 22:56:33,696,training_run_ep 280000,-,1,260645,0,1972203,1865388,0,3564488
2025-04-18 22:56:37,696,level_complete,4873,1,260693,0,1972689,1865907,33,3565071
2025-04-18 22:56:53,696,level_complete,4874,2,261108,0,1975351,1867955,114,3569842
2025-04-18 22:56:55,696,training_run_ep 280500,-,3,261145,0,1975600,1868101,0,3570430
2025-04-18 22:56:55,696,level_complete,4875,3,261151,0,1975645,1868124,97,3570566
2025-04-18 22:57:01,696,level_complete,4876,4,261329,0,1976550,1868865,36,3571993
2025-04-18 22:57:01,696,level_complete,4877,5,261331,0,1976596,1868880,117,3572175
2025-04-18 22:57:04,696,level_complete,4878,6,261434,0,1977286,1869373,174,3573661
2025-04-18 22:57:05,696,level_complete,4879,7,261453,0,1977513,1869489,223,3574888
2025-04-18 22:57:05,696,game_complete,-,8,261453,0,1977513,1869489,223,3574888
2025-04-18 22:57:06,697,level_complete,4880,1,261467,0,1977624,1869587,34,3575027
2025-04-18 22:57:07,697,level_complete,4881,2,261499,0,1977801,1869714,47,3575422
2025-04-18 22:57:08,697,level_complete,4882,3,261547,0,1978153,1869887,80,3576638
2025-04-18 22:57:12,697,training_run_ep 281000,-,4,261645,0,1978657,1870321,0,3577415
2025-04-18 22:57:17,697,level_complete,4883,4,261778,0,1979416,1870949,29,3578522
2025-04-18 22:57:20,697,level_complete,4884,5,261842,0,1980069,1871339,95,3580388
2025-04-18 22:57:23,697,level_complete,4885,6,261929,0,1980817,1871809,76,3582261
2025-04-18 22:57:23,697,level_complete,4886,7,261939,0,1980944,1871880,132,3582713
2025-04-18 22:57:23,697,game_complete,-,8,261939,0,1980944,1871880,132,3582713
2025-04-18 22:57:35,698,training_run_ep 281500,-,1,262145,0,1982265,1873160,0,3584238
2025-04-18 22:57:39,698,level_complete,4887,1,262206,0,1982786,1873636,38,3584860
2025-04-18 22:57:41,698,level_complete,4888,2,262256,0,1983175,1873975,50,3585498
2025-04-18 22:57:42,698,level_complete,4889,3,262266,0,1983317,1874052,68,3585896
2025-04-18 22:57:42,698,level_complete,4890,4,262271,0,1983387,1874108,34,3586018
2025-04-18 22:57:43,698,level_complete,4891,5,262279,0,1983486,1874181,82,3586235
2025-04-18 22:57:45,698,level_complete,4892,6,262341,0,1984150,1874582,106,3588083
2025-04-18 22:57:57,698,training_run_ep 282000,-,7,262645,0,1986313,1876132,0,3593851
2025-04-18 22:57:59,698,level_complete,4893,7,262707,0,1986875,1876510,186,3595567
2025-04-18 22:57:59,698,game_complete,-,8,262707,0,1986875,1876510,186,3595567
2025-04-18 22:58:03,699,level_complete,4894,1,262797,0,1987390,1876984,36,3596180
2025-04-18 22:58:10,699,level_complete,4895,2,262955,0,1988542,1877884,45,3598229
2025-04-18 22:58:10,699,level_complete,4896,3,262972,0,1988711,1877993,78,3598704
2025-04-18 22:58:11,699,level_complete,4897,4,262989,0,1988823,1878087,29,3598850
2025-04-18 22:58:13,699,level_complete,4898,5,263026,0,1989216,1878295,66,3600145
2025-04-18 22:58:17,699,training_run_ep 282500,-,6,263145,0,1990022,1878820,0,3601944
2025-04-18 22:58:20,699,level_complete,4899,6,263231,0,1990620,1879183,51,3603583
2025-04-18 22:58:24,699,level_complete,4900,7,263347,0,1991512,1879757,128,3606557
2025-04-18 22:58:24,699,game_complete,-,8,263347,0,1991512,1879757,128,3606557
2025-04-18 22:58:40,700,level_complete,4901,1,263570,0,1993503,1881844,39,3608911
2025-04-18 22:58:41,700,level_complete,4902,2,263589,0,1993692,1882019,43,3609264
2025-04-18 22:58:42,700,level_complete,4903,3,263591,0,1993738,1882059,55,3609338
2025-04-18 22:58:42,700,level_complete,4904,4,263596,0,1993808,1882122,31,3609436
2025-04-18 22:58:43,700,level_complete,4905,5,263608,0,1993980,1882220,141,3609955
2025-04-18 22:58:43,700,level_complete,4906,6,263611,0,1994045,1882263,67,3610207
2025-04-18 22:58:43,700,level_complete,4907,7,263616,0,1994107,1882302,207,3610458
2025-04-18 22:58:43,700,game_complete,-,8,263616,0,1994107,1882302,207,3610458
2025-04-18 22:58:47,701,training_run_ep 283000,-,1,263645,0,1994377,1882583,0,3610751
2025-04-18 22:58:51,701,level_complete,4908,1,263734,0,1994947,1883137,41,3611442
2025-04-18 22:58:53,701,level_complete,4909,2,263762,0,1995317,1883411,76,3612207
2025-04-18 22:58:54,701,level_complete,4910,3,263770,0,1995434,1883471,83,3612603
2025-04-18 22:58:54,701,level_complete,4911,4,263780,0,1995574,1883580,37,3612822
2025-04-18 22:58:55,701,level_complete,4912,5,263785,0,1995649,1883621,71,3613066
2025-04-18 22:58:56,701,level_complete,4913,6,263799,0,1995850,1883749,71,3613600
2025-04-18 22:58:57,701,level_complete,4914,7,263819,0,1996065,1883930,145,3614159
2025-04-18 22:58:57,701,game_complete,-,8,263819,0,1996065,1883930,145,3614159
2025-04-18 22:59:00,702,level_complete,4915,1,263842,0,1996407,1884307,44,3614590
2025-04-18 22:59:01,702,level_complete,4916,2,263849,0,1996553,1884518,45,3614821
2025-04-18 22:59:01,702,level_complete,4917,3,263852,0,1996611,1884537,268,3615170
2025-04-18 22:59:02,702,level_complete,4918,4,263853,0,1996636,1884578,30,3615200
2025-04-18 22:59:02,702,level_complete,4919,5,263856,0,1996690,1884617,46,3615281
2025-04-18 22:59:02,702,level_complete,4920,6,263862,0,1996810,1884699,79,3615575
2025-04-18 22:59:04,702,level_complete,4921,7,263889,0,1997087,1884875,91,3616442
2025-04-18 22:59:04,702,game_complete,-,8,263889,0,1997087,1884875,91,3616442
2025-04-18 22:59:06,703,level_complete,4922,1,263921,0,1997359,1885127,47,3616772
2025-04-18 22:59:15,703,training_run_ep 283500,-,2,264145,0,1998737,1886202,0,3619223
2025-04-18 22:59:29,703,level_complete,4923,2,264582,0,2000974,1887959,53,3622909
2025-04-18 22:59:30,703,level_complete,4924,3,264617,0,2001343,1888139,182,3624130
2025-04-18 22:59:33,703,training_run_ep 284000,-,4,264645,0,2001559,1888329,0,3624417
2025-04-18 22:59:39,703,level_complete,4925,4,264839,0,2002618,1889190,49,3626121
2025-04-18 22:59:40,703,level_complete,4926,5,264847,0,2002745,1889252,72,3626506
2025-04-18 22:59:40,703,level_complete,4927,6,264857,0,2002847,1889324,79,3626808
2025-04-18 22:59:45,703,level_complete,4928,7,265055,0,2004084,1890135,110,3630331
2025-04-18 22:59:45,703,game_complete,-,8,265055,0,2004084,1890135,110,3630331
2025-04-18 22:59:50,704,training_run_ep 284500,-,1,265145,0,2004492,1890509,0,3630806
2025-04-18 23:00:14,704,training_run_ep 285000,-,1,265645,0,2007466,1893360,0,3634277
2025-04-18 23:00:28,704,level_complete,4929,1,265969,0,2009240,1895013,47,3636380
2025-04-18 23:00:29,704,level_complete,4930,2,265982,0,2009389,1895135,42,3636630
2025-04-18 23:00:30,704,level_complete,4931,3,266000,0,2009674,1895302,52,3637491
2025-04-18 23:00:33,704,level_complete,4932,4,266078,0,2010178,1895701,48,3638264
2025-04-18 23:00:33,704,level_complete,4933,5,266080,0,2010219,1895725,67,3638347
2025-04-18 23:00:33,704,level_complete,4934,6,266089,0,2010294,1895790,49,3638482
2025-04-18 23:00:34,704,level_complete,4935,7,266107,0,2010511,1895927,62,3639169
2025-04-18 23:00:34,704,game_complete,-,8,266107,0,2010511,1895927,62,3639169
2025-04-18 23:00:38,705,training_run_ep 285500,-,1,266145,0,2010824,1896259,0,3639518
2025-04-18 23:01:06,705,level_complete,4936,1,266625,0,2014291,1899765,38,3643530
2025-04-18 23:01:08,705,training_run_ep 286000,-,2,266645,0,2014447,1899891,0,3643787
2025-04-18 23:01:16,705,level_complete,4937,2,266824,0,2015833,1900969,37,3646125
2025-04-18 23:01:17,705,level_complete,4938,3,266831,0,2015901,1901005,127,3646316
2025-04-18 23:01:17,705,level_complete,4939,4,266845,0,2016029,1901118,38,3646491
2025-04-18 23:01:18,705,level_complete,4940,5,266854,0,2016209,1901210,123,3647072
2025-04-18 23:01:19,705,level_complete,4941,6,266875,0,2016420,1901354,110,3647633
2025-04-18 23:01:20,705,level_complete,4942,7,266887,0,2016547,1901428,54,3648012
2025-04-18 23:01:20,705,game_complete,-,8,266887,0,2016547,1901428,54,3648012
2025-04-18 23:01:20,706,level_complete,4943,1,266891,0,2016624,1901524,35,3648099
2025-04-18 23:01:21,706,level_complete,4944,2,266896,0,2016664,1901582,51,3648160
2025-04-18 23:01:21,706,level_complete,4945,3,266899,0,2016714,1901609,59,3648306
2025-04-18 23:01:22,706,level_complete,4946,4,266901,0,2016763,1901698,29,3648362
2025-04-18 23:01:22,706,level_complete,4947,5,266903,0,2016821,1901776,224,3648682
2025-04-18 23:01:24,706,level_complete,4948,6,266934,0,2017185,1902020,73,3649717
2025-04-18 23:01:24,706,level_complete,4949,7,266940,0,2017265,1902084,247,3650047
2025-04-18 23:01:24,706,game_complete,-,8,266940,0,2017265,1902084,247,3650047
2025-04-18 23:01:26,707,level_complete,4950,1,266961,0,2017453,1902286,33,3650277
2025-04-18 23:01:27,707,level_complete,4951,2,266989,0,2017666,1902439,38,3650699
2025-04-18 23:01:30,707,level_complete,4952,3,267085,0,2018512,1902888,118,3653094
2025-04-18 23:01:31,707,level_complete,4953,4,267106,0,2018672,1903016,35,3653337
2025-04-18 23:01:32,707,level_complete,4954,5,267116,0,2018791,1903095,69,3653621
2025-04-18 23:01:34,707,training_run_ep 286500,-,6,267145,0,2019006,1903221,0,3654287
2025-04-18 23:01:34,707,level_complete,4955,6,267146,0,2019036,1903243,49,3654336
2025-04-18 23:01:38,707,level_complete,4956,7,267248,0,2019862,1903833,77,3656604
2025-04-18 23:01:38,707,game_complete,-,8,267248,0,2019862,1903833,77,3656604
2025-04-18 23:01:44,708,level_complete,4957,1,267351,0,2020634,1904609,46,3657513
2025-04-18 23:01:45,708,level_complete,4958,2,267368,0,2020853,1904786,45,3657903
2025-04-18 23:01:48,708,level_complete,4959,3,267457,0,2021685,1905234,66,3660419
2025-04-18 23:01:51,708,level_complete,4960,4,267516,0,2022157,1905615,34,3661203
2025-04-18 23:01:52,708,level_complete,4961,5,267543,0,2022430,1905795,38,3661861
2025-04-18 23:01:55,708,level_complete,4962,6,267629,0,2022908,1906167,136,3662901
2025-04-18 23:01:57,708,training_run_ep 287000,-,7,267645,0,2022965,1906218,0,3662974
2025-04-18 23:02:03,708,level_complete,4963,7,267880,0,2024560,1907263,145,3668083
2025-04-18 23:02:03,708,game_complete,-,8,267880,0,2024560,1907263,145,3668083
2025-04-18 23:02:11,709,level_complete,4964,1,268021,0,2025515,1908179,34,3669183
2025-04-18 23:02:12,709,level_complete,4965,2,268049,0,2025758,1908372,59,3669602
2025-04-18 23:02:14,709,level_complete,4966,3,268079,0,2026175,1908592,105,3670898
2025-04-18 23:02:15,709,level_complete,4967,4,268104,0,2026319,1908718,29,3671129
2025-04-18 23:02:15,709,level_complete,4968,5,268108,0,2026387,1908758,71,3671319
2025-04-18 23:02:15,709,level_complete,4969,6,268111,0,2026457,1908832,63,3671529
2025-04-18 23:02:16,709,level_complete,4970,7,268116,0,2026522,1908865,97,3671789
2025-04-18 23:02:16,709,game_complete,-,8,268116,0,2026522,1908865,97,3671789
2025-04-18 23:02:19,710,training_run_ep 287500,-,1,268145,0,2026732,1909069,0,3672024
2025-04-18 23:02:22,710,level_complete,4971,1,268199,0,2027120,1909456,36,3672472
2025-04-18 23:02:23,710,level_complete,4972,2,268213,0,2027314,1909605,51,3672840
2025-04-18 23:02:23,710,level_complete,4973,3,268215,0,2027371,1909647,68,3672971
2025-04-18 23:02:24,710,level_complete,4974,4,268236,0,2027580,1909821,55,3673298
2025-04-18 23:02:25,710,level_complete,4975,5,268240,0,2027637,1909846,187,3673551
2025-04-18 23:02:25,710,level_complete,4976,6,268246,0,2027771,1909930,67,3673908
2025-04-18 23:02:26,710,level_complete,4977,7,268265,0,2028018,1910110,59,3674653
2025-04-18 23:02:26,710,game_complete,-,8,268265,0,2028018,1910110,59,3674653
2025-04-18 23:02:29,711,level_complete,4978,1,268295,0,2028305,1910401,44,3674994
2025-04-18 23:02:34,711,level_complete,4979,2,268414,0,2029142,1911072,56,3676304
2025-04-18 23:02:35,711,level_complete,4980,3,268433,0,2029355,1911208,121,3676865
2025-04-18 23:02:35,711,level_complete,4981,4,268434,0,2029380,1911230,34,3676899
2025-04-18 23:02:36,711,level_complete,4982,5,268473,0,2029722,1911433,83,3677895
2025-04-18 23:02:37,711,level_complete,4983,6,268477,0,2029791,1911504,38,3678019
2025-04-18 23:02:39,711,level_complete,4984,7,268539,0,2030359,1911887,264,3680210
2025-04-18 23:02:39,711,game_complete,-,8,268539,0,2030359,1911887,264,3680210
2025-04-18 23:02:48,712,training_run_ep 288000,-,1,268645,0,2031306,1912806,0,3681331
2025-04-18 23:02:48,712,level_complete,4985,1,268653,0,2031374,1912885,33,3681407
2025-04-18 23:02:51,712,level_complete,4986,2,268708,0,2031889,1913289,54,3682328
2025-04-18 23:02:53,712,level_complete,4987,3,268726,0,2032168,1913461,47,3682958
2025-04-18 23:02:53,712,level_complete,4988,4,268740,0,2032307,1913561,55,3683205
2025-04-18 23:02:54,712,level_complete,4989,5,268758,0,2032513,1913696,54,3683825
2025-04-18 23:02:56,712,level_complete,4990,6,268805,0,2032951,1913940,68,3685152
2025-04-18 23:03:02,712,level_complete,4991,7,268994,0,2034317,1914872,84,3689083
2025-04-18 23:03:02,712,game_complete,-,8,268994,0,2034317,1914872,84,3689083
2025-04-18 23:03:05,713,level_complete,4992,1,269054,0,2034748,1915300,32,3689567
2025-04-18 23:03:12,713,training_run_ep 288500,-,2,269145,0,2035512,1915969,0,3690719
2025-04-18 23:03:14,713,level_complete,4993,2,269168,0,2035819,1916243,43,3691217
2025-04-18 23:03:14,713,level_complete,4994,3,269171,0,2035890,1916282,116,3691512
2025-04-18 23:03:15,713,level_complete,4995,4,269187,0,2036048,1916416,36,3691745
2025-04-18 23:03:16,713,level_complete,4996,5,269194,0,2036178,1916519,53,3692138
2025-04-18 23:03:18,713,level_complete,4997,6,269234,0,2036611,1916820,60,3693096
2025-04-18 23:03:24,713,level_complete,4998,7,269374,0,2038015,1917816,50,3697055
2025-04-18 23:03:24,713,game_complete,-,8,269374,0,2038015,1917816,50,3697055
2025-04-18 23:03:24,714,level_complete,4999,1,269377,0,2038064,1917869,32,3697108
2025-04-18 23:03:26,714,level_complete,5000,2,269389,0,2038234,1918017,71,3697466
2025-04-18 23:03:26,714,level_complete,5001,3,269394,0,2038313,1918060,115,3697692
2025-04-18 23:03:28,714,level_complete,5002,4,269436,0,2038632,1918311,61,3698191
2025-04-18 23:03:30,714,level_complete,5003,5,269491,0,2039217,1918639,160,3699869
2025-04-18 23:03:30,714,level_complete,5004,6,269498,0,2039318,1918712,128,3700211
2025-04-18 23:03:31,714,level_complete,5005,7,269499,0,2039348,1918727,121,3700332
2025-04-18 23:03:31,714,game_complete,-,8,269499,0,2039348,1918727,121,3700332
2025-04-18 23:03:38,715,level_complete,5006,1,269632,0,2040321,1919687,39,3701475
2025-04-18 23:03:38,715,level_complete,5007,2,269639,0,2040388,1919730,52,3701635
2025-04-18 23:03:39,715,level_complete,5008,3,269640,0,2040418,1919747,170,3701805
2025-04-18 23:03:40,715,training_run_ep 289000,-,4,269645,0,2040449,1919769,0,3701846
2025-04-18 23:03:42,715,level_complete,5009,4,269703,0,2040709,1920018,54,3702236
2025-04-18 23:03:42,715,level_complete,5010,5,269712,0,2040789,1920069,76,3702414
2025-04-18 23:03:43,715,level_complete,5011,6,269714,0,2040837,1920105,86,3702545
2025-04-18 23:03:43,715,level_complete,5012,7,269720,0,2040910,1920161,70,3702698
2025-04-18 23:03:43,715,game_complete,-,8,269720,0,2040910,1920161,70,3702698
2025-04-18 23:03:45,716,level_complete,5013,1,269733,0,2041090,1920372,33,3702900
2025-04-18 23:03:46,716,level_complete,5014,2,269768,0,2041338,1920573,91,3703361
2025-04-18 23:03:48,716,level_complete,5015,3,269806,0,2041850,1920870,50,3705043
2025-04-18 23:03:51,716,level_complete,5016,4,269865,0,2042240,1921232,62,3705569
2025-04-18 23:03:51,716,level_complete,5017,5,269868,0,2042298,1921281,55,3705667
2025-04-18 23:03:53,716,level_complete,5018,6,269900,0,2042678,1921530,82,3706525
2025-04-18 23:03:55,716,level_complete,5019,7,269963,0,2043104,1921865,110,3707455
2025-04-18 23:03:55,716,game_complete,-,8,269963,0,2043104,1921865,110,3707455
2025-04-18 23:04:06,717,training_run_ep 289500,-,1,270145,0,2044263,1923051,0,3708793
2025-04-18 23:04:08,717,level_complete,5020,1,270215,0,2044625,1923407,35,3709206
2025-04-18 23:04:22,717,training_run_ep 290000,-,2,270645,0,2046576,1924905,0,3712389
2025-04-18 23:04:37,717,training_run_ep 290500,-,2,271145,0,2048728,1926655,0,3715983
2025-04-18 23:04:56,717,training_run_ep 291000,-,2,271645,0,2051640,1928964,0,3720830
2025-04-18 23:05:04,717,level_complete,5021,2,271845,0,2053101,1930081,51,3723316
2025-04-18 23:05:08,717,level_complete,5022,3,271917,0,2053979,1930632,84,3726201
2025-04-18 23:05:12,717,level_complete,5023,4,271979,0,2054525,1931106,63,3727044
2025-04-18 23:05:16,717,level_complete,5024,5,272125,0,2055790,1931823,113,3730379
2025-04-18 23:05:19,717,training_run_ep 291500,-,6,272145,0,2055979,1931933,0,3730947
2025-04-18 23:05:19,717,level_complete,5025,6,272153,0,2056080,1931998,68,3731178
2025-04-18 23:05:20,717,level_complete,5026,7,272186,0,2056373,1932200,55,3731933
2025-04-18 23:05:20,717,game_complete,-,8,272186,0,2056373,1932200,55,3731933
2025-04-18 23:05:32,718,level_complete,5027,1,272400,0,2057922,1933657,32,3733780
2025-04-18 23:05:32,718,level_complete,5028,2,272404,0,2057988,1933712,53,3733888
2025-04-18 23:05:38,718,level_complete,5029,3,272588,0,2059569,1934604,106,3738206
2025-04-18 23:05:38,718,level_complete,5030,4,272590,0,2059602,1934638,51,3738265
2025-04-18 23:05:39,718,level_complete,5031,5,272593,0,2059652,1934681,103,3738430
2025-04-18 23:05:40,718,level_complete,5032,6,272608,0,2059890,1934862,60,3738912
2025-04-18 23:05:41,718,level_complete,5033,7,272618,0,2060054,1934996,87,3739363
2025-04-18 23:05:41,718,game_complete,-,8,272618,0,2060054,1934996,87,3739363
2025-04-18 23:05:43,719,level_complete,5034,1,272641,0,2060361,1935339,35,3739728
2025-04-18 23:05:44,719,level_complete,5035,2,272643,0,2060404,1935393,44,3739787
2025-04-18 23:05:45,719,training_run_ep 292000,-,3,272645,0,2060451,1935430,0,3739906
2025-04-18 23:05:46,719,level_complete,5036,3,272652,0,2060566,1935479,262,3740480
2025-04-18 23:05:46,719,level_complete,5037,4,272659,0,2060661,1935571,45,3740616
2025-04-18 23:05:47,719,level_complete,5038,5,272663,0,2060745,1935643,51,3740768
2025-04-18 23:05:48,719,level_complete,5039,6,272685,0,2061090,1935883,39,3741587
2025-04-18 23:05:49,719,level_complete,5040,7,272691,0,2061240,1935965,57,3742322
2025-04-18 23:05:49,719,game_complete,-,8,272691,0,2061240,1935965,57,3742322
2025-04-18 23:05:50,720,level_complete,5041,1,272705,0,2061350,1936099,32,3742440
2025-04-18 23:05:50,720,level_complete,5042,2,272706,0,2061380,1936132,50,3742490
2025-04-18 23:05:51,720,level_complete,5043,3,272721,0,2061601,1936245,45,3743150
2025-04-18 23:05:52,720,level_complete,5044,4,272730,0,2061703,1936354,30,3743281
2025-04-18 23:05:54,720,level_complete,5045,5,272794,0,2062299,1936738,55,3744912
2025-04-18 23:05:56,720,level_complete,5046,6,272833,0,2062681,1937006,130,3745823
2025-04-18 23:05:57,720,level_complete,5047,7,272836,0,2062713,1937047,38,3745863
2025-04-18 23:05:57,720,game_complete,-,8,272836,0,2062713,1937047,38,3745863
2025-04-18 23:06:00,721,level_complete,5048,1,272874,0,2063156,1937527,42,3746405
2025-04-18 23:06:01,721,level_complete,5049,2,272875,0,2063186,1937566,38,3746443
2025-04-18 23:06:01,721,level_complete,5050,3,272876,0,2063216,1937582,148,3746591
2025-04-18 23:06:01,721,level_complete,5051,4,272878,0,2063264,1937646,58,3746675
2025-04-18 23:06:01,721,level_complete,5052,5,272880,0,2063308,1937677,69,3746813
2025-04-18 23:06:03,721,level_complete,5053,6,272908,0,2063648,1937949,154,3747613
2025-04-18 23:06:04,721,level_complete,5054,7,272914,0,2063728,1938002,76,3747901
2025-04-18 23:06:04,721,game_complete,-,8,272914,0,2063728,1938002,76,3747901
2025-04-18 23:06:05,722,level_complete,5055,1,272924,0,2063887,1938176,38,3748094
2025-04-18 23:06:06,722,level_complete,5056,2,272936,0,2064074,1938379,46,3748378
2025-04-18 23:06:07,722,level_complete,5057,3,272937,0,2064104,1938418,48,3748426
2025-04-18 23:06:07,722,level_complete,5058,4,272941,0,2064140,1938469,32,3748473
2025-04-18 23:06:08,722,level_complete,5059,5,272954,0,2064356,1938623,66,3749064
2025-04-18 23:06:08,722,level_complete,5060,6,272958,0,2064425,1938676,45,3749204
2025-04-18 23:06:09,722,level_complete,5061,7,272963,0,2064495,1938746,40,3749310
2025-04-18 23:06:09,722,game_complete,-,8,272963,0,2064495,1938746,40,3749310
2025-04-18 23:06:10,723,level_complete,5062,1,272969,0,2064597,1938847,46,3749440
2025-04-18 23:06:13,723,level_complete,5063,2,272999,0,2065020,1939253,41,3750116
2025-04-18 23:06:13,723,level_complete,5064,3,273004,0,2065105,1939300,94,3750319
2025-04-18 23:06:14,723,level_complete,5065,4,273014,0,2065226,1939420,33,3750488
2025-04-18 23:06:16,723,level_complete,5066,5,273057,0,2065757,1939816,56,3751862
2025-04-18 23:06:17,723,level_complete,5067,6,273062,0,2065860,1939903,52,3752223
2025-04-18 23:06:17,723,level_complete,5068,7,273064,0,2065910,1939940,46,3752410
2025-04-18 23:06:17,723,game_complete,-,8,273064,0,2065910,1939940,46,3752410
2025-04-18 23:06:20,724,level_complete,5069,1,273088,0,2066202,1940235,40,3752755
2025-04-18 23:06:20,724,level_complete,5070,2,273092,0,2066241,1940276,45,3752810
2025-04-18 23:06:20,724,level_complete,5071,3,273096,0,2066308,1940312,96,3753049
2025-04-18 23:06:21,724,level_complete,5072,4,273101,0,2066378,1940367,41,3753156
2025-04-18 23:06:21,724,level_complete,5073,5,273104,0,2066428,1940392,71,3753383
2025-04-18 23:06:21,724,level_complete,5074,6,273108,0,2066480,1940436,63,3753473
2025-04-18 23:06:22,724,level_complete,5075,7,273133,0,2066790,1940637,74,3754631
2025-04-18 23:06:22,724,game_complete,-,8,273133,0,2066790,1940637,74,3754631
2025-04-18 23:06:25,725,training_run_ep 292500,-,1,273145,0,2066935,1940794,0,3754799
2025-04-18 23:06:25,725,level_complete,5076,1,273152,0,2067005,1940860,35,3754882
2025-04-18 23:06:26,725,level_complete,5077,2,273160,0,2067116,1940955,55,3755048
2025-04-18 23:06:26,725,level_complete,5078,3,273163,0,2067183,1940998,150,3755272
2025-04-18 23:06:27,725,level_complete,5079,4,273175,0,2067286,1941098,31,3755395
2025-04-18 23:06:28,725,level_complete,5080,5,273183,0,2067374,1941157,104,3755584
2025-04-18 23:06:28,725,level_complete,5081,6,273186,0,2067461,1941237,105,3755785
2025-04-18 23:06:28,725,level_complete,5082,7,273188,0,2067516,1941278,70,3755891
2025-04-18 23:06:28,725,game_complete,-,8,273188,0,2067516,1941278,70,3755891
2025-04-18 23:06:29,726,level_complete,5083,1,273196,0,2067618,1941395,33,3756000
2025-04-18 23:06:30,726,level_complete,5084,2,273199,0,2067674,1941445,49,3756123
2025-04-18 23:06:30,726,level_complete,5085,3,273203,0,2067733,1941485,57,3756269
2025-04-18 23:06:30,726,level_complete,5086,4,273207,0,2067812,1941561,45,3756382
2025-04-18 23:06:31,726,level_complete,5087,5,273209,0,2067857,1941604,43,3756495
2025-04-18 23:06:31,726,level_complete,5088,6,273210,0,2067887,1941637,46,3756541
2025-04-18 23:06:31,726,level_complete,5089,7,273214,0,2067946,1941701,48,3756640
2025-04-18 23:06:31,726,game_complete,-,8,273214,0,2067946,1941701,48,3756640
2025-04-18 23:06:32,727,level_complete,5090,1,273221,0,2068053,1941828,36,3756766
2025-04-18 23:06:33,727,level_complete,5091,2,273222,0,2068083,1941879,48,3756814
2025-04-18 23:06:33,727,level_complete,5092,3,273223,0,2068113,1941914,39,3756853
2025-04-18 23:06:34,727,level_complete,5093,4,273229,0,2068212,1942002,36,3757007
2025-04-18 23:06:34,727,level_complete,5094,5,273234,0,2068334,1942087,114,3757384
2025-04-18 23:06:34,727,level_complete,5095,6,273235,0,2068364,1942107,52,3757436
2025-04-18 23:06:34,727,level_complete,5096,7,273236,0,2068394,1942143,93,3757529
2025-04-18 23:06:34,727,game_complete,-,8,273236,0,2068394,1942143,93,3757529
2025-04-18 23:06:37,728,level_complete,5097,1,273257,0,2068676,1942457,43,3757860
2025-04-18 23:06:37,728,level_complete,5098,2,273260,0,2068718,1942505,46,3757922
2025-04-18 23:06:37,728,level_complete,5099,3,273263,0,2068764,1942527,125,3758082
2025-04-18 23:06:38,728,level_complete,5100,4,273266,0,2068821,1942580,32,3758161
2025-04-18 23:06:38,728,level_complete,5101,5,273267,0,2068851,1942600,130,3758291
2025-04-18 23:06:38,728,level_complete,5102,6,273270,0,2068903,1942640,64,3758408
2025-04-18 23:06:39,728,level_complete,5103,7,273286,0,2069088,1942801,64,3758828
2025-04-18 23:06:39,728,game_complete,-,8,273286,0,2069088,1942801,64,3758828
2025-04-18 23:06:40,729,level_complete,5104,1,273287,0,2069118,1942862,32,3758860
2025-04-18 23:06:40,729,level_complete,5105,2,273291,0,2069180,1942918,46,3758947
2025-04-18 23:06:41,729,level_complete,5106,3,273295,0,2069263,1942982,63,3759097
2025-04-18 23:06:41,729,level_complete,5107,4,273299,0,2069316,1943057,35,3759164
2025-04-18 23:06:43,729,level_complete,5108,5,273316,0,2069639,1943259,71,3760167
2025-04-18 23:06:43,729,level_complete,5109,6,273317,0,2069669,1943280,81,3760248
2025-04-18 23:06:43,729,level_complete,5110,7,273320,0,2069725,1943315,187,3760480
2025-04-18 23:06:43,729,game_complete,-,8,273320,0,2069725,1943315,187,3760480
2025-04-18 23:06:43,730,level_complete,5111,1,273322,0,2069780,1943392,32,3760538
2025-04-18 23:06:45,730,level_complete,5112,2,273335,0,2069961,1943612,46,3760800
2025-04-18 23:06:45,730,level_complete,5113,3,273342,0,2070027,1943656,79,3760940
2025-04-18 23:06:46,730,level_complete,5114,4,273349,0,2070108,1943721,39,3761058
2025-04-18 23:06:46,730,level_complete,5115,5,273350,0,2070138,1943782,38,3761096
2025-04-18 23:06:47,730,level_complete,5116,6,273360,0,2070320,1943955,204,3761700
2025-04-18 23:06:48,730,level_complete,5117,7,273366,0,2070396,1944035,57,3761815
2025-04-18 23:06:48,730,game_complete,-,8,273366,0,2070396,1944035,57,3761815
2025-04-18 23:06:48,731,level_complete,5118,1,273367,0,2070426,1944071,33,3761848
2025-04-18 23:06:49,731,level_complete,5119,2,273369,0,2070459,1944128,37,3761888
2025-04-18 23:06:49,731,level_complete,5120,3,273370,0,2070489,1944152,50,3761938
2025-04-18 23:06:49,731,level_complete,5121,4,273377,0,2070570,1944217,39,3762054
2025-04-18 23:06:50,731,level_complete,5122,5,273379,0,2070629,1944290,67,3762226
2025-04-18 23:06:50,731,level_complete,5123,6,273382,0,2070685,1944338,66,3762351
2025-04-18 23:06:50,731,level_complete,5124,7,273384,0,2070744,1944371,129,3762719
2025-04-18 23:06:50,731,game_complete,-,8,273384,0,2070744,1944371,129,3762719
2025-04-18 23:06:51,732,level_complete,5125,1,273389,0,2070825,1944459,37,3762821
2025-04-18 23:06:52,732,level_complete,5126,2,273392,0,2070889,1944537,45,3762908
2025-04-18 23:06:52,732,level_complete,5127,3,273393,0,2070919,1944568,91,3762999
2025-04-18 23:06:52,732,level_complete,5128,4,273394,0,2070944,1944593,38,3763037
2025-04-18 23:06:52,732,level_complete,5129,5,273398,0,2071042,1944661,58,3763271
2025-04-18 23:06:53,732,level_complete,5130,6,273399,0,2071072,1944684,65,3763336
2025-04-18 23:06:55,732,level_complete,5131,7,273421,0,2071432,1945005,42,3764002
2025-04-18 23:06:55,732,game_complete,-,8,273421,0,2071432,1945005,42,3764002
2025-04-18 23:06:55,733,level_complete,5132,1,273428,0,2071518,1945101,33,3764100
2025-04-18 23:06:56,733,level_complete,5133,2,273436,0,2071609,1945188,50,3764231
2025-04-18 23:06:56,733,level_complete,5134,3,273437,0,2071639,1945207,83,3764314
2025-04-18 23:06:57,733,level_complete,5135,4,273442,0,2071735,1945303,33,3764445
2025-04-18 23:06:57,733,level_complete,5136,5,273443,0,2071765,1945329,48,3764493
2025-04-18 23:06:57,733,level_complete,5137,6,273444,0,2071795,1945347,83,3764576
2025-04-18 23:06:57,733,level_complete,5138,7,273448,0,2071866,1945405,207,3764906
2025-04-18 23:06:57,733,game_complete,-,8,273448,0,2071866,1945405,207,3764906
2025-04-18 23:07:00,734,level_complete,5139,1,273473,0,2072220,1945796,50,3765335
2025-04-18 23:07:02,734,level_complete,5140,2,273488,0,2072425,1945983,39,3765647
2025-04-18 23:07:04,734,level_complete,5141,3,273531,0,2072859,1946277,60,3766628
2025-04-18 23:07:05,734,level_complete,5142,4,273555,0,2073040,1946442,32,3766863
2025-04-18 23:07:05,734,level_complete,5143,5,273559,0,2073092,1946481,53,3766955
2025-04-18 23:07:06,734,level_complete,5144,6,273585,0,2073359,1946679,50,3767468
2025-04-18 23:07:09,734,level_complete,5145,7,273623,0,2073860,1947050,136,3768689
2025-04-18 23:07:09,734,game_complete,-,8,273623,0,2073860,1947050,136,3768689
2025-04-18 23:07:12,735,level_complete,5146,1,273639,0,2074076,1947368,32,3768943
2025-04-18 23:07:12,735,level_complete,5147,2,273643,0,2074120,1947404,47,3769008
2025-04-18 23:07:12,735,level_complete,5148,3,273645,0,2074178,1947449,67,3769221
2025-04-18 23:07:14,735,training_run_ep 293000,-,4,273645,0,2074178,1947449,67,3769221
2025-04-18 23:07:14,735,level_complete,5149,4,273651,0,2074232,1947496,35,3769291
2025-04-18 23:07:15,735,level_complete,5150,5,273680,0,2074572,1947701,78,3770156
2025-04-18 23:07:16,735,level_complete,5151,6,273695,0,2074704,1947777,105,3770601
2025-04-18 23:07:18,735,level_complete,5152,7,273718,0,2075037,1948082,76,3771296
2025-04-18 23:07:18,735,game_complete,-,8,273718,0,2075037,1948082,76,3771296
2025-04-18 23:07:21,736,level_complete,5153,1,273759,0,2075480,1948558,32,3771829
2025-04-18 23:07:22,736,level_complete,5154,2,273772,0,2075634,1948702,49,3772084
2025-04-18 23:07:23,736,level_complete,5155,3,273774,0,2075677,1948731,76,3772182
2025-04-18 23:07:24,736,level_complete,5156,4,273798,0,2075876,1948918,27,3772473
2025-04-18 23:07:24,736,level_complete,5157,5,273799,0,2075906,1948939,70,3772543
2025-04-18 23:07:25,736,level_complete,5158,6,273804,0,2076009,1949013,51,3772789
2025-04-18 23:07:25,736,level_complete,5159,7,273806,0,2076068,1949070,92,3772946
2025-04-18 23:07:25,736,game_complete,-,8,273806,0,2076068,1949070,92,3772946
2025-04-18 23:07:26,737,level_complete,5160,1,273816,0,2076169,1949177,34,3773062
2025-04-18 23:07:29,737,level_complete,5161,2,273858,0,2076708,1949631,45,3773937
2025-04-18 23:07:29,737,level_complete,5162,3,273863,0,2076760,1949662,124,3774113
2025-04-18 23:07:30,737,level_complete,5163,4,273876,0,2076842,1949739,27,3774216
2025-04-18 23:07:30,737,level_complete,5164,5,273877,0,2076872,1949766,53,3774269
2025-04-18 23:07:30,737,level_complete,5165,6,273879,0,2076908,1949785,138,3774416
2025-04-18 23:07:30,737,level_complete,5166,7,273884,0,2077000,1949840,97,3774676
2025-04-18 23:07:30,737,game_complete,-,8,273884,0,2077000,1949840,97,3774676
2025-04-18 23:07:31,738,level_complete,5167,1,273890,0,2077087,1949921,38,3774787
2025-04-18 23:07:33,738,level_complete,5168,2,273923,0,2077460,1950241,41,3775456
2025-04-18 23:07:34,738,level_complete,5169,3,273937,0,2077616,1950355,38,3775761
2025-04-18 23:07:35,738,level_complete,5170,4,273951,0,2077738,1950461,31,3775937
2025-04-18 23:07:36,738,level_complete,5171,5,273972,0,2078016,1950650,43,3776637
2025-04-18 23:07:38,738,level_complete,5172,6,274019,0,2078398,1950920,168,3777614
2025-04-18 23:07:39,738,level_complete,5173,7,274045,0,2078714,1951152,102,3778692
2025-04-18 23:07:39,738,game_complete,-,8,274045,0,2078714,1951152,102,3778692
2025-04-18 23:07:40,739,level_complete,5174,1,274047,0,2078762,1951199,39,3778751
2025-04-18 23:07:40,739,level_complete,5175,2,274050,0,2078805,1951241,43,3778814
2025-04-18 23:07:41,739,level_complete,5176,3,274055,0,2078913,1951300,121,3779306
2025-04-18 23:07:41,739,level_complete,5177,4,274061,0,2078967,1951347,45,3779392
2025-04-18 23:07:42,739,level_complete,5178,5,274067,0,2079093,1951446,48,3779689
2025-04-18 23:07:42,739,level_complete,5179,6,274071,0,2079143,1951480,53,3779800
2025-04-18 23:07:42,739,level_complete,5180,7,274073,0,2079174,1951497,221,3780022
2025-04-18 23:07:42,739,game_complete,-,8,274073,0,2079174,1951497,221,3780022
2025-04-18 23:07:44,740,level_complete,5181,1,274089,0,2079358,1951714,33,3780227
2025-04-18 23:07:44,740,level_complete,5182,2,274097,0,2079485,1951820,80,3780517
2025-04-18 23:07:44,740,level_complete,5183,3,274099,0,2079521,1951845,84,3780613
2025-04-18 23:07:45,740,level_complete,5184,4,274102,0,2079560,1951870,57,3780739
2025-04-18 23:07:45,740,level_complete,5185,5,274103,0,2079590,1951895,58,3780797
2025-04-18 23:07:45,740,level_complete,5186,6,274105,0,2079628,1951945,43,3780848
2025-04-18 23:07:46,740,level_complete,5187,7,274118,0,2079798,1952089,72,3781254
2025-04-18 23:07:46,740,game_complete,-,8,274118,0,2079798,1952089,72,3781254
2025-04-18 23:07:50,741,training_run_ep 293500,-,1,274145,0,2080079,1952365,0,3781594
2025-04-18 23:07:53,741,level_complete,5188,1,274195,0,2080539,1952854,31,3782126
2025-04-18 23:07:55,741,level_complete,5189,2,274213,0,2080715,1953042,46,3782383
2025-04-18 23:07:56,741,level_complete,5190,3,274225,0,2080942,1953214,107,3782946
2025-04-18 23:07:57,741,level_complete,5191,4,274231,0,2081028,1953308,39,3783093
2025-04-18 23:07:57,741,level_complete,5192,5,274234,0,2081103,1953361,79,3783284
2025-04-18 23:07:57,741,level_complete,5193,6,274235,0,2081133,1953383,70,3783354
2025-04-18 23:07:58,741,level_complete,5194,7,274246,0,2081264,1953477,45,3783778
2025-04-18 23:07:58,741,game_complete,-,8,274246,0,2081264,1953477,45,3783778
2025-04-18 23:07:58,742,level_complete,5195,1,274257,0,2081347,1953568,32,3783873
2025-04-18 23:07:59,742,level_complete,5196,2,274270,0,2081468,1953678,40,3784055
2025-04-18 23:08:01,742,level_complete,5197,3,274289,0,2081749,1953901,66,3784807
2025-04-18 23:08:02,742,level_complete,5198,4,274321,0,2082013,1954125,77,3785221
2025-04-18 23:08:03,742,level_complete,5199,5,274323,0,2082060,1954152,82,3785358
2025-04-18 23:08:03,742,level_complete,5200,6,274334,0,2082184,1954230,80,3785624
2025-04-18 23:08:04,742,level_complete,5201,7,274342,0,2082317,1954302,153,3786280
2025-04-18 23:08:04,742,game_complete,-,8,274342,0,2082317,1954302,153,3786280
2025-04-18 23:08:04,743,level_complete,5202,1,274346,0,2082378,1954375,34,3786350
2025-04-18 23:08:10,743,level_complete,5203,2,274422,0,2083180,1955134,44,3787605
2025-04-18 23:08:10,743,level_complete,5204,3,274436,0,2083341,1955240,142,3788135
2025-04-18 23:08:12,743,level_complete,5205,4,274460,0,2083610,1955499,33,3788525
2025-04-18 23:08:13,743,level_complete,5206,5,274471,0,2083790,1955607,74,3789090
2025-04-18 23:08:13,743,level_complete,5207,6,274472,0,2083820,1955624,67,3789157
2025-04-18 23:08:14,743,level_complete,5208,7,274487,0,2084046,1955806,88,3789639
2025-04-18 23:08:14,743,game_complete,-,8,274487,0,2084046,1955806,88,3789639
2025-04-18 23:08:16,744,level_complete,5209,1,274509,0,2084298,1956060,34,3789938
2025-04-18 23:08:17,744,level_complete,5210,2,274511,0,2084334,1956100,39,3789983
2025-04-18 23:08:17,744,level_complete,5211,3,274512,0,2084364,1956138,81,3790064
2025-04-18 23:08:17,744,level_complete,5212,4,274519,0,2084427,1956203,31,3790150
2025-04-18 23:08:18,744,level_complete,5213,5,274533,0,2084601,1956327,88,3790553
2025-04-18 23:08:20,744,level_complete,5214,6,274567,0,2084964,1956553,167,3791586
2025-04-18 23:08:23,744,level_complete,5215,7,274637,0,2085647,1957031,249,3793648
2025-04-18 23:08:23,744,game_complete,-,8,274637,0,2085647,1957031,249,3793648
2025-04-18 23:08:25,745,training_run_ep 294000,-,1,274645,0,2085729,1957117,0,3793747
2025-04-18 23:08:28,745,level_complete,5216,1,274668,0,2086101,1957551,31,3794169
2025-04-18 23:08:29,745,level_complete,5217,2,274682,0,2086185,1957627,52,3794282
2025-04-18 23:08:29,745,level_complete,5218,3,274695,0,2086354,1957716,95,3794876
2025-04-18 23:08:29,745,level_complete,5219,4,274697,0,2086387,1957743,42,3794928
2025-04-18 23:08:29,745,level_complete,5220,5,274701,0,2086432,1957767,97,3795077
2025-04-18 23:08:30,745,level_complete,5221,6,274706,0,2086531,1957849,41,3795240
2025-04-18 23:08:30,745,level_complete,5222,7,274713,0,2086630,1957917,79,3795559
2025-04-18 23:08:30,745,game_complete,-,8,274713,0,2086630,1957917,79,3795559
2025-04-18 23:08:31,746,level_complete,5223,1,274716,0,2086713,1958003,35,3795655
2025-04-18 23:08:31,746,level_complete,5224,2,274719,0,2086760,1958046,57,3795739
2025-04-18 23:08:32,746,level_complete,5225,3,274721,0,2086803,1958081,54,3795827
2025-04-18 23:08:32,746,level_complete,5226,4,274725,0,2086878,1958147,33,3795952
2025-04-18 23:08:32,746,level_complete,5227,5,274727,0,2086930,1958192,95,3796079
2025-04-18 23:08:33,746,level_complete,5228,6,274730,0,2087009,1958276,41,3796243
2025-04-18 23:08:34,746,level_complete,5229,7,274738,0,2087119,1958379,111,3796499
2025-04-18 23:08:34,746,game_complete,-,8,274738,0,2087119,1958379,111,3796499
2025-04-18 23:08:49,747,level_complete,5230,1,274938,0,2089143,1960407,36,3798877
2025-04-18 23:08:56,747,level_complete,5231,2,275042,0,2090280,1961345,55,3800720
2025-04-18 23:08:57,747,level_complete,5232,3,275044,0,2090333,1961390,38,3800790
2025-04-18 23:08:57,747,level_complete,5233,4,275052,0,2090430,1961489,32,3800912
2025-04-18 23:08:59,747,level_complete,5234,5,275078,0,2090779,1961699,57,3801793
2025-04-18 23:08:59,747,level_complete,5235,6,275082,0,2090829,1961756,49,3801866
2025-04-18 23:09:01,747,level_complete,5236,7,275118,0,2091209,1962063,69,3802776
2025-04-18 23:09:01,747,game_complete,-,8,275118,0,2091209,1962063,69,3802776
2025-04-18 23:09:01,748,level_complete,5237,1,275123,0,2091253,1962119,41,3802833
2025-04-18 23:09:04,748,training_run_ep 294500,-,2,275145,0,2091457,1962271,0,3803212
2025-04-18 23:09:14,748,level_complete,5238,2,275372,0,2092963,1963549,38,3805786
2025-04-18 23:09:18,748,level_complete,5239,3,275483,0,2094018,1964140,67,3808996
2025-04-18 23:09:19,748,level_complete,5240,4,275513,0,2094170,1964275,37,3809206
2025-04-18 23:09:20,748,level_complete,5241,5,275550,0,2094477,1964438,135,3810152
2025-04-18 23:09:21,748,level_complete,5242,6,275565,0,2094649,1964555,83,3810556
2025-04-18 23:09:25,748,training_run_ep 295000,-,7,275645,0,2095279,1965024,0,3812333
2025-04-18 23:09:25,748,level_complete,5243,7,275648,0,2095327,1965043,192,3812569
2025-04-18 23:09:25,748,game_complete,-,8,275648,0,2095327,1965043,192,3812569
2025-04-18 23:09:45,749,training_run_ep 295500,-,1,276145,0,2097815,1967346,0,3815468
2025-04-18 23:10:08,749,training_run_ep 296000,-,1,276645,0,2100530,1969953,0,3818584
2025-04-18 23:10:27,749,training_run_ep 296500,-,1,277145,0,2102788,1972067,0,3821180
2025-04-18 23:10:45,749,training_run_ep 297000,-,1,277645,0,2104905,1974001,0,3823657
2025-04-18 23:11:05,749,training_run_ep 297500,-,1,278145,0,2107151,1976123,0,3826207
2025-04-18 23:11:31,749,level_complete,5244,1,278607,0,2110546,1979449,39,3830229
2025-04-18 23:11:34,749,training_run_ep 298000,-,2,278645,0,2110831,1979685,0,3830740
2025-04-18 23:11:41,749,level_complete,5245,2,278775,0,2111880,1980538,37,3832448
2025-04-18 23:11:44,749,level_complete,5246,3,278841,0,2112671,1980918,130,3835450
2025-04-18 23:11:45,749,level_complete,5247,4,278889,0,2112940,1981142,60,3835930
2025-04-18 23:11:47,749,level_complete,5248,5,278935,0,2113473,1981445,72,3837683
2025-04-18 23:11:48,749,level_complete,5249,6,278945,0,2113581,1981526,74,3837896
2025-04-18 23:11:48,749,level_complete,5250,7,278950,0,2113630,1981550,159,3838083
2025-04-18 23:11:48,749,game_complete,-,8,278950,0,2113630,1981550,159,3838083
2025-04-18 23:11:49,750,level_complete,5251,1,278955,0,2113682,1981605,46,3838158
2025-04-18 23:11:52,750,level_complete,5252,2,279025,0,2114247,1982047,38,3839098
2025-04-18 23:11:52,750,level_complete,5253,3,279033,0,2114359,1982107,122,3839431
2025-04-18 23:11:55,750,level_complete,5254,4,279105,0,2114838,1982547,32,3840088
2025-04-18 23:11:59,750,training_run_ep 298500,-,5,279145,0,2115372,1982855,0,3841598
2025-04-18 23:11:59,750,level_complete,5255,5,279147,0,2115411,1982881,104,3841714
2025-04-18 23:12:00,750,level_complete,5256,6,279157,0,2115537,1982964,50,3842075
2025-04-18 23:12:00,750,level_complete,5257,7,279164,0,2115613,1983027,117,3842294
2025-04-18 23:12:00,750,game_complete,-,8,279164,0,2115613,1983027,117,3842294
2025-04-18 23:12:07,751,level_complete,5258,1,279252,0,2116415,1983922,34,3843237
2025-04-18 23:12:18,751,level_complete,5259,2,279487,0,2118156,1985374,38,3846031
2025-04-18 23:12:23,751,level_complete,5260,3,279613,0,2119547,1986102,93,3850807
2025-04-18 23:12:26,751,training_run_ep 299000,-,4,279645,0,2119738,1986272,0,3851102
2025-04-18 23:12:31,751,level_complete,5261,4,279780,0,2120686,1987030,34,3852588
2025-04-18 23:12:32,751,level_complete,5262,5,279797,0,2120909,1987151,139,3853234
2025-04-18 23:12:34,751,level_complete,5263,6,279845,0,2121373,1987489,154,3854292
2025-04-18 23:12:35,751,level_complete,5264,7,279859,0,2121521,1987623,62,3854649
2025-04-18 23:12:35,751,game_complete,-,8,279859,0,2121521,1987623,62,3854649
2025-04-18 23:12:37,752,level_complete,5265,1,279873,0,2121694,1987805,33,3854860
2025-04-18 23:12:40,752,level_complete,5266,2,279933,0,2122191,1988242,36,3855732
2025-04-18 23:12:40,752,level_complete,5267,3,279935,0,2122247,1988280,140,3855990
2025-04-18 23:12:41,752,level_complete,5268,4,279947,0,2122361,1988375,41,3856163
2025-04-18 23:12:42,752,level_complete,5269,5,279959,0,2122539,1988475,77,3856703
2025-04-18 23:12:43,752,level_complete,5270,6,279977,0,2122870,1988669,77,3857634
2025-04-18 23:12:43,752,level_complete,5271,7,279984,0,2122969,1988734,69,3858058
2025-04-18 23:12:43,752,game_complete,-,8,279984,0,2122969,1988734,69,3858058
2025-04-18 23:12:44,753,level_complete,5272,1,279988,0,2123020,1988802,40,3858127
2025-04-18 23:12:44,753,level_complete,5273,2,279990,0,2123078,1988878,78,3858253
2025-04-18 23:12:44,753,level_complete,5274,3,279991,0,2123108,1988896,126,3858379
2025-04-18 23:12:45,753,level_complete,5275,4,279995,0,2123155,1988938,30,3858445
2025-04-18 23:12:45,753,level_complete,5276,5,279996,0,2123185,1988960,70,3858515
2025-04-18 23:12:46,753,level_complete,5277,6,280011,0,2123363,1989077,92,3858898
2025-04-18 23:12:47,753,level_complete,5278,7,280028,0,2123599,1989258,57,3859771
2025-04-18 23:12:47,753,game_complete,-,8,280028,0,2123599,1989258,57,3859771
2025-04-18 23:12:54,754,level_complete,5279,1,280106,0,2124517,1990170,43,3860898
2025-04-18 23:12:54,754,level_complete,5280,2,280112,0,2124588,1990235,41,3860991
2025-04-18 23:12:55,754,level_complete,5281,3,280122,0,2124758,1990366,55,3861310
2025-04-18 23:12:56,754,level_complete,5282,4,280136,0,2124896,1990486,31,3861489
2025-04-18 23:12:56,754,level_complete,5283,5,280138,0,2124954,1990519,101,3861649
2025-04-18 23:12:56,754,level_complete,5284,6,280139,0,2124984,1990541,50,3861699
2025-04-18 23:12:57,754,level_complete,5285,7,280140,0,2125014,1990559,61,3861760
2025-04-18 23:12:57,754,game_complete,-,8,280140,0,2125014,1990559,61,3861760
2025-04-18 23:12:58,755,training_run_ep 299500,-,1,280145,0,2125067,1990617,0,3861817
2025-04-18 23:13:11,755,level_complete,5286,1,280343,0,2126768,1992265,40,3863788
2025-04-18 23:13:13,755,level_complete,5287,2,280356,0,2126954,1992443,46,3864118
2025-04-18 23:13:13,755,level_complete,5288,3,280366,0,2127150,1992556,142,3864679
2025-04-18 23:13:15,755,level_complete,5289,4,280399,0,2127440,1992795,34,3865121
2025-04-18 23:13:15,755,level_complete,5290,5,280400,0,2127470,1992811,64,3865185
2025-04-18 23:13:16,755,level_complete,5291,6,280402,0,2127514,1992850,45,3865246
2025-04-18 23:13:16,755,level_complete,5292,7,280403,0,2127544,1992867,104,3865350
2025-04-18 23:13:16,755,game_complete,-,8,280403,0,2127544,1992867,104,3865350
2025-04-18 23:13:17,756,level_complete,5293,1,280409,0,2127676,1993041,36,3865506
2025-04-18 23:13:19,756,level_complete,5294,2,280427,0,2127957,1993272,46,3866008
2025-04-18 23:13:19,756,level_complete,5295,3,280428,0,2127987,1993297,82,3866090
2025-04-18 23:13:19,756,level_complete,5296,4,280432,0,2128029,1993340,33,3866143
2025-04-18 23:13:20,756,level_complete,5297,5,280441,0,2128193,1993472,114,3866476
2025-04-18 23:13:20,756,level_complete,5298,6,280445,0,2128278,1993538,77,3866632
2025-04-18 23:13:21,756,level_complete,5299,7,280454,0,2128427,1993664,88,3867038
2025-04-18 23:13:21,756,game_complete,-,8,280454,0,2128427,1993664,88,3867038
2025-04-18 23:13:22,757,level_complete,5300,1,280455,0,2128457,1993708,35,3867073
2025-04-18 23:13:22,757,level_complete,5301,2,280458,0,2128516,1993774,57,3867165
2025-04-18 23:13:23,757,level_complete,5302,3,280464,0,2128566,1993859,107,3867301
2025-04-18 23:13:23,757,level_complete,5303,4,280474,0,2128701,1993971,30,3867516
2025-04-18 23:13:25,757,level_complete,5304,5,280490,0,2128995,1994136,68,3868517
2025-04-18 23:13:25,757,level_complete,5305,6,280497,0,2129106,1994236,52,3868725
2025-04-18 23:13:25,757,level_complete,5306,7,280498,0,2129136,1994263,157,3868882
2025-04-18 23:13:25,757,game_complete,-,8,280498,0,2129136,1994263,157,3868882
2025-04-18 23:13:28,758,level_complete,5307,1,280521,0,2129421,1994607,35,3869228
2025-04-18 23:13:30,758,level_complete,5308,2,280534,0,2129651,1994820,60,3869620
2025-04-18 23:13:31,758,level_complete,5309,3,280543,0,2129833,1994949,45,3870178
2025-04-18 23:13:31,758,level_complete,5310,4,280552,0,2129921,1995045,36,3870285
2025-04-18 23:13:32,758,level_complete,5311,5,280558,0,2130047,1995152,61,3870531
2025-04-18 23:13:32,758,level_complete,5312,6,280564,0,2130114,1995224,67,3870640
2025-04-18 23:13:34,758,level_complete,5313,7,280586,0,2130463,1995504,84,3872104
2025-04-18 23:13:34,758,game_complete,-,8,280586,0,2130463,1995504,84,3872104
2025-04-18 23:13:42,759,training_run_ep 300000,-,1,280645,0,2131184,1996279,0,3872957
2025-04-18 23:13:45,759,level_complete,5314,1,280680,0,2131625,1996757,36,3873481
2025-04-18 23:13:46,759,level_complete,5315,2,280689,0,2131743,1996913,49,3873671
2025-04-18 23:13:47,759,level_complete,5316,3,280691,0,2131802,1996950,47,3873781
2025-04-18 23:13:47,759,level_complete,5317,4,280696,0,2131863,1997007,42,3873864
2025-04-18 23:13:47,759,level_complete,5318,5,280698,0,2131912,1997038,110,3874015
2025-04-18 23:13:48,759,level_complete,5319,6,280703,0,2132000,1997110,42,3874282
2025-04-18 23:13:49,759,level_complete,5320,7,280714,0,2132200,1997311,42,3874781
2025-04-18 23:13:49,759,game_complete,-,8,280714,0,2132200,1997311,42,3874781
2025-04-18 23:13:49,760,level_complete,5321,1,280715,0,2132230,1997342,34,3874815
2025-04-18 23:13:50,760,level_complete,5322,2,280730,0,2132375,1997473,55,3875079
2025-04-18 23:13:51,760,level_complete,5323,3,280734,0,2132425,1997512,90,3875197
2025-04-18 23:13:51,760,level_complete,5324,4,280736,0,2132455,1997541,36,3875239
2025-04-18 23:13:51,760,level_complete,5325,5,280738,0,2132507,1997574,60,3875376
2025-04-18 23:13:51,760,level_complete,5326,6,280741,0,2132567,1997629,52,3875475
2025-04-18 23:13:51,760,level_complete,5327,7,280742,0,2132597,1997654,132,3875607
2025-04-18 23:13:51,760,game_complete,-,8,280742,0,2132597,1997654,132,3875607
2025-04-18 23:13:52,761,level_complete,5328,1,280748,0,2132665,1997728,39,3875688
2025-04-18 23:13:53,761,level_complete,5329,2,280756,0,2132795,1997874,37,3875921
2025-04-18 23:13:53,761,level_complete,5330,3,280758,0,2132851,1997919,67,3876033
2025-04-18 23:13:54,761,level_complete,5331,4,280762,0,2132916,1997986,25,3876112
2025-04-18 23:13:54,761,level_complete,5332,5,280763,0,2132946,1998012,64,3876176
2025-04-18 23:13:54,761,level_complete,5333,6,280767,0,2133037,1998083,60,3876381
2025-04-18 23:13:55,761,level_complete,5334,7,280775,0,2133203,1998236,94,3876741
2025-04-18 23:13:55,761,game_complete,-,8,280775,0,2133203,1998236,94,3876741
2025-04-18 23:14:00,762,level_complete,5335,1,280816,0,2133765,1998829,35,3877429
2025-04-18 23:14:00,762,level_complete,5336,2,280817,0,2133795,1998873,61,3877490
2025-04-18 23:14:01,762,level_complete,5337,3,280822,0,2133913,1998923,159,3877952
2025-04-18 23:14:01,762,level_complete,5338,4,280824,0,2133960,1998965,29,3878016
2025-04-18 23:14:01,762,level_complete,5339,5,280828,0,2134046,1999021,61,3878229
2025-04-18 23:14:02,762,level_complete,5340,6,280840,0,2134141,1999106,46,3878367
2025-04-18 23:14:04,762,level_complete,5341,7,280857,0,2134367,1999371,37,3878976
2025-04-18 23:14:04,762,game_complete,-,8,280857,0,2134367,1999371,37,3878976
2025-04-18 23:14:06,763,level_complete,5342,1,280872,0,2134640,1999701,31,3879323
2025-04-18 23:14:06,763,level_complete,5343,2,280873,0,2134670,1999739,38,3879361
2025-04-18 23:14:07,763,level_complete,5344,3,280875,0,2134724,1999765,99,3879505
2025-04-18 23:14:07,763,level_complete,5345,4,280877,0,2134761,1999815,30,3879551
2025-04-18 23:14:08,763,level_complete,5346,5,280892,0,2134997,1999936,87,3880305
2025-04-18 23:14:08,763,level_complete,5347,6,280893,0,2135027,1999990,43,3880348
2025-04-18 23:14:09,763,level_complete,5348,7,280905,0,2135186,2000131,64,3880656
2025-04-18 23:14:09,763,game_complete,-,8,280905,0,2135186,2000131,64,3880656
2025-04-18 23:14:11,764,level_complete,5349,1,280928,0,2135457,2000420,34,3880977
2025-04-18 23:14:12,764,level_complete,5350,2,280930,0,2135513,2000470,42,3881056
2025-04-18 23:14:12,764,level_complete,5351,3,280934,0,2135602,2000524,64,3881404
2025-04-18 23:14:13,764,level_complete,5352,4,280940,0,2135703,2000614,36,3881549
2025-04-18 23:14:14,764,level_complete,5353,5,280952,0,2135920,2000767,132,3882166
2025-04-18 23:14:15,764,level_complete,5354,6,280966,0,2136119,2000917,84,3882784
2025-04-18 23:14:15,764,level_complete,5355,7,280971,0,2136210,2001000,167,3883041
2025-04-18 23:14:15,764,game_complete,-,8,280971,0,2136210,2001000,167,3883041
2025-04-18 23:14:18,765,level_complete,5356,1,281014,0,2136561,2001336,38,3883465
2025-04-18 23:14:18,765,level_complete,5357,2,281019,0,2136637,2001414,53,3883614
2025-04-18 23:14:19,765,level_complete,5358,3,281027,0,2136801,2001515,59,3884103
2025-04-18 23:14:19,765,level_complete,5359,4,281029,0,2136844,2001551,29,3884160
2025-04-18 23:14:20,765,level_complete,5360,5,281040,0,2137008,2001635,80,3884711
2025-04-18 23:14:21,765,level_complete,5361,6,281059,0,2137219,2001769,75,3885266
2025-04-18 23:14:22,765,level_complete,5362,7,281076,0,2137446,2001912,242,3886485
2025-04-18 23:14:22,765,game_complete,-,8,281076,0,2137446,2001912,242,3886485
2025-04-18 23:14:27,766,level_complete,5363,1,281116,0,2137925,2002591,35,3887062
2025-04-18 23:14:29,766,level_complete,5364,2,281135,0,2138160,2002778,45,3887443
2025-04-18 23:14:30,766,training_run_ep 300500,-,3,281145,0,2138256,2002852,0,3887637
2025-04-18 23:14:31,766,level_complete,5365,3,281157,0,2138415,2002955,104,3888148
2025-04-18 23:14:32,766,level_complete,5366,4,281172,0,2138538,2003072,44,3888329
2025-04-18 23:14:32,766,level_complete,5367,5,281180,0,2138614,2003115,60,3888510
2025-04-18 23:14:33,766,level_complete,5368,6,281193,0,2138803,2003242,83,3888936
2025-04-18 23:14:34,766,level_complete,5369,7,281200,0,2138897,2003320,80,3889194
2025-04-18 23:14:34,766,game_complete,-,8,281200,0,2138897,2003320,80,3889194
2025-04-18 23:14:34,767,level_complete,5370,1,281204,0,2138990,2003418,38,3889310
2025-04-18 23:14:37,767,level_complete,5371,2,281221,0,2139210,2003711,56,3889669
2025-04-18 23:14:37,767,level_complete,5372,3,281222,0,2139240,2003726,117,3889786
2025-04-18 23:14:37,767,level_complete,5373,4,281230,0,2139309,2003787,32,3889891
2025-04-18 23:14:37,767,level_complete,5374,5,281238,0,2139357,2003814,95,3890007
2025-04-18 23:14:37,767,level_complete,5375,6,281240,0,2139408,2003842,88,3890130
2025-04-18 23:14:38,767,level_complete,5376,7,281250,0,2139573,2003952,139,3890596
2025-04-18 23:14:38,767,game_complete,-,8,281250,0,2139573,2003952,139,3890596
2025-04-18 23:14:38,768,level_complete,5377,1,281251,0,2139603,2003996,40,3890636
2025-04-18 23:14:39,768,level_complete,5378,2,281263,0,2139736,2004102,61,3890856
2025-04-18 23:14:40,768,level_complete,5379,3,281270,0,2139878,2004186,52,3891336
2025-04-18 23:14:41,768,level_complete,5380,4,281289,0,2140010,2004295,32,3891517
2025-04-18 23:14:41,768,level_complete,5381,5,281295,0,2140099,2004365,76,3891742
2025-04-18 23:14:42,768,level_complete,5382,6,281304,0,2140225,2004459,124,3892090
2025-04-18 23:14:45,768,level_complete,5383,7,281369,0,2140764,2004896,91,3893701
2025-04-18 23:14:45,768,game_complete,-,8,281369,0,2140764,2004896,91,3893701
2025-04-18 23:15:00,769,training_run_ep 301000,-,1,281645,0,2142392,2006599,0,3895600
2025-04-18 23:15:09,769,level_complete,5384,1,281837,0,2143567,2007718,32,3897025
2025-04-18 23:15:17,769,level_complete,5385,2,282059,0,2144823,2008724,54,3899026
2025-04-18 23:15:17,769,level_complete,5386,3,282079,0,2144995,2008825,72,3899670
2025-04-18 23:15:18,769,level_complete,5387,4,282089,0,2145060,2008888,34,3899755
2025-04-18 23:15:19,769,level_complete,5388,5,282123,0,2145301,2009029,97,3900462
2025-04-18 23:15:19,769,level_complete,5389,6,282131,0,2145386,2009091,77,3900638
2025-04-18 23:15:21,769,training_run_ep 301500,-,7,282145,0,2145475,2009150,0,3900858
2025-04-18 23:15:23,769,level_complete,5390,7,282198,0,2145841,2009426,142,3902090
2025-04-18 23:15:23,769,game_complete,-,8,282198,0,2145841,2009426,142,3902090
2025-04-18 23:15:40,770,training_run_ep 302000,-,1,282645,0,2147850,2011357,0,3904400
2025-04-18 23:15:44,770,level_complete,5391,1,282769,0,2148382,2011861,40,3905002
2025-04-18 23:15:52,770,level_complete,5392,2,283004,0,2149642,2012890,51,3906966
2025-04-18 23:15:55,770,level_complete,5393,3,283081,0,2150513,2013357,100,3909674
2025-04-18 23:15:58,770,level_complete,5394,4,283138,0,2151009,2013785,36,3910452
2025-04-18 23:16:00,770,training_run_ep 302500,-,5,283145,0,2151089,2013833,0,3910672
2025-04-18 23:16:02,770,level_complete,5395,5,283174,0,2151474,2014060,240,3911933
2025-04-18 23:16:02,770,level_complete,5396,6,283177,0,2151523,2014090,59,3912090
2025-04-18 23:16:03,770,level_complete,5397,7,283212,0,2151738,2014236,154,3912704
2025-04-18 23:16:03,770,game_complete,-,8,283212,0,2151738,2014236,154,3912704
2025-04-18 23:16:24,771,training_run_ep 303000,-,1,283645,0,2154318,2016698,0,3915762
2025-04-18 23:16:47,771,training_run_ep 303500,-,1,284145,0,2156999,2019318,0,3918859
2025-04-18 23:16:49,771,level_complete,5398,1,284193,0,2157347,2019632,37,3919289
2025-04-18 23:17:01,771,level_complete,5399,2,284374,0,2159257,2021238,40,3922404
2025-04-18 23:17:03,771,level_complete,5400,3,284390,0,2159442,2021490,105,3923184
2025-04-18 23:17:03,771,level_complete,5401,4,284391,0,2159467,2021514,41,3923225
2025-04-18 23:17:05,771,level_complete,5402,5,284409,0,2159728,2021698,36,3924044
2025-04-18 23:17:05,771,level_complete,5403,6,284412,0,2159773,2021729,68,3924140
2025-04-18 23:17:05,771,level_complete,5404,7,284418,0,2159847,2021779,106,3924376
2025-04-18 23:17:05,771,game_complete,-,8,284418,0,2159847,2021779,106,3924376
2025-04-18 23:17:09,772,level_complete,5405,1,284456,0,2160341,2022289,33,3924983
2025-04-18 23:17:09,772,level_complete,5406,2,284461,0,2160390,2022334,69,3925074
2025-04-18 23:17:10,772,level_complete,5407,3,284466,0,2160459,2022370,91,3925334
2025-04-18 23:17:10,772,level_complete,5408,4,284475,0,2160533,2022440,36,3925436
2025-04-18 23:17:11,772,level_complete,5409,5,284479,0,2160603,2022509,39,3925543
2025-04-18 23:17:15,772,level_complete,5410,6,284495,0,2160808,2023020,74,3926025
2025-04-18 23:17:15,772,level_complete,5411,7,284501,0,2160901,2023097,78,3926240
2025-04-18 23:17:15,772,game_complete,-,8,284501,0,2160901,2023097,78,3926240
2025-04-18 23:17:16,773,level_complete,5412,1,284503,0,2160960,2023163,57,3926331
2025-04-18 23:17:19,773,level_complete,5413,2,284532,0,2161260,2023559,67,3926887
2025-04-18 23:17:19,773,level_complete,5414,3,284546,0,2161454,2023655,72,3927495
2025-04-18 23:17:20,773,level_complete,5415,4,284551,0,2161509,2023708,36,3927563
2025-04-18 23:17:20,773,level_complete,5416,5,284555,0,2161570,2023763,111,3927718
2025-04-18 23:17:24,773,level_complete,5417,6,284575,0,2161846,2024262,83,3928485
2025-04-18 23:17:25,773,level_complete,5418,7,284588,0,2162050,2024409,42,3929079
2025-04-18 23:17:25,773,game_complete,-,8,284588,0,2162050,2024409,42,3929079
2025-04-18 23:17:29,774,level_complete,5419,1,284632,0,2162616,2025016,32,3929734
2025-04-18 23:17:30,774,level_complete,5420,2,284641,0,2162761,2025176,42,3929935
2025-04-18 23:17:31,774,level_complete,5421,3,284642,0,2162791,2025191,117,3930052
2025-04-18 23:17:32,774,training_run_ep 304000,-,4,284645,0,2162822,2025218,0,3930091
2025-04-18 23:17:32,774,level_complete,5422,4,284647,0,2162853,2025241,40,3930138
2025-04-18 23:17:33,774,level_complete,5423,5,284656,0,2163028,2025367,133,3930601
2025-04-18 23:17:34,774,level_complete,5424,6,284664,0,2163181,2025499,47,3930851
2025-04-18 23:17:36,774,level_complete,5425,7,284687,0,2163484,2025732,58,3931776
2025-04-18 23:17:36,774,game_complete,-,8,284687,0,2163484,2025732,58,3931776
2025-04-18 23:17:36,775,level_complete,5426,1,284693,0,2163551,2025815,35,3931855
2025-04-18 23:17:37,775,level_complete,5427,2,284700,0,2163681,2025911,52,3932075
2025-04-18 23:17:37,775,level_complete,5428,3,284708,0,2163779,2025988,68,3932286
2025-04-18 23:17:38,775,level_complete,5429,4,284718,0,2163953,2026123,93,3932598
2025-04-18 23:17:39,775,level_complete,5430,5,284734,0,2164174,2026263,117,3933372
2025-04-18 23:17:40,775,level_complete,5431,6,284747,0,2164284,2026341,95,3933596
2025-04-18 23:17:41,775,level_complete,5432,7,284759,0,2164469,2026490,111,3934095
2025-04-18 23:17:41,775,game_complete,-,8,284759,0,2164469,2026490,111,3934095
2025-04-18 23:17:41,776,level_complete,5433,1,284762,0,2164529,2026551,37,3934164
2025-04-18 23:17:42,776,level_complete,5434,2,284773,0,2164653,2026674,46,3934351
2025-04-18 23:17:42,776,level_complete,5435,3,284775,0,2164694,2026698,139,3934513
2025-04-18 23:17:43,776,level_complete,5436,4,284780,0,2164739,2026731,39,3934581
2025-04-18 23:17:43,776,level_complete,5437,5,284788,0,2164866,2026825,94,3934907
2025-04-18 23:17:45,776,level_complete,5438,6,284824,0,2165282,2027131,140,3936176
2025-04-18 23:17:46,776,level_complete,5439,7,284843,0,2165493,2027283,59,3937089
2025-04-18 23:17:46,776,game_complete,-,8,284843,0,2165493,2027283,59,3937089
2025-04-18 23:17:52,777,level_complete,5440,1,284921,0,2166133,2027967,33,3937809
2025-04-18 23:17:52,777,level_complete,5441,2,284922,0,2166163,2028002,37,3937846
2025-04-18 23:17:54,777,level_complete,5442,3,284969,0,2166649,2028257,59,3939427
2025-04-18 23:17:54,777,level_complete,5443,4,284976,0,2166719,2028322,35,3939525
2025-04-18 23:17:54,777,level_complete,5444,5,284977,0,2166749,2028352,65,3939590
2025-04-18 23:17:54,777,level_complete,5445,6,284978,0,2166779,2028379,48,3939638
2025-04-18 23:17:56,777,level_complete,5446,7,285002,0,2167116,2028625,60,3940645
2025-04-18 23:17:56,777,game_complete,-,8,285002,0,2167116,2028625,60,3940645
2025-04-18 23:17:56,778,level_complete,5447,1,285003,0,2167146,2028666,40,3940685
2025-04-18 23:17:58,778,level_complete,5448,2,285017,0,2167360,2028878,48,3941038
2025-04-18 23:17:58,778,level_complete,5449,3,285020,0,2167432,2028911,80,3941327
2025-04-18 23:17:58,778,level_complete,5450,4,285021,0,2167457,2028946,39,3941366
2025-04-18 23:17:59,778,level_complete,5451,5,285022,0,2167487,2028974,57,3941423
2025-04-18 23:17:59,778,level_complete,5452,6,285028,0,2167609,2029096,85,3941763
2025-04-18 23:18:00,778,level_complete,5453,7,285031,0,2167648,2029133,57,3941829
2025-04-18 23:18:00,778,game_complete,-,8,285031,0,2167648,2029133,57,3941829
2025-04-18 23:18:01,779,level_complete,5454,1,285038,0,2167787,2029310,31,3941983
2025-04-18 23:18:02,779,level_complete,5455,2,285065,0,2167977,2029471,38,3942309
2025-04-18 23:18:04,779,level_complete,5456,3,285083,0,2168210,2029728,66,3942870
2025-04-18 23:18:05,779,level_complete,5457,4,285094,0,2168332,2029847,34,3943044
2025-04-18 23:18:07,779,level_complete,5458,5,285099,0,2168447,2030124,79,3943307
2025-04-18 23:18:08,779,level_complete,5459,6,285110,0,2168591,2030225,62,3943643
2025-04-18 23:18:08,779,level_complete,5460,7,285113,0,2168623,2030256,62,3943707
2025-04-18 23:18:08,779,game_complete,-,8,285113,0,2168623,2030256,62,3943707
2025-04-18 23:18:09,780,level_complete,5461,1,285127,0,2168816,2030457,44,3943941
2025-04-18 23:18:10,780,level_complete,5462,2,285137,0,2168916,2030568,39,3944072
2025-04-18 23:18:10,780,level_complete,5463,3,285139,0,2168951,2030583,205,3944288
2025-04-18 23:18:12,780,training_run_ep 304500,-,4,285145,0,2168994,2030607,0,3944408
2025-04-18 23:18:12,780,level_complete,5464,4,285151,0,2169061,2030681,34,3944490
2025-04-18 23:18:12,780,level_complete,5465,5,285152,0,2169091,2030706,76,3944566
2025-04-18 23:18:13,780,level_complete,5466,6,285164,0,2169200,2030795,59,3944754
2025-04-18 23:18:14,780,level_complete,5467,7,285186,0,2169448,2030977,46,3945350
2025-04-18 23:18:14,780,game_complete,-,8,285186,0,2169448,2030977,46,3945350
2025-04-18 23:18:25,781,level_complete,5468,1,285345,0,2170811,2032339,33,3946945
2025-04-18 23:18:26,781,level_complete,5469,2,285373,0,2171059,2032563,35,3947277
2025-04-18 23:18:27,781,level_complete,5470,3,285376,0,2171143,2032609,76,3947546
2025-04-18 23:18:27,781,level_complete,5471,4,285383,0,2171228,2032679,46,3947682
2025-04-18 23:18:27,781,level_complete,5472,5,285384,0,2171258,2032701,82,3947764
2025-04-18 23:18:28,781,level_complete,5473,6,285388,0,2171340,2032757,125,3948039
2025-04-18 23:18:29,781,level_complete,5474,7,285394,0,2171457,2032863,70,3948259
2025-04-18 23:18:29,781,game_complete,-,8,285394,0,2171457,2032863,70,3948259
2025-04-18 23:18:31,782,level_complete,5475,1,285410,0,2171669,2033172,33,3948494
2025-04-18 23:18:33,782,level_complete,5476,2,285437,0,2171967,2033410,68,3948981
2025-04-18 23:18:33,782,level_complete,5477,3,285441,0,2172050,2033452,62,3949238
2025-04-18 23:18:33,782,level_complete,5478,4,285443,0,2172092,2033490,40,3949300
2025-04-18 23:18:33,782,level_complete,5479,5,285446,0,2172140,2033526,62,3949397
2025-04-18 23:18:35,782,level_complete,5480,6,285466,0,2172462,2033746,60,3950263
2025-04-18 23:18:37,782,level_complete,5481,7,285507,0,2172944,2034108,44,3951612
2025-04-18 23:18:37,782,game_complete,-,8,285507,0,2172944,2034108,44,3951612
2025-04-18 23:18:40,783,level_complete,5482,1,285529,0,2173228,2034433,37,3951938
2025-04-18 23:18:41,783,level_complete,5483,2,285541,0,2173379,2034572,38,3952195
2025-04-18 23:18:41,783,level_complete,5484,3,285542,0,2173409,2034590,57,3952252
2025-04-18 23:18:41,783,level_complete,5485,4,285543,0,2173434,2034635,28,3952280
2025-04-18 23:18:41,783,level_complete,5486,5,285544,0,2173464,2034676,37,3952317
2025-04-18 23:18:42,783,level_complete,5487,6,285555,0,2173671,2034843,41,3952658
2025-04-18 23:18:43,783,level_complete,5488,7,285556,0,2173701,2034869,62,3952720
2025-04-18 23:18:43,783,game_complete,-,8,285556,0,2173701,2034869,62,3952720
2025-04-18 23:18:50,784,level_complete,5489,1,285640,0,2174554,2035795,30,3953764
2025-04-18 23:18:51,784,training_run_ep 305000,-,2,285645,0,2174588,2035822,0,3953827
2025-04-18 23:18:56,784,level_complete,5490,2,285705,0,2175239,2036417,58,3954840
2025-04-18 23:18:56,784,level_complete,5491,3,285711,0,2175347,2036483,72,3955081
2025-04-18 23:18:57,784,level_complete,5492,4,285727,0,2175521,2036655,31,3955307
2025-04-18 23:18:58,784,level_complete,5493,5,285731,0,2175585,2036698,41,3955463
2025-04-18 23:18:58,784,level_complete,5494,6,285736,0,2175679,2036756,76,3955768
2025-04-18 23:18:58,784,level_complete,5495,7,285738,0,2175715,2036778,103,3955883
2025-04-18 23:18:58,784,game_complete,-,8,285738,0,2175715,2036778,103,3955883
2025-04-18 23:18:59,785,level_complete,5496,1,285745,0,2175805,2036870,37,3956005
2025-04-18 23:19:04,785,level_complete,5497,2,285798,0,2176478,2037504,35,3957037
2025-04-18 23:19:04,785,level_complete,5498,3,285806,0,2176555,2037545,187,3957356
2025-04-18 23:19:05,785,level_complete,5499,4,285819,0,2176713,2037680,43,3957582
2025-04-18 23:19:07,785,level_complete,5500,5,285841,0,2177057,2037960,77,3958338
2025-04-18 23:19:07,785,level_complete,5501,6,285845,0,2177122,2038012,66,3958468
2025-04-18 23:19:07,785,level_complete,5502,7,285849,0,2177209,2038057,63,3958737
2025-04-18 23:19:07,785,game_complete,-,8,285849,0,2177209,2038057,63,3958737
2025-04-18 23:19:09,786,level_complete,5503,1,285869,0,2177451,2038301,49,3959030
2025-04-18 23:19:10,786,level_complete,5504,2,285878,0,2177585,2038427,42,3959216
2025-04-18 23:19:10,786,level_complete,5505,3,285879,0,2177615,2038450,98,3959314
2025-04-18 23:19:11,786,level_complete,5506,4,285882,0,2177652,2038485,35,3959364
2025-04-18 23:19:11,786,level_complete,5507,5,285887,0,2177731,2038525,91,3959564
2025-04-18 23:19:12,786,level_complete,5508,6,285904,0,2177924,2038683,58,3959963
2025-04-18 23:19:12,786,level_complete,5509,7,285907,0,2177978,2038730,49,3960052
2025-04-18 23:19:12,786,game_complete,-,8,285907,0,2177978,2038730,49,3960052
2025-04-18 23:19:15,787,level_complete,5510,1,285931,0,2178292,2039069,32,3960424
2025-04-18 23:19:15,787,level_complete,5511,2,285932,0,2178322,2039090,74,3960498
2025-04-18 23:19:15,787,level_complete,5512,3,285938,0,2178407,2039141,153,3960796
2025-04-18 23:19:16,787,level_complete,5513,4,285942,0,2178485,2039242,35,3960912
2025-04-18 23:19:16,787,level_complete,5514,5,285943,0,2178515,2039275,80,3960992
2025-04-18 23:19:17,787,level_complete,5515,6,285945,0,2178552,2039335,113,3961113
2025-04-18 23:19:17,787,level_complete,5516,7,285946,0,2178582,2039356,65,3961178
2025-04-18 23:19:17,787,game_complete,-,8,285946,0,2178582,2039356,65,3961178
2025-04-18 23:19:22,788,level_complete,5517,1,286038,0,2179287,2040072,33,3961986
2025-04-18 23:19:26,788,level_complete,5518,2,286084,0,2179859,2040521,54,3963058
2025-04-18 23:19:27,788,level_complete,5519,3,286103,0,2180149,2040678,56,3964190
2025-04-18 23:19:27,788,level_complete,5520,4,286111,0,2180233,2040751,36,3964308
2025-04-18 23:19:28,788,level_complete,5521,5,286117,0,2180340,2040845,52,3964550
2025-04-18 23:19:31,788,training_run_ep 305500,-,6,286145,0,2180686,2041076,0,3965261
2025-04-18 23:19:32,788,level_complete,5522,6,286162,0,2180977,2041256,156,3966205
2025-04-18 23:19:32,788,level_complete,5523,7,286165,0,2181022,2041319,47,3966276
2025-04-18 23:19:32,788,game_complete,-,8,286165,0,2181022,2041319,47,3966276
2025-04-18 23:19:33,789,level_complete,5524,1,286166,0,2181052,2041355,38,3966314
2025-04-18 23:19:34,789,level_complete,5525,2,286173,0,2181169,2041484,50,3966490
2025-04-18 23:19:34,789,level_complete,5526,3,286176,0,2181223,2041518,79,3966636
2025-04-18 23:19:35,789,level_complete,5527,4,286190,0,2181431,2041710,35,3966985
2025-04-18 23:19:36,789,level_complete,5528,5,286199,0,2181560,2041812,128,3967326
2025-04-18 23:19:36,789,level_complete,5529,6,286206,0,2181631,2041859,117,3967535
2025-04-18 23:19:40,789,level_complete,5530,7,286267,0,2182353,2042417,123,3969590
2025-04-18 23:19:40,789,game_complete,-,8,286267,0,2182353,2042417,123,3969590
2025-04-18 23:19:51,790,level_complete,5531,1,286421,0,2183699,2043784,32,3971209
2025-04-18 23:19:52,790,level_complete,5532,2,286435,0,2183912,2043982,48,3971562
2025-04-18 23:19:52,790,level_complete,5533,3,286440,0,2184009,2044045,62,3971796
2025-04-18 23:19:53,790,level_complete,5534,4,286447,0,2184059,2044093,30,3971855
2025-04-18 23:19:53,790,level_complete,5535,5,286460,0,2184135,2044140,127,3972059
2025-04-18 23:19:53,790,level_complete,5536,6,286462,0,2184167,2044174,45,3972106
2025-04-18 23:19:53,790,level_complete,5537,7,286465,0,2184218,2044198,130,3972282
2025-04-18 23:19:53,790,game_complete,-,8,286465,0,2184218,2044198,130,3972282
2025-04-18 23:19:54,791,level_complete,5538,1,286475,0,2184318,2044314,34,3972406
2025-04-18 23:19:55,791,level_complete,5539,2,286482,0,2184411,2044404,39,3972561
2025-04-18 23:19:55,791,level_complete,5540,3,286493,0,2184506,2044471,133,3972869
2025-04-18 23:19:56,791,level_complete,5541,4,286497,0,2184535,2044499,33,3972907
2025-04-18 23:19:57,791,level_complete,5542,5,286516,0,2184813,2044648,54,3973771
2025-04-18 23:19:57,791,level_complete,5543,6,286517,0,2184843,2044665,94,3973865
2025-04-18 23:19:57,791,level_complete,5544,7,286520,0,2184894,2044692,85,3974029
2025-04-18 23:19:57,791,game_complete,-,8,286520,0,2184894,2044692,85,3974029
2025-04-18 23:19:58,792,level_complete,5545,1,286527,0,2185008,2044817,33,3974163
2025-04-18 23:20:02,792,level_complete,5546,2,286599,0,2185687,2045396,39,3975246
2025-04-18 23:20:03,792,level_complete,5547,3,286629,0,2185970,2045547,64,3976059
2025-04-18 23:20:04,792,level_complete,5548,4,286644,0,2186084,2045645,31,3976221
2025-04-18 23:20:05,792,training_run_ep 306000,-,5,286645,0,2186097,2045650,0,3976263
2025-04-18 23:20:06,792,level_complete,5549,5,286667,0,2186303,2045758,68,3976773
2025-04-18 23:20:06,792,level_complete,5550,6,286672,0,2186338,2045784,128,3976907
2025-04-18 23:20:07,792,level_complete,5551,7,286680,0,2186436,2045852,164,3977209
2025-04-18 23:20:07,792,game_complete,-,8,286680,0,2186436,2045852,164,3977209
2025-04-18 23:20:30,793,training_run_ep 306500,-,1,287145,0,2189248,2048630,0,3980524
2025-04-18 23:20:38,793,level_complete,5552,1,287292,0,2190264,2049637,41,3981687
2025-04-18 23:20:51,793,level_complete,5553,2,287644,0,2192395,2051341,46,3985031
2025-04-18 23:20:53,793,training_run_ep 307000,-,3,287645,0,2192397,2051343,0,3985033
2025-04-18 23:20:54,793,level_complete,5554,3,287687,0,2192848,2051581,47,3986498
2025-04-18 23:21:01,793,level_complete,5555,4,287887,0,2193969,2052529,36,3988082
2025-04-18 23:21:03,793,level_complete,5556,5,287932,0,2194400,2052802,83,3989071
2025-04-18 23:21:05,793,level_complete,5557,6,287971,0,2194869,2053109,68,3990114
2025-04-18 23:21:08,793,level_complete,5558,7,288056,0,2195502,2053547,242,3991723
2025-04-18 23:21:08,793,game_complete,-,8,288056,0,2195502,2053547,242,3991723
2025-04-18 23:21:13,794,training_run_ep 307500,-,1,288145,0,2195944,2053952,0,3992238
2025-04-18 23:21:35,794,training_run_ep 308000,-,1,288645,0,2198606,2056475,0,3995304
2025-04-18 23:21:46,794,level_complete,5559,1,288950,0,2200018,2057810,34,3996926
2025-04-18 23:21:46,794,level_complete,5560,2,288955,0,2200079,2057874,37,3997025
2025-04-18 23:21:47,794,level_complete,5561,3,288957,0,2200138,2057933,101,3997218
2025-04-18 23:21:47,794,level_complete,5562,4,288964,0,2200187,2057973,68,3997312
2025-04-18 23:21:47,794,level_complete,5563,5,288970,0,2200292,2058044,77,3997538
2025-04-18 23:21:53,794,level_complete,5564,6,289129,0,2201532,2058888,63,4000206
2025-04-18 23:21:55,794,training_run_ep 308500,-,7,289145,0,2201645,2058959,0,4000477
2025-04-18 23:21:56,794,level_complete,5565,7,289186,0,2201947,2059168,184,4001347
2025-04-18 23:21:56,794,game_complete,-,8,289186,0,2201947,2059168,184,4001347
2025-04-18 23:22:17,795,training_run_ep 309000,-,1,289645,0,2204530,2061609,0,4004360
2025-04-18 23:22:22,795,level_complete,5566,1,289756,0,2205121,2062198,34,4005036
2025-04-18 23:22:27,795,level_complete,5567,2,289872,0,2206031,2062916,69,4006502
2025-04-18 23:22:29,795,level_complete,5568,3,289907,0,2206364,2063166,187,4007464
2025-04-18 23:22:30,795,level_complete,5569,4,289913,0,2206420,2063221,28,4007536
2025-04-18 23:22:30,795,level_complete,5570,5,289914,0,2206450,2063240,61,4007597
2025-04-18 23:22:39,795,training_run_ep 309500,-,6,290145,0,2208107,2064508,0,4011292
2025-04-18 23:22:44,795,level_complete,5571,6,290281,0,2209175,2065196,177,4014231
2025-04-18 23:22:44,795,level_complete,5572,7,290287,0,2209216,2065226,69,4014311
2025-04-18 23:22:44,795,game_complete,-,8,290287,0,2209216,2065226,69,4014311
2025-04-18 23:22:57,796,training_run_ep 310000,-,1,290645,0,2210718,2066605,0,4016024
2025-04-18 23:23:22,796,training_run_ep 310500,-,1,291145,0,2213743,2069475,0,4019578
2025-04-18 23:23:41,796,training_run_ep 311000,-,1,291645,0,2216018,2071650,0,4022214
2025-04-18 23:24:01,796,training_run_ep 311500,-,1,292145,0,2218472,2073960,0,4025070
2025-04-18 23:24:04,796,level_complete,5573,1,292199,0,2218823,2074290,37,4025475
2025-04-18 23:24:12,796,level_complete,5574,2,292426,0,2220005,2075330,46,4027350
2025-04-18 23:24:12,796,level_complete,5575,3,292436,0,2220086,2075373,66,4027541
2025-04-18 23:24:19,796,training_run_ep 312000,-,4,292645,0,2220958,2076132,0,4028720
2025-04-18 23:24:24,796,level_complete,5576,4,292810,0,2221787,2076798,43,4029965
2025-04-18 23:24:32,796,level_complete,5577,5,293130,0,2223880,2077953,92,4035608
2025-04-18 23:24:34,796,training_run_ep 312500,-,6,293145,0,2223952,2077996,0,4035788
2025-04-18 23:24:36,796,level_complete,5578,6,293214,0,2224395,2078306,78,4036821
2025-04-18 23:24:42,796,level_complete,5579,7,293399,0,2225738,2079279,176,4040477
2025-04-18 23:24:42,796,game_complete,-,8,293399,0,2225738,2079279,176,4040477
2025-04-18 23:24:53,797,training_run_ep 313000,-,1,293645,0,2227045,2080507,0,4042002
2025-04-18 23:25:10,797,level_complete,5580,1,294103,0,2229123,2082510,40,4044425
2025-04-18 23:25:12,797,training_run_ep 313500,-,2,294145,0,2229350,2082692,0,4044802
2025-04-18 23:25:19,797,level_complete,5581,2,294338,0,2230451,2083510,77,4046912
2025-04-18 23:25:20,797,level_complete,5582,3,294362,0,2230685,2083640,59,4047665
2025-04-18 23:25:28,797,level_complete,5583,4,294591,0,2232026,2084726,50,4049751
2025-04-18 23:25:28,797,level_complete,5584,5,294600,0,2232122,2084794,82,4049954
2025-04-18 23:25:31,797,training_run_ep 314000,-,6,294645,0,2232444,2084998,0,4050747
2025-04-18 23:25:33,797,level_complete,5585,6,294720,0,2232893,2085324,153,4051746
2025-04-18 23:25:37,797,level_complete,5586,7,294804,0,2233759,2085947,70,4054386
2025-04-18 23:25:37,797,game_complete,-,8,294804,0,2233759,2085947,70,4054386
2025-04-18 23:25:46,798,level_complete,5587,1,295009,0,2234869,2087045,35,4055693
2025-04-18 23:25:47,798,level_complete,5588,2,295034,0,2235124,2087245,87,4056211
2025-04-18 23:25:48,798,level_complete,5589,3,295037,0,2235180,2087280,67,4056319
2025-04-18 23:25:48,798,level_complete,5590,4,295045,0,2235292,2087370,28,4056468
2025-04-18 23:25:49,798,level_complete,5591,5,295060,0,2235428,2087448,88,4056916
2025-04-18 23:25:51,798,level_complete,5592,6,295117,0,2235858,2087717,62,4057926
2025-04-18 23:25:53,798,training_run_ep 314500,-,7,295145,0,2236091,2087881,0,4058633
2025-04-18 23:25:53,798,level_complete,5593,7,295155,0,2236191,2087939,69,4059031
2025-04-18 23:25:53,798,game_complete,-,8,295155,0,2236191,2087939,69,4059031
2025-04-18 23:25:56,799,level_complete,5594,1,295203,0,2236539,2088282,34,4059445
2025-04-18 23:25:56,799,level_complete,5595,2,295205,0,2236573,2088322,63,4059512
2025-04-18 23:25:57,799,level_complete,5596,3,295210,0,2236668,2088373,87,4059839
2025-04-18 23:25:57,799,level_complete,5597,4,295217,0,2236745,2088435,49,4059968
2025-04-18 23:25:58,799,level_complete,5598,5,295229,0,2236891,2088522,54,4060262
2025-04-18 23:25:59,799,level_complete,5599,6,295263,0,2237280,2088767,60,4061218
2025-04-18 23:26:00,799,level_complete,5600,7,295269,0,2237320,2088790,160,4061388
2025-04-18 23:26:00,799,game_complete,-,8,295269,0,2237320,2088790,160,4061388
2025-04-18 23:26:03,800,level_complete,5601,1,295324,0,2237718,2089171,32,4061858
2025-04-18 23:26:05,800,level_complete,5602,2,295355,0,2238026,2089434,72,4062390
2025-04-18 23:26:05,800,level_complete,5603,3,295358,0,2238108,2089472,214,4062814
2025-04-18 23:26:05,800,level_complete,5604,4,295363,0,2238168,2089522,38,4062894
2025-04-18 23:26:06,800,level_complete,5605,5,295380,0,2238403,2089657,139,4063573
2025-04-18 23:26:06,800,level_complete,5606,6,295381,0,2238433,2089669,140,4063713
2025-04-18 23:26:07,800,level_complete,5607,7,295406,0,2238729,2089859,65,4064466
2025-04-18 23:26:07,800,game_complete,-,8,295406,0,2238729,2089859,65,4064466
2025-04-18 23:26:20,801,training_run_ep 315000,-,1,295645,0,2240205,2091288,0,4066196
2025-04-18 23:26:46,801,training_run_ep 315500,-,1,296145,0,2243343,2094294,0,4069840
2025-04-18 23:27:06,801,training_run_ep 316000,-,1,296645,0,2245716,2096536,0,4072593
2025-04-18 23:27:27,801,training_run_ep 316500,-,1,297145,0,2248299,2099005,0,4075579
2025-04-18 23:27:52,801,training_run_ep 317000,-,1,297645,0,2251326,2101974,0,4079038
2025-04-18 23:28:03,801,level_complete,5608,1,297830,0,2252619,2103237,33,4080565
2025-04-18 23:28:04,801,level_complete,5609,2,297845,0,2252782,2103372,44,4080790
2025-04-18 23:28:04,801,level_complete,5610,3,297849,0,2252859,2103410,131,4081041
2025-04-18 23:28:09,801,level_complete,5611,4,297928,0,2253658,2104188,35,4082198
2025-04-18 23:28:10,801,level_complete,5612,5,297938,0,2253798,2104264,89,4082601
2025-04-18 23:28:12,801,level_complete,5613,6,297981,0,2254266,2104611,128,4083810
2025-04-18 23:28:13,801,level_complete,5614,7,297985,0,2254358,2104693,68,4084113
2025-04-18 23:28:13,801,game_complete,-,8,297985,0,2254358,2104693,68,4084113
2025-04-18 23:28:17,802,level_complete,5615,1,298015,0,2254843,2105285,35,4084665
2025-04-18 23:28:19,802,level_complete,5616,2,298026,0,2255066,2105509,37,4085089
2025-04-18 23:28:19,802,level_complete,5617,3,298028,0,2255104,2105548,79,4085177
2025-04-18 23:28:19,802,level_complete,5618,4,298029,0,2255129,2105573,34,4085211
2025-04-18 23:28:19,802,level_complete,5619,5,298030,0,2255159,2105591,62,4085273
2025-04-18 23:28:20,802,level_complete,5620,6,298037,0,2255279,2105674,85,4085588
2025-04-18 23:28:20,802,level_complete,5621,7,298040,0,2255320,2105695,72,4085681
2025-04-18 23:28:20,802,game_complete,-,8,298040,0,2255320,2105695,72,4085681
2025-04-18 23:28:21,803,level_complete,5622,1,298050,0,2255452,2105832,39,4085843
2025-04-18 23:28:22,803,level_complete,5623,2,298055,0,2255563,2105940,39,4086027
2025-04-18 23:28:22,803,level_complete,5624,3,298056,0,2255593,2105972,45,4086072
2025-04-18 23:28:22,803,level_complete,5625,4,298057,0,2255618,2106000,42,4086114
2025-04-18 23:28:22,803,level_complete,5626,5,298060,0,2255663,2106034,66,4086224
2025-04-18 23:28:22,803,level_complete,5627,6,298062,0,2255717,2106057,196,4086489
2025-04-18 23:28:23,803,level_complete,5628,7,298071,0,2255838,2106156,112,4086883
2025-04-18 23:28:23,803,game_complete,-,8,298071,0,2255838,2106156,112,4086883
2025-04-18 23:28:24,804,level_complete,5629,1,298078,0,2255928,2106243,38,4086994
2025-04-18 23:28:26,804,level_complete,5630,2,298103,0,2256246,2106476,54,4087559
2025-04-18 23:28:26,804,level_complete,5631,3,298108,0,2256328,2106538,111,4087782
2025-04-18 23:28:27,804,level_complete,5632,4,298121,0,2256508,2106701,49,4088043
2025-04-18 23:28:28,804,level_complete,5633,5,298130,0,2256640,2106785,62,4088324
2025-04-18 23:28:28,804,level_complete,5634,6,298133,0,2256687,2106828,63,4088405
2025-04-18 23:28:28,804,level_complete,5635,7,298135,0,2256739,2106871,65,4088534
2025-04-18 23:28:28,804,game_complete,-,8,298135,0,2256739,2106871,65,4088534
2025-04-18 23:28:30,805,training_run_ep 317500,-,1,298145,0,2256848,2106991,0,4088658
2025-04-18 23:28:34,805,level_complete,5636,1,298172,0,2257200,2107420,35,4089091
2025-04-18 23:28:38,805,level_complete,5637,2,298211,0,2257738,2107931,32,4089978
2025-04-18 23:28:38,805,level_complete,5638,3,298215,0,2257844,2107978,92,4090357
2025-04-18 23:28:38,805,level_complete,5639,4,298216,0,2257869,2108021,33,4090390
2025-04-18 23:28:38,805,level_complete,5640,5,298217,0,2257899,2108048,86,4090476
2025-04-18 23:28:39,805,level_complete,5641,6,298223,0,2257995,2108100,58,4090774
2025-04-18 23:28:39,805,level_complete,5642,7,298224,0,2258025,2108133,67,4090841
2025-04-18 23:28:39,805,game_complete,-,8,298224,0,2258025,2108133,67,4090841
2025-04-18 23:28:40,806,level_complete,5643,1,298244,0,2258208,2108324,41,4091064
2025-04-18 23:28:41,806,level_complete,5644,2,298247,0,2258265,2108384,42,4091147
2025-04-18 23:28:41,806,level_complete,5645,3,298248,0,2258295,2108416,63,4091210
2025-04-18 23:28:41,806,level_complete,5646,4,298251,0,2258330,2108440,56,4091286
2025-04-18 23:28:42,806,level_complete,5647,5,298254,0,2258408,2108512,79,4091455
2025-04-18 23:28:42,806,level_complete,5648,6,298256,0,2258439,2108539,64,4091520
2025-04-18 23:28:43,806,level_complete,5649,7,298269,0,2258646,2108700,107,4092023
2025-04-18 23:28:43,806,game_complete,-,8,298269,0,2258646,2108700,107,4092023
2025-04-18 23:28:44,807,level_complete,5650,1,298279,0,2258768,2108823,31,4092161
2025-04-18 23:28:44,807,level_complete,5651,2,298282,0,2258835,2108894,90,4092308
2025-04-18 23:28:45,807,level_complete,5652,3,298297,0,2259065,2109033,80,4092990
2025-04-18 23:28:46,807,level_complete,5653,4,298302,0,2259100,2109070,31,4093038
2025-04-18 23:28:46,807,level_complete,5654,5,298309,0,2259242,2109137,86,4093418
2025-04-18 23:28:46,807,level_complete,5655,6,298310,0,2259272,2109161,71,4093489
2025-04-18 23:28:51,807,level_complete,5656,7,298355,0,2259853,2109797,128,4095338
2025-04-18 23:28:51,807,game_complete,-,8,298355,0,2259853,2109797,128,4095338
2025-04-18 23:28:55,808,level_complete,5657,1,298402,0,2260384,2110382,35,4095991
2025-04-18 23:29:00,808,level_complete,5658,2,298479,0,2261271,2111103,50,4097523
2025-04-18 23:29:01,808,level_complete,5659,3,298480,0,2261301,2111120,197,4097720
2025-04-18 23:29:01,808,level_complete,5660,4,298486,0,2261375,2111223,39,4097826
2025-04-18 23:29:02,808,level_complete,5661,5,298489,0,2261436,2111261,90,4097995
2025-04-18 23:29:02,808,level_complete,5662,6,298495,0,2261515,2111317,42,4098174
2025-04-18 23:29:03,808,level_complete,5663,7,298513,0,2261724,2111460,51,4098702
2025-04-18 23:29:03,808,game_complete,-,8,298513,0,2261724,2111460,51,4098702
2025-04-18 23:29:05,809,level_complete,5664,1,298537,0,2261947,2111713,38,4098978
2025-04-18 23:29:06,809,level_complete,5665,2,298548,0,2262119,2111873,38,4099272
2025-04-18 23:29:06,809,level_complete,5666,3,298550,0,2262171,2111897,84,4099459
2025-04-18 23:29:07,809,level_complete,5667,4,298555,0,2262236,2111950,42,4099560
2025-04-18 23:29:07,809,level_complete,5668,5,298560,0,2262293,2111992,97,4099778
2025-04-18 23:29:08,809,level_complete,5669,6,298573,0,2262558,2112168,155,4100641
2025-04-18 23:29:09,809,level_complete,5670,7,298578,0,2262655,2112220,57,4100924
2025-04-18 23:29:09,809,game_complete,-,8,298578,0,2262655,2112220,57,4100924
2025-04-18 23:29:17,810,training_run_ep 318000,-,1,298645,0,2263480,2113087,0,4101925
2025-04-18 23:29:18,810,level_complete,5671,1,298660,0,2263701,2113298,40,4102191
2025-04-18 23:29:19,810,level_complete,5672,2,298670,0,2263849,2113418,85,4102456
2025-04-18 23:29:20,810,level_complete,5673,3,298684,0,2264061,2113528,81,4103114
2025-04-18 23:29:20,810,level_complete,5674,4,298688,0,2264100,2113568,31,4103170
2025-04-18 23:29:21,810,level_complete,5675,5,298689,0,2264130,2113604,47,4103217
2025-04-18 23:29:21,810,level_complete,5676,6,298693,0,2264210,2113686,33,4103423
2025-04-18 23:29:21,810,level_complete,5677,7,298698,0,2264275,2113741,66,4103542
2025-04-18 23:29:21,810,game_complete,-,8,298698,0,2264275,2113741,66,4103542
2025-04-18 23:29:23,811,level_complete,5678,1,298707,0,2264390,2113920,33,4103674
2025-04-18 23:29:24,811,level_complete,5679,2,298712,0,2264503,2114024,57,4103893
2025-04-18 23:29:25,811,level_complete,5680,3,298724,0,2264688,2114186,154,4104495
2025-04-18 23:29:25,811,level_complete,5681,4,298727,0,2264746,2114245,31,4104572
2025-04-18 23:29:26,811,level_complete,5682,5,298734,0,2264872,2114331,135,4104964
2025-04-18 23:29:26,811,level_complete,5683,6,298737,0,2264919,2114376,39,4105028
2025-04-18 23:29:27,811,level_complete,5684,7,298747,0,2265064,2114465,176,4105587
2025-04-18 23:29:27,811,game_complete,-,8,298747,0,2265064,2114465,176,4105587
2025-04-18 23:29:32,812,level_complete,5685,1,298803,0,2265706,2115157,37,4106358
2025-04-18 23:29:33,812,level_complete,5686,2,298804,0,2265736,2115231,43,4106401
2025-04-18 23:29:33,812,level_complete,5687,3,298806,0,2265777,2115255,113,4106531
2025-04-18 23:29:33,812,level_complete,5688,4,298807,0,2265802,2115283,33,4106564
2025-04-18 23:29:33,812,level_complete,5689,5,298809,0,2265841,2115314,65,4106650
2025-04-18 23:29:34,812,level_complete,5690,6,298810,0,2265871,2115342,52,4106702
2025-04-18 23:29:34,812,level_complete,5691,7,298817,0,2266012,2115464,64,4106980
2025-04-18 23:29:34,812,game_complete,-,8,298817,0,2266012,2115464,64,4106980
2025-04-18 23:29:39,813,level_complete,5692,1,298882,0,2266537,2116096,45,4107616
2025-04-18 23:29:43,813,level_complete,5693,2,298930,0,2267074,2116564,37,4108431
2025-04-18 23:29:43,813,level_complete,5694,3,298936,0,2267148,2116595,71,4108664
2025-04-18 23:29:49,813,level_complete,5695,4,299075,0,2268027,2117340,38,4109963
2025-04-18 23:29:49,813,level_complete,5696,5,299082,0,2268102,2117387,58,4110145
2025-04-18 23:29:50,813,level_complete,5697,6,299103,0,2268329,2117535,57,4110596
2025-04-18 23:29:51,813,level_complete,5698,7,299124,0,2268558,2117670,138,4111638
2025-04-18 23:29:51,813,game_complete,-,8,299124,0,2268558,2117670,138,4111638
2025-04-18 23:29:54,814,training_run_ep 318500,-,1,299145,0,2268720,2117825,0,4111828
2025-04-18 23:29:55,814,level_complete,5699,1,299167,0,2268872,2117961,48,4112011
2025-04-18 23:29:57,814,level_complete,5700,2,299202,0,2269236,2118294,36,4112525
2025-04-18 23:29:58,814,level_complete,5701,3,299205,0,2269291,2118332,43,4112692
2025-04-18 23:29:58,814,level_complete,5702,4,299213,0,2269371,2118399,34,4112806
2025-04-18 23:30:00,814,level_complete,5703,5,299231,0,2269595,2118624,58,4113310
2025-04-18 23:30:00,814,level_complete,5704,6,299232,0,2269625,2118642,55,4113365
2025-04-18 23:30:01,814,level_complete,5705,7,299247,0,2269875,2118863,184,4114091
2025-04-18 23:30:01,814,game_complete,-,8,299247,0,2269875,2118863,184,4114091
2025-04-18 23:30:07,815,level_complete,5706,1,299324,0,2270589,2119608,35,4114915
2025-04-18 23:30:08,815,level_complete,5707,2,299339,0,2270746,2119739,34,4115213
2025-04-18 23:30:08,815,level_complete,5708,3,299342,0,2270804,2119765,113,4115401
2025-04-18 23:30:09,815,level_complete,5709,4,299361,0,2270937,2119859,70,4115662
2025-04-18 23:30:09,815,level_complete,5710,5,299363,0,2270990,2119884,104,4115883
2025-04-18 23:30:11,815,level_complete,5711,6,299394,0,2271424,2120160,46,4116941
2025-04-18 23:30:12,815,level_complete,5712,7,299405,0,2271552,2120251,134,4117237
2025-04-18 23:30:12,815,game_complete,-,8,299405,0,2271552,2120251,134,4117237
2025-04-18 23:30:25,816,level_complete,5713,1,299605,0,2273114,2121786,35,4119072
2025-04-18 23:30:27,816,level_complete,5714,2,299620,0,2273294,2121962,47,4119367
2025-04-18 23:30:27,816,level_complete,5715,3,299630,0,2273395,2122008,66,4119659
2025-04-18 23:30:29,816,training_run_ep 319000,-,4,299645,0,2273497,2122103,0,4119815
2025-04-18 23:30:30,816,level_complete,5716,4,299664,0,2273677,2122240,51,4120079
2025-04-18 23:30:32,816,level_complete,5717,5,299701,0,2274098,2122490,83,4121295
2025-04-18 23:30:32,816,level_complete,5718,6,299703,0,2274152,2122534,95,4121451
2025-04-18 23:30:33,816,level_complete,5719,7,299727,0,2274466,2122724,151,4122493
2025-04-18 23:30:33,816,game_complete,-,8,299727,0,2274466,2122724,151,4122493
2025-04-18 23:30:38,817,level_complete,5720,1,299801,0,2274928,2123264,33,4123023
2025-04-18 23:31:10,817,training_run_ep 319500,-,2,300145,0,2277062,2127180,0,4126567
2025-04-18 23:31:17,817,level_complete,5721,2,300293,0,2278131,2128062,36,4128310
2025-04-18 23:31:18,817,level_complete,5722,3,300304,0,2278284,2128151,50,4128673
2025-04-18 23:31:18,817,level_complete,5723,4,300306,0,2278309,2128170,82,4128755
2025-04-18 23:31:20,817,level_complete,5724,5,300348,0,2278826,2128468,53,4130398
2025-04-18 23:31:20,817,level_complete,5725,6,300358,0,2278907,2128511,57,4130552
2025-04-18 23:31:27,817,level_complete,5726,7,300473,0,2280215,2129528,45,4133839
2025-04-18 23:31:27,817,game_complete,-,8,300473,0,2280215,2129528,45,4133839
2025-04-18 23:31:37,818,training_run_ep 320000,-,1,300645,0,2281361,2130607,0,4135202
2025-04-18 23:31:43,818,level_complete,5727,1,300733,0,2282058,2131387,44,4135986
2025-04-18 23:31:52,818,level_complete,5728,2,300890,0,2283397,2132541,87,4138161
2025-04-18 23:31:52,818,level_complete,5729,3,300896,0,2283474,2132595,44,4138346
2025-04-18 23:31:53,818,level_complete,5730,4,300908,0,2283620,2132729,39,4138552
2025-04-18 23:31:53,818,level_complete,5731,5,300909,0,2283650,2132764,61,4138613
2025-04-18 23:31:54,818,level_complete,5732,6,300923,0,2283804,2132884,74,4138989
2025-04-18 23:31:57,818,level_complete,5733,7,300987,0,2284491,2133375,65,4141243
2025-04-18 23:31:57,818,game_complete,-,8,300987,0,2284491,2133375,65,4141243
2025-04-18 23:32:06,819,level_complete,5734,1,301138,0,2285666,2134490,34,4142632
2025-04-18 23:32:08,819,training_run_ep 320500,-,2,301145,0,2285747,2134564,0,4142740
2025-04-18 23:32:12,819,level_complete,5735,2,301229,0,2286435,2135137,34,4143786
2025-04-18 23:32:14,819,level_complete,5736,3,301274,0,2286931,2135398,84,4145450
2025-04-18 23:32:17,819,level_complete,5737,4,301360,0,2287423,2135797,37,4146176
2025-04-18 23:32:17,819,level_complete,5738,5,301369,0,2287504,2135841,107,4146418
2025-04-18 23:32:18,819,level_complete,5739,6,301388,0,2287726,2135970,93,4146987
2025-04-18 23:32:23,819,level_complete,5740,7,301488,0,2288764,2136665,193,4150094
2025-04-18 23:32:23,819,game_complete,-,8,301488,0,2288764,2136665,193,4150094
2025-04-18 23:32:24,820,level_complete,5741,1,301507,0,2288930,2136842,37,4150285
2025-04-18 23:32:29,820,level_complete,5742,2,301597,0,2289636,2137479,43,4151507
2025-04-18 23:32:30,820,level_complete,5743,3,301617,0,2289817,2137591,84,4151902
2025-04-18 23:32:31,820,level_complete,5744,4,301637,0,2289990,2137729,39,4152151
2025-04-18 23:32:31,820,level_complete,5745,5,301645,0,2290149,2137829,48,4152545
2025-04-18 23:32:33,820,training_run_ep 321000,-,6,301645,0,2290149,2137829,48,4152545
2025-04-18 23:32:39,820,level_complete,5746,6,301803,0,2291498,2138756,76,4155821
2025-04-18 23:32:40,820,level_complete,5747,7,301816,0,2291648,2138864,101,4156239
2025-04-18 23:32:40,820,game_complete,-,8,301816,0,2291648,2138864,101,4156239
2025-04-18 23:32:48,821,level_complete,5748,1,301956,0,2292777,2139983,33,4157571
2025-04-18 23:32:51,821,level_complete,5749,2,301984,0,2293125,2140311,41,4158142
2025-04-18 23:32:51,821,level_complete,5750,3,301987,0,2293176,2140346,69,4158253
2025-04-18 23:32:53,821,level_complete,5751,4,302031,0,2293545,2140655,31,4158788
2025-04-18 23:32:55,821,level_complete,5752,5,302064,0,2294041,2140950,55,4160135
2025-04-18 23:32:56,821,level_complete,5753,6,302065,0,2294071,2140973,97,4160232
2025-04-18 23:32:56,821,level_complete,5754,7,302069,0,2294159,2141018,117,4160657
2025-04-18 23:32:56,821,game_complete,-,8,302069,0,2294159,2141018,117,4160657
2025-04-18 23:32:58,822,level_complete,5755,1,302087,0,2294361,2141354,37,4160895
2025-04-18 23:32:59,822,level_complete,5756,2,302093,0,2294439,2141471,87,4161062
2025-04-18 23:33:00,822,level_complete,5757,3,302096,0,2294512,2141504,195,4161363
2025-04-18 23:33:04,822,training_run_ep 321500,-,4,302145,0,2294946,2141906,0,4161973
2025-04-18 23:33:05,822,level_complete,5758,4,302173,0,2295213,2142120,32,4162375
2025-04-18 23:33:05,822,level_complete,5759,5,302174,0,2295243,2142141,63,4162438
2025-04-18 23:33:06,822,level_complete,5760,6,302179,0,2295323,2142196,57,4162626
2025-04-18 23:33:07,822,level_complete,5761,7,302201,0,2295658,2142443,168,4163841
2025-04-18 23:33:07,822,game_complete,-,8,302201,0,2295658,2142443,168,4163841
2025-04-18 23:33:10,823,level_complete,5762,1,302227,0,2295939,2142782,35,4164151
2025-04-18 23:33:10,823,level_complete,5763,2,302228,0,2295969,2142829,45,4164196
2025-04-18 23:33:11,823,level_complete,5764,3,302238,0,2296101,2142946,55,4164501
2025-04-18 23:33:13,823,level_complete,5765,4,302257,0,2296326,2143165,41,4164817
2025-04-18 23:33:13,823,level_complete,5766,5,302259,0,2296380,2143198,55,4164946
2025-04-18 23:33:14,823,level_complete,5767,6,302266,0,2296502,2143284,76,4165249
2025-04-18 23:33:14,823,level_complete,5768,7,302269,0,2296558,2143332,171,4165469
2025-04-18 23:33:14,823,game_complete,-,8,302269,0,2296558,2143332,171,4165469
2025-04-18 23:33:18,824,level_complete,5769,1,302321,0,2297083,2143880,40,4166081
2025-04-18 23:33:20,824,level_complete,5770,2,302340,0,2297274,2144074,57,4166355
2025-04-18 23:33:20,824,level_complete,5771,3,302345,0,2297355,2144132,54,4166489
2025-04-18 23:33:20,824,level_complete,5772,4,302346,0,2297380,2144164,34,4166523
2025-04-18 23:33:21,824,level_complete,5773,5,302354,0,2297547,2144299,61,4166968
2025-04-18 23:33:21,824,level_complete,5774,6,302356,0,2297601,2144339,84,4167107
2025-04-18 23:33:22,824,level_complete,5775,7,302358,0,2297659,2144392,50,4167210
2025-04-18 23:33:22,824,game_complete,-,8,302358,0,2297659,2144392,50,4167210
2025-04-18 23:33:22,825,level_complete,5776,1,302360,0,2297706,2144442,45,4167273
2025-04-18 23:33:23,825,level_complete,5777,2,302375,0,2297854,2144574,81,4167582
2025-04-18 23:33:23,825,level_complete,5778,3,302377,0,2297913,2144600,158,4167879
2025-04-18 23:33:23,825,level_complete,5779,4,302378,0,2297938,2144623,28,4167907
2025-04-18 23:33:24,825,level_complete,5780,5,302380,0,2297968,2144643,112,4168019
2025-04-18 23:33:24,825,level_complete,5781,6,302381,0,2297998,2144661,100,4168119
2025-04-18 23:33:25,825,level_complete,5782,7,302400,0,2298220,2144802,63,4168933
2025-04-18 23:33:25,825,game_complete,-,8,302400,0,2298220,2144802,63,4168933
2025-04-18 23:33:26,826,level_complete,5783,1,302410,0,2298341,2144934,34,4169072
2025-04-18 23:33:27,826,level_complete,5784,2,302417,0,2298472,2145059,55,4169299
2025-04-18 23:33:27,826,level_complete,5785,3,302418,0,2298502,2145080,92,4169391
2025-04-18 23:33:27,826,level_complete,5786,4,302420,0,2298541,2145124,33,4169441
2025-04-18 23:33:28,826,level_complete,5787,5,302425,0,2298658,2145213,74,4169704
2025-04-18 23:33:28,826,level_complete,5788,6,302437,0,2298773,2145303,64,4169932
2025-04-18 23:33:30,826,level_complete,5789,7,302449,0,2299042,2145491,77,4170980
2025-04-18 23:33:30,826,game_complete,-,8,302449,0,2299042,2145491,77,4170980
2025-04-18 23:33:32,827,level_complete,5790,1,302466,0,2299321,2145807,43,4171337
2025-04-18 23:33:33,827,level_complete,5791,2,302487,0,2299505,2145974,36,4171590
2025-04-18 23:33:33,827,level_complete,5792,3,302489,0,2299543,2145999,77,4171681
2025-04-18 23:33:34,827,level_complete,5793,4,302492,0,2299592,2146038,41,4171754
2025-04-18 23:33:34,827,level_complete,5794,5,302494,0,2299629,2146075,54,4171815
2025-04-18 23:33:34,827,level_complete,5795,6,302496,0,2299688,2146120,49,4171938
2025-04-18 23:33:34,827,level_complete,5796,7,302499,0,2299756,2146164,64,4172096
2025-04-18 23:33:34,827,game_complete,-,8,302499,0,2299756,2146164,64,4172096
2025-04-18 23:33:36,828,level_complete,5797,1,302510,0,2299950,2146377,32,4172320
2025-04-18 23:33:36,828,level_complete,5798,2,302511,0,2299980,2146409,41,4172361
2025-04-18 23:33:37,828,level_complete,5799,3,302512,0,2300010,2146466,46,4172407
2025-04-18 23:33:37,828,level_complete,5800,4,302513,0,2300035,2146507,28,4172435
2025-04-18 23:33:38,828,level_complete,5801,5,302521,0,2300195,2146613,146,4172908
2025-04-18 23:33:38,828,level_complete,5802,6,302525,0,2300276,2146676,61,4173056
2025-04-18 23:33:39,828,level_complete,5803,7,302535,0,2300396,2146803,75,4173319
2025-04-18 23:33:39,828,game_complete,-,8,302535,0,2300396,2146803,75,4173319
2025-04-18 23:33:48,829,training_run_ep 322000,-,1,302645,0,2301380,2147758,0,4174483
2025-04-18 23:33:49,829,level_complete,5804,1,302662,0,2301551,2147925,39,4174694
2025-04-18 23:33:51,829,level_complete,5805,2,302683,0,2301840,2148210,39,4175209
2025-04-18 23:33:51,829,level_complete,5806,3,302685,0,2301871,2148224,142,4175352
2025-04-18 23:33:52,829,level_complete,5807,4,302701,0,2302048,2148384,30,4175601
2025-04-18 23:33:54,829,level_complete,5808,5,302716,0,2302287,2148568,124,4176165
2025-04-18 23:33:54,829,level_complete,5809,6,302719,0,2302361,2148612,100,4176468
2025-04-18 23:33:54,829,level_complete,5810,7,302720,0,2302391,2148624,121,4176589
2025-04-18 23:33:54,829,game_complete,-,8,302720,0,2302391,2148624,121,4176589
2025-04-18 23:33:55,830,level_complete,5811,1,302727,0,2302449,2148695,31,4176648
2025-04-18 23:33:56,830,level_complete,5812,2,302739,0,2302698,2148926,43,4177045
2025-04-18 23:33:57,830,level_complete,5813,3,302745,0,2302790,2148965,115,4177324
2025-04-18 23:33:57,830,level_complete,5814,4,302752,0,2302889,2149049,56,4177484
2025-04-18 23:33:59,830,level_complete,5815,5,302772,0,2303153,2149242,71,4178112
2025-04-18 23:33:59,830,level_complete,5816,6,302776,0,2303216,2149281,74,4178264
2025-04-18 23:34:00,830,level_complete,5817,7,302792,0,2303424,2149409,47,4179122
2025-04-18 23:34:00,830,game_complete,-,8,302792,0,2303424,2149409,47,4179122
2025-04-18 23:34:06,831,level_complete,5818,1,302872,0,2304167,2150187,35,4180008
2025-04-18 23:34:08,831,level_complete,5819,2,302918,0,2304505,2150474,44,4180544
2025-04-18 23:34:08,831,level_complete,5820,3,302926,0,2304610,2150560,79,4180808
2025-04-18 23:34:09,831,level_complete,5821,4,302935,0,2304716,2150656,37,4180970
2025-04-18 23:34:10,831,level_complete,5822,5,302949,0,2304939,2150808,68,4181740
2025-04-18 23:34:10,831,level_complete,5823,6,302950,0,2304969,2150826,144,4181884
2025-04-18 23:34:13,831,level_complete,5824,7,302989,0,2305525,2151221,54,4183522
2025-04-18 23:34:13,831,game_complete,-,8,302989,0,2305525,2151221,54,4183522
2025-04-18 23:34:14,832,level_complete,5825,1,302991,0,2305579,2151302,44,4183593
2025-04-18 23:34:17,832,level_complete,5826,2,303026,0,2306061,2151733,65,4184437
2025-04-18 23:34:17,832,level_complete,5827,3,303034,0,2306124,2151768,94,4184584
2025-04-18 23:34:20,832,level_complete,5828,4,303094,0,2306624,2152182,30,4185333
2025-04-18 23:34:20,832,level_complete,5829,5,303095,0,2306654,2152199,102,4185435
2025-04-18 23:34:20,832,level_complete,5830,6,303105,0,2306755,2152270,70,4185625
2025-04-18 23:34:21,832,level_complete,5831,7,303115,0,2306880,2152358,69,4186025
2025-04-18 23:34:21,832,game_complete,-,8,303115,0,2306880,2152358,69,4186025
2025-04-18 23:34:24,833,training_run_ep 322500,-,1,303145,0,2307058,2152523,0,4186243
2025-04-18 23:34:42,833,level_complete,5832,1,303466,0,2309341,2154747,35,4188907
2025-04-18 23:34:50,833,training_run_ep 323000,-,2,303645,0,2310570,2155729,0,4190902
2025-04-18 23:35:04,833,level_complete,5833,2,304090,0,2312783,2157534,74,4194415
2025-04-18 23:35:06,833,level_complete,5834,3,304139,0,2313300,2157824,120,4196194
2025-04-18 23:35:08,833,training_run_ep 323500,-,4,304145,0,2313344,2157857,0,4196251
2025-04-18 23:35:14,833,level_complete,5835,4,304410,0,2314383,2158727,42,4197725
2025-04-18 23:35:15,833,level_complete,5836,5,304419,0,2314481,2158777,121,4198083
2025-04-18 23:35:16,833,level_complete,5837,6,304434,0,2314685,2158896,94,4198690
2025-04-18 23:35:16,833,level_complete,5838,7,304449,0,2314824,2159020,65,4199189
2025-04-18 23:35:16,833,game_complete,-,8,304449,0,2314824,2159020,65,4199189
2025-04-18 23:35:18,834,level_complete,5839,1,304479,0,2315079,2159264,41,4199512
2025-04-18 23:35:20,834,level_complete,5840,2,304535,0,2315461,2159533,65,4200265
2025-04-18 23:35:21,834,level_complete,5841,3,304545,0,2315601,2159581,115,4200819
2025-04-18 23:35:22,834,level_complete,5842,4,304580,0,2315791,2159758,41,4201121
2025-04-18 23:35:26,834,training_run_ep 324000,-,5,304645,0,2316460,2160144,0,4202812
2025-04-18 23:35:27,834,level_complete,5843,5,304668,0,2316686,2160270,48,4203370
2025-04-18 23:35:27,834,level_complete,5844,6,304679,0,2316756,2160311,88,4203582
2025-04-18 23:35:30,834,level_complete,5845,7,304734,0,2317286,2160717,89,4205130
2025-04-18 23:35:30,834,game_complete,-,8,304734,0,2317286,2160717,89,4205130
2025-04-18 23:35:35,835,level_complete,5846,1,304800,0,2317867,2161365,34,4205812
2025-04-18 23:35:36,835,level_complete,5847,2,304806,0,2317978,2161489,45,4205991
2025-04-18 23:35:36,835,level_complete,5848,3,304821,0,2318156,2161590,60,4206632
2025-04-18 23:35:37,835,level_complete,5849,4,304825,0,2318200,2161638,27,4206680
2025-04-18 23:35:37,835,level_complete,5850,5,304827,0,2318244,2161675,69,4206767
2025-04-18 23:35:37,835,level_complete,5851,6,304832,0,2318317,2161726,56,4206910
2025-04-18 23:35:38,835,level_complete,5852,7,304835,0,2318369,2161761,64,4207008
2025-04-18 23:35:38,835,game_complete,-,8,304835,0,2318369,2161761,64,4207008
2025-04-18 23:35:51,836,level_complete,5853,1,305022,0,2320040,2163486,43,4209012
2025-04-18 23:35:53,836,level_complete,5854,2,305035,0,2320226,2163696,53,4209306
2025-04-18 23:35:55,836,level_complete,5855,3,305078,0,2320793,2164076,80,4211030
2025-04-18 23:35:56,836,level_complete,5856,4,305085,0,2320897,2164193,33,4211169
2025-04-18 23:35:57,836,level_complete,5857,5,305091,0,2321001,2164266,45,4211405
2025-04-18 23:35:57,836,level_complete,5858,6,305097,0,2321098,2164358,39,4211560
2025-04-18 23:35:58,836,level_complete,5859,7,305110,0,2321319,2164526,77,4212288
2025-04-18 23:35:58,836,game_complete,-,8,305110,0,2321319,2164526,77,4212288
2025-04-18 23:36:02,837,training_run_ep 324500,-,1,305145,0,2321566,2164773,0,4212559
2025-04-18 23:36:14,837,level_complete,5860,1,305320,0,2323123,2166357,35,4214386
2025-04-18 23:36:16,837,level_complete,5861,2,305356,0,2323496,2166656,44,4215018
2025-04-18 23:36:17,837,level_complete,5862,3,305368,0,2323670,2166759,72,4215527
2025-04-18 23:36:17,837,level_complete,5863,4,305369,0,2323695,2166801,32,4215559
2025-04-18 23:36:17,837,level_complete,5864,5,305373,0,2323768,2166844,59,4215709
2025-04-18 23:36:18,837,level_complete,5865,6,305381,0,2323882,2166926,54,4215953
2025-04-18 23:36:18,837,level_complete,5866,7,305382,0,2323912,2166946,57,4216010
2025-04-18 23:36:18,837,game_complete,-,8,305382,0,2323912,2166946,57,4216010
2025-04-18 23:36:19,838,level_complete,5867,1,305387,0,2323967,2167012,38,4216076
2025-04-18 23:36:19,838,level_complete,5868,2,305395,0,2324071,2167093,74,4216301
2025-04-18 23:36:19,838,level_complete,5869,3,305397,0,2324121,2167119,91,4216424
2025-04-18 23:36:20,838,level_complete,5870,4,305398,0,2324146,2167139,40,4216464
2025-04-18 23:36:20,838,level_complete,5871,5,305403,0,2324233,2167210,93,4216663
2025-04-18 23:36:20,838,level_complete,5872,6,305408,0,2324304,2167258,92,4216835
2025-04-18 23:36:21,838,level_complete,5873,7,305411,0,2324348,2167289,112,4216964
2025-04-18 23:36:21,838,game_complete,-,8,305411,0,2324348,2167289,112,4216964
2025-04-18 23:36:21,839,level_complete,5874,1,305417,0,2324401,2167359,33,4217023
2025-04-18 23:36:21,839,level_complete,5875,2,305421,0,2324449,2167404,40,4217096
2025-04-18 23:36:22,839,level_complete,5876,3,305426,0,2324512,2167443,172,4217325
2025-04-18 23:36:22,839,level_complete,5877,4,305430,0,2324597,2167526,38,4217444
2025-04-18 23:36:23,839,level_complete,5878,5,305432,0,2324632,2167567,37,4217487
2025-04-18 23:36:25,839,level_complete,5879,6,305503,0,2325235,2167987,93,4218857
2025-04-18 23:36:26,839,level_complete,5880,7,305516,0,2325337,2168076,144,4219101
2025-04-18 23:36:26,839,game_complete,-,8,305516,0,2325337,2168076,144,4219101
2025-04-18 23:36:27,840,level_complete,5881,1,305532,0,2325486,2168231,34,4219281
2025-04-18 23:36:27,840,level_complete,5882,2,305535,0,2325538,2168282,45,4219353
2025-04-18 23:36:29,840,level_complete,5883,3,305575,0,2325997,2168512,82,4220807
2025-04-18 23:36:32,840,level_complete,5884,4,305617,0,2326300,2168853,43,4221249
2025-04-18 23:36:34,840,training_run_ep 325000,-,5,305645,0,2326548,2169021,0,4221808
2025-04-18 23:36:34,840,level_complete,5885,5,305650,0,2326627,2169070,85,4222035
2025-04-18 23:36:35,840,level_complete,5886,6,305656,0,2326695,2169119,62,4222167
2025-04-18 23:36:35,840,level_complete,5887,7,305662,0,2326785,2169169,166,4222498
2025-04-18 23:36:35,840,game_complete,-,8,305662,0,2326785,2169169,166,4222498
2025-04-18 23:36:46,841,level_complete,5888,1,305834,0,2328177,2170502,36,4224176
2025-04-18 23:36:46,841,level_complete,5889,2,305842,0,2328275,2170612,38,4224302
2025-04-18 23:36:47,841,level_complete,5890,3,305845,0,2328327,2170643,108,4224446
2025-04-18 23:36:47,841,level_complete,5891,4,305848,0,2328384,2170696,50,4224536
2025-04-18 23:36:48,841,level_complete,5892,5,305856,0,2328482,2170768,61,4224780
2025-04-18 23:36:48,841,level_complete,5893,6,305859,0,2328551,2170797,100,4225113
2025-04-18 23:36:48,841,level_complete,5894,7,305866,0,2328661,2170842,89,4225597
2025-04-18 23:36:48,841,game_complete,-,8,305866,0,2328661,2170842,89,4225597
2025-04-18 23:36:55,842,level_complete,5895,1,305971,0,2329503,2171668,37,4226581
2025-04-18 23:36:56,842,level_complete,5896,2,305989,0,2329715,2171875,53,4226955
2025-04-18 23:36:56,842,level_complete,5897,3,305993,0,2329779,2171912,42,4227110
2025-04-18 23:36:59,842,level_complete,5898,4,306058,0,2330235,2172281,61,4227805
2025-04-18 23:36:59,842,level_complete,5899,5,306070,0,2330327,2172343,107,4228047
2025-04-18 23:37:00,842,level_complete,5900,6,306083,0,2330437,2172422,67,4228289
2025-04-18 23:37:00,842,level_complete,5901,7,306085,0,2330468,2172440,78,4228368
2025-04-18 23:37:00,842,game_complete,-,8,306085,0,2330468,2172440,78,4228368
2025-04-18 23:37:05,843,training_run_ep 325500,-,1,306145,0,2330906,2172848,0,4228885
2025-04-18 23:37:12,843,level_complete,5902,1,306300,0,2331833,2173742,34,4229952
2025-04-18 23:37:12,843,level_complete,5903,2,306305,0,2331892,2173798,36,4230029
2025-04-18 23:37:13,843,level_complete,5904,3,306315,0,2332001,2173857,136,4230321
2025-04-18 23:37:14,843,level_complete,5905,4,306343,0,2332216,2174052,41,4230650
2025-04-18 23:37:15,843,level_complete,5906,5,306361,0,2332368,2174125,81,4231183
2025-04-18 23:37:16,843,level_complete,5907,6,306392,0,2332600,2174272,103,4231745
2025-04-18 23:37:18,843,level_complete,5908,7,306466,0,2333043,2174593,128,4232934
2025-04-18 23:37:18,843,game_complete,-,8,306466,0,2333043,2174593,128,4232934
2025-04-18 23:37:28,844,training_run_ep 326000,-,1,306645,0,2334266,2175709,0,4234409
2025-04-18 23:37:38,844,level_complete,5909,1,306828,0,2335631,2177001,34,4236024
2025-04-18 23:37:43,844,level_complete,5910,2,306921,0,2336409,2177612,94,4237412
2025-04-18 23:37:44,844,level_complete,5911,3,306948,0,2336618,2177722,86,4237968
2025-04-18 23:37:47,844,level_complete,5912,4,307022,0,2337099,2178126,36,4238609
2025-04-18 23:37:47,844,level_complete,5913,5,307039,0,2337307,2178245,157,4239212
2025-04-18 23:37:50,844,level_complete,5914,6,307096,0,2337857,2178604,100,4240632
2025-04-18 23:37:50,844,level_complete,5915,7,307114,0,2338016,2178685,49,4241380
2025-04-18 23:37:50,844,game_complete,-,8,307114,0,2338016,2178685,49,4241380
2025-04-18 23:37:53,845,training_run_ep 326500,-,1,307145,0,2338193,2178854,0,4241580
2025-04-18 23:38:15,845,level_complete,5916,1,307611,0,2341172,2181581,44,4245169
2025-04-18 23:38:18,845,training_run_ep 327000,-,2,307645,0,2341350,2181726,0,4245468
2025-04-18 23:38:36,845,level_complete,5917,2,308130,0,2344278,2184114,72,4250206
2025-04-18 23:38:37,845,level_complete,5918,3,308145,0,2344429,2184196,187,4250972
2025-04-18 23:38:38,845,training_run_ep 327500,-,4,308145,0,2344429,2184196,187,4250972
2025-04-18 23:38:39,845,level_complete,5919,4,308160,0,2344531,2184305,63,4251139
2025-04-18 23:38:41,845,level_complete,5920,5,308222,0,2345099,2184633,70,4252772
2025-04-18 23:38:42,845,level_complete,5921,6,308234,0,2345253,2184733,202,4253212
2025-04-18 23:38:43,845,level_complete,5922,7,308267,0,2345539,2184905,156,4254108
2025-04-18 23:38:43,845,game_complete,-,8,308267,0,2345539,2184905,156,4254108
2025-04-18 23:39:01,846,training_run_ep 328000,-,1,308645,0,2347696,2186924,0,4256663
2025-04-18 23:39:15,846,level_complete,5923,1,308900,0,2349489,2188621,37,4258815
2025-04-18 23:39:19,846,level_complete,5924,2,308983,0,2350190,2189152,36,4260132
2025-04-18 23:39:19,846,level_complete,5925,3,308987,0,2350252,2189199,53,4260289
2025-04-18 23:39:21,846,level_complete,5926,4,309046,0,2350667,2189542,32,4260856
2025-04-18 23:39:22,846,level_complete,5927,5,309053,0,2350756,2189585,188,4261207
2025-04-18 23:39:22,846,level_complete,5928,6,309066,0,2350896,2189695,42,4261451
2025-04-18 23:39:27,846,training_run_ep 328500,-,7,309145,0,2351673,2190192,0,4264023
2025-04-18 23:39:34,846,level_complete,5929,7,309362,0,2353416,2191322,261,4269425
2025-04-18 23:39:34,846,game_complete,-,8,309362,0,2353416,2191322,261,4269425
2025-04-18 23:39:45,847,level_complete,5930,1,309614,0,2354880,2192681,34,4271144
2025-04-18 23:39:49,847,training_run_ep 329000,-,2,309645,0,2355206,2192940,0,4271653
2025-04-18 23:39:49,847,level_complete,5931,2,309647,0,2355238,2192971,44,4271699
2025-04-18 23:39:49,847,level_complete,5932,3,309652,0,2355293,2193000,62,4271824
2025-04-18 23:39:51,847,level_complete,5933,4,309691,0,2355615,2193261,35,4272309
2025-04-18 23:39:52,847,level_complete,5934,5,309704,0,2355809,2193387,166,4272892
2025-04-18 23:39:52,847,level_complete,5935,6,309706,0,2355844,2193404,136,4273033
2025-04-18 23:39:54,847,level_complete,5936,7,309759,0,2356275,2193711,187,4274276
2025-04-18 23:39:54,847,game_complete,-,8,309759,0,2356275,2193711,187,4274276
2025-04-18 23:40:16,848,training_run_ep 329500,-,1,310145,0,2358932,2196258,0,4277406
2025-04-18 23:40:23,848,level_complete,5937,1,310254,0,2359842,2197176,34,4278453
2025-04-18 23:40:31,848,level_complete,5938,2,310428,0,2361151,2198203,51,4280549
2025-04-18 23:40:31,848,level_complete,5939,3,310434,0,2361271,2198264,113,4281034
2025-04-18 23:40:32,848,level_complete,5940,4,310455,0,2361408,2198382,40,4281226
2025-04-18 23:40:32,848,level_complete,5941,5,310458,0,2361463,2198420,262,4281530
2025-04-18 23:40:33,848,level_complete,5942,6,310464,0,2361533,2198488,58,4281635
2025-04-18 23:40:35,848,level_complete,5943,7,310499,0,2361875,2198780,67,4282432
2025-04-18 23:40:35,848,game_complete,-,8,310499,0,2361875,2198780,67,4282432
2025-04-18 23:40:39,849,level_complete,5944,1,310607,0,2362494,2199362,40,4283146
2025-04-18 23:40:41,849,level_complete,5945,2,310642,0,2362796,2199594,53,4283769
2025-04-18 23:40:41,849,level_complete,5946,3,310645,0,2362839,2199637,39,4283828
2025-04-18 23:40:43,849,training_run_ep 330000,-,4,310645,0,2362839,2199637,39,4283828
2025-04-18 23:40:44,849,level_complete,5947,4,310665,0,2362993,2199765,49,4284049
2025-04-18 23:40:45,849,level_complete,5948,5,310675,0,2363150,2199882,136,4284512
2025-04-18 23:40:45,849,level_complete,5949,6,310690,0,2363268,2199989,54,4284709
2025-04-18 23:40:46,849,level_complete,5950,7,310704,0,2363464,2200141,241,4285288
2025-04-18 23:40:46,849,game_complete,-,8,310704,0,2363464,2200141,241,4285288
2025-04-18 23:41:08,850,level_complete,5951,1,311142,0,2366261,2202890,33,4288536
2025-04-18 23:41:10,850,training_run_ep 330500,-,2,311145,0,2366281,2202915,0,4288558
2025-04-18 23:41:11,850,level_complete,5952,2,311156,0,2366380,2203002,61,4288730
2025-04-18 23:41:11,850,level_complete,5953,3,311162,0,2366449,2203035,105,4288928
2025-04-18 23:41:15,850,level_complete,5954,4,311241,0,2367052,2203576,33,4289761
2025-04-18 23:41:18,850,level_complete,5955,5,311290,0,2367647,2203985,62,4291260
2025-04-18 23:41:19,850,level_complete,5956,6,311323,0,2367968,2204254,50,4291866
2025-04-18 23:41:20,850,level_complete,5957,7,311327,0,2368017,2204284,134,4292039
2025-04-18 23:41:20,850,game_complete,-,8,311327,0,2368017,2204284,134,4292039
2025-04-18 23:41:21,851,level_complete,5958,1,311352,0,2368224,2204517,36,4292272
2025-04-18 23:41:22,851,level_complete,5959,2,311357,0,2368295,2204579,48,4292380
2025-04-18 23:41:24,851,level_complete,5960,3,311408,0,2368939,2204932,142,4294373
2025-04-18 23:41:29,851,level_complete,5961,4,311516,0,2369719,2205588,50,4295636
2025-04-18 23:41:29,851,level_complete,5962,5,311517,0,2369749,2205607,68,4295704
2025-04-18 23:41:30,851,level_complete,5963,6,311530,0,2369850,2205702,129,4295923
2025-04-18 23:41:30,851,level_complete,5964,7,311547,0,2370023,2205820,142,4296425
2025-04-18 23:41:30,851,game_complete,-,8,311547,0,2370023,2205820,142,4296425
2025-04-18 23:41:32,852,level_complete,5965,1,311562,0,2370162,2205993,34,4296586
2025-04-18 23:41:32,852,level_complete,5966,2,311569,0,2370261,2206084,33,4296715
2025-04-18 23:41:33,852,level_complete,5967,3,311570,0,2370291,2206092,148,4296863
2025-04-18 23:41:33,852,level_complete,5968,4,311572,0,2370317,2206131,35,4296899
2025-04-18 23:41:33,852,level_complete,5969,5,311577,0,2370380,2206200,68,4297035
2025-04-18 23:41:33,852,level_complete,5970,6,311579,0,2370412,2206219,92,4297129
2025-04-18 23:41:34,852,level_complete,5971,7,311592,0,2370534,2206312,161,4297457
2025-04-18 23:41:34,852,game_complete,-,8,311592,0,2370534,2206312,161,4297457
2025-04-18 23:41:37,853,level_complete,5972,1,311637,0,2370892,2206671,35,4297874
2025-04-18 23:41:39,853,training_run_ep 331000,-,2,311645,0,2370971,2206736,0,4298001
2025-04-18 23:41:43,853,level_complete,5973,2,311735,0,2371747,2207351,44,4299346
2025-04-18 23:41:44,853,level_complete,5974,3,311742,0,2371865,2207406,61,4299695
2025-04-18 23:41:44,853,level_complete,5975,4,311754,0,2371931,2207461,36,4299785
2025-04-18 23:41:45,853,level_complete,5976,5,311762,0,2372029,2207525,67,4299993
2025-04-18 23:41:45,853,level_complete,5977,6,311775,0,2372147,2207606,68,4300249
2025-04-18 23:41:46,853,level_complete,5978,7,311788,0,2372329,2207743,163,4300796
2025-04-18 23:41:46,853,game_complete,-,8,311788,0,2372329,2207743,163,4300796
2025-04-18 23:41:55,854,level_complete,5979,1,311910,0,2373522,2208948,37,4302207
2025-04-18 23:41:56,854,level_complete,5980,2,311912,0,2373578,2209009,51,4302333
2025-04-18 23:41:56,854,level_complete,5981,3,311922,0,2373682,2209071,92,4302724
2025-04-18 23:41:57,854,level_complete,5982,4,311928,0,2373746,2209126,31,4302816
2025-04-18 23:41:57,854,level_complete,5983,5,311935,0,2373866,2209210,45,4303191
2025-04-18 23:41:58,854,level_complete,5984,6,311948,0,2374009,2209307,49,4303489
2025-04-18 23:42:01,854,level_complete,5985,7,311999,0,2374551,2209736,53,4304872
2025-04-18 23:42:01,854,game_complete,-,8,311999,0,2374551,2209736,53,4304872
2025-04-18 23:42:02,855,level_complete,5986,1,312007,0,2374649,2209864,33,4304981
2025-04-18 23:42:12,855,training_run_ep 331500,-,2,312145,0,2376052,2211124,0,4307419
2025-04-18 23:42:14,855,level_complete,5987,2,312163,0,2376282,2211281,62,4307878
2025-04-18 23:42:14,855,level_complete,5988,3,312165,0,2376341,2211330,36,4307977
2025-04-18 23:42:15,855,level_complete,5989,4,312190,0,2376578,2211552,38,4308288
2025-04-18 23:42:17,855,level_complete,5990,5,312195,0,2376662,2211747,67,4308468
2025-04-18 23:42:17,855,level_complete,5991,6,312202,0,2376760,2211808,98,4308706
2025-04-18 23:42:22,855,level_complete,5992,7,312284,0,2377626,2212515,50,4310992
2025-04-18 23:42:22,855,game_complete,-,8,312284,0,2377626,2212515,50,4310992
2025-04-18 23:42:25,856,level_complete,5993,1,312312,0,2377979,2212856,36,4311419
2025-04-18 23:42:26,856,level_complete,5994,2,312322,0,2378162,2212987,50,4311858
2025-04-18 23:42:26,856,level_complete,5995,3,312324,0,2378211,2213018,130,4312041
2025-04-18 23:42:27,856,level_complete,5996,4,312340,0,2378420,2213188,38,4312357
2025-04-18 23:42:27,856,level_complete,5997,5,312343,0,2378488,2213241,89,4312535
2025-04-18 23:42:33,856,level_complete,5998,6,312481,0,2379676,2214104,70,4315072
2025-04-18 23:42:35,856,level_complete,5999,7,312528,0,2380193,2214472,92,4316861
2025-04-18 23:42:35,856,game_complete,-,8,312528,0,2380193,2214472,92,4316861
2025-04-18 23:42:41,857,training_run_ep 332000,-,1,312645,0,2380774,2215006,0,4317540
2025-04-18 23:42:52,857,level_complete,6000,1,312923,0,2382144,2216274,38,4319137
2025-04-18 23:42:53,857,level_complete,6001,2,312947,0,2382447,2216498,58,4319697
2025-04-18 23:42:56,857,level_complete,6002,3,313014,0,2383121,2216846,63,4321904
2025-04-18 23:42:57,857,level_complete,6003,4,313053,0,2383409,2217080,58,4322429
2025-04-18 23:42:58,857,level_complete,6004,5,313058,0,2383500,2217156,57,4322615
2025-04-18 23:42:58,857,level_complete,6005,6,313060,0,2383552,2217196,50,4322718
2025-04-18 23:43:01,857,level_complete,6006,7,313109,0,2384082,2217603,81,4324132
2025-04-18 23:43:01,857,game_complete,-,8,313109,0,2384082,2217603,81,4324132
2025-04-18 23:43:03,858,level_complete,6007,1,313139,0,2384335,2217873,34,4324428
2025-04-18 23:43:05,858,training_run_ep 332500,-,2,313145,0,2384378,2217902,0,4324514
2025-04-18 23:43:05,858,level_complete,6008,2,313151,0,2384446,2217978,73,4324645
2025-04-18 23:43:06,858,level_complete,6009,3,313163,0,2384628,2218056,130,4325404
2025-04-18 23:43:06,858,level_complete,6010,4,313174,0,2384742,2218149,39,4325559
2025-04-18 23:43:07,858,level_complete,6011,5,313197,0,2385013,2218275,188,4326614
2025-04-18 23:43:08,858,level_complete,6012,6,313212,0,2385185,2218385,99,4326999
2025-04-18 23:43:12,858,level_complete,6013,7,313359,0,2386175,2219092,90,4329776
2025-04-18 23:43:12,858,game_complete,-,8,313359,0,2386175,2219092,90,4329776
2025-04-18 23:43:18,859,level_complete,6014,1,313446,0,2386807,2219739,34,4330477
2025-04-18 23:43:27,859,training_run_ep 333000,-,2,313645,0,2388124,2220781,0,4332638
2025-04-18 23:43:47,859,training_run_ep 333500,-,2,314145,0,2391138,2223195,0,4337504
2025-04-18 23:44:05,859,training_run_ep 334000,-,2,314645,0,2393882,2225375,0,4342015
2025-04-18 23:44:13,859,level_complete,6015,2,314887,0,2395207,2226442,52,4344095
2025-04-18 23:44:14,859,level_complete,6016,3,314911,0,2395413,2226555,106,4344731
2025-04-18 23:44:21,859,training_run_ep 334500,-,4,315145,0,2396372,2227312,0,4346214
2025-04-18 23:44:27,859,level_complete,6017,4,315385,0,2397358,2228139,42,4347633
2025-04-18 23:44:30,859,level_complete,6018,5,315464,0,2398068,2228570,77,4349425
2025-04-18 23:44:33,859,level_complete,6019,6,315567,0,2398703,2229016,61,4350691
2025-04-18 23:44:38,859,training_run_ep 335000,-,7,315645,0,2399366,2229486,0,4352146
2025-04-18 23:44:39,859,level_complete,6020,7,315688,0,2399694,2229690,171,4353303
2025-04-18 23:44:39,859,game_complete,-,8,315688,0,2399694,2229690,171,4353303
2025-04-18 23:44:42,860,level_complete,6021,1,315765,0,2400026,2230018,35,4353682
2025-04-18 23:44:53,860,level_complete,6022,2,316063,0,2401786,2231463,63,4356499
2025-04-18 23:44:56,860,training_run_ep 335500,-,3,316145,0,2402455,2231792,0,4358819
2025-04-18 23:44:57,860,level_complete,6023,3,316164,0,2402599,2231862,126,4359301
2025-04-18 23:45:02,860,level_complete,6024,4,316327,0,2403374,2232550,46,4360383
2025-04-18 23:45:03,860,level_complete,6025,5,316334,0,2403465,2232627,178,4360779
2025-04-18 23:45:04,860,level_complete,6026,6,316370,0,2403820,2232857,123,4361694
2025-04-18 23:45:06,860,level_complete,6027,7,316401,0,2404134,2233165,78,4362474
2025-04-18 23:45:06,860,game_complete,-,8,316401,0,2404134,2233165,78,4362474
2025-04-18 23:45:14,861,level_complete,6028,1,316517,0,2404981,2234134,39,4363474
2025-04-18 23:45:14,861,level_complete,6029,2,316524,0,2405070,2234196,82,4363668
2025-04-18 23:45:14,861,level_complete,6030,3,316527,0,2405110,2234213,101,4363795
2025-04-18 23:45:15,861,level_complete,6031,4,316530,0,2405169,2234272,40,4363898
2025-04-18 23:45:15,861,level_complete,6032,5,316531,0,2405199,2234320,105,4364003
2025-04-18 23:45:17,861,level_complete,6033,6,316559,0,2405543,2234560,50,4364675
2025-04-18 23:45:22,861,training_run_ep 336000,-,7,316645,0,2406423,2235142,0,4367615
2025-04-18 23:45:23,861,level_complete,6034,7,316661,0,2406578,2235297,93,4368063
2025-04-18 23:45:23,861,game_complete,-,8,316661,0,2406578,2235297,93,4368063
2025-04-18 23:45:33,862,level_complete,6035,1,316889,0,2407881,2236580,33,4369566
2025-04-18 23:45:34,862,level_complete,6036,2,316891,0,2407931,2236640,41,4369641
2025-04-18 23:45:34,862,level_complete,6037,3,316895,0,2408004,2236686,56,4369774
2025-04-18 23:45:34,862,level_complete,6038,4,316896,0,2408029,2236708,31,4369805
2025-04-18 23:45:35,862,level_complete,6039,5,316911,0,2408203,2236812,73,4370293
2025-04-18 23:45:37,862,level_complete,6040,6,316949,0,2408593,2237080,76,4371156
2025-04-18 23:45:38,862,level_complete,6041,7,316971,0,2408886,2237277,79,4371971
2025-04-18 23:45:38,862,game_complete,-,8,316971,0,2408886,2237277,79,4371971
2025-04-18 23:45:39,863,level_complete,6042,1,316979,0,2408966,2237374,37,4372064
2025-04-18 23:45:40,863,level_complete,6043,2,316986,0,2409100,2237482,96,4372365
2025-04-18 23:45:40,863,level_complete,6044,3,316987,0,2409130,2237494,208,4372573
2025-04-18 23:45:41,863,level_complete,6045,4,316997,0,2409263,2237629,60,4372796
2025-04-18 23:45:41,863,level_complete,6046,5,317000,0,2409320,2237658,95,4373028
2025-04-18 23:45:42,863,level_complete,6047,6,317010,0,2409510,2237775,65,4373633
2025-04-18 23:45:43,863,level_complete,6048,7,317037,0,2409765,2237959,152,4374395
2025-04-18 23:45:43,863,game_complete,-,8,317037,0,2409765,2237959,152,4374395
2025-04-18 23:45:47,864,level_complete,6049,1,317087,0,2410337,2238519,38,4375092
2025-04-18 23:45:50,864,level_complete,6050,2,317127,0,2410801,2238912,46,4375795
2025-04-18 23:45:52,864,training_run_ep 336500,-,3,317145,0,2411089,2239043,0,4376936
2025-04-18 23:45:53,864,level_complete,6051,3,317157,0,2411203,2239126,86,4377212
2025-04-18 23:45:53,864,level_complete,6052,4,317161,0,2411236,2239167,28,4377248
2025-04-18 23:45:53,864,level_complete,6053,5,317165,0,2411275,2239190,155,4377433
2025-04-18 23:45:54,864,level_complete,6054,6,317168,0,2411311,2239217,136,4377575
2025-04-18 23:45:56,864,level_complete,6055,7,317210,0,2411741,2239518,184,4379007
2025-04-18 23:45:56,864,game_complete,-,8,317210,0,2411741,2239518,184,4379007
2025-04-18 23:45:59,865,level_complete,6056,1,317247,0,2412114,2239912,34,4379446
2025-04-18 23:46:00,865,level_complete,6057,2,317259,0,2412301,2240065,58,4379750
2025-04-18 23:46:00,865,level_complete,6058,3,317261,0,2412336,2240098,170,4379931
2025-04-18 23:46:01,865,level_complete,6059,4,317269,0,2412430,2240200,27,4380088
2025-04-18 23:46:01,865,level_complete,6060,5,317270,0,2412460,2240216,89,4380177
2025-04-18 23:46:01,865,level_complete,6061,6,317272,0,2412503,2240247,66,4380267
2025-04-18 23:46:01,865,level_complete,6062,7,317281,0,2412575,2240296,144,4380534
2025-04-18 23:46:01,865,game_complete,-,8,317281,0,2412575,2240296,144,4380534
2025-04-18 23:46:04,866,level_complete,6063,1,317295,0,2412800,2240586,34,4380818
2025-04-18 23:46:04,866,level_complete,6064,2,317301,0,2412893,2240680,62,4380954
2025-04-18 23:46:05,866,level_complete,6065,3,317308,0,2413018,2240748,85,4381335
2025-04-18 23:46:05,866,level_complete,6066,4,317312,0,2413076,2240801,33,4381417
2025-04-18 23:46:06,866,level_complete,6067,5,317329,0,2413300,2240952,57,4382002
2025-04-18 23:46:06,866,level_complete,6068,6,317331,0,2413331,2240981,52,4382055
2025-04-18 23:46:10,866,level_complete,6069,7,317389,0,2413942,2241471,67,4383563
2025-04-18 23:46:10,866,game_complete,-,8,317389,0,2413942,2241471,67,4383563
2025-04-18 23:46:28,867,training_run_ep 337000,-,1,317645,0,2416134,2243646,0,4386177
2025-04-18 23:46:29,867,level_complete,6070,1,317651,0,2416203,2243720,34,4386258
2025-04-18 23:46:31,867,level_complete,6071,2,317692,0,2416634,2244055,42,4387051
2025-04-18 23:46:32,867,level_complete,6072,3,317702,0,2416784,2244140,127,4387514
2025-04-18 23:46:34,867,level_complete,6073,4,317727,0,2417027,2244359,34,4387859
2025-04-18 23:46:34,867,level_complete,6074,5,317737,0,2417124,2244422,90,4388114
2025-04-18 23:46:34,867,level_complete,6075,6,317742,0,2417195,2244481,135,4388301
2025-04-18 23:46:35,867,level_complete,6076,7,317752,0,2417367,2244576,151,4389187
2025-04-18 23:46:35,867,game_complete,-,8,317752,0,2417367,2244576,151,4389187
2025-04-18 23:46:36,868,level_complete,6077,1,317763,0,2417493,2244719,33,4389325
2025-04-18 23:46:39,868,level_complete,6078,2,317799,0,2417854,2245059,48,4389910
2025-04-18 23:46:40,868,level_complete,6079,3,317819,0,2418178,2245264,78,4390808
2025-04-18 23:46:42,868,level_complete,6080,4,317842,0,2418414,2245488,28,4391149
2025-04-18 23:46:42,868,level_complete,6081,5,317843,0,2418444,2245502,98,4391247
2025-04-18 23:46:43,868,level_complete,6082,6,317861,0,2418693,2245703,70,4391802
2025-04-18 23:46:44,868,level_complete,6083,7,317875,0,2418851,2245809,224,4392373
2025-04-18 23:46:44,868,game_complete,-,8,317875,0,2418851,2245809,224,4392373
2025-04-18 23:46:47,869,level_complete,6084,1,317920,0,2419255,2246215,33,4392860
2025-04-18 23:46:47,869,level_complete,6085,2,317927,0,2419335,2246275,47,4393000
2025-04-18 23:46:48,869,level_complete,6086,3,317932,0,2419403,2246310,136,4393301
2025-04-18 23:46:49,869,level_complete,6087,4,317954,0,2419688,2246536,36,4393761
2025-04-18 23:46:50,869,level_complete,6088,5,317959,0,2419759,2246592,94,4393982
2025-04-18 23:46:50,869,level_complete,6089,6,317962,0,2419798,2246621,62,4394054
2025-04-18 23:46:51,869,level_complete,6090,7,317988,0,2419968,2246760,56,4394369
2025-04-18 23:46:51,869,game_complete,-,8,317988,0,2419968,2246760,56,4394369
2025-04-18 23:46:57,870,training_run_ep 337500,-,1,318145,0,2420608,2247385,0,4395105
2025-04-18 23:47:20,870,training_run_ep 338000,-,1,318645,0,2423280,2249987,0,4398130
2025-04-18 23:47:41,870,training_run_ep 338500,-,1,319145,0,2425762,2252404,0,4400960
2025-04-18 23:48:08,870,training_run_ep 339000,-,1,319645,0,2428939,2255478,0,4404636
2025-04-18 23:48:13,870,level_complete,6091,1,319756,0,2429655,2256156,35,4405481
2025-04-18 23:48:13,870,level_complete,6092,2,319763,0,2429714,2256219,47,4405578
2025-04-18 23:48:16,870,level_complete,6093,3,319814,0,2430326,2256543,178,4407805
2025-04-18 23:48:17,870,level_complete,6094,4,319834,0,2430474,2256689,34,4408004
2025-04-18 23:48:18,870,level_complete,6095,5,319857,0,2430782,2256862,59,4408907
2025-04-18 23:48:19,870,level_complete,6096,6,319872,0,2431007,2257016,56,4409462
2025-04-18 23:48:21,870,level_complete,6097,7,319895,0,2431338,2257326,38,4410399
2025-04-18 23:48:21,870,game_complete,-,8,319895,0,2431338,2257326,38,4410399
2025-04-18 23:48:34,871,training_run_ep 339500,-,1,320145,0,2432710,2258739,0,4412016
2025-04-18 23:48:36,871,level_complete,6098,1,320181,0,2432937,2258965,38,4412282
2025-04-18 23:48:38,871,level_complete,6099,2,320231,0,2433383,2259296,43,4413099
2025-04-18 23:48:40,871,level_complete,6100,3,320264,0,2433795,2259487,98,4414870
2025-04-18 23:48:40,871,level_complete,6101,4,320269,0,2433850,2259540,41,4414946
2025-04-18 23:48:42,871,level_complete,6102,5,320313,0,2434299,2259786,96,4416358
2025-04-18 23:48:42,871,level_complete,6103,6,320323,0,2434432,2259874,57,4416659
2025-04-18 23:48:43,871,level_complete,6104,7,320334,0,2434566,2259968,85,4416996
2025-04-18 23:48:43,871,game_complete,-,8,320334,0,2434566,2259968,85,4416996
2025-04-18 23:48:52,872,level_complete,6105,1,320547,0,2435702,2261045,38,4418340
2025-04-18 23:48:54,872,level_complete,6106,2,320593,0,2436060,2261347,33,4418904
2025-04-18 23:48:54,872,level_complete,6107,3,320606,0,2436197,2261427,95,4419316
2025-04-18 23:48:55,872,level_complete,6108,4,320607,0,2436222,2261450,34,4419350
2025-04-18 23:48:55,872,level_complete,6109,5,320617,0,2436411,2261539,78,4420034
2025-04-18 23:48:56,872,level_complete,6110,6,320621,0,2436498,2261602,53,4420179
2025-04-18 23:48:56,872,level_complete,6111,7,320623,0,2436554,2261635,186,4420410
2025-04-18 23:48:56,872,game_complete,-,8,320623,0,2436554,2261635,186,4420410
2025-04-18 23:48:59,873,training_run_ep 340000,-,1,320645,0,2436757,2261817,0,4420649
2025-04-18 23:49:03,873,level_complete,6112,1,320718,0,2437270,2262346,47,4421254
2025-04-18 23:49:12,873,level_complete,6113,2,320891,0,2438733,2263534,47,4423594
2025-04-18 23:49:13,873,level_complete,6114,3,320904,0,2438922,2263653,112,4424023
2025-04-18 23:49:13,873,level_complete,6115,4,320915,0,2439035,2263735,40,4424210
2025-04-18 23:49:14,873,level_complete,6116,5,320929,0,2439255,2263838,96,4424979
2025-04-18 23:49:14,873,level_complete,6117,6,320932,0,2439313,2263879,70,4425099
2025-04-18 23:49:15,873,level_complete,6118,7,320942,0,2439386,2263923,241,4425407
2025-04-18 23:49:15,873,game_complete,-,8,320942,0,2439386,2263923,241,4425407
2025-04-18 23:49:28,874,training_run_ep 340500,-,1,321145,0,2440888,2265452,0,4427140
2025-04-18 23:49:31,874,level_complete,6119,1,321189,0,2441341,2265900,43,4427690
2025-04-18 23:49:32,874,level_complete,6120,2,321197,0,2441416,2265983,33,4427779
2025-04-18 23:49:34,874,level_complete,6121,3,321228,0,2441832,2266316,82,4429054
2025-04-18 23:49:35,874,level_complete,6122,4,321237,0,2441942,2266424,42,4429207
2025-04-18 23:49:37,874,level_complete,6123,5,321262,0,2442273,2266628,64,4430078
2025-04-18 23:49:37,874,level_complete,6124,6,321268,0,2442347,2266668,73,4430310
2025-04-18 23:49:37,874,level_complete,6125,7,321269,0,2442377,2266693,112,4430422
2025-04-18 23:49:37,874,game_complete,-,8,321269,0,2442377,2266693,112,4430422
2025-04-18 23:49:48,875,level_complete,6126,1,321466,0,2443873,2268144,33,4432150
2025-04-18 23:49:49,875,level_complete,6127,2,321473,0,2443978,2268242,45,4432322
2025-04-18 23:49:50,875,level_complete,6128,3,321485,0,2444172,2268326,46,4433075
2025-04-18 23:49:51,875,level_complete,6129,4,321517,0,2444367,2268514,52,4433356
2025-04-18 23:49:51,875,level_complete,6130,5,321523,0,2444439,2268568,60,4433499
2025-04-18 23:49:52,875,level_complete,6131,6,321536,0,2444604,2268671,103,4433951
2025-04-18 23:49:53,875,level_complete,6132,7,321542,0,2444676,2268748,211,4434260
2025-04-18 23:49:53,875,game_complete,-,8,321542,0,2444676,2268748,211,4434260
2025-04-18 23:49:59,876,training_run_ep 341000,-,1,321645,0,2445346,2269394,0,4435054
2025-04-18 23:50:26,876,level_complete,6133,1,322096,0,2448910,2272733,41,4439283
2025-04-18 23:50:29,876,training_run_ep 341500,-,2,322145,0,2449253,2272973,0,4439951
2025-04-18 23:50:32,876,level_complete,6134,2,322199,0,2449758,2273392,41,4440778
2025-04-18 23:50:33,876,level_complete,6135,3,322204,0,2449853,2273469,68,4441037
2025-04-18 23:50:34,876,level_complete,6136,4,322219,0,2450030,2273618,31,4441339
2025-04-18 23:50:34,876,level_complete,6137,5,322226,0,2450135,2273658,156,4441718
2025-04-18 23:50:37,876,level_complete,6138,6,322304,0,2450766,2274045,104,4443540
2025-04-18 23:50:38,876,level_complete,6139,7,322341,0,2451096,2274295,140,4444495
2025-04-18 23:50:38,876,game_complete,-,8,322341,0,2451096,2274295,140,4444495
2025-04-18 23:50:53,877,training_run_ep 342000,-,1,322645,0,2452716,2275846,0,4446374
2025-04-18 23:51:17,877,training_run_ep 342500,-,1,323145,0,2455730,2278685,0,4449891
2025-04-18 23:51:25,877,level_complete,6140,1,323233,0,2456622,2279613,38,4450917
2025-04-18 23:51:31,877,level_complete,6141,2,323345,0,2457688,2280419,40,4452710
2025-04-18 23:51:31,877,level_complete,6142,3,323347,0,2457719,2280451,99,4452810
2025-04-18 23:51:31,877,level_complete,6143,4,323350,0,2457761,2280494,31,4452862
2025-04-18 23:51:33,877,level_complete,6144,5,323385,0,2458129,2280691,71,4453891
2025-04-18 23:51:33,877,level_complete,6145,6,323391,0,2458188,2280738,79,4454015
2025-04-18 23:51:33,877,level_complete,6146,7,323393,0,2458220,2280757,241,4454258
2025-04-18 23:51:33,877,game_complete,-,8,323393,0,2458220,2280757,241,4454258
2025-04-18 23:51:49,878,training_run_ep 343000,-,1,323645,0,2460172,2282632,0,4456533
2025-04-18 23:52:01,878,level_complete,6147,1,323880,0,2461616,2284007,35,4458218
2025-04-18 23:52:04,878,level_complete,6148,2,323922,0,2462136,2284431,68,4459066
2025-04-18 23:52:04,878,level_complete,6149,3,323930,0,2462243,2284514,44,4459315
2025-04-18 23:52:06,878,level_complete,6150,4,323955,0,2462473,2284714,30,4459644
2025-04-18 23:52:07,878,level_complete,6151,5,323974,0,2462764,2284884,81,4460412
2025-04-18 23:52:07,878,level_complete,6152,6,323978,0,2462840,2284962,70,4460554
2025-04-18 23:52:09,878,level_complete,6153,7,324019,0,2463191,2285212,154,4461438
2025-04-18 23:52:09,878,game_complete,-,8,324019,0,2463191,2285212,154,4461438
2025-04-18 23:52:11,879,level_complete,6154,1,324048,0,2463436,2285491,32,4461712
2025-04-18 23:52:18,879,training_run_ep 343500,-,2,324145,0,2464163,2286179,0,4462895
2025-04-18 23:52:34,879,level_complete,6155,2,324617,0,2466726,2288238,51,4467090
2025-04-18 23:52:34,879,level_complete,6156,3,324618,0,2466756,2288260,82,4467172
2025-04-18 23:52:35,879,level_complete,6157,4,324639,0,2466914,2288394,30,4467416
2025-04-18 23:52:37,879,training_run_ep 344000,-,5,324645,0,2466971,2288425,0,4467593
2025-04-18 23:52:39,879,level_complete,6158,5,324700,0,2467574,2288753,95,4469417
2025-04-18 23:52:43,879,level_complete,6159,6,324839,0,2468574,2289415,69,4471927
2025-04-18 23:52:47,879,level_complete,6160,7,324925,0,2469312,2290030,116,4473736
2025-04-18 23:52:47,879,game_complete,-,8,324925,0,2469312,2290030,116,4473736
2025-04-18 23:52:54,880,level_complete,6161,1,325026,0,2470105,2290835,38,4474677
2025-04-18 23:52:58,880,level_complete,6162,2,325111,0,2470732,2291414,34,4475660
2025-04-18 23:52:58,880,level_complete,6163,3,325115,0,2470767,2291462,87,4475752
2025-04-18 23:53:02,880,training_run_ep 344500,-,4,325145,0,2471052,2291719,0,4476175
2025-04-18 23:53:02,880,level_complete,6164,4,325154,0,2471125,2291786,35,4476276
2025-04-18 23:53:02,880,level_complete,6165,5,325156,0,2471184,2291821,93,4476439
2025-04-18 23:53:03,880,level_complete,6166,6,325161,0,2471264,2291893,39,4476629
2025-04-18 23:53:03,880,level_complete,6167,7,325169,0,2471352,2291975,57,4476842
2025-04-18 23:53:03,880,game_complete,-,8,325169,0,2471352,2291975,57,4476842
2025-04-18 23:53:05,881,level_complete,6168,1,325192,0,2471584,2292217,33,4477097
2025-04-18 23:53:09,881,level_complete,6169,2,325243,0,2472131,2292697,42,4477978
2025-04-18 23:53:09,881,level_complete,6170,3,325245,0,2472169,2292720,138,4478125
2025-04-18 23:53:10,881,level_complete,6171,4,325265,0,2472341,2292859,36,4478423
2025-04-18 23:53:11,881,level_complete,6172,5,325303,0,2472713,2293059,107,4479410
2025-04-18 23:53:14,881,level_complete,6173,6,325361,0,2473292,2293458,57,4480636
2025-04-18 23:53:15,881,level_complete,6174,7,325383,0,2473527,2293643,97,4481272
2025-04-18 23:53:15,881,game_complete,-,8,325383,0,2473527,2293643,97,4481272
2025-04-18 23:53:18,882,level_complete,6175,1,325433,0,2473893,2293991,34,4481705
2025-04-18 23:53:27,882,training_run_ep 345000,-,2,325645,0,2475132,2294970,0,4483663
2025-04-18 23:53:35,882,level_complete,6176,2,325850,0,2476410,2296026,70,4485671
2025-04-18 23:53:35,882,level_complete,6177,3,325864,0,2476604,2296128,99,4486271
2025-04-18 23:53:36,882,level_complete,6178,4,325867,0,2476643,2296160,34,4486323
2025-04-18 23:53:38,882,level_complete,6179,5,325938,0,2477359,2296550,168,4488429
2025-04-18 23:53:39,882,level_complete,6180,6,325941,0,2477396,2296576,170,4488606
2025-04-18 23:53:40,882,level_complete,6181,7,325977,0,2477720,2296769,105,4489781
2025-04-18 23:53:40,882,game_complete,-,8,325977,0,2477720,2296769,105,4489781
2025-04-18 23:53:45,883,level_complete,6182,1,326093,0,2478429,2297437,33,4490609
2025-04-18 23:53:49,883,training_run_ep 345500,-,2,326145,0,2478752,2297714,0,4491094
2025-04-18 23:53:57,883,level_complete,6183,2,326354,0,2479933,2298717,41,4492812
2025-04-18 23:53:57,883,level_complete,6184,3,326358,0,2479987,2298743,83,4492956
2025-04-18 23:53:58,883,level_complete,6185,4,326374,0,2480108,2298852,40,4493127
2025-04-18 23:53:58,883,level_complete,6186,5,326375,0,2480138,2298877,45,4493172
2025-04-18 23:54:00,883,level_complete,6187,6,326446,0,2480710,2299286,62,4494504
2025-04-18 23:54:02,883,level_complete,6188,7,326466,0,2480957,2299461,128,4495294
2025-04-18 23:54:02,883,game_complete,-,8,326466,0,2480957,2299461,128,4495294
2025-04-18 23:54:05,884,level_complete,6189,1,326513,0,2481386,2299907,31,4495806
2025-04-18 23:54:05,884,level_complete,6190,2,326514,0,2481416,2299958,46,4495852
2025-04-18 23:54:06,884,level_complete,6191,3,326521,0,2481537,2300028,56,4496138
2025-04-18 23:54:07,884,level_complete,6192,4,326542,0,2481683,2300155,58,4496366
2025-04-18 23:54:07,884,level_complete,6193,5,326543,0,2481713,2300171,97,4496463
2025-04-18 23:54:08,884,level_complete,6194,6,326569,0,2482005,2300371,55,4497069
2025-04-18 23:54:09,884,level_complete,6195,7,326574,0,2482107,2300449,87,4497308
2025-04-18 23:54:09,884,game_complete,-,8,326574,0,2482107,2300449,87,4497308
2025-04-18 23:54:10,885,level_complete,6196,1,326583,0,2482257,2300606,39,4497497
2025-04-18 23:54:12,885,level_complete,6197,2,326611,0,2482556,2300852,54,4497997
2025-04-18 23:54:12,885,level_complete,6198,3,326612,0,2482586,2300872,77,4498074
2025-04-18 23:54:13,885,level_complete,6199,4,326628,0,2482714,2300992,30,4498256
2025-04-18 23:54:15,885,training_run_ep 346000,-,5,326645,0,2482885,2301086,0,4498781
2025-04-18 23:54:20,885,level_complete,6200,5,326781,0,2484238,2301897,79,4502213
2025-04-18 23:54:21,885,level_complete,6201,6,326791,0,2484356,2301976,58,4502446
2025-04-18 23:54:22,885,level_complete,6202,7,326803,0,2484542,2302116,77,4502899
2025-04-18 23:54:22,885,game_complete,-,8,326803,0,2484542,2302116,77,4502899
2025-04-18 23:54:41,886,training_run_ep 346500,-,1,327145,0,2486789,2304325,0,4505497
2025-04-18 23:54:48,886,level_complete,6203,1,327274,0,2487710,2305240,35,4506571
2025-04-18 23:54:54,886,level_complete,6204,2,327384,0,2488704,2306067,49,4508163
2025-04-18 23:54:56,886,level_complete,6205,3,327445,0,2489381,2306394,86,4510365
2025-04-18 23:54:57,886,level_complete,6206,4,327460,0,2489470,2306468,41,4510484
2025-04-18 23:54:58,886,level_complete,6207,5,327478,0,2489748,2306640,77,4511322
2025-04-18 23:55:00,886,level_complete,6208,6,327511,0,2490017,2306844,45,4511920
2025-04-18 23:55:03,886,level_complete,6209,7,327576,0,2490761,2307429,100,4514034
2025-04-18 23:55:03,886,game_complete,-,8,327576,0,2490761,2307429,100,4514034
2025-04-18 23:55:08,887,training_run_ep 347000,-,1,327645,0,2491191,2307838,0,4514528
2025-04-18 23:55:34,887,level_complete,6210,1,328142,0,2494626,2311043,38,4518597
2025-04-18 23:55:35,887,training_run_ep 347500,-,2,328145,0,2494644,2311057,0,4518626
2025-04-18 23:55:40,887,level_complete,6211,2,328302,0,2495471,2311727,39,4520107
2025-04-18 23:55:44,887,level_complete,6212,3,328406,0,2496417,2312308,77,4522485
2025-04-18 23:55:49,887,level_complete,6213,4,328539,0,2497155,2313048,38,4523470
2025-04-18 23:55:50,887,level_complete,6214,5,328569,0,2497381,2313183,44,4524163
2025-04-18 23:55:51,887,level_complete,6215,6,328571,0,2497412,2313204,68,4524232
2025-04-18 23:55:52,887,level_complete,6216,7,328624,0,2497826,2313486,56,4525220
2025-04-18 23:55:52,887,game_complete,-,8,328624,0,2497826,2313486,56,4525220
2025-04-18 23:55:55,888,training_run_ep 348000,-,1,328645,0,2497948,2313591,0,4525371
2025-04-18 23:56:12,888,training_run_ep 348500,-,1,329145,0,2500021,2315502,0,4527764
2025-04-18 23:56:29,888,training_run_ep 349000,-,1,329645,0,2501844,2317201,0,4529864
2025-04-18 23:56:41,888,level_complete,6217,1,329973,0,2503383,2318693,34,4531639
2025-04-18 23:56:42,888,level_complete,6218,2,330005,0,2503606,2318889,59,4532007
2025-04-18 23:56:43,888,level_complete,6219,3,330022,0,2503763,2318968,227,4532646
2025-04-18 23:56:44,888,level_complete,6220,4,330055,0,2503962,2319128,30,4532951
2025-04-18 23:56:47,888,level_complete,6221,5,330133,0,2504584,2319474,83,4535046
2025-04-18 23:56:48,888,training_run_ep 349500,-,6,330145,0,2504657,2319525,0,4535160
2025-04-18 23:56:51,888,level_complete,6222,6,330233,0,2505273,2319954,49,4536613
2025-04-18 23:56:53,888,level_complete,6223,7,330275,0,2505644,2320223,55,4537557
2025-04-18 23:56:53,888,game_complete,-,8,330275,0,2505644,2320223,55,4537557
2025-04-18 23:57:06,889,training_run_ep 350000,-,1,330645,0,2507155,2321618,0,4539283
2025-04-18 23:57:27,889,training_run_ep 350500,-,1,331145,0,2509542,2323912,0,4542001
2025-04-18 23:57:52,889,training_run_ep 351000,-,1,331645,0,2512352,2326787,0,4545241
2025-04-18 23:57:54,889,level_complete,6224,1,331681,0,2512683,2327150,36,4545623
2025-04-18 23:58:01,889,level_complete,6225,2,331831,0,2513712,2327982,47,4547393
2025-04-18 23:58:01,889,level_complete,6226,3,331840,0,2513818,2328044,66,4547736
2025-04-18 23:58:07,889,level_complete,6227,4,331935,0,2514530,2328806,37,4548920
2025-04-18 23:58:09,889,level_complete,6228,5,331992,0,2515094,2329136,62,4550678
2025-04-18 23:58:10,889,level_complete,6229,6,332014,0,2515331,2329328,68,4551204
2025-04-18 23:58:11,889,level_complete,6230,7,332021,0,2515439,2329413,50,4551469
2025-04-18 23:58:11,889,game_complete,-,8,332021,0,2515439,2329413,50,4551469
2025-04-18 23:58:12,890,level_complete,6231,1,332027,0,2515514,2329497,35,4551550
2025-04-18 23:58:12,890,level_complete,6232,2,332030,0,2515575,2329558,44,4551662
2025-04-18 23:58:14,890,level_complete,6233,3,332061,0,2516013,2329797,142,4553099
2025-04-18 23:58:16,890,level_complete,6234,4,332100,0,2516400,2330155,28,4553662
2025-04-18 23:58:17,890,level_complete,6235,5,332112,0,2516576,2330240,90,4554273
2025-04-18 23:58:20,890,training_run_ep 351500,-,6,332145,0,2516911,2330442,0,4555450
2025-04-18 23:58:23,890,level_complete,6236,6,332226,0,2517515,2330887,85,4556554
2025-04-18 23:58:23,890,level_complete,6237,7,332238,0,2517651,2330955,241,4557123
2025-04-18 23:58:23,890,game_complete,-,8,332238,0,2517651,2330955,241,4557123
2025-04-18 23:58:26,891,level_complete,6238,1,332262,0,2517928,2331283,39,4557466
2025-04-18 23:58:27,891,level_complete,6239,2,332270,0,2518054,2331411,35,4557654
2025-04-18 23:58:27,891,level_complete,6240,3,332274,0,2518110,2331441,109,4557820
2025-04-18 23:58:27,891,level_complete,6241,4,332278,0,2518157,2331489,32,4557892
2025-04-18 23:58:27,891,level_complete,6242,5,332281,0,2518190,2331517,125,4558020
2025-04-18 23:58:28,891,level_complete,6243,6,332301,0,2518439,2331684,49,4558559
2025-04-18 23:58:29,891,level_complete,6244,7,332302,0,2518469,2331732,92,4558651
2025-04-18 23:58:29,891,game_complete,-,8,332302,0,2518469,2331732,92,4558651
2025-04-18 23:58:30,892,level_complete,6245,1,332305,0,2518547,2331849,34,4558756
2025-04-18 23:58:30,892,level_complete,6246,2,332311,0,2518644,2331959,37,4558878
2025-04-18 23:58:31,892,level_complete,6247,3,332319,0,2518751,2332020,71,4559118
2025-04-18 23:58:31,892,level_complete,6248,4,332320,0,2518776,2332046,35,4559153
2025-04-18 23:58:32,892,level_complete,6249,5,332337,0,2519036,2332212,69,4559896
2025-04-18 23:58:33,892,level_complete,6250,6,332344,0,2519130,2332271,58,4560143
2025-04-18 23:58:34,892,level_complete,6251,7,332364,0,2519331,2332428,54,4560736
2025-04-18 23:58:34,892,game_complete,-,8,332364,0,2519331,2332428,54,4560736
2025-04-18 23:58:34,893,level_complete,6252,1,332370,0,2519392,2332506,34,4560805
2025-04-18 23:58:36,893,level_complete,6253,2,332390,0,2519646,2332738,41,4561187
2025-04-18 23:58:37,893,level_complete,6254,3,332401,0,2519787,2332845,127,4561635
2025-04-18 23:58:37,893,level_complete,6255,4,332404,0,2519831,2332896,36,4561702
2025-04-18 23:58:37,893,level_complete,6256,5,332406,0,2519889,2332947,102,4561883
2025-04-18 23:58:38,893,level_complete,6257,6,332421,0,2520098,2333072,96,4562464
2025-04-18 23:58:39,893,level_complete,6258,7,332425,0,2520200,2333174,42,4562700
2025-04-18 23:58:39,893,game_complete,-,8,332425,0,2520200,2333174,42,4562700
2025-04-18 23:58:43,894,level_complete,6259,1,332470,0,2520647,2333656,35,4563224
2025-04-18 23:58:45,894,level_complete,6260,2,332515,0,2521102,2334002,54,4564077
2025-04-18 23:58:45,894,level_complete,6261,3,332517,0,2521158,2334027,66,4564216
2025-04-18 23:58:47,894,level_complete,6262,4,332555,0,2521412,2334234,35,4564560
2025-04-18 23:58:48,894,level_complete,6263,5,332570,0,2521633,2334402,132,4565255
2025-04-18 23:58:49,894,level_complete,6264,6,332577,0,2521733,2334459,70,4565488
2025-04-18 23:58:49,894,level_complete,6265,7,332583,0,2521830,2334515,153,4565869
2025-04-18 23:58:49,894,game_complete,-,8,332583,0,2521830,2334515,153,4565869
2025-04-18 23:58:49,895,level_complete,6266,1,332584,0,2521860,2334554,33,4565902
2025-04-18 23:58:51,895,level_complete,6267,2,332609,0,2522180,2334833,80,4566431
2025-04-18 23:58:52,895,level_complete,6268,3,332613,0,2522244,2334872,85,4566567
2025-04-18 23:58:52,895,level_complete,6269,4,332618,0,2522312,2334953,36,4566665
2025-04-18 23:58:53,895,level_complete,6270,5,332624,0,2522415,2335030,76,4566942
2025-04-18 23:58:55,895,training_run_ep 352000,-,6,332645,0,2522660,2335173,0,4567510
2025-04-18 23:58:57,895,level_complete,6271,6,332676,0,2523075,2335509,169,4568434
2025-04-18 23:58:58,895,level_complete,6272,7,332678,0,2523120,2335538,54,4568513
2025-04-18 23:58:58,895,game_complete,-,8,332678,0,2523120,2335538,54,4568513
2025-04-18 23:58:58,896,level_complete,6273,1,332679,0,2523150,2335575,39,4568552
2025-04-18 23:58:59,896,level_complete,6274,2,332692,0,2523316,2335729,80,4568826
2025-04-18 23:58:59,896,level_complete,6275,3,332699,0,2523420,2335799,61,4569035
2025-04-18 23:59:00,896,level_complete,6276,4,332700,0,2523445,2335829,32,4569067
2025-04-18 23:59:00,896,level_complete,6277,5,332701,0,2523475,2335868,80,4569147
2025-04-18 23:59:00,896,level_complete,6278,6,332704,0,2523522,2335900,88,4569292
2025-04-18 23:59:00,896,level_complete,6279,7,332708,0,2523571,2335935,80,4569410
2025-04-18 23:59:00,896,game_complete,-,8,332708,0,2523571,2335935,80,4569410
2025-04-18 23:59:01,897,level_complete,6280,1,332710,0,2523608,2335974,32,4569450
2025-04-18 23:59:02,897,level_complete,6281,2,332714,0,2523698,2336081,40,4569588
2025-04-18 23:59:02,897,level_complete,6282,3,332715,0,2523728,2336111,59,4569647
2025-04-18 23:59:02,897,level_complete,6283,4,332718,0,2523779,2336158,36,4569722
2025-04-18 23:59:02,897,level_complete,6284,5,332721,0,2523828,2336191,106,4569861
2025-04-18 23:59:03,897,level_complete,6285,6,332723,0,2523887,2336234,54,4569966
2025-04-18 23:59:03,897,level_complete,6286,7,332730,0,2523963,2336313,56,4570108
2025-04-18 23:59:03,897,game_complete,-,8,332730,0,2523963,2336313,56,4570108
2025-04-18 23:59:05,898,level_complete,6287,1,332745,0,2524152,2336598,35,4570328
2025-04-18 23:59:06,898,level_complete,6288,2,332748,0,2524215,2336695,40,4570408
2025-04-18 23:59:06,898,level_complete,6289,3,332755,0,2524324,2336746,110,4570857
2025-04-18 23:59:07,898,level_complete,6290,4,332760,0,2524378,2336789,56,4570947
2025-04-18 23:59:08,898,level_complete,6291,5,332782,0,2524691,2336991,52,4571721
2025-04-18 23:59:08,898,level_complete,6292,6,332783,0,2524721,2337022,56,4571777
2025-04-18 23:59:12,898,level_complete,6293,7,332879,0,2525507,2337542,220,4574359
2025-04-18 23:59:12,898,game_complete,-,8,332879,0,2525507,2337542,220,4574359
2025-04-18 23:59:17,899,level_complete,6294,1,332938,0,2526033,2338221,36,4574986
2025-04-18 23:59:17,899,level_complete,6295,2,332951,0,2526134,2338287,75,4575188
2025-04-18 23:59:18,899,level_complete,6296,3,332972,0,2526402,2338435,123,4575950
2025-04-18 23:59:20,899,level_complete,6297,4,333013,0,2526661,2338645,41,4576372
2025-04-18 23:59:20,899,level_complete,6298,5,333016,0,2526716,2338684,104,4576531
2025-04-18 23:59:21,899,level_complete,6299,6,333021,0,2526794,2338748,47,4576697
2025-04-18 23:59:21,899,level_complete,6300,7,333023,0,2526829,2338772,143,4576846
2025-04-18 23:59:21,899,game_complete,-,8,333023,0,2526829,2338772,143,4576846
2025-04-18 23:59:25,900,level_complete,6301,1,333071,0,2527345,2339303,34,4577465
2025-04-18 23:59:29,900,level_complete,6302,2,333144,0,2528047,2339919,44,4578630
2025-04-18 23:59:31,900,training_run_ep 352500,-,3,333145,0,2528066,2339926,0,4578695
2025-04-18 23:59:31,900,level_complete,6303,3,333148,0,2528135,2339983,75,4578856
2025-04-18 23:59:32,900,level_complete,6304,4,333153,0,2528225,2340065,44,4578987
2025-04-18 23:59:32,900,level_complete,6305,5,333161,0,2528336,2340124,122,4579395
2025-04-18 23:59:33,900,level_complete,6306,6,333173,0,2528499,2340243,141,4579837
2025-04-18 23:59:33,900,level_complete,6307,7,333174,0,2528529,2340266,152,4579989
2025-04-18 23:59:33,900,game_complete,-,8,333174,0,2528529,2340266,152,4579989
2025-04-18 23:59:38,901,level_complete,6308,1,333233,0,2529126,2340839,35,4580736
2025-04-18 23:59:38,901,level_complete,6309,2,333236,0,2529184,2340881,53,4580832
2025-04-18 23:59:39,901,level_complete,6310,3,333253,0,2529462,2341027,68,4581920
2025-04-18 23:59:39,901,level_complete,6311,4,333254,0,2529487,2341070,31,4581951
2025-04-18 23:59:40,901,level_complete,6312,5,333261,0,2529615,2341161,57,4582252
2025-04-18 23:59:41,901,level_complete,6313,6,333275,0,2529791,2341292,55,4582623
2025-04-18 23:59:42,901,level_complete,6314,7,333286,0,2529950,2341387,48,4583205
2025-04-18 23:59:42,901,game_complete,-,8,333286,0,2529950,2341387,48,4583205
2025-04-18 23:59:43,902,level_complete,6315,1,333323,0,2530171,2341613,37,4583472
2025-04-18 23:59:52,902,level_complete,6316,2,333541,0,2531514,2342685,57,4585785
2025-04-18 23:59:52,902,level_complete,6317,3,333545,0,2531569,2342719,57,4585923
2025-04-18 23:59:55,902,level_complete,6318,4,333639,0,2532166,2343219,36,4586871
2025-04-18 23:59:56,902,level_complete,6319,5,333642,0,2532217,2343251,58,4587011
2025-04-18 23:59:56,902,level_complete,6320,6,333643,0,2532247,2343268,68,4587079
2025-04-18 23:59:57,902,training_run_ep 353000,-,7,333645,0,2532260,2343281,0,4587092
2025-04-18 23:59:58,902,level_complete,6321,7,333653,0,2532367,2343383,47,4587465
2025-04-18 23:59:58,902,game_complete,-,8,333653,0,2532367,2343383,47,4587465
2025-04-19 00:00:03,903,level_complete,6322,1,333727,0,2532962,2343982,33,4588204
2025-04-19 00:00:03,903,level_complete,6323,2,333731,0,2533047,2344050,50,4588352
2025-04-19 00:00:03,903,level_complete,6324,3,333732,0,2533077,2344055,408,4588760
2025-04-19 00:00:07,903,level_complete,6325,4,333804,0,2533611,2344546,44,4589511
2025-04-19 00:00:08,903,level_complete,6326,5,333833,0,2534009,2344763,143,4590834
2025-04-19 00:00:09,903,level_complete,6327,6,333847,0,2534137,2344863,78,4591047
2025-04-19 00:00:10,903,level_complete,6328,7,333865,0,2534381,2345027,183,4591937
2025-04-19 00:00:10,903,game_complete,-,8,333865,0,2534381,2345027,183,4591937
2025-04-19 00:00:11,904,level_complete,6329,1,333879,0,2534514,2345171,32,4592095
2025-04-19 00:00:20,904,training_run_ep 353500,-,2,334145,0,2535684,2346113,0,4593949
2025-04-19 00:00:22,904,level_complete,6330,2,334197,0,2535964,2346348,60,4594378
2025-04-19 00:00:24,904,level_complete,6331,3,334245,0,2536423,2346673,120,4595548
2025-04-19 00:00:24,904,level_complete,6332,4,334258,0,2536498,2346736,42,4595671
2025-04-19 00:00:28,904,level_complete,6333,5,334328,0,2537203,2347246,64,4597646
2025-04-19 00:00:37,904,training_run_ep 354000,-,6,334645,0,2538889,2348365,0,4602216
2025-04-19 00:00:43,904,level_complete,6334,6,334855,0,2540286,2349271,77,4605662
2025-04-19 00:00:53,904,training_run_ep 354500,-,7,335145,0,2542011,2350487,0,4610759
2025-04-19 00:00:57,904,level_complete,6335,7,335295,0,2542883,2351109,72,4613358
2025-04-19 00:00:57,904,game_complete,-,8,335295,0,2542883,2351109,72,4613358
2025-04-19 00:01:10,905,level_complete,6336,1,335600,0,2544409,2352610,34,4615075
2025-04-19 00:01:11,905,level_complete,6337,2,335620,0,2544650,2352810,49,4615491
2025-04-19 00:01:12,905,level_complete,6338,3,335632,0,2544849,2352921,92,4616021
2025-04-19 00:01:13,905,level_complete,6339,4,335645,0,2545009,2353045,34,4616358
2025-04-19 00:01:14,905,training_run_ep 355000,-,5,335645,0,2545009,2353045,34,4616358
2025-04-19 00:01:15,905,level_complete,6340,5,335654,0,2545105,2353115,45,4616523
2025-04-19 00:01:15,905,level_complete,6341,6,335666,0,2545221,2353204,174,4616835
2025-04-19 00:01:17,905,level_complete,6342,7,335693,0,2545537,2353424,52,4617695
2025-04-19 00:01:17,905,game_complete,-,8,335693,0,2545537,2353424,52,4617695
2025-04-19 00:01:18,906,level_complete,6343,1,335707,0,2545712,2353600,33,4617908
2025-04-19 00:01:21,906,level_complete,6344,2,335731,0,2546039,2353968,61,4618498
2025-04-19 00:01:21,906,level_complete,6345,3,335732,0,2546069,2353991,53,4618551
2025-04-19 00:01:22,906,level_complete,6346,4,335736,0,2546142,2354064,26,4618647
2025-04-19 00:01:22,906,level_complete,6347,5,335738,0,2546185,2354109,79,4618749
2025-04-19 00:01:23,906,level_complete,6348,6,335753,0,2546415,2354285,136,4619448
2025-04-19 00:01:25,906,level_complete,6349,7,335776,0,2546753,2354553,83,4620523
2025-04-19 00:01:25,906,game_complete,-,8,335776,0,2546753,2354553,83,4620523
2025-04-19 00:01:27,907,level_complete,6350,1,335797,0,2546984,2354795,38,4620790
2025-04-19 00:01:27,907,level_complete,6351,2,335803,0,2547039,2354848,42,4620861
2025-04-19 00:01:28,907,level_complete,6352,3,335807,0,2547095,2354906,74,4620992
2025-04-19 00:01:30,907,level_complete,6353,4,335843,0,2547527,2355254,31,4621664
2025-04-19 00:01:31,907,level_complete,6354,5,335851,0,2547707,2355351,64,4622166
2025-04-19 00:01:31,907,level_complete,6355,6,335854,0,2547774,2355408,41,4622269
2025-04-19 00:01:32,907,level_complete,6356,7,335862,0,2547932,2355511,165,4622732
2025-04-19 00:01:32,907,game_complete,-,8,335862,0,2547932,2355511,165,4622732
2025-04-19 00:01:33,908,level_complete,6357,1,335878,0,2548101,2355669,35,4622927
2025-04-19 00:01:35,908,level_complete,6358,2,335910,0,2548418,2355941,38,4623417
2025-04-19 00:01:37,908,level_complete,6359,3,335926,0,2548591,2356150,107,4623949
2025-04-19 00:01:38,908,level_complete,6360,4,335943,0,2548744,2356329,38,4624132
2025-04-19 00:01:39,908,level_complete,6361,5,335954,0,2548863,2356421,62,4624352
2025-04-19 00:01:40,908,level_complete,6362,6,335977,0,2549142,2356651,48,4624980
2025-04-19 00:01:41,908,level_complete,6363,7,335986,0,2549256,2356739,132,4625331
2025-04-19 00:01:41,908,game_complete,-,8,335986,0,2549256,2356739,132,4625331
2025-04-19 00:01:42,909,level_complete,6364,1,335995,0,2549409,2356911,36,4625509
2025-04-19 00:01:45,909,level_complete,6365,2,336031,0,2549883,2357341,52,4626269
2025-04-19 00:01:46,909,level_complete,6366,3,336037,0,2549993,2357415,63,4626553
2025-04-19 00:01:47,909,level_complete,6367,4,336042,0,2550074,2357496,30,4626668
2025-04-19 00:01:47,909,level_complete,6368,5,336051,0,2550199,2357597,82,4626956
2025-04-19 00:01:48,909,level_complete,6369,6,336072,0,2550464,2357783,57,4627588
2025-04-19 00:01:50,909,level_complete,6370,7,336082,0,2550658,2357953,82,4628240
2025-04-19 00:01:50,909,game_complete,-,8,336082,0,2550658,2357953,82,4628240
2025-04-19 00:01:50,910,level_complete,6371,1,336083,0,2550688,2357992,33,4628273
2025-04-19 00:01:50,910,level_complete,6372,2,336084,0,2550718,2358023,62,4628335
2025-04-19 00:01:50,910,level_complete,6373,3,336087,0,2550780,2358062,80,4628500
2025-04-19 00:01:51,910,level_complete,6374,4,336096,0,2550901,2358174,30,4628709
2025-04-19 00:01:51,910,level_complete,6375,5,336099,0,2550952,2358206,96,4628931
2025-04-19 00:01:52,910,level_complete,6376,6,336109,0,2551102,2358312,63,4629250
2025-04-19 00:01:52,910,level_complete,6377,7,336112,0,2551143,2358353,82,4629346
2025-04-19 00:01:52,910,game_complete,-,8,336112,0,2551143,2358353,82,4629346
2025-04-19 00:01:53,911,level_complete,6378,1,336115,0,2551191,2358405,35,4629400
2025-04-19 00:01:55,911,level_complete,6379,2,336141,0,2551573,2358750,38,4630054
2025-04-19 00:01:57,911,training_run_ep 355500,-,3,336145,0,2551656,2358795,0,4630360
2025-04-19 00:01:57,911,level_complete,6380,3,336148,0,2551720,2358832,89,4630517
2025-04-19 00:01:58,911,level_complete,6381,4,336154,0,2551793,2358910,43,4630619
2025-04-19 00:01:59,911,level_complete,6382,5,336163,0,2551893,2358981,46,4630935
2025-04-19 00:02:00,911,level_complete,6383,6,336176,0,2552067,2359125,84,4631260
2025-04-19 00:02:00,911,level_complete,6384,7,336194,0,2552263,2359281,83,4631650
2025-04-19 00:02:00,911,game_complete,-,8,336194,0,2552263,2359281,83,4631650
2025-04-19 00:02:03,912,level_complete,6385,1,336225,0,2552561,2359615,35,4631999
2025-04-19 00:02:03,912,level_complete,6386,2,336227,0,2552617,2359673,49,4632093
2025-04-19 00:02:05,912,level_complete,6387,3,336242,0,2552887,2359818,116,4632871
2025-04-19 00:02:05,912,level_complete,6388,4,336247,0,2552942,2359878,42,4632954
2025-04-19 00:02:05,912,level_complete,6389,5,336248,0,2552972,2359902,85,4633039
2025-04-19 00:02:05,912,level_complete,6390,6,336249,0,2553002,2359914,139,4633178
2025-04-19 00:02:06,912,level_complete,6391,7,336252,0,2553036,2359965,45,4633227
2025-04-19 00:02:06,912,game_complete,-,8,336252,0,2553036,2359965,45,4633227
2025-04-19 00:02:06,913,level_complete,6392,1,336255,0,2553108,2360058,34,4633311
2025-04-19 00:02:07,913,level_complete,6393,2,336258,0,2553168,2360114,61,4633410
2025-04-19 00:02:07,913,level_complete,6394,3,336259,0,2553198,2360148,63,4633473
2025-04-19 00:02:07,913,level_complete,6395,4,336260,0,2553223,2360194,48,4633521
2025-04-19 00:02:09,913,level_complete,6396,5,336280,0,2553537,2360390,87,4634350
2025-04-19 00:02:10,913,level_complete,6397,6,336293,0,2553682,2360519,42,4634690
2025-04-19 00:02:10,913,level_complete,6398,7,336302,0,2553826,2360643,67,4635135
2025-04-19 00:02:10,913,game_complete,-,8,336302,0,2553826,2360643,67,4635135
2025-04-19 00:02:14,914,level_complete,6399,1,336348,0,2554273,2361104,35,4635643
2025-04-19 00:02:15,914,level_complete,6400,2,336358,0,2554394,2361206,63,4635892
2025-04-19 00:02:15,914,level_complete,6401,3,336359,0,2554424,2361218,92,4635984
2025-04-19 00:02:16,914,level_complete,6402,4,336368,0,2554540,2361362,44,4636142
2025-04-19 00:02:16,914,level_complete,6403,5,336371,0,2554612,2361419,72,4636289
2025-04-19 00:02:16,914,level_complete,6404,6,336374,0,2554658,2361464,41,4636346
2025-04-19 00:02:18,914,level_complete,6405,7,336391,0,2554879,2361635,150,4636959
2025-04-19 00:02:18,914,game_complete,-,8,336391,0,2554879,2361635,150,4636959
2025-04-19 00:02:19,915,level_complete,6406,1,336401,0,2555044,2361817,37,4637151
2025-04-19 00:02:19,915,level_complete,6407,2,336402,0,2555074,2361852,44,4637195
2025-04-19 00:02:20,915,level_complete,6408,3,336417,0,2555229,2361959,99,4637588
2025-04-19 00:02:20,915,level_complete,6409,4,336423,0,2555292,2362009,36,4637671
2025-04-19 00:02:21,915,level_complete,6410,5,336429,0,2555423,2362094,64,4637971
2025-04-19 00:02:21,915,level_complete,6411,6,336436,0,2555487,2362139,82,4638104
2025-04-19 00:02:22,915,level_complete,6412,7,336445,0,2555614,2362219,242,4638705
2025-04-19 00:02:22,915,game_complete,-,8,336445,0,2555614,2362219,242,4638705
2025-04-19 00:02:25,916,level_complete,6413,1,336496,0,2556065,2362691,31,4639238
2025-04-19 00:02:27,916,level_complete,6414,2,336508,0,2556220,2362838,38,4639493
2025-04-19 00:02:27,916,level_complete,6415,3,336519,0,2556344,2362908,78,4639841
2025-04-19 00:02:27,916,level_complete,6416,4,336525,0,2556418,2362971,36,4639946
2025-04-19 00:02:28,916,level_complete,6417,5,336526,0,2556448,2363002,46,4639992
2025-04-19 00:02:29,916,level_complete,6418,6,336539,0,2556664,2363139,52,4640617
2025-04-19 00:02:30,916,level_complete,6419,7,336547,0,2556807,2363308,111,4640897
2025-04-19 00:02:30,916,game_complete,-,8,336547,0,2556807,2363308,111,4640897
2025-04-19 00:02:30,917,level_complete,6420,1,336559,0,2556877,2363384,39,4640979
2025-04-19 00:02:38,917,training_run_ep 356000,-,2,336645,0,2557768,2364152,0,4642620
2025-04-19 00:02:38,917,level_complete,6421,2,336655,0,2557846,2364215,38,4642734
2025-04-19 00:02:39,917,level_complete,6422,3,336660,0,2557921,2364258,96,4642915
2025-04-19 00:02:39,917,level_complete,6423,4,336665,0,2557979,2364313,39,4642996
2025-04-19 00:02:39,917,level_complete,6424,5,336668,0,2558052,2364357,61,4643246
2025-04-19 00:02:41,917,level_complete,6425,6,336693,0,2558353,2364553,76,4643984
2025-04-19 00:02:41,917,level_complete,6426,7,336700,0,2558426,2364600,57,4644191
2025-04-19 00:02:41,917,game_complete,-,8,336700,0,2558426,2364600,57,4644191
2025-04-19 00:02:53,918,level_complete,6427,1,336895,0,2560048,2366136,34,4646093
2025-04-19 00:03:03,918,training_run_ep 356500,-,2,337145,0,2561398,2367223,0,4648219
2025-04-19 00:03:09,918,level_complete,6428,2,337293,0,2562319,2368009,44,4649609
2025-04-19 00:03:13,918,level_complete,6429,3,337407,0,2563364,2368550,66,4653245
2025-04-19 00:03:17,918,level_complete,6430,4,337494,0,2563928,2369018,42,4654105
2025-04-19 00:03:17,918,level_complete,6431,5,337500,0,2563998,2369062,171,4654385
2025-04-19 00:03:18,918,level_complete,6432,6,337520,0,2564262,2369256,110,4654972
2025-04-19 00:03:19,918,level_complete,6433,7,337549,0,2564501,2369433,242,4655688
2025-04-19 00:03:19,918,game_complete,-,8,337549,0,2564501,2369433,242,4655688
2025-04-19 00:03:26,919,training_run_ep 357000,-,1,337645,0,2565065,2369984,0,4656370
2025-04-19 00:03:40,919,level_complete,6434,1,338040,0,2566819,2371698,33,4658418
2025-04-19 00:03:45,919,level_complete,6435,2,338143,0,2567633,2372367,58,4659808
2025-04-19 00:03:47,919,training_run_ep 357500,-,3,338145,0,2567653,2372385,0,4659870
2025-04-19 00:03:48,919,level_complete,6436,3,338164,0,2567893,2372521,63,4660613
2025-04-19 00:03:50,919,level_complete,6437,4,338208,0,2568303,2372875,30,4661212
2025-04-19 00:03:51,919,level_complete,6438,5,338224,0,2568492,2372970,59,4661917
2025-04-19 00:03:51,919,level_complete,6439,6,338226,0,2568533,2372989,110,4662074
2025-04-19 00:03:54,919,level_complete,6440,7,338295,0,2569221,2373468,221,4663969
2025-04-19 00:03:54,919,game_complete,-,8,338295,0,2569221,2373468,221,4663969
2025-04-19 00:04:15,920,training_run_ep 358000,-,1,338645,0,2571664,2375781,0,4666832
2025-04-19 00:04:16,920,level_complete,6441,1,338656,0,2571751,2375888,33,4666923
2025-04-19 00:04:16,920,level_complete,6442,2,338666,0,2571886,2376001,43,4667141
2025-04-19 00:04:16,920,level_complete,6443,3,338667,0,2571916,2376016,137,4667278
2025-04-19 00:04:17,920,level_complete,6444,4,338686,0,2572075,2376145,34,4667531
2025-04-19 00:04:18,920,level_complete,6445,5,338687,0,2572105,2376173,69,4667600
2025-04-19 00:04:18,920,level_complete,6446,6,338689,0,2572136,2376192,70,4667671
2025-04-19 00:04:19,920,level_complete,6447,7,338722,0,2572374,2376407,47,4668039
2025-04-19 00:04:19,920,game_complete,-,8,338722,0,2572374,2376407,47,4668039
2025-04-19 00:04:26,921,level_complete,6448,1,338861,0,2573296,2377277,35,4669131
2025-04-19 00:04:31,921,level_complete,6449,2,338972,0,2574104,2377912,41,4670478
2025-04-19 00:04:32,921,level_complete,6450,3,338984,0,2574306,2378043,141,4671053
2025-04-19 00:04:32,921,level_complete,6451,4,338988,0,2574347,2378086,44,4671114
2025-04-19 00:04:33,921,level_complete,6452,5,338990,0,2574390,2378132,123,4671259
2025-04-19 00:04:35,921,level_complete,6453,6,339054,0,2574926,2378519,57,4672364
2025-04-19 00:04:36,921,level_complete,6454,7,339068,0,2575111,2378655,127,4672981
2025-04-19 00:04:36,921,game_complete,-,8,339068,0,2575111,2378655,127,4672981
2025-04-19 00:04:42,922,training_run_ep 358500,-,1,339145,0,2575575,2379109,0,4673518
2025-04-19 00:04:45,922,level_complete,6455,1,339213,0,2576029,2379538,36,4674050
2025-04-19 00:04:48,922,level_complete,6456,2,339261,0,2576510,2379966,58,4674818
2025-04-19 00:04:48,922,level_complete,6457,3,339263,0,2576554,2379988,104,4674950
2025-04-19 00:04:49,922,level_complete,6458,4,339266,0,2576585,2380012,39,4674996
2025-04-19 00:04:49,922,level_complete,6459,5,339268,0,2576617,2380028,91,4675089
2025-04-19 00:04:49,922,level_complete,6460,6,339273,0,2576693,2380072,179,4675331
2025-04-19 00:04:49,922,level_complete,6461,7,339276,0,2576747,2380096,166,4675537
2025-04-19 00:04:49,922,game_complete,-,8,339276,0,2576747,2380096,166,4675537
2025-04-19 00:04:52,923,level_complete,6462,1,339333,0,2577107,2380451,36,4675958
2025-04-19 00:04:54,923,level_complete,6463,2,339348,0,2577324,2380674,34,4676257
2025-04-19 00:04:54,923,level_complete,6464,3,339350,0,2577360,2380691,124,4676393
2025-04-19 00:04:58,923,level_complete,6465,4,339463,0,2578065,2381265,34,4677585
2025-04-19 00:05:00,923,level_complete,6466,5,339524,0,2578596,2381551,120,4679226
2025-04-19 00:05:01,923,level_complete,6467,6,339541,0,2578704,2381648,55,4679426
2025-04-19 00:05:04,923,level_complete,6468,7,339621,0,2579318,2382033,61,4681304
2025-04-19 00:05:04,923,game_complete,-,8,339621,0,2579318,2382033,61,4681304
2025-04-19 00:05:06,924,training_run_ep 359000,-,1,339645,0,2579477,2382183,0,4681493
2025-04-19 00:05:28,924,training_run_ep 359500,-,1,340145,0,2582127,2384608,0,4684583
2025-04-19 00:05:51,924,training_run_ep 360000,-,1,340645,0,2584811,2387098,0,4687707
2025-04-19 00:06:03,924,level_complete,6469,1,340917,0,2586389,2388551,32,4689537
2025-04-19 00:06:09,924,level_complete,6470,2,341066,0,2587436,2389350,123,4691386
2025-04-19 00:06:10,924,level_complete,6471,3,341086,0,2587697,2389478,208,4692326
2025-04-19 00:06:14,924,training_run_ep 360500,-,4,341145,0,2588061,2389774,0,4692864
2025-04-19 00:06:14,924,level_complete,6472,4,341156,0,2588136,2389827,35,4692983
2025-04-19 00:06:20,924,level_complete,6473,5,341312,0,2589553,2390642,88,4697265
2025-04-19 00:06:20,924,level_complete,6474,6,341315,0,2589596,2390664,74,4697360
2025-04-19 00:06:23,924,level_complete,6475,7,341392,0,2590269,2391148,103,4699447
2025-04-19 00:06:23,924,game_complete,-,8,341392,0,2590269,2391148,103,4699447
2025-04-19 00:06:37,925,training_run_ep 361000,-,1,341645,0,2591829,2392664,0,4701266
2025-04-19 00:07:07,925,training_run_ep 361500,-,1,342145,0,2595369,2396171,0,4705382
2025-04-19 00:07:16,925,level_complete,6476,1,342272,0,2596377,2397189,37,4706571
2025-04-19 00:07:20,925,level_complete,6477,2,342338,0,2597025,2397758,55,4707617
2025-04-19 00:07:22,925,level_complete,6478,3,342374,0,2597486,2398038,105,4709113
2025-04-19 00:07:22,925,level_complete,6479,4,342387,0,2597558,2398118,37,4709206
2025-04-19 00:07:23,925,level_complete,6480,5,342409,0,2597823,2398265,93,4710069
2025-04-19 00:07:24,925,level_complete,6481,6,342410,0,2597853,2398303,61,4710130
2025-04-19 00:07:25,925,level_complete,6482,7,342444,0,2598229,2398570,244,4711127
2025-04-19 00:07:25,925,game_complete,-,8,342444,0,2598229,2398570,244,4711127
2025-04-19 00:07:33,926,training_run_ep 362000,-,1,342645,0,2599027,2399305,0,4712044
2025-04-19 00:07:56,926,training_run_ep 362500,-,1,343145,0,2601667,2401813,0,4715087
2025-04-19 00:08:19,926,training_run_ep 363000,-,1,343645,0,2604468,2404455,0,4718380
2025-04-19 00:08:26,926,level_complete,6483,1,343776,0,2605297,2405303,34,4719331
2025-04-19 00:08:27,926,level_complete,6484,2,343780,0,2605378,2405379,40,4719439
2025-04-19 00:08:28,926,level_complete,6485,3,343794,0,2605581,2405521,59,4719941
2025-04-19 00:08:28,926,level_complete,6486,4,343799,0,2605651,2405582,31,4720039
2025-04-19 00:08:29,926,level_complete,6487,5,343801,0,2605709,2405638,56,4720157
2025-04-19 00:08:29,926,level_complete,6488,6,343811,0,2605858,2405740,107,4720523
2025-04-19 00:08:30,926,level_complete,6489,7,343820,0,2605998,2405883,127,4720930
2025-04-19 00:08:30,926,game_complete,-,8,343820,0,2605998,2405883,127,4720930
2025-04-19 00:08:33,927,level_complete,6490,1,343852,0,2606257,2406179,40,4721220
2025-04-19 00:08:33,927,level_complete,6491,2,343859,0,2606346,2406278,46,4721344
2025-04-19 00:08:34,927,level_complete,6492,3,343866,0,2606454,2406336,95,4721689
2025-04-19 00:08:34,927,level_complete,6493,4,343873,0,2606517,2406389,35,4721775
2025-04-19 00:08:34,927,level_complete,6494,5,343874,0,2606547,2406412,57,4721832
2025-04-19 00:08:38,927,level_complete,6495,6,343923,0,2607151,2406882,49,4723070
2025-04-19 00:08:39,927,level_complete,6496,7,343943,0,2607354,2407033,60,4723536
2025-04-19 00:08:39,927,game_complete,-,8,343943,0,2607354,2407033,60,4723536
2025-04-19 00:08:43,928,level_complete,6497,1,343988,0,2607905,2407645,37,4724173
2025-04-19 00:08:46,928,level_complete,6498,2,344017,0,2608236,2407943,51,4724717
2025-04-19 00:08:46,928,level_complete,6499,3,344025,0,2608332,2407993,120,4725175
2025-04-19 00:08:48,928,level_complete,6500,4,344056,0,2608682,2408268,37,4725663
2025-04-19 00:08:48,928,level_complete,6501,5,344059,0,2608721,2408294,117,4725804
2025-04-19 00:08:50,928,level_complete,6502,6,344085,0,2609022,2408537,44,4726518
2025-04-19 00:08:51,928,level_complete,6503,7,344102,0,2609239,2408668,81,4727433
2025-04-19 00:08:51,928,game_complete,-,8,344102,0,2609239,2408668,81,4727433
2025-04-19 00:08:55,929,training_run_ep 363500,-,1,344145,0,2609542,2408987,0,4727783
2025-04-19 00:08:57,929,level_complete,6504,1,344198,0,2609840,2409300,33,4728132
2025-04-19 00:09:02,929,level_complete,6505,2,344281,0,2610473,2409842,40,4729123
2025-04-19 00:09:02,929,level_complete,6506,3,344291,0,2610608,2409926,116,4729558
2025-04-19 00:09:02,929,level_complete,6507,4,344293,0,2610647,2409960,50,4729628
2025-04-19 00:09:03,929,level_complete,6508,5,344297,0,2610733,2410020,60,4729846
2025-04-19 00:09:03,929,level_complete,6509,6,344300,0,2610770,2410054,50,4729904
2025-04-19 00:09:04,929,level_complete,6510,7,344307,0,2610871,2410132,54,4730100
2025-04-19 00:09:04,929,game_complete,-,8,344307,0,2610871,2410132,54,4730100
2025-04-19 00:09:11,930,level_complete,6511,1,344408,0,2611808,2411119,35,4731191
2025-04-19 00:09:16,930,level_complete,6512,2,344479,0,2612419,2411670,41,4732176
2025-04-19 00:09:16,930,level_complete,6513,3,344492,0,2612585,2411761,106,4732648
2025-04-19 00:09:17,930,level_complete,6514,4,344503,0,2612721,2411900,34,4732840
2025-04-19 00:09:18,930,level_complete,6515,5,344510,0,2612870,2411979,155,4733361
2025-04-19 00:09:19,930,level_complete,6516,6,344528,0,2613073,2412136,44,4733908
2025-04-19 00:09:20,930,level_complete,6517,7,344540,0,2613225,2412266,69,4734204
2025-04-19 00:09:20,930,game_complete,-,8,344540,0,2613225,2412266,69,4734204
2025-04-19 00:09:25,931,level_complete,6518,1,344617,0,2613859,2412886,33,4734941
2025-04-19 00:09:26,931,level_complete,6519,2,344627,0,2614036,2413042,40,4735258
2025-04-19 00:09:26,931,level_complete,6520,3,344633,0,2614144,2413095,149,4735741
2025-04-19 00:09:29,931,training_run_ep 364000,-,4,344645,0,2614301,2413254,0,4735993
2025-04-19 00:09:30,931,level_complete,6521,4,344651,0,2614402,2413360,30,4736129
2025-04-19 00:09:30,931,level_complete,6522,5,344652,0,2614432,2413379,98,4736227
2025-04-19 00:09:30,931,level_complete,6523,6,344656,0,2614498,2413444,40,4736335
2025-04-19 00:09:32,931,level_complete,6524,7,344676,0,2614785,2413645,65,4737074
2025-04-19 00:09:32,931,game_complete,-,8,344676,0,2614785,2413645,65,4737074
2025-04-19 00:09:33,932,level_complete,6525,1,344687,0,2614894,2413762,32,4737196
2025-04-19 00:09:35,932,level_complete,6526,2,344737,0,2615336,2414118,74,4738042
2025-04-19 00:09:37,932,level_complete,6527,3,344770,0,2615675,2414287,60,4739152
2025-04-19 00:09:37,932,level_complete,6528,4,344781,0,2615786,2414384,37,4739318
2025-04-19 00:09:38,932,level_complete,6529,5,344795,0,2615956,2414479,48,4739779
2025-04-19 00:09:38,932,level_complete,6530,6,344796,0,2615986,2414499,73,4739852
2025-04-19 00:09:39,932,level_complete,6531,7,344802,0,2616099,2414612,125,4740115
2025-04-19 00:09:39,932,game_complete,-,8,344802,0,2616099,2414612,125,4740115
2025-04-19 00:09:40,933,level_complete,6532,1,344812,0,2616214,2414739,38,4740250
2025-04-19 00:09:41,933,level_complete,6533,2,344824,0,2616360,2414882,45,4740469
2025-04-19 00:09:41,933,level_complete,6534,3,344825,0,2616390,2414907,57,4740526
2025-04-19 00:09:41,933,level_complete,6535,4,344829,0,2616439,2414956,31,4740583
2025-04-19 00:09:43,933,level_complete,6536,5,344862,0,2616839,2415138,137,4742048
2025-04-19 00:09:43,933,level_complete,6537,6,344875,0,2616937,2415234,35,4742222
2025-04-19 00:09:44,933,level_complete,6538,7,344898,0,2617132,2415332,167,4742900
2025-04-19 00:09:44,933,game_complete,-,8,344898,0,2617132,2415332,167,4742900
2025-04-19 00:09:49,934,level_complete,6539,1,344984,0,2617734,2415912,36,4743606
2025-04-19 00:09:49,934,level_complete,6540,2,344986,0,2617786,2415954,55,4743704
2025-04-19 00:09:50,934,level_complete,6541,3,344994,0,2617927,2416047,41,4744063
2025-04-19 00:09:54,934,level_complete,6542,4,345086,0,2618604,2416582,36,4745089
2025-04-19 00:09:54,934,level_complete,6543,5,345096,0,2618726,2416670,141,4745456
2025-04-19 00:09:55,934,level_complete,6544,6,345101,0,2618811,2416746,186,4745720
2025-04-19 00:09:59,934,training_run_ep 364500,-,7,345145,0,2619289,2417094,0,4746900
2025-04-19 00:09:59,934,level_complete,6545,7,345152,0,2619409,2417175,72,4747313
2025-04-19 00:09:59,934,game_complete,-,8,345152,0,2619409,2417175,72,4747313
2025-04-19 00:10:07,935,level_complete,6546,1,345280,0,2620454,2418158,31,4748557
2025-04-19 00:10:09,935,level_complete,6547,2,345313,0,2620780,2418453,35,4749038
2025-04-19 00:10:10,935,level_complete,6548,3,345319,0,2620897,2418516,104,4749372
2025-04-19 00:10:10,935,level_complete,6549,4,345322,0,2620945,2418548,37,4749470
2025-04-19 00:10:12,935,level_complete,6550,5,345358,0,2621397,2418851,97,4750727
2025-04-19 00:10:12,935,level_complete,6551,6,345365,0,2621464,2418895,166,4750966
2025-04-19 00:10:14,935,level_complete,6552,7,345383,0,2621684,2419066,120,4751485
2025-04-19 00:10:14,935,game_complete,-,8,345383,0,2621684,2419066,120,4751485
2025-04-19 00:10:20,936,level_complete,6553,1,345479,0,2622520,2419908,37,4752466
2025-04-19 00:10:21,936,level_complete,6554,2,345483,0,2622554,2419941,56,4752526
2025-04-19 00:10:21,936,level_complete,6555,3,345495,0,2622725,2420036,51,4753084
2025-04-19 00:10:21,936,level_complete,6556,4,345497,0,2622768,2420072,34,4753147
2025-04-19 00:10:22,936,level_complete,6557,5,345503,0,2622870,2420142,98,4753415
2025-04-19 00:10:23,936,level_complete,6558,6,345513,0,2623004,2420234,251,4753970
2025-04-19 00:10:23,936,level_complete,6559,7,345514,0,2623034,2420257,92,4754062
2025-04-19 00:10:23,936,game_complete,-,8,345514,0,2623034,2420257,92,4754062
2025-04-19 00:10:27,937,level_complete,6560,1,345558,0,2623531,2420734,36,4754679
2025-04-19 00:10:28,937,level_complete,6561,2,345578,0,2623733,2420915,43,4755014
2025-04-19 00:10:28,937,level_complete,6562,3,345583,0,2623830,2420963,91,4755291
2025-04-19 00:10:29,937,level_complete,6563,4,345593,0,2623932,2421063,28,4755464
2025-04-19 00:10:30,937,level_complete,6564,5,345597,0,2624034,2421140,45,4755767
2025-04-19 00:10:30,937,level_complete,6565,6,345599,0,2624093,2421181,84,4755897
2025-04-19 00:10:31,937,level_complete,6566,7,345614,0,2624302,2421337,66,4756589
2025-04-19 00:10:31,937,game_complete,-,8,345614,0,2624302,2421337,66,4756589
2025-04-19 00:10:34,938,level_complete,6567,1,345639,0,2624601,2421681,33,4756923
2025-04-19 00:10:36,938,training_run_ep 365000,-,2,345645,0,2624659,2421728,0,4756997
2025-04-19 00:10:37,938,level_complete,6568,2,345659,0,2624848,2421887,52,4757289
2025-04-19 00:10:37,938,level_complete,6569,3,345668,0,2624928,2421938,225,4757585
2025-04-19 00:10:37,938,level_complete,6570,4,345669,0,2624953,2421968,35,4757620
2025-04-19 00:10:38,938,level_complete,6571,5,345673,0,2625035,2422035,46,4757802
2025-04-19 00:10:38,938,level_complete,6572,6,345674,0,2625065,2422055,189,4757991
2025-04-19 00:10:39,938,level_complete,6573,7,345679,0,2625173,2422140,65,4758374
2025-04-19 00:10:39,938,game_complete,-,8,345679,0,2625173,2422140,65,4758374
2025-04-19 00:10:41,939,level_complete,6574,1,345692,0,2625420,2422429,34,4758661
2025-04-19 00:10:43,939,level_complete,6575,2,345726,0,2625794,2422753,44,4759279
2025-04-19 00:10:44,939,level_complete,6576,3,345733,0,2625898,2422786,408,4759953
2025-04-19 00:10:44,939,level_complete,6577,4,345742,0,2625936,2422827,37,4760003
2025-04-19 00:10:44,939,level_complete,6578,5,345752,0,2626030,2422897,74,4760318
2025-04-19 00:10:45,939,level_complete,6579,6,345768,0,2626246,2423041,84,4760965
2025-04-19 00:10:46,939,level_complete,6580,7,345771,0,2626277,2423069,40,4761006
2025-04-19 00:10:46,939,game_complete,-,8,345771,0,2626277,2423069,40,4761006
2025-04-19 00:10:57,940,level_complete,6581,1,345955,0,2627757,2424499,36,4762788
2025-04-19 00:11:03,940,level_complete,6582,2,346060,0,2628614,2425218,37,4764088
2025-04-19 00:11:03,940,level_complete,6583,3,346079,0,2628827,2425320,184,4764938
2025-04-19 00:11:04,940,level_complete,6584,4,346105,0,2628988,2425465,30,4765143
2025-04-19 00:11:08,940,training_run_ep 365500,-,5,346145,0,2629420,2425717,0,4766423
2025-04-19 00:11:08,940,level_complete,6585,5,346168,0,2629616,2425814,81,4767135
2025-04-19 00:11:12,940,level_complete,6586,6,346265,0,2630468,2426384,102,4769213
2025-04-19 00:11:13,940,level_complete,6587,7,346298,0,2630737,2426572,157,4769903
2025-04-19 00:11:13,940,game_complete,-,8,346298,0,2630737,2426572,157,4769903
2025-04-19 00:11:28,941,training_run_ep 366000,-,1,346645,0,2632423,2428156,0,4771856
2025-04-19 00:11:38,941,level_complete,6588,1,346892,0,2633643,2429335,32,4773221
2025-04-19 00:11:49,941,training_run_ep 366500,-,2,347145,0,2635092,2430536,0,4775482
2025-04-19 00:11:50,941,level_complete,6589,2,347170,0,2635217,2430631,76,4775735
2025-04-19 00:11:51,941,level_complete,6590,3,347187,0,2635414,2430731,108,4776313
2025-04-19 00:11:51,941,level_complete,6591,4,347195,0,2635511,2430807,42,4776497
2025-04-19 00:11:54,941,level_complete,6592,5,347263,0,2636261,2431210,75,4778834
2025-04-19 00:11:55,941,level_complete,6593,6,347276,0,2636373,2431296,51,4779049
2025-04-19 00:11:57,941,level_complete,6594,7,347332,0,2636853,2431617,139,4780585
2025-04-19 00:11:57,941,game_complete,-,8,347332,0,2636853,2431617,139,4780585
2025-04-19 00:12:14,942,training_run_ep 367000,-,1,347645,0,2638827,2433517,0,4782861
2025-04-19 00:12:30,942,level_complete,6595,1,348031,0,2640787,2435434,37,4785148
2025-04-19 00:12:37,942,training_run_ep 367500,-,2,348145,0,2641631,2436134,0,4786561
2025-04-19 00:12:38,942,level_complete,6596,2,348178,0,2641864,2436320,54,4786937
2025-04-19 00:12:39,942,level_complete,6597,3,348192,0,2642082,2436434,84,4787590
2025-04-19 00:12:43,942,level_complete,6598,4,348273,0,2642607,2436951,37,4788383
2025-04-19 00:12:43,942,level_complete,6599,5,348275,0,2642650,2436985,48,4788465
2025-04-19 00:12:45,942,level_complete,6600,6,348303,0,2642978,2437221,59,4789087
2025-04-19 00:12:45,942,level_complete,6601,7,348327,0,2643168,2437355,242,4789727
2025-04-19 00:12:45,942,game_complete,-,8,348327,0,2643168,2437355,242,4789727
2025-04-19 00:12:51,943,level_complete,6602,1,348450,0,2643907,2438076,37,4790597
2025-04-19 00:12:54,943,level_complete,6603,2,348489,0,2644356,2438415,48,4791387
2025-04-19 00:12:55,943,level_complete,6604,3,348500,0,2644484,2438506,53,4791691
2025-04-19 00:12:56,943,level_complete,6605,4,348517,0,2644663,2438682,32,4791970
2025-04-19 00:12:56,943,level_complete,6606,5,348526,0,2644766,2438749,122,4792332
2025-04-19 00:12:57,943,level_complete,6607,6,348532,0,2644815,2438796,42,4792395
2025-04-19 00:13:01,943,level_complete,6608,7,348637,0,2645836,2439461,70,4795526
2025-04-19 00:13:01,943,game_complete,-,8,348637,0,2645836,2439461,70,4795526
2025-04-19 00:13:03,944,training_run_ep 368000,-,1,348645,0,2645905,2439521,0,4795611
2025-04-19 00:13:09,944,level_complete,6609,1,348737,0,2646626,2440219,36,4796433
2025-04-19 00:13:12,944,level_complete,6610,2,348788,0,2647200,2440693,49,4797359
2025-04-19 00:13:13,944,level_complete,6611,3,348795,0,2647302,2440760,61,4797583
2025-04-19 00:13:14,944,level_complete,6612,4,348804,0,2647431,2440890,37,4797752
2025-04-19 00:13:14,944,level_complete,6613,5,348812,0,2647557,2440976,101,4798064
2025-04-19 00:13:15,944,level_complete,6614,6,348820,0,2647629,2441042,37,4798170
2025-04-19 00:13:18,944,level_complete,6615,7,348876,0,2648282,2441477,87,4800090
2025-04-19 00:13:18,944,game_complete,-,8,348876,0,2648282,2441477,87,4800090
2025-04-19 00:13:21,945,level_complete,6616,1,348920,0,2648710,2441912,33,4800607
2025-04-19 00:13:23,945,level_complete,6617,2,348933,0,2648944,2442189,50,4800953
2025-04-19 00:13:24,945,level_complete,6618,3,348943,0,2649080,2442285,171,4801331
2025-04-19 00:13:24,945,level_complete,6619,4,348944,0,2649105,2442308,33,4801364
2025-04-19 00:13:24,945,level_complete,6620,5,348945,0,2649135,2442335,57,4801421
2025-04-19 00:13:25,945,level_complete,6621,6,348949,0,2649223,2442399,64,4801578
2025-04-19 00:13:26,945,level_complete,6622,7,348970,0,2649456,2442590,62,4802194
2025-04-19 00:13:26,945,game_complete,-,8,348970,0,2649456,2442590,62,4802194
2025-04-19 00:13:28,946,level_complete,6623,1,348993,0,2649745,2442888,33,4802558
2025-04-19 00:13:28,946,level_complete,6624,2,348995,0,2649777,2442925,58,4802618
2025-04-19 00:13:30,946,level_complete,6625,3,349016,0,2650117,2443104,121,4803777
2025-04-19 00:13:32,946,level_complete,6626,4,349052,0,2650495,2443479,73,4804349
2025-04-19 00:13:34,946,level_complete,6627,5,349082,0,2650941,2443777,53,4805485
2025-04-19 00:13:35,946,level_complete,6628,6,349083,0,2650971,2443808,41,4805526
2025-04-19 00:13:35,946,level_complete,6629,7,349089,0,2651030,2443853,85,4805711
2025-04-19 00:13:35,946,game_complete,-,8,349089,0,2651030,2443853,85,4805711
2025-04-19 00:13:37,947,level_complete,6630,1,349112,0,2651233,2444060,35,4805940
2025-04-19 00:13:39,947,level_complete,6631,2,349143,0,2651616,2444419,57,4806531
2025-04-19 00:13:41,947,training_run_ep 368500,-,3,349145,0,2651631,2444426,0,4806561
2025-04-19 00:13:41,947,level_complete,6632,3,349149,0,2651711,2444496,44,4806734
2025-04-19 00:13:42,947,level_complete,6633,4,349154,0,2651765,2444554,28,4806806
2025-04-19 00:13:42,947,level_complete,6634,5,349160,0,2651861,2444624,57,4806988
2025-04-19 00:13:43,947,level_complete,6635,6,349162,0,2651900,2444649,58,4807061
2025-04-19 00:13:43,947,level_complete,6636,7,349167,0,2651965,2444701,70,4807251
2025-04-19 00:13:43,947,game_complete,-,8,349167,0,2651965,2444701,70,4807251
2025-04-19 00:13:44,948,level_complete,6637,1,349172,0,2652039,2444787,35,4807336
2025-04-19 00:13:45,948,level_complete,6638,2,349183,0,2652210,2444977,45,4807584
2025-04-19 00:13:46,948,level_complete,6639,3,349196,0,2652377,2445097,90,4807970
2025-04-19 00:13:46,948,level_complete,6640,4,349202,0,2652432,2445139,33,4808047
2025-04-19 00:13:46,948,level_complete,6641,5,349204,0,2652490,2445166,81,4808228
2025-04-19 00:13:47,948,level_complete,6642,6,349215,0,2652696,2445320,53,4808631
2025-04-19 00:13:48,948,level_complete,6643,7,349223,0,2652795,2445394,65,4809029
2025-04-19 00:13:48,948,game_complete,-,8,349223,0,2652795,2445394,65,4809029
2025-04-19 00:13:49,949,level_complete,6644,1,349232,0,2652886,2445519,37,4809143
2025-04-19 00:13:50,949,level_complete,6645,2,349239,0,2652995,2445633,56,4809317
2025-04-19 00:13:50,949,level_complete,6646,3,349248,0,2653133,2445722,90,4809770
2025-04-19 00:13:51,949,level_complete,6647,4,349251,0,2653169,2445767,30,4809812
2025-04-19 00:13:51,949,level_complete,6648,5,349254,0,2653219,2445824,98,4809981
2025-04-19 00:13:53,949,level_complete,6649,6,349284,0,2653677,2446114,61,4811189
2025-04-19 00:13:54,949,level_complete,6650,7,349295,0,2653803,2446233,77,4811494
2025-04-19 00:13:54,949,game_complete,-,8,349295,0,2653803,2446233,77,4811494
2025-04-19 00:13:54,950,level_complete,6651,1,349297,0,2653835,2446275,31,4811527
2025-04-19 00:13:54,950,level_complete,6652,2,349298,0,2653865,2446299,50,4811577
2025-04-19 00:13:54,950,level_complete,6653,3,349300,0,2653902,2446321,137,4811721
2025-04-19 00:13:55,950,level_complete,6654,4,349302,0,2653931,2446353,29,4811754
2025-04-19 00:13:55,950,level_complete,6655,5,349311,0,2654040,2446458,70,4811973
2025-04-19 00:13:56,950,level_complete,6656,6,349317,0,2654160,2446556,71,4812214
2025-04-19 00:13:56,950,level_complete,6657,7,349321,0,2654225,2446612,78,4812384
2025-04-19 00:13:56,950,game_complete,-,8,349321,0,2654225,2446612,78,4812384
2025-04-19 00:14:00,951,level_complete,6658,1,349360,0,2654700,2447105,36,4812933
2025-04-19 00:14:01,951,level_complete,6659,2,349362,0,2654737,2447144,36,4812977
2025-04-19 00:14:02,951,level_complete,6660,3,349375,0,2654923,2447292,57,4813514
2025-04-19 00:14:02,951,level_complete,6661,4,349377,0,2654966,2447342,33,4813589
2025-04-19 00:14:03,951,level_complete,6662,5,349389,0,2655191,2447509,54,4814091
2025-04-19 00:14:04,951,level_complete,6663,6,349396,0,2655277,2447565,53,4814260
2025-04-19 00:14:04,951,level_complete,6664,7,349405,0,2655414,2447685,73,4814630
2025-04-19 00:14:04,951,game_complete,-,8,349405,0,2655414,2447685,73,4814630
2025-04-19 00:14:07,952,level_complete,6665,1,349428,0,2655706,2447981,36,4814985
2025-04-19 00:14:07,952,level_complete,6666,2,349430,0,2655758,2448050,35,4815104
2025-04-19 00:14:07,952,level_complete,6667,3,349431,0,2655788,2448069,95,4815199
2025-04-19 00:14:08,952,level_complete,6668,4,349439,0,2655879,2448173,52,4815343
2025-04-19 00:14:11,952,level_complete,6669,5,349518,0,2656682,2448642,102,4817612
2025-04-19 00:14:11,952,level_complete,6670,6,349520,0,2656716,2448666,84,4817701
2025-04-19 00:14:12,952,level_complete,6671,7,349521,0,2656746,2448690,74,4817775
2025-04-19 00:14:12,952,game_complete,-,8,349521,0,2656746,2448690,74,4817775
2025-04-19 00:14:12,953,level_complete,6672,1,349524,0,2656800,2448774,35,4817836
2025-04-19 00:14:13,953,level_complete,6673,2,349533,0,2656874,2448863,39,4817933
2025-04-19 00:14:14,953,level_complete,6674,3,349546,0,2657037,2448976,45,4818403
2025-04-19 00:14:14,953,level_complete,6675,4,349548,0,2657064,2449015,30,4818435
2025-04-19 00:14:14,953,level_complete,6676,5,349549,0,2657094,2449051,81,4818516
2025-04-19 00:14:15,953,level_complete,6677,6,349567,0,2657258,2449176,70,4818846
2025-04-19 00:14:16,953,level_complete,6678,7,349594,0,2657496,2449343,121,4819468
2025-04-19 00:14:16,953,game_complete,-,8,349594,0,2657496,2449343,121,4819468
2025-04-19 00:14:17,954,level_complete,6679,1,349604,0,2657616,2449496,35,4819601
2025-04-19 00:14:18,954,level_complete,6680,2,349606,0,2657664,2449571,46,4819686
2025-04-19 00:14:18,954,level_complete,6681,3,349607,0,2657694,2449630,114,4819800
2025-04-19 00:14:19,954,level_complete,6682,4,349613,0,2657783,2449727,49,4819926
2025-04-19 00:14:19,954,level_complete,6683,5,349614,0,2657813,2449752,107,4820033
2025-04-19 00:14:20,954,level_complete,6684,6,349628,0,2658004,2449884,47,4820488
2025-04-19 00:14:20,954,level_complete,6685,7,349629,0,2658034,2449898,118,4820606
2025-04-19 00:14:20,954,game_complete,-,8,349629,0,2658034,2449898,118,4820606
2025-04-19 00:14:21,955,level_complete,6686,1,349632,0,2658080,2449958,34,4820658
2025-04-19 00:14:24,955,training_run_ep 369000,-,2,349645,0,2658256,2450107,0,4820934
2025-04-19 00:14:25,955,level_complete,6687,2,349654,0,2658402,2450246,43,4821194
2025-04-19 00:14:25,955,level_complete,6688,3,349658,0,2658487,2450311,53,4821455
2025-04-19 00:14:25,955,level_complete,6689,4,349660,0,2658523,2450333,80,4821547
2025-04-19 00:14:25,955,level_complete,6690,5,349663,0,2658571,2450362,120,4821697
2025-04-19 00:14:26,955,level_complete,6691,6,349672,0,2658731,2450504,120,4822115
2025-04-19 00:14:27,955,level_complete,6692,7,349673,0,2658761,2450540,93,4822208
2025-04-19 00:14:27,955,game_complete,-,8,349673,0,2658761,2450540,93,4822208
2025-04-19 00:14:29,956,level_complete,6693,1,349692,0,2659006,2450820,31,4822483
2025-04-19 00:14:31,956,level_complete,6694,2,349715,0,2659289,2451129,41,4822929
2025-04-19 00:14:32,956,level_complete,6695,3,349721,0,2659444,2451206,42,4823495
2025-04-19 00:14:32,956,level_complete,6696,4,349723,0,2659490,2451271,26,4823550
2025-04-19 00:14:32,956,level_complete,6697,5,349728,0,2659570,2451318,55,4823802
2025-04-19 00:14:34,956,level_complete,6698,6,349745,0,2659800,2451497,82,4824472
2025-04-19 00:14:36,956,level_complete,6699,7,349782,0,2660228,2451885,141,4825853
2025-04-19 00:14:36,956,game_complete,-,8,349782,0,2660228,2451885,141,4825853
2025-04-19 00:14:37,957,level_complete,6700,1,349786,0,2660311,2451991,44,4825958
2025-04-19 00:14:38,957,level_complete,6701,2,349795,0,2660466,2452145,42,4826224
2025-04-19 00:14:39,957,level_complete,6702,3,349797,0,2660524,2452194,71,4826404
2025-04-19 00:14:39,957,level_complete,6703,4,349801,0,2660585,2452243,58,4826514
2025-04-19 00:14:39,957,level_complete,6704,5,349803,0,2660642,2452273,74,4826724
2025-04-19 00:14:40,957,level_complete,6705,6,349809,0,2660757,2452364,41,4826968
2025-04-19 00:14:40,957,level_complete,6706,7,349812,0,2660802,2452402,83,4827068
2025-04-19 00:14:40,957,game_complete,-,8,349812,0,2660802,2452402,83,4827068
2025-04-19 00:14:41,958,level_complete,6707,1,349815,0,2660886,2452502,39,4827173
2025-04-19 00:14:41,958,level_complete,6708,2,349816,0,2660916,2452534,43,4827216
2025-04-19 00:14:42,958,level_complete,6709,3,349824,0,2661082,2452632,85,4827821
2025-04-19 00:14:42,958,level_complete,6710,4,349828,0,2661153,2452711,40,4827928
2025-04-19 00:14:43,958,level_complete,6711,5,349845,0,2661316,2452804,68,4828328
2025-04-19 00:14:43,958,level_complete,6712,6,349847,0,2661347,2452843,151,4828480
2025-04-19 00:14:44,958,level_complete,6713,7,349863,0,2661479,2452938,101,4828828
2025-04-19 00:14:44,958,game_complete,-,8,349863,0,2661479,2452938,101,4828828
2025-04-19 00:14:46,959,level_complete,6714,1,349876,0,2661732,2453232,33,4829133
2025-04-19 00:14:46,959,level_complete,6715,2,349877,0,2661762,2453269,53,4829186
2025-04-19 00:14:47,959,level_complete,6716,3,349880,0,2661821,2453313,58,4829280
2025-04-19 00:14:47,959,level_complete,6717,4,349883,0,2661873,2453361,34,4829347
2025-04-19 00:14:48,959,level_complete,6718,5,349894,0,2662025,2453469,125,4829807
2025-04-19 00:14:48,959,level_complete,6719,6,349897,0,2662084,2453524,68,4830011
2025-04-19 00:14:48,959,level_complete,6720,7,349898,0,2662114,2453536,176,4830187
2025-04-19 00:14:48,959,game_complete,-,8,349898,0,2662114,2453536,176,4830187
2025-04-19 00:14:54,960,level_complete,6721,1,349945,0,2662752,2454255,38,4830918
2025-04-19 00:14:54,960,level_complete,6722,2,349949,0,2662824,2454319,55,4831034
2025-04-19 00:14:54,960,level_complete,6723,3,349951,0,2662881,2454375,89,4831166
2025-04-19 00:14:55,960,level_complete,6724,4,349954,0,2662932,2454418,32,4831250
2025-04-19 00:14:55,960,level_complete,6725,5,349955,0,2662962,2454435,188,4831438
2025-04-19 00:14:56,960,level_complete,6726,6,349972,0,2663210,2454648,62,4832027
2025-04-19 00:14:57,960,level_complete,6727,7,349974,0,2663269,2454690,247,4832327
2025-04-19 00:14:57,960,game_complete,-,8,349974,0,2663269,2454690,247,4832327
2025-04-19 00:14:58,961,level_complete,6728,1,349984,0,2663443,2454884,61,4832565
2025-04-19 00:14:59,961,level_complete,6729,2,349996,0,2663520,2454967,50,4832669
2025-04-19 00:14:59,961,level_complete,6730,3,349998,0,2663556,2455002,91,4832767
2025-04-19 00:15:00,961,level_complete,6731,4,350001,0,2663613,2455073,33,4832842
2025-04-19 00:15:00,961,level_complete,6732,5,350004,0,2663693,2455125,90,4833085
2025-04-19 00:15:00,961,level_complete,6733,6,350005,0,2663723,2455154,122,4833207
2025-04-19 00:15:00,961,level_complete,6734,7,350006,0,2663753,2455197,38,4833245
2025-04-19 00:15:00,961,game_complete,-,8,350006,0,2663753,2455197,38,4833245
2025-04-19 00:15:04,962,level_complete,6735,1,350032,0,2664091,2455613,36,4833631
2025-04-19 00:15:04,962,level_complete,6736,2,350039,0,2664198,2455731,55,4833812
2025-04-19 00:15:06,962,level_complete,6737,3,350058,0,2664495,2455919,44,4834662
2025-04-19 00:15:06,962,level_complete,6738,4,350060,0,2664527,2455950,30,4834699
2025-04-19 00:15:07,962,level_complete,6739,5,350069,0,2664688,2456074,56,4835038
2025-04-19 00:15:07,962,level_complete,6740,6,350077,0,2664757,2456124,65,4835176
2025-04-19 00:15:07,962,level_complete,6741,7,350079,0,2664793,2456168,99,4835282
2025-04-19 00:15:07,962,game_complete,-,8,350079,0,2664793,2456168,99,4835282
2025-04-19 00:15:10,963,level_complete,6742,1,350103,0,2665131,2456540,33,4835678
2025-04-19 00:15:12,963,level_complete,6743,2,350118,0,2665315,2456714,45,4835953
2025-04-19 00:15:12,963,level_complete,6744,3,350123,0,2665405,2456769,140,4836273
2025-04-19 00:15:13,963,level_complete,6745,4,350130,0,2665487,2456859,29,4836373
2025-04-19 00:15:13,963,level_complete,6746,5,350131,0,2665517,2456872,107,4836480
2025-04-19 00:15:13,963,level_complete,6747,6,350133,0,2665555,2456897,100,4836595
2025-04-19 00:15:13,963,level_complete,6748,7,350137,0,2665615,2456948,65,4836783
2025-04-19 00:15:13,963,game_complete,-,8,350137,0,2665615,2456948,65,4836783
2025-04-19 00:15:16,964,training_run_ep 369500,-,1,350145,0,2665773,2457132,0,4836971
2025-04-19 00:15:17,964,level_complete,6749,1,350146,0,2665803,2457180,33,4837004
2025-04-19 00:15:17,964,level_complete,6750,2,350148,0,2665849,2457222,41,4837069
2025-04-19 00:15:17,964,level_complete,6751,3,350149,0,2665879,2457249,79,4837148
2025-04-19 00:15:17,964,level_complete,6752,4,350150,0,2665904,2457287,35,4837183
2025-04-19 00:15:18,964,level_complete,6753,5,350152,0,2665960,2457341,65,4837319
2025-04-19 00:15:18,964,level_complete,6754,6,350153,0,2665990,2457367,62,4837381
2025-04-19 00:15:18,964,level_complete,6755,7,350158,0,2666088,2457444,88,4837631
2025-04-19 00:15:18,964,game_complete,-,8,350158,0,2666088,2457444,88,4837631
2025-04-19 00:15:25,965,level_complete,6756,1,350231,0,2666919,2458330,35,4838599
2025-04-19 00:15:29,965,level_complete,6757,2,350262,0,2667431,2458794,38,4839384
2025-04-19 00:15:29,965,level_complete,6758,3,350269,0,2667569,2458877,72,4839758
2025-04-19 00:15:30,965,level_complete,6759,4,350275,0,2667642,2458941,26,4839887
2025-04-19 00:15:31,965,level_complete,6760,5,350292,0,2667865,2459087,82,4840421
2025-04-19 00:15:31,965,level_complete,6761,6,350294,0,2667922,2459149,59,4840528
2025-04-19 00:15:31,965,level_complete,6762,7,350296,0,2667975,2459181,113,4840702
2025-04-19 00:15:31,965,game_complete,-,8,350296,0,2667975,2459181,113,4840702
2025-04-19 00:15:33,966,level_complete,6763,1,350305,0,2668142,2459359,44,4840916
2025-04-19 00:15:33,966,level_complete,6764,2,350308,0,2668201,2459413,50,4841028
2025-04-19 00:15:34,966,level_complete,6765,3,350313,0,2668299,2459476,171,4841331
2025-04-19 00:15:34,966,level_complete,6766,4,350318,0,2668370,2459552,35,4841433
2025-04-19 00:15:34,966,level_complete,6767,5,350319,0,2668400,2459592,36,4841469
2025-04-19 00:15:35,966,level_complete,6768,6,350322,0,2668476,2459670,43,4841590
2025-04-19 00:15:35,966,level_complete,6769,7,350325,0,2668540,2459727,46,4841697
2025-04-19 00:15:35,966,game_complete,-,8,350325,0,2668540,2459727,46,4841697
2025-04-19 00:15:37,967,level_complete,6770,1,350332,0,2668674,2459953,33,4841853
2025-04-19 00:15:38,967,level_complete,6771,2,350339,0,2668802,2460067,51,4842074
2025-04-19 00:15:39,967,level_complete,6772,3,350353,0,2669069,2460221,58,4842816
2025-04-19 00:15:39,967,level_complete,6773,4,350355,0,2669118,2460261,34,4842896
2025-04-19 00:15:40,967,level_complete,6774,5,350360,0,2669249,2460346,102,4843319
2025-04-19 00:15:40,967,level_complete,6775,6,350365,0,2669316,2460406,56,4843444
2025-04-19 00:15:41,967,level_complete,6776,7,350378,0,2669505,2460590,72,4843850
2025-04-19 00:15:41,967,game_complete,-,8,350378,0,2669505,2460590,72,4843850
2025-04-19 00:15:44,968,level_complete,6777,1,350393,0,2669719,2460907,35,4844096
2025-04-19 00:15:45,968,level_complete,6778,2,350403,0,2669911,2461087,45,4844422
2025-04-19 00:15:45,968,level_complete,6779,3,350406,0,2669965,2461126,69,4844527
2025-04-19 00:15:46,968,level_complete,6780,4,350409,0,2670013,2461173,37,4844595
2025-04-19 00:15:46,968,level_complete,6781,5,350410,0,2670043,2461206,79,4844674
2025-04-19 00:15:47,968,level_complete,6782,6,350417,0,2670166,2461395,69,4844940
2025-04-19 00:15:48,968,level_complete,6783,7,350419,0,2670220,2461428,159,4845160
2025-04-19 00:15:48,968,game_complete,-,8,350419,0,2670220,2461428,159,4845160
2025-04-19 00:15:48,969,level_complete,6784,1,350420,0,2670250,2461472,37,4845197
2025-04-19 00:15:48,969,level_complete,6785,2,350423,0,2670298,2461520,43,4845266
2025-04-19 00:15:48,969,level_complete,6786,3,350424,0,2670328,2461540,71,4845337
2025-04-19 00:15:49,969,level_complete,6787,4,350425,0,2670353,2461579,33,4845370
2025-04-19 00:15:49,969,level_complete,6788,5,350427,0,2670412,2461613,84,4845535
2025-04-19 00:15:49,969,level_complete,6789,6,350429,0,2670449,2461636,168,4845711
2025-04-19 00:15:49,969,level_complete,6790,7,350431,0,2670493,2461665,224,4845953
2025-04-19 00:15:49,969,game_complete,-,8,350431,0,2670493,2461665,224,4845953
2025-04-19 00:15:51,970,level_complete,6791,1,350447,0,2670694,2461874,34,4846198
2025-04-19 00:15:51,970,level_complete,6792,2,350451,0,2670768,2461935,52,4846333
2025-04-19 00:15:52,970,level_complete,6793,3,350459,0,2670900,2461987,408,4847213
2025-04-19 00:15:52,970,level_complete,6794,4,350461,0,2670943,2462028,31,4847273
2025-04-19 00:15:54,970,level_complete,6795,5,350483,0,2671307,2462293,59,4848352
2025-04-19 00:15:54,970,level_complete,6796,6,350489,0,2671404,2462357,85,4848585
2025-04-19 00:15:56,970,level_complete,6797,7,350540,0,2671837,2462634,124,4849905
2025-04-19 00:15:56,970,game_complete,-,8,350540,0,2671837,2462634,124,4849905
2025-04-19 00:15:59,971,level_complete,6798,1,350566,0,2672115,2462937,34,4850265
2025-04-19 00:15:59,971,level_complete,6799,2,350573,0,2672218,2463017,63,4850457
2025-04-19 00:16:00,971,level_complete,6800,3,350603,0,2672574,2463183,130,4851979
2025-04-19 00:16:03,971,level_complete,6801,4,350637,0,2672936,2463512,36,4852504
2025-04-19 00:16:05,971,training_run_ep 370000,-,5,350645,0,2672978,2463542,0,4852567
2025-04-19 00:16:05,971,level_complete,6802,5,350651,0,2673069,2463618,56,4852768
2025-04-19 00:16:05,971,level_complete,6803,6,350654,0,2673130,2463669,46,4852967
2025-04-19 00:16:08,971,level_complete,6804,7,350725,0,2673634,2463993,157,4854718
2025-04-19 00:16:08,971,game_complete,-,8,350725,0,2673634,2463993,157,4854718
2025-04-19 00:16:15,972,level_complete,6805,1,350892,0,2674600,2464950,33,4855825
2025-04-19 00:16:22,972,level_complete,6806,2,351035,0,2675761,2465859,80,4857900
2025-04-19 00:16:25,972,level_complete,6807,3,351090,0,2676458,2466269,124,4859899
2025-04-19 00:16:27,972,level_complete,6808,4,351140,0,2676769,2466526,29,4860405
2025-04-19 00:16:29,972,training_run_ep 370500,-,5,351145,0,2676827,2466552,0,4860584
2025-04-19 00:16:31,972,level_complete,6809,5,351207,0,2677368,2466878,48,4862064
2025-04-19 00:16:32,972,level_complete,6810,6,351219,0,2677513,2466989,55,4862380
2025-04-19 00:16:32,972,level_complete,6811,7,351223,0,2677570,2467028,85,4862506
2025-04-19 00:16:32,972,game_complete,-,8,351223,0,2677570,2467028,85,4862506
2025-04-19 00:16:48,973,level_complete,6812,1,351502,0,2679472,2468973,36,4864705
2025-04-19 00:16:51,973,level_complete,6813,2,351550,0,2679875,2469313,64,4865321
2025-04-19 00:16:52,973,level_complete,6814,3,351577,0,2680142,2469445,42,4866197
2025-04-19 00:16:55,973,level_complete,6815,4,351638,0,2680749,2469953,45,4867123
2025-04-19 00:16:57,973,training_run_ep 371000,-,5,351645,0,2680799,2469998,0,4867199
2025-04-19 00:16:58,973,level_complete,6816,5,351654,0,2680904,2470056,57,4867501
2025-04-19 00:16:58,973,level_complete,6817,6,351660,0,2681019,2470116,125,4867933
2025-04-19 00:16:58,973,level_complete,6818,7,351661,0,2681049,2470128,178,4868111
2025-04-19 00:16:58,973,game_complete,-,8,351661,0,2681049,2470128,178,4868111
2025-04-19 00:16:59,974,level_complete,6819,1,351664,0,2681095,2470203,35,4868165
2025-04-19 00:17:09,974,level_complete,6820,2,351826,0,2682670,2471612,37,4870587
2025-04-19 00:17:10,974,level_complete,6821,3,351840,0,2682821,2471694,127,4871047
2025-04-19 00:17:11,974,level_complete,6822,4,351850,0,2682943,2471799,38,4871280
2025-04-19 00:17:12,974,level_complete,6823,5,351891,0,2683370,2472046,59,4872377
2025-04-19 00:17:13,974,level_complete,6824,6,351902,0,2683469,2472098,104,4872601
2025-04-19 00:17:15,974,level_complete,6825,7,351955,0,2683977,2472444,147,4874199
2025-04-19 00:17:15,974,game_complete,-,8,351955,0,2683977,2472444,147,4874199
2025-04-19 00:17:16,975,level_complete,6826,1,351956,0,2684007,2472496,39,4874238
2025-04-19 00:17:24,975,training_run_ep 371500,-,2,352145,0,2685101,2473394,0,4876050
2025-04-19 00:17:32,975,level_complete,6827,2,352331,0,2686389,2474419,45,4878184
2025-04-19 00:17:32,975,level_complete,6828,3,352333,0,2686425,2474450,50,4878246
2025-04-19 00:17:32,975,level_complete,6829,4,352338,0,2686485,2474493,51,4878344
2025-04-19 00:17:34,975,level_complete,6830,5,352376,0,2686782,2474663,78,4879013
2025-04-19 00:17:35,975,level_complete,6831,6,352404,0,2687067,2474871,59,4879605
2025-04-19 00:17:38,975,level_complete,6832,7,352462,0,2687628,2475251,90,4881659
2025-04-19 00:17:38,975,game_complete,-,8,352462,0,2687628,2475251,90,4881659
2025-04-19 00:17:42,976,level_complete,6833,1,352517,0,2688196,2475845,35,4882347
2025-04-19 00:17:50,976,training_run_ep 372000,-,2,352645,0,2689249,2476721,0,4884166
2025-04-19 00:17:52,976,level_complete,6834,2,352682,0,2689519,2476939,66,4884609
2025-04-19 00:17:53,976,level_complete,6835,3,352695,0,2689738,2477080,112,4885243
2025-04-19 00:17:58,976,level_complete,6836,4,352842,0,2690523,2477689,33,4886624
2025-04-19 00:17:58,976,level_complete,6837,5,352862,0,2690681,2477795,57,4886960
2025-04-19 00:17:59,976,level_complete,6838,6,352874,0,2690780,2477864,41,4887155
2025-04-19 00:18:01,976,level_complete,6839,7,352942,0,2691322,2478251,169,4889042
2025-04-19 00:18:01,976,game_complete,-,8,352942,0,2691322,2478251,169,4889042
2025-04-19 00:18:10,977,training_run_ep 372500,-,1,353145,0,2692232,2479106,0,4890078
2025-04-19 00:18:16,977,level_complete,6840,1,353266,0,2692992,2479805,34,4890970
2025-04-19 00:18:16,977,level_complete,6841,2,353273,0,2693065,2479866,72,4891113
2025-04-19 00:18:18,977,level_complete,6842,3,353322,0,2693540,2480105,172,4893001
2025-04-19 00:18:18,977,level_complete,6843,4,353327,0,2693580,2480135,39,4893061
2025-04-19 00:18:19,977,level_complete,6844,5,353344,0,2693777,2480230,71,4893583
2025-04-19 00:18:20,977,level_complete,6845,6,353367,0,2694012,2480356,62,4894324
2025-04-19 00:18:22,977,level_complete,6846,7,353426,0,2694413,2480637,64,4895420
2025-04-19 00:18:22,977,game_complete,-,8,353426,0,2694413,2480637,64,4895420
2025-04-19 00:18:33,978,training_run_ep 373000,-,1,353645,0,2695671,2481847,0,4896887
2025-04-19 00:18:55,978,training_run_ep 373500,-,1,354145,0,2698243,2484328,0,4899862
2025-04-19 00:18:59,978,level_complete,6847,1,354223,0,2698667,2484736,35,4900351
2025-04-19 00:19:12,978,training_run_ep 374000,-,2,354645,0,2700492,2486171,0,4903163
2025-04-19 00:19:22,978,level_complete,6848,2,354972,0,2702034,2487436,78,4905537
2025-04-19 00:19:25,978,level_complete,6849,3,355081,0,2702892,2487885,73,4908015
2025-04-19 00:19:25,978,level_complete,6850,4,355084,0,2702943,2487939,43,4908091
2025-04-19 00:19:26,978,level_complete,6851,5,355106,0,2703220,2488099,72,4908826
2025-04-19 00:19:28,978,level_complete,6852,6,355143,0,2703627,2488386,44,4909742
2025-04-19 00:19:30,978,training_run_ep 374500,-,7,355145,0,2703650,2488397,0,4909823
2025-04-19 00:19:31,978,level_complete,6853,7,355166,0,2703897,2488550,113,4910646
2025-04-19 00:19:31,978,game_complete,-,8,355166,0,2703897,2488550,113,4910646
2025-04-19 00:19:51,979,training_run_ep 375000,-,1,355645,0,2706221,2490763,0,4913372
2025-04-19 00:20:10,979,training_run_ep 375500,-,1,356145,0,2708472,2492887,0,4915999
2025-04-19 00:20:20,979,level_complete,6854,1,356391,0,2709647,2493996,32,4917332
2025-04-19 00:20:30,979,training_run_ep 376000,-,2,356645,0,2711082,2495118,0,4919731
2025-04-19 00:20:36,979,level_complete,6855,2,356867,0,2712121,2495928,91,4921456
2025-04-19 00:20:37,979,level_complete,6856,3,356890,0,2712387,2496065,137,4922454
2025-04-19 00:20:39,979,level_complete,6857,4,356933,0,2712651,2496285,36,4922929
2025-04-19 00:20:39,979,level_complete,6858,5,356939,0,2712745,2496346,96,4923181
2025-04-19 00:20:41,979,level_complete,6859,6,356976,0,2712997,2496521,185,4923823
2025-04-19 00:20:41,979,level_complete,6860,7,356981,0,2713068,2496570,93,4924044
2025-04-19 00:20:41,979,game_complete,-,8,356981,0,2713068,2496570,93,4924044
2025-04-19 00:20:48,980,training_run_ep 376500,-,1,357145,0,2713811,2497295,0,4924888
2025-04-19 00:20:59,980,level_complete,6861,1,357294,0,2715117,2498614,33,4926444
2025-04-19 00:21:01,980,level_complete,6862,2,357320,0,2715472,2498902,43,4927090
2025-04-19 00:21:01,980,level_complete,6863,3,357325,0,2715578,2498962,85,4927402
2025-04-19 00:21:02,980,level_complete,6864,4,357330,0,2715639,2499015,41,4927507
2025-04-19 00:21:02,980,level_complete,6865,5,357336,0,2715732,2499081,38,4927687
2025-04-19 00:21:02,980,level_complete,6866,6,357346,0,2715804,2499135,67,4927816
2025-04-19 00:21:03,980,level_complete,6867,7,357358,0,2715907,2499197,93,4928069
2025-04-19 00:21:03,980,game_complete,-,8,357358,0,2715907,2499197,93,4928069
2025-04-19 00:21:09,981,level_complete,6868,1,357439,0,2716714,2500029,32,4929032
2025-04-19 00:21:20,981,training_run_ep 377000,-,2,357645,0,2718107,2501196,0,4931346
2025-04-19 00:21:26,981,level_complete,6869,2,357734,0,2718963,2501963,38,4932630
2025-04-19 00:21:26,981,level_complete,6870,3,357736,0,2718996,2501984,88,4932721
2025-04-19 00:21:26,981,level_complete,6871,4,357744,0,2719098,2502079,27,4932906
2025-04-19 00:21:27,981,level_complete,6872,5,357754,0,2719264,2502179,67,4933350
2025-04-19 00:21:27,981,level_complete,6873,6,357759,0,2719351,2502230,79,4933621
2025-04-19 00:21:28,981,level_complete,6874,7,357760,0,2719381,2502262,46,4933667
2025-04-19 00:21:28,981,game_complete,-,8,357760,0,2719381,2502262,46,4933667
2025-04-19 00:21:37,982,level_complete,6875,1,357875,0,2720508,2503473,47,4934966
2025-04-19 00:21:38,982,level_complete,6876,2,357884,0,2720656,2503613,63,4935259
2025-04-19 00:21:38,982,level_complete,6877,3,357886,0,2720694,2503652,111,4935378
2025-04-19 00:21:39,982,level_complete,6878,4,357887,0,2720719,2503679,39,4935417
2025-04-19 00:21:39,982,level_complete,6879,5,357888,0,2720749,2503694,103,4935520
2025-04-19 00:21:39,982,level_complete,6880,6,357890,0,2720807,2503757,51,4935623
2025-04-19 00:21:39,982,level_complete,6881,7,357891,0,2720837,2503773,114,4935737
2025-04-19 00:21:39,982,game_complete,-,8,357891,0,2720837,2503773,114,4935737
2025-04-19 00:21:44,983,level_complete,6882,1,357921,0,2721331,2504344,35,4936309
2025-04-19 00:21:44,983,level_complete,6883,2,357923,0,2721372,2504396,43,4936364
2025-04-19 00:21:44,983,level_complete,6884,3,357928,0,2721492,2504458,98,4936724
2025-04-19 00:21:45,983,level_complete,6885,4,357931,0,2721535,2504495,35,4936779
2025-04-19 00:21:45,983,level_complete,6886,5,357932,0,2721565,2504507,82,4936861
2025-04-19 00:21:45,983,level_complete,6887,6,357940,0,2721649,2504568,81,4937064
2025-04-19 00:21:45,983,level_complete,6888,7,357942,0,2721679,2504574,247,4937311
2025-04-19 00:21:45,983,game_complete,-,8,357942,0,2721679,2504574,247,4937311
2025-04-19 00:21:46,984,level_complete,6889,1,357949,0,2721785,2504689,36,4937428
2025-04-19 00:21:48,984,level_complete,6890,2,357965,0,2722065,2504970,38,4937883
2025-04-19 00:21:48,984,level_complete,6891,3,357967,0,2722096,2505001,91,4937975
2025-04-19 00:21:49,984,level_complete,6892,4,357984,0,2722286,2505161,86,4938302
2025-04-19 00:21:50,984,level_complete,6893,5,357996,0,2722445,2505289,52,4938679
2025-04-19 00:21:50,984,level_complete,6894,6,357998,0,2722477,2505308,85,4938766
2025-04-19 00:21:52,984,level_complete,6895,7,358053,0,2722942,2505610,220,4940170
2025-04-19 00:21:52,984,game_complete,-,8,358053,0,2722942,2505610,220,4940170
2025-04-19 00:21:54,985,level_complete,6896,1,358061,0,2723089,2505809,36,4940343
2025-04-19 00:21:56,985,level_complete,6897,2,358098,0,2723446,2506091,59,4940947
2025-04-19 00:21:56,985,level_complete,6898,3,358104,0,2723551,2506143,58,4941397
2025-04-19 00:22:00,985,training_run_ep 377500,-,4,358145,0,2723857,2506455,0,4941801
2025-04-19 00:22:03,985,level_complete,6899,4,358211,0,2724388,2506896,43,4942616
2025-04-19 00:22:04,985,level_complete,6900,5,358212,0,2724418,2506917,70,4942686
2025-04-19 00:22:07,985,level_complete,6901,6,358291,0,2725160,2507378,109,4944606
2025-04-19 00:22:07,985,level_complete,6902,7,358306,0,2725240,2507452,153,4944825
2025-04-19 00:22:07,985,game_complete,-,8,358306,0,2725240,2507452,153,4944825
2025-04-19 00:22:12,986,level_complete,6903,1,358368,0,2725884,2508054,35,4945607
2025-04-19 00:22:15,986,level_complete,6904,2,358469,0,2726529,2508546,66,4946767
2025-04-19 00:22:18,986,level_complete,6905,3,358525,0,2727155,2508852,72,4948945
2025-04-19 00:22:19,986,level_complete,6906,4,358550,0,2727375,2509048,31,4949244
2025-04-19 00:22:19,986,level_complete,6907,5,358554,0,2727432,2509080,87,4949416
2025-04-19 00:22:20,986,level_complete,6908,6,358565,0,2727581,2509182,60,4949826
2025-04-19 00:22:25,986,training_run_ep 378000,-,7,358645,0,2728336,2509676,0,4952240
2025-04-19 00:22:30,986,level_complete,6909,7,358782,0,2729379,2510427,96,4955165
2025-04-19 00:22:30,986,game_complete,-,8,358782,0,2729379,2510427,96,4955165
2025-04-19 00:22:43,987,level_complete,6910,1,359028,0,2731211,2512154,34,4957327
2025-04-19 00:22:45,987,level_complete,6911,2,359045,0,2731389,2512304,57,4957596
2025-04-19 00:22:46,987,level_complete,6912,3,359063,0,2731693,2512482,42,4958593
2025-04-19 00:22:47,987,level_complete,6913,4,359083,0,2731908,2512682,32,4958879
2025-04-19 00:22:48,987,level_complete,6914,5,359091,0,2732065,2512772,104,4959390
2025-04-19 00:22:48,987,level_complete,6915,6,359094,0,2732125,2512811,53,4959531
2025-04-19 00:22:48,987,level_complete,6916,7,359099,0,2732197,2512874,173,4959777
2025-04-19 00:22:48,987,game_complete,-,8,359099,0,2732197,2512874,173,4959777
2025-04-19 00:22:54,988,training_run_ep 378500,-,1,359145,0,2732681,2513383,0,4960325
2025-04-19 00:23:12,988,level_complete,6917,1,359504,0,2734925,2515554,36,4962920
2025-04-19 00:23:17,988,level_complete,6918,2,359579,0,2735740,2516259,37,4964219
2025-04-19 00:23:17,988,level_complete,6919,3,359585,0,2735843,2516337,150,4964520
2025-04-19 00:23:18,988,level_complete,6920,4,359588,0,2735886,2516378,35,4964580
2025-04-19 00:23:21,988,level_complete,6921,5,359645,0,2736659,2516790,68,4967191
2025-04-19 00:23:22,988,training_run_ep 379000,-,6,359645,0,2736659,2516790,68,4967191
2025-04-19 00:23:24,988,level_complete,6922,6,359687,0,2737127,2517099,52,4968377
2025-04-19 00:23:25,988,level_complete,6923,7,359692,0,2737209,2517141,129,4968660
2025-04-19 00:23:25,988,game_complete,-,8,359692,0,2737209,2517141,129,4968660
2025-04-19 00:23:36,989,level_complete,6924,1,359898,0,2738727,2518615,33,4970439
2025-04-19 00:23:41,989,level_complete,6925,2,359973,0,2739394,2519207,48,4971573
2025-04-19 00:23:41,989,level_complete,6926,3,359977,0,2739431,2519235,76,4971659
2025-04-19 00:23:44,989,level_complete,6927,4,360020,0,2739838,2519560,31,4972319
2025-04-19 00:23:44,989,level_complete,6928,5,360031,0,2740020,2519662,74,4973030
2025-04-19 00:23:47,989,level_complete,6929,6,360080,0,2740663,2520080,41,4974739
2025-04-19 00:23:47,989,level_complete,6930,7,360083,0,2740725,2520110,141,4975026
2025-04-19 00:23:47,989,game_complete,-,8,360083,0,2740725,2520110,141,4975026
2025-04-19 00:23:52,990,training_run_ep 379500,-,1,360145,0,2741177,2520522,0,4975595
2025-04-19 00:24:01,990,level_complete,6931,1,360298,0,2742262,2521654,42,4976871
2025-04-19 00:24:02,990,level_complete,6932,2,360328,0,2742463,2521797,58,4977246
2025-04-19 00:24:03,990,level_complete,6933,3,360342,0,2742600,2521873,121,4977752
2025-04-19 00:24:04,990,level_complete,6934,4,360366,0,2742756,2522030,32,4977962
2025-04-19 00:24:06,990,level_complete,6935,5,360401,0,2743075,2522239,79,4978774
2025-04-19 00:24:12,990,level_complete,6936,6,360625,0,2744577,2523270,64,4982182
2025-04-19 00:24:15,990,training_run_ep 380000,-,7,360645,0,2744713,2523373,0,4982513
2025-04-19 00:24:16,990,level_complete,6937,7,360680,0,2745108,2523617,241,4984068
2025-04-19 00:24:16,990,game_complete,-,8,360680,0,2745108,2523617,241,4984068
2025-04-19 00:24:38,991,training_run_ep 380500,-,1,361145,0,2747612,2526025,0,4986963
2025-04-19 00:25:01,991,training_run_ep 381000,-,1,361645,0,2750238,2528604,0,4989965
2025-04-19 00:25:12,991,level_complete,6938,1,361947,0,2751671,2529964,33,4991612
2025-04-19 00:25:15,991,level_complete,6939,2,362003,0,2752143,2530318,55,4992446
2025-04-19 00:25:15,991,level_complete,6940,3,362015,0,2752288,2530397,97,4992876
2025-04-19 00:25:16,991,level_complete,6941,4,362032,0,2752447,2530516,37,4993169
2025-04-19 00:25:17,991,level_complete,6942,5,362034,0,2752477,2530538,92,4993261
2025-04-19 00:25:17,991,level_complete,6943,6,362042,0,2752600,2530609,72,4993560
2025-04-19 00:25:18,991,level_complete,6944,7,362070,0,2752846,2530788,163,4994274
2025-04-19 00:25:18,991,game_complete,-,8,362070,0,2752846,2530788,163,4994274
2025-04-19 00:25:24,992,training_run_ep 381500,-,1,362145,0,2753322,2531253,0,4994841
2025-04-19 00:25:49,992,training_run_ep 382000,-,1,362645,0,2756343,2534175,0,4998418
2025-04-19 00:25:52,992,level_complete,6945,1,362691,0,2756722,2534545,35,4998860
2025-04-19 00:25:53,992,level_complete,6946,2,362696,0,2756799,2534640,36,4998961
2025-04-19 00:25:53,992,level_complete,6947,3,362697,0,2756829,2534662,64,4999025
2025-04-19 00:25:55,992,level_complete,6948,4,362738,0,2757199,2534982,38,4999609
2025-04-19 00:25:57,992,level_complete,6949,5,362769,0,2757559,2535163,77,5000835
2025-04-19 00:25:57,992,level_complete,6950,6,362772,0,2757600,2535212,47,5000894
2025-04-19 00:25:58,992,level_complete,6951,7,362791,0,2757772,2535327,241,5001617
2025-04-19 00:25:58,992,game_complete,-,8,362791,0,2757772,2535327,241,5001617
2025-04-19 00:26:17,993,training_run_ep 382500,-,1,363145,0,2759859,2537471,0,5003994
2025-04-19 00:26:42,993,training_run_ep 383000,-,1,363645,0,2762966,2540421,0,5007625
2025-04-19 00:26:45,993,level_complete,6952,1,363680,0,2763286,2540713,33,5008023
2025-04-19 00:26:47,993,level_complete,6953,2,363721,0,2763663,2541015,77,5008688
2025-04-19 00:26:47,993,level_complete,6954,3,363731,0,2763769,2541084,82,5008889
2025-04-19 00:26:50,993,level_complete,6955,4,363771,0,2764136,2541409,30,5009475
2025-04-19 00:26:51,993,level_complete,6956,5,363794,0,2764392,2541566,55,5010109
2025-04-19 00:26:52,993,level_complete,6957,6,363814,0,2764592,2541719,72,5010497
2025-04-19 00:26:53,993,level_complete,6958,7,363855,0,2764930,2541925,174,5011589
2025-04-19 00:26:53,993,game_complete,-,8,363855,0,2764930,2541925,174,5011589
2025-04-19 00:26:55,994,level_complete,6959,1,363890,0,2765176,2542183,35,5011869
2025-04-19 00:27:02,994,level_complete,6960,2,364036,0,2766188,2542991,45,5013524
2025-04-19 00:27:03,994,level_complete,6961,3,364073,0,2766550,2543237,185,5014777
2025-04-19 00:27:06,994,level_complete,6962,4,364128,0,2767043,2543630,40,5015599
2025-04-19 00:27:08,994,training_run_ep 383500,-,5,364145,0,2767173,2543693,0,5016042
2025-04-19 00:27:09,994,level_complete,6963,5,364167,0,2767387,2543829,77,5016719
2025-04-19 00:27:11,994,level_complete,6964,6,364210,0,2767782,2544089,138,5017765
2025-04-19 00:27:13,994,level_complete,6965,7,364228,0,2768004,2544319,224,5018653
2025-04-19 00:27:13,994,game_complete,-,8,364228,0,2768004,2544319,224,5018653
2025-04-19 00:27:38,995,training_run_ep 384000,-,1,364645,0,2770903,2547260,0,5022070
2025-04-19 00:27:54,995,level_complete,6966,1,364947,0,2773007,2549317,45,5024574
2025-04-19 00:27:57,995,level_complete,6967,2,364975,0,2773440,2549703,61,5025311
2025-04-19 00:27:57,995,level_complete,6968,3,364976,0,2773470,2549719,112,5025423
2025-04-19 00:27:58,995,level_complete,6969,4,364980,0,2773503,2549750,48,5025480
2025-04-19 00:27:58,995,level_complete,6970,5,364983,0,2773562,2549789,65,5025587
2025-04-19 00:27:59,995,level_complete,6971,6,365011,0,2773879,2550002,146,5026401
2025-04-19 00:28:00,995,level_complete,6972,7,365022,0,2773997,2550087,75,5026730
2025-04-19 00:28:00,995,game_complete,-,8,365022,0,2773997,2550087,75,5026730
2025-04-19 00:28:01,996,level_complete,6973,1,365035,0,2774095,2550190,36,5026843
2025-04-19 00:28:08,996,level_complete,6974,2,365111,0,2775046,2551090,73,5028478
2025-04-19 00:28:08,996,level_complete,6975,3,365116,0,2775155,2551165,60,5028822
2025-04-19 00:28:12,996,training_run_ep 384500,-,4,365145,0,2775528,2551522,0,5029343
2025-04-19 00:28:14,996,level_complete,6976,4,365177,0,2775803,2551796,32,5029720
2025-04-19 00:28:15,996,level_complete,6977,5,365185,0,2775968,2551884,82,5030201
2025-04-19 00:28:15,996,level_complete,6978,6,365194,0,2776074,2551946,66,5030403
2025-04-19 00:28:16,996,level_complete,6979,7,365202,0,2776165,2552018,49,5030615
2025-04-19 00:28:16,996,game_complete,-,8,365202,0,2776165,2552018,49,5030615
2025-04-19 00:28:18,997,level_complete,6980,1,365227,0,2776434,2552253,34,5030947
2025-04-19 00:28:18,997,level_complete,6981,2,365229,0,2776493,2552322,40,5031023
2025-04-19 00:28:18,997,level_complete,6982,3,365233,0,2776588,2552360,67,5031434
2025-04-19 00:28:19,997,level_complete,6983,4,365242,0,2776723,2552486,33,5031628
2025-04-19 00:28:20,997,level_complete,6984,5,365246,0,2776783,2552530,85,5031755
2025-04-19 00:28:21,997,level_complete,6985,6,365270,0,2777107,2552726,80,5032664
2025-04-19 00:28:21,997,level_complete,6986,7,365272,0,2777165,2552778,64,5032797
2025-04-19 00:28:21,997,game_complete,-,8,365272,0,2777165,2552778,64,5032797
2025-04-19 00:28:25,998,level_complete,6987,1,365326,0,2777582,2553184,37,5033290
2025-04-19 00:28:28,998,level_complete,6988,2,365371,0,2778117,2553627,45,5034194
2025-04-19 00:28:29,998,level_complete,6989,3,365376,0,2778235,2553734,112,5034570
2025-04-19 00:28:29,998,level_complete,6990,4,365380,0,2778319,2553801,44,5034724
2025-04-19 00:28:30,998,level_complete,6991,5,365384,0,2778430,2553873,93,5035149
2025-04-19 00:28:30,998,level_complete,6992,6,365387,0,2778490,2553943,39,5035236
2025-04-19 00:28:30,998,level_complete,6993,7,365391,0,2778561,2554004,107,5035399
2025-04-19 00:28:30,998,game_complete,-,8,365391,0,2778561,2554004,107,5035399
2025-04-19 00:28:31,999,level_complete,6994,1,365401,0,2778673,2554128,36,5035534
2025-04-19 00:28:33,999,level_complete,6995,2,365416,0,2778960,2554366,50,5036025
2025-04-19 00:28:34,999,level_complete,6996,3,365431,0,2779247,2554517,77,5037124
2025-04-19 00:28:37,999,level_complete,6997,4,365475,0,2779710,2554912,42,5037878
2025-04-19 00:28:38,999,level_complete,6998,5,365489,0,2779839,2555001,56,5038221
2025-04-19 00:28:38,999,level_complete,6999,6,365503,0,2780012,2555121,71,5038619
2025-04-19 00:28:40,999,level_complete,7000,7,365518,0,2780215,2555304,125,5039132
2025-04-19 00:28:40,999,game_complete,-,8,365518,0,2780215,2555304,125,5039132
2025-04-19 00:28:42,1000,level_complete,7001,1,365547,0,2780540,2555634,36,5039491
2025-04-19 00:28:44,1000,level_complete,7002,2,365567,0,2780760,2555843,51,5039822
2025-04-19 00:28:45,1000,level_complete,7003,3,365581,0,2780964,2555996,163,5040419
2025-04-19 00:28:47,1000,level_complete,7004,4,365622,0,2781317,2556335,41,5040904
2025-04-19 00:28:48,1000,level_complete,7005,5,365629,0,2781460,2556411,57,5041246
2025-04-19 00:28:48,1000,level_complete,7006,6,365632,0,2781504,2556445,48,5041313
2025-04-19 00:28:48,1000,level_complete,7007,7,365635,0,2781577,2556504,78,5041469
2025-04-19 00:28:48,1000,game_complete,-,8,365635,0,2781577,2556504,78,5041469
2025-04-19 00:28:50,1001,level_complete,7008,1,365644,0,2781718,2556699,37,5041639
2025-04-19 00:28:51,1001,training_run_ep 385000,-,2,365645,0,2781720,2556701,0,5041641
2025-04-19 00:28:52,1001,level_complete,7009,2,365651,0,2781763,2556768,57,5041711
2025-04-19 00:28:52,1001,level_complete,7010,3,365652,0,2781793,2556785,115,5041826
2025-04-19 00:28:53,1001,level_complete,7011,4,365664,0,2781934,2556904,28,5042035
2025-04-19 00:28:53,1001,level_complete,7012,5,365666,0,2781992,2556940,142,5042225
2025-04-19 00:28:54,1001,level_complete,7013,6,365678,0,2782116,2557030,103,5042520
2025-04-19 00:28:54,1001,level_complete,7014,7,365682,0,2782201,2557082,53,5042761
2025-04-19 00:28:54,1001,game_complete,-,8,365682,0,2782201,2557082,53,5042761
2025-04-19 00:28:54,1002,level_complete,7015,1,365685,0,2782260,2557145,33,5042826
2025-04-19 00:28:56,1002,level_complete,7016,2,365711,0,2782514,2557357,44,5043286
2025-04-19 00:28:58,1002,level_complete,7017,3,365730,0,2782842,2557575,85,5044305
2025-04-19 00:28:58,1002,level_complete,7018,4,365732,0,2782875,2557614,31,5044345
2025-04-19 00:28:58,1002,level_complete,7019,5,365735,0,2782916,2557656,44,5044402
2025-04-19 00:28:58,1002,level_complete,7020,6,365739,0,2782988,2557705,64,5044617
2025-04-19 00:28:59,1002,level_complete,7021,7,365741,0,2783037,2557741,240,5044886
2025-04-19 00:28:59,1002,game_complete,-,8,365741,0,2783037,2557741,240,5044886
2025-04-19 00:29:00,1003,level_complete,7022,1,365747,0,2783137,2557888,36,5045009
2025-04-19 00:29:01,1003,level_complete,7023,2,365758,0,2783264,2558005,46,5045197
2025-04-19 00:29:01,1003,level_complete,7024,3,365761,0,2783310,2558042,88,5045304
2025-04-19 00:29:01,1003,level_complete,7025,4,365762,0,2783335,2558068,38,5045342
2025-04-19 00:29:01,1003,level_complete,7026,5,365764,0,2783371,2558098,88,5045436
2025-04-19 00:29:03,1003,level_complete,7027,6,365799,0,2783747,2558387,94,5046409
2025-04-19 00:29:04,1003,level_complete,7028,7,365813,0,2783924,2558527,188,5046874
2025-04-19 00:29:04,1003,game_complete,-,8,365813,0,2783924,2558527,188,5046874
2025-04-19 00:29:07,1004,level_complete,7029,1,365838,0,2784244,2558845,40,5047255
2025-04-19 00:29:10,1004,level_complete,7030,2,365885,0,2784710,2559240,45,5048035
2025-04-19 00:29:10,1004,level_complete,7031,3,365888,0,2784775,2559273,57,5048243
2025-04-19 00:29:13,1004,level_complete,7032,4,365946,0,2785271,2559755,38,5048903
2025-04-19 00:29:14,1004,level_complete,7033,5,365956,0,2785388,2559819,122,5049279
2025-04-19 00:29:14,1004,level_complete,7034,6,365972,0,2785550,2559937,85,5049603
2025-04-19 00:29:15,1004,level_complete,7035,7,365982,0,2785634,2560016,43,5049845
2025-04-19 00:29:15,1004,game_complete,-,8,365982,0,2785634,2560016,43,5049845
2025-04-19 00:29:20,1005,level_complete,7036,1,366007,0,2785904,2560691,37,5050162
2025-04-19 00:29:21,1005,level_complete,7037,2,366024,0,2786089,2560849,54,5050472
2025-04-19 00:29:22,1005,level_complete,7038,3,366027,0,2786161,2560874,88,5050871
2025-04-19 00:29:22,1005,level_complete,7039,4,366029,0,2786205,2560924,35,5050927
2025-04-19 00:29:22,1005,level_complete,7040,5,366030,0,2786235,2560948,77,5051004
2025-04-19 00:29:23,1005,level_complete,7041,6,366040,0,2786406,2561072,80,5051455
2025-04-19 00:29:23,1005,level_complete,7042,7,366046,0,2786468,2561103,155,5051706
2025-04-19 00:29:23,1005,game_complete,-,8,366046,0,2786468,2561103,155,5051706
2025-04-19 00:29:26,1006,level_complete,7043,1,366071,0,2786743,2561398,31,5052023
2025-04-19 00:29:27,1006,level_complete,7044,2,366086,0,2786944,2561580,43,5052372
2025-04-19 00:29:27,1006,level_complete,7045,3,366096,0,2787090,2561674,127,5052865
2025-04-19 00:29:28,1006,level_complete,7046,4,366102,0,2787151,2561744,30,5052942
2025-04-19 00:29:29,1006,level_complete,7047,5,366109,0,2787276,2561853,63,5053288
2025-04-19 00:29:29,1006,level_complete,7048,6,366110,0,2787306,2561870,65,5053353
2025-04-19 00:29:29,1006,level_complete,7049,7,366113,0,2787350,2561894,242,5053613
2025-04-19 00:29:29,1006,game_complete,-,8,366113,0,2787350,2561894,242,5053613
2025-04-19 00:29:35,1007,training_run_ep 385500,-,1,366145,0,2787760,2562405,0,5054068
2025-04-19 00:29:35,1007,level_complete,7050,1,366159,0,2787872,2562512,38,5054199
2025-04-19 00:29:36,1007,level_complete,7051,2,366163,0,2787949,2562590,58,5054340
2025-04-19 00:29:36,1007,level_complete,7052,3,366165,0,2787985,2562622,87,5054433
2025-04-19 00:29:36,1007,level_complete,7053,4,366166,0,2788010,2562649,27,5054460
2025-04-19 00:29:37,1007,level_complete,7054,5,366172,0,2788129,2562740,92,5054728
2025-04-19 00:29:39,1007,level_complete,7055,6,366194,0,2788454,2562957,74,5055451
2025-04-19 00:29:39,1007,level_complete,7056,7,366197,0,2788493,2562989,67,5055528
2025-04-19 00:29:39,1007,game_complete,-,8,366197,0,2788493,2562989,67,5055528
2025-04-19 00:29:40,1008,level_complete,7057,1,366201,0,2788589,2563133,34,5055640
2025-04-19 00:29:40,1008,level_complete,7058,2,366202,0,2788619,2563188,41,5055681
2025-04-19 00:29:42,1008,level_complete,7059,3,366225,0,2789042,2563416,68,5057017
2025-04-19 00:29:43,1008,level_complete,7060,4,366242,0,2789210,2563577,30,5057248
2025-04-19 00:29:43,1008,level_complete,7061,5,366253,0,2789326,2563633,82,5057627
2025-04-19 00:29:44,1008,level_complete,7062,6,366264,0,2789487,2563735,161,5058167
2025-04-19 00:29:45,1008,level_complete,7063,7,366276,0,2789618,2563864,65,5058481
2025-04-19 00:29:45,1008,game_complete,-,8,366276,0,2789618,2563864,65,5058481
2025-04-19 00:29:54,1009,level_complete,7064,1,366444,0,2790771,2564980,40,5059818
2025-04-19 00:29:57,1009,level_complete,7065,2,366498,0,2791310,2565402,49,5060829
2025-04-19 00:29:57,1009,level_complete,7066,3,366499,0,2791340,2565411,125,5060954
2025-04-19 00:30:01,1009,level_complete,7067,4,366591,0,2792028,2565979,35,5061972
2025-04-19 00:30:02,1009,level_complete,7068,5,366600,0,2792171,2566049,56,5062389
2025-04-19 00:30:02,1009,level_complete,7069,6,366601,0,2792201,2566064,111,5062500
2025-04-19 00:30:03,1009,level_complete,7070,7,366621,0,2792376,2566204,82,5062924
2025-04-19 00:30:03,1009,game_complete,-,8,366621,0,2792376,2566204,82,5062924
2025-04-19 00:30:06,1010,training_run_ep 386000,-,1,366645,0,2792573,2566392,0,5063160
2025-04-19 00:30:25,1010,level_complete,7071,1,367113,0,2794971,2568704,35,5065959
2025-04-19 00:30:28,1010,training_run_ep 386500,-,2,367145,0,2795268,2568977,0,5066406
2025-04-19 00:30:33,1010,level_complete,7072,2,367224,0,2795940,2569545,36,5067435
2025-04-19 00:30:33,1010,level_complete,7073,3,367239,0,2796025,2569588,102,5067685
2025-04-19 00:30:33,1010,level_complete,7074,4,367242,0,2796052,2569613,36,5067723
2025-04-19 00:30:34,1010,level_complete,7075,5,367255,0,2796164,2569682,53,5067971
2025-04-19 00:30:42,1010,level_complete,7076,6,367539,0,2798023,2570951,164,5072601
2025-04-19 00:30:47,1010,training_run_ep 387000,-,7,367645,0,2798706,2571411,0,5074581
2025-04-19 00:30:59,1010,level_complete,7077,7,368047,0,2801398,2573242,186,5082505
2025-04-19 00:30:59,1010,game_complete,-,8,368047,0,2801398,2573242,186,5082505
2025-04-19 00:31:03,1011,training_run_ep 387500,-,1,368145,0,2801664,2573484,0,5082809
2025-04-19 00:31:22,1011,training_run_ep 388000,-,1,368645,0,2804003,2575673,0,5085487
2025-04-19 00:31:47,1011,training_run_ep 388500,-,1,369145,0,2806882,2578417,0,5088842
2025-04-19 00:32:16,1011,training_run_ep 389000,-,1,369645,0,2810308,2581785,0,5092853
2025-04-19 00:32:18,1011,level_complete,7078,1,369718,0,2810663,2582125,40,5093258
2025-04-19 00:32:26,1011,level_complete,7079,2,369854,0,2811602,2583042,41,5094718
2025-04-19 00:32:27,1011,level_complete,7080,3,369868,0,2811820,2583194,50,5095362
2025-04-19 00:32:32,1011,level_complete,7081,4,369999,0,2812651,2583905,29,5096614
2025-04-19 00:32:32,1011,level_complete,7082,5,370000,0,2812681,2583922,58,5096672
2025-04-19 00:32:36,1011,level_complete,7083,6,370089,0,2813591,2584589,57,5098634
2025-04-19 00:32:37,1011,level_complete,7084,7,370104,0,2813814,2584728,123,5099300
2025-04-19 00:32:37,1011,game_complete,-,8,370104,0,2813814,2584728,123,5099300
2025-04-19 00:32:39,1012,level_complete,7085,1,370129,0,2814073,2584999,37,5099620
2025-04-19 00:32:42,1012,training_run_ep 389500,-,2,370145,0,2814186,2585084,0,5099793
2025-04-19 00:32:46,1012,level_complete,7086,2,370234,0,2814847,2585635,44,5100870
2025-04-19 00:32:48,1012,level_complete,7087,3,370286,0,2815427,2585929,176,5102857
2025-04-19 00:32:51,1012,level_complete,7088,4,370348,0,2815879,2586348,59,5103547
2025-04-19 00:32:52,1012,level_complete,7089,5,370367,0,2816134,2586534,97,5104120
2025-04-19 00:32:56,1012,level_complete,7090,6,370461,0,2817140,2587172,84,5106953
2025-04-19 00:32:57,1012,level_complete,7091,7,370472,0,2817282,2587309,176,5107303
2025-04-19 00:32:57,1012,game_complete,-,8,370472,0,2817282,2587309,176,5107303
2025-04-19 00:33:05,1013,level_complete,7092,1,370575,0,2818284,2588327,32,5108443
2025-04-19 00:33:08,1013,level_complete,7093,2,370604,0,2818713,2588690,42,5109161
2025-04-19 00:33:08,1013,level_complete,7094,3,370605,0,2818743,2588710,66,5109227
2025-04-19 00:33:08,1013,level_complete,7095,4,370607,0,2818785,2588750,42,5109294
2025-04-19 00:33:09,1013,level_complete,7096,5,370610,0,2818844,2588788,150,5109538
2025-04-19 00:33:09,1013,level_complete,7097,6,370613,0,2818876,2588818,54,5109594
2025-04-19 00:33:10,1013,level_complete,7098,7,370623,0,2818996,2588953,52,5109781
2025-04-19 00:33:10,1013,game_complete,-,8,370623,0,2818996,2588953,52,5109781
2025-04-19 00:33:13,1014,training_run_ep 390000,-,1,370645,0,2819215,2589179,0,5110035
2025-04-19 00:33:27,1014,level_complete,7099,1,370796,0,2820864,2590909,39,5112005
2025-04-19 00:33:27,1014,level_complete,7100,2,370797,0,2820894,2590936,50,5112055
2025-04-19 00:33:27,1014,level_complete,7101,3,370801,0,2820999,2591004,104,5112335
2025-04-19 00:33:28,1014,level_complete,7102,4,370814,0,2821141,2591157,36,5112540
2025-04-19 00:33:29,1014,level_complete,7103,5,370820,0,2821228,2591220,124,5112810
2025-04-19 00:33:30,1014,level_complete,7104,6,370832,0,2821378,2591328,80,5113225
2025-04-19 00:33:30,1014,level_complete,7105,7,370845,0,2821611,2591445,144,5114565
2025-04-19 00:33:30,1014,game_complete,-,8,370845,0,2821611,2591445,144,5114565
2025-04-19 00:33:31,1015,level_complete,7106,1,370849,0,2821708,2591575,35,5114685
2025-04-19 00:33:34,1015,level_complete,7107,2,370881,0,2822071,2591896,47,5115264
2025-04-19 00:33:34,1015,level_complete,7108,3,370882,0,2822101,2591909,145,5115409
2025-04-19 00:33:34,1015,level_complete,7109,4,370885,0,2822151,2591954,32,5115485
2025-04-19 00:33:36,1015,level_complete,7110,5,370901,0,2822393,2592158,77,5116173
2025-04-19 00:33:36,1015,level_complete,7111,6,370904,0,2822471,2592205,47,5116417
2025-04-19 00:33:38,1015,level_complete,7112,7,370930,0,2822923,2592533,61,5118176
2025-04-19 00:33:38,1015,game_complete,-,8,370930,0,2822923,2592533,61,5118176
2025-04-19 00:33:39,1016,level_complete,7113,1,370933,0,2822980,2592611,36,5118241
2025-04-19 00:33:39,1016,level_complete,7114,2,370940,0,2823038,2592667,58,5118341
2025-04-19 00:33:39,1016,level_complete,7115,3,370941,0,2823068,2592685,170,5118511
2025-04-19 00:33:39,1016,level_complete,7116,4,370944,0,2823103,2592721,49,5118570
2025-04-19 00:33:40,1016,level_complete,7117,5,370957,0,2823291,2592852,132,5119020
2025-04-19 00:33:42,1016,level_complete,7118,6,370996,0,2823725,2593135,91,5120172
2025-04-19 00:33:43,1016,level_complete,7119,7,371010,0,2823870,2593277,124,5120506
2025-04-19 00:33:43,1016,game_complete,-,8,371010,0,2823870,2593277,124,5120506
2025-04-19 00:33:44,1017,level_complete,7120,1,371015,0,2823963,2593395,38,5120616
2025-04-19 00:33:45,1017,level_complete,7121,2,371023,0,2824055,2593479,37,5120762
2025-04-19 00:33:45,1017,level_complete,7122,3,371024,0,2824085,2593511,126,5120888
2025-04-19 00:33:45,1017,level_complete,7123,4,371026,0,2824125,2593551,36,5120944
2025-04-19 00:33:46,1017,level_complete,7124,5,371036,0,2824316,2593685,77,5121438
2025-04-19 00:33:49,1017,level_complete,7125,6,371079,0,2824796,2594061,42,5122505
2025-04-19 00:33:49,1017,level_complete,7126,7,371092,0,2824942,2594168,157,5122907
2025-04-19 00:33:49,1017,game_complete,-,8,371092,0,2824942,2594168,157,5122907
2025-04-19 00:33:56,1018,training_run_ep 390500,-,1,371145,0,2825510,2594790,0,5123615
2025-04-19 00:33:57,1018,level_complete,7127,1,371150,0,2825564,2594849,34,5123675
2025-04-19 00:34:00,1018,level_complete,7128,2,371203,0,2826127,2595309,44,5124604
2025-04-19 00:34:00,1018,level_complete,7129,3,371204,0,2826157,2595333,62,5124666
2025-04-19 00:34:00,1018,level_complete,7130,4,371205,0,2826182,2595360,31,5124697
2025-04-19 00:34:02,1018,level_complete,7131,5,371221,0,2826473,2595564,82,5125542
2025-04-19 00:34:02,1018,level_complete,7132,6,371222,0,2826503,2595606,39,5125581
2025-04-19 00:34:03,1018,level_complete,7133,7,371232,0,2826617,2595703,53,5125768
2025-04-19 00:34:03,1018,game_complete,-,8,371232,0,2826617,2595703,53,5125768
2025-04-19 00:34:03,1019,level_complete,7134,1,371233,0,2826647,2595735,36,5125804
2025-04-19 00:34:06,1019,level_complete,7135,2,371261,0,2827072,2596221,40,5126471
2025-04-19 00:34:07,1019,level_complete,7136,3,371262,0,2827102,2596232,146,5126617
2025-04-19 00:34:07,1019,level_complete,7137,4,371264,0,2827135,2596258,45,5126673
2025-04-19 00:34:07,1019,level_complete,7138,5,371268,0,2827230,2596342,44,5126864
2025-04-19 00:34:08,1019,level_complete,7139,6,371273,0,2827310,2596406,59,5127040
2025-04-19 00:34:08,1019,level_complete,7140,7,371277,0,2827358,2596429,176,5127245
2025-04-19 00:34:08,1019,game_complete,-,8,371277,0,2827358,2596429,176,5127245
2025-04-19 00:34:08,1020,level_complete,7141,1,371278,0,2827388,2596480,37,5127282
2025-04-19 00:34:09,1020,level_complete,7142,2,371281,0,2827458,2596556,35,5127378
2025-04-19 00:34:09,1020,level_complete,7143,3,371283,0,2827508,2596581,62,5127478
2025-04-19 00:34:10,1020,level_complete,7144,4,371299,0,2827686,2596732,30,5127730
2025-04-19 00:34:11,1020,level_complete,7145,5,371307,0,2827836,2596853,47,5128153
2025-04-19 00:34:12,1020,level_complete,7146,6,371316,0,2827981,2596954,54,5128475
2025-04-19 00:34:12,1020,level_complete,7147,7,371318,0,2828036,2597006,50,5128569
2025-04-19 00:34:12,1020,game_complete,-,8,371318,0,2828036,2597006,50,5128569
2025-04-19 00:34:14,1021,level_complete,7148,1,371334,0,2828243,2597287,40,5128820
2025-04-19 00:34:14,1021,level_complete,7149,2,371338,0,2828312,2597347,42,5128964
2025-04-19 00:34:15,1021,level_complete,7150,3,371342,0,2828378,2597395,64,5129171
2025-04-19 00:34:15,1021,level_complete,7151,4,371344,0,2828408,2597432,56,5129233
2025-04-19 00:34:15,1021,level_complete,7152,5,371346,0,2828459,2597460,84,5129405
2025-04-19 00:34:15,1021,level_complete,7153,6,371347,0,2828489,2597473,84,5129489
2025-04-19 00:34:16,1021,level_complete,7154,7,371350,0,2828557,2597513,101,5129684
2025-04-19 00:34:16,1021,game_complete,-,8,371350,0,2828557,2597513,101,5129684
2025-04-19 00:34:17,1022,level_complete,7155,1,371362,0,2828753,2597702,39,5129930
2025-04-19 00:34:18,1022,level_complete,7156,2,371367,0,2828820,2597777,31,5130016
2025-04-19 00:34:18,1022,level_complete,7157,3,371377,0,2828998,2597881,231,5130651
2025-04-19 00:34:18,1022,level_complete,7158,4,371378,0,2829023,2597910,35,5130686
2025-04-19 00:34:19,1022,level_complete,7159,5,371379,0,2829053,2597935,104,5130790
2025-04-19 00:34:19,1022,level_complete,7160,6,371385,0,2829126,2597994,107,5130957
2025-04-19 00:34:19,1022,level_complete,7161,7,371386,0,2829156,2598017,98,5131055
2025-04-19 00:34:19,1022,game_complete,-,8,371386,0,2829156,2598017,98,5131055
2025-04-19 00:34:20,1023,level_complete,7162,1,371389,0,2829204,2598088,34,5131108
2025-04-19 00:34:21,1023,level_complete,7163,2,371398,0,2829342,2598221,37,5131341
2025-04-19 00:34:21,1023,level_complete,7164,3,371400,0,2829396,2598243,123,5131572
2025-04-19 00:34:21,1023,level_complete,7165,4,371403,0,2829441,2598279,41,5131646
2025-04-19 00:34:22,1023,level_complete,7166,5,371415,0,2829651,2598382,156,5132385
2025-04-19 00:34:22,1023,level_complete,7167,6,371416,0,2829681,2598412,88,5132473
2025-04-19 00:34:22,1023,level_complete,7168,7,371417,0,2829711,2598448,86,5132559
2025-04-19 00:34:22,1023,game_complete,-,8,371417,0,2829711,2598448,86,5132559
2025-04-19 00:34:23,1024,level_complete,7169,1,371420,0,2829743,2598484,36,5132597
2025-04-19 00:34:24,1024,level_complete,7170,2,371437,0,2830015,2598726,80,5133048
2025-04-19 00:34:25,1024,level_complete,7171,3,371442,0,2830070,2598762,78,5133164
2025-04-19 00:34:25,1024,level_complete,7172,4,371443,0,2830095,2598785,31,5133195
2025-04-19 00:34:25,1024,level_complete,7173,5,371446,0,2830158,2598827,65,5133369
2025-04-19 00:34:26,1024,level_complete,7174,6,371449,0,2830240,2598901,63,5133570
2025-04-19 00:34:27,1024,level_complete,7175,7,371464,0,2830481,2599101,92,5134180
2025-04-19 00:34:27,1024,game_complete,-,8,371464,0,2830481,2599101,92,5134180
2025-04-19 00:34:27,1025,level_complete,7176,1,371465,0,2830511,2599131,38,5134218
2025-04-19 00:34:28,1025,level_complete,7177,2,371474,0,2830623,2599269,41,5134367
2025-04-19 00:34:28,1025,level_complete,7178,3,371475,0,2830653,2599282,133,5134500
2025-04-19 00:34:28,1025,level_complete,7179,4,371476,0,2830678,2599301,48,5134548
2025-04-19 00:34:29,1025,level_complete,7180,5,371478,0,2830734,2599348,89,5134678
2025-04-19 00:34:29,1025,level_complete,7181,6,371484,0,2830847,2599454,87,5134956
2025-04-19 00:34:30,1025,level_complete,7182,7,371486,0,2830880,2599486,98,5135057
2025-04-19 00:34:30,1025,game_complete,-,8,371486,0,2830880,2599486,98,5135057
2025-04-19 00:34:32,1026,level_complete,7183,1,371509,0,2831159,2599785,38,5135388
2025-04-19 00:34:34,1026,level_complete,7184,2,371529,0,2831442,2600088,40,5135840
2025-04-19 00:34:35,1026,level_complete,7185,3,371532,0,2831509,2600155,52,5135958
2025-04-19 00:34:35,1026,level_complete,7186,4,371535,0,2831572,2600250,29,5136043
2025-04-19 00:34:36,1026,level_complete,7187,5,371541,0,2831671,2600323,62,5136267
2025-04-19 00:34:36,1026,level_complete,7188,6,371544,0,2831710,2600356,42,5136328
2025-04-19 00:34:36,1026,level_complete,7189,7,371545,0,2831740,2600378,102,5136430
2025-04-19 00:34:36,1026,game_complete,-,8,371545,0,2831740,2600378,102,5136430
2025-04-19 00:34:37,1027,level_complete,7190,1,371561,0,2831899,2600553,33,5136611
2025-04-19 00:34:40,1027,level_complete,7191,2,371594,0,2832324,2600878,44,5137413
2025-04-19 00:34:40,1027,level_complete,7192,3,371597,0,2832389,2600908,103,5137614
2025-04-19 00:34:40,1027,level_complete,7193,4,371598,0,2832414,2600936,30,5137644
2025-04-19 00:34:41,1027,level_complete,7194,5,371607,0,2832507,2601000,85,5137834
2025-04-19 00:34:42,1027,level_complete,7195,6,371638,0,2832884,2601253,77,5138736
2025-04-19 00:34:43,1027,level_complete,7196,7,371641,0,2832932,2601277,101,5138921
2025-04-19 00:34:43,1027,game_complete,-,8,371641,0,2832932,2601277,101,5138921
2025-04-19 00:34:44,1028,training_run_ep 391000,-,1,371645,0,2832954,2601294,0,5138948
2025-04-19 00:34:45,1028,level_complete,7197,1,371653,0,2833046,2601378,31,5139068
2025-04-19 00:34:50,1028,level_complete,7198,2,371759,0,2833836,2602023,36,5140444
2025-04-19 00:34:50,1028,level_complete,7199,3,371765,0,2833899,2602063,75,5140610
2025-04-19 00:34:53,1028,level_complete,7200,4,371797,0,2834242,2602403,35,5141130
2025-04-19 00:34:54,1028,level_complete,7201,5,371830,0,2834510,2602613,82,5141705
2025-04-19 00:34:56,1028,level_complete,7202,6,371876,0,2834960,2602927,44,5142759
2025-04-19 00:34:56,1028,level_complete,7203,7,371883,0,2835022,2602967,241,5143079
2025-04-19 00:34:56,1028,game_complete,-,8,371883,0,2835022,2602967,241,5143079
2025-04-19 00:35:10,1029,training_run_ep 391500,-,1,372145,0,2836517,2604445,0,5144838
2025-04-19 00:35:11,1029,level_complete,7204,1,372149,0,2836560,2604492,35,5144887
2025-04-19 00:35:13,1029,level_complete,7205,2,372219,0,2836969,2604847,50,5145577
2025-04-19 00:35:14,1029,level_complete,7206,3,372221,0,2837020,2604870,83,5145775
2025-04-19 00:35:14,1029,level_complete,7207,4,372233,0,2837126,2604961,33,5146003
2025-04-19 00:35:14,1029,level_complete,7208,5,372238,0,2837173,2604998,138,5146177
2025-04-19 00:35:15,1029,level_complete,7209,6,372240,0,2837211,2605031,66,5146252
2025-04-19 00:35:22,1029,level_complete,7210,7,372464,0,2838876,2606151,64,5151361
2025-04-19 00:35:22,1029,game_complete,-,8,372464,0,2838876,2606151,64,5151361
2025-04-19 00:35:29,1030,training_run_ep 392000,-,1,372645,0,2839585,2606816,0,5152191
2025-04-19 00:35:54,1030,training_run_ep 392500,-,1,373145,0,2842489,2609613,0,5155528
2025-04-19 00:36:11,1030,training_run_ep 393000,-,1,373645,0,2844407,2611389,0,5157717
2025-04-19 00:36:11,1030,level_complete,7211,1,373653,0,2844487,2611470,36,5157809
2025-04-19 00:36:28,1030,training_run_ep 393500,-,2,374145,0,2846747,2613296,0,5161374
2025-04-19 00:36:44,1030,training_run_ep 394000,-,2,374645,0,2849073,2615139,0,5164946
2025-04-19 00:36:58,1030,training_run_ep 394500,-,2,375145,0,2851078,2616771,0,5168100
2025-04-19 00:37:15,1030,level_complete,7212,2,375633,0,2853752,2618927,56,5172336
2025-04-19 00:37:17,1030,training_run_ep 395000,-,3,375645,0,2853904,2619010,0,5172890
2025-04-19 00:37:18,1030,level_complete,7213,3,375651,0,2853964,2619037,136,5173089
2025-04-19 00:37:18,1030,level_complete,7214,4,375660,0,2854024,2619101,30,5173185
2025-04-19 00:37:18,1030,level_complete,7215,5,375667,0,2854108,2619141,84,5173443
2025-04-19 00:37:19,1030,level_complete,7216,6,375677,0,2854230,2619219,59,5173827
2025-04-19 00:37:20,1030,level_complete,7217,7,375703,0,2854407,2619351,64,5174222
2025-04-19 00:37:20,1030,game_complete,-,8,375703,0,2854407,2619351,64,5174222
2025-04-19 00:37:23,1031,level_complete,7218,1,375752,0,2854811,2619779,37,5174689
2025-04-19 00:37:26,1031,level_complete,7219,2,375806,0,2855280,2620153,77,5175430
2025-04-19 00:37:26,1031,level_complete,7220,3,375807,0,2855310,2620166,155,5175585
2025-04-19 00:37:28,1031,level_complete,7221,4,375858,0,2855664,2620477,29,5176068
2025-04-19 00:37:29,1031,level_complete,7222,5,375866,0,2855776,2620560,79,5176443
2025-04-19 00:37:30,1031,level_complete,7223,6,375884,0,2855965,2620692,51,5176861
2025-04-19 00:37:30,1031,level_complete,7224,7,375885,0,2855995,2620723,220,5177081
2025-04-19 00:37:30,1031,game_complete,-,8,375885,0,2855995,2620723,220,5177081
2025-04-19 00:37:35,1032,level_complete,7225,1,375956,0,2856595,2621357,44,5177780
2025-04-19 00:37:39,1032,level_complete,7226,2,376023,0,2857344,2621982,32,5179072
2025-04-19 00:37:40,1032,level_complete,7227,3,376043,0,2857548,2622092,80,5179585
2025-04-19 00:37:40,1032,level_complete,7228,4,376049,0,2857589,2622126,34,5179636
2025-04-19 00:37:43,1032,level_complete,7229,5,376098,0,2858112,2622449,55,5181113
2025-04-19 00:37:43,1032,level_complete,7230,6,376115,0,2858271,2622575,81,5181545
2025-04-19 00:37:44,1032,level_complete,7231,7,376126,0,2858460,2622747,75,5181980
2025-04-19 00:37:44,1032,game_complete,-,8,376126,0,2858460,2622747,75,5181980
2025-04-19 00:37:45,1033,level_complete,7232,1,376134,0,2858534,2622839,35,5182067
2025-04-19 00:37:46,1033,level_complete,7233,2,376140,0,2858618,2622913,46,5182176
2025-04-19 00:37:46,1033,level_complete,7234,3,376141,0,2858648,2622937,80,5182256
2025-04-19 00:37:48,1033,training_run_ep 395500,-,4,376145,0,2858708,2622991,0,5182333
2025-04-19 00:37:49,1033,level_complete,7235,4,376164,0,2858850,2623108,36,5182523
2025-04-19 00:37:52,1033,level_complete,7236,5,376219,0,2859513,2623504,99,5184331
2025-04-19 00:37:53,1033,level_complete,7237,6,376258,0,2859871,2623737,147,5185289
2025-04-19 00:37:54,1033,level_complete,7238,7,376276,0,2860044,2623867,50,5185617
2025-04-19 00:37:54,1033,game_complete,-,8,376276,0,2860044,2623867,50,5185617
2025-04-19 00:38:11,1034,level_complete,7239,1,376550,0,2862182,2625967,37,5188129
2025-04-19 00:38:11,1034,level_complete,7240,2,376562,0,2862293,2626068,50,5188330
2025-04-19 00:38:12,1034,level_complete,7241,3,376565,0,2862347,2626096,81,5188606
2025-04-19 00:38:15,1034,level_complete,7242,4,376620,0,2862806,2626511,37,5189286
2025-04-19 00:38:15,1034,level_complete,7243,5,376623,0,2862881,2626544,89,5189582
2025-04-19 00:38:15,1034,level_complete,7244,6,376641,0,2863059,2626647,115,5190078
2025-04-19 00:38:17,1034,training_run_ep 396000,-,7,376645,0,2863073,2626660,0,5190093
2025-04-19 00:38:19,1034,level_complete,7245,7,376677,0,2863378,2626879,125,5190981
2025-04-19 00:38:19,1034,game_complete,-,8,376677,0,2863378,2626879,125,5190981
2025-04-19 00:38:22,1035,level_complete,7246,1,376715,0,2863763,2627261,33,5191418
2025-04-19 00:38:23,1035,level_complete,7247,2,376737,0,2864005,2627519,37,5191784
2025-04-19 00:38:24,1035,level_complete,7248,3,376750,0,2864207,2627652,94,5192519
2025-04-19 00:38:25,1035,level_complete,7249,4,376756,0,2864253,2627688,39,5192587
2025-04-19 00:38:25,1035,level_complete,7250,5,376759,0,2864323,2627753,78,5192768
2025-04-19 00:38:28,1035,level_complete,7251,6,376831,0,2864986,2628192,72,5194595
2025-04-19 00:38:28,1035,level_complete,7252,7,376832,0,2865016,2628209,66,5194661
2025-04-19 00:38:28,1035,game_complete,-,8,376832,0,2865016,2628209,66,5194661
2025-04-19 00:38:38,1036,level_complete,7253,1,376928,0,2866221,2629446,34,5196088
2025-04-19 00:38:39,1036,level_complete,7254,2,376950,0,2866449,2629661,49,5196434
2025-04-19 00:38:40,1036,level_complete,7255,3,376955,0,2866540,2629706,48,5196787
2025-04-19 00:38:40,1036,level_complete,7256,4,376958,0,2866570,2629733,52,5196845
2025-04-19 00:38:41,1036,level_complete,7257,5,376977,0,2866908,2629946,127,5197830
2025-04-19 00:38:42,1036,level_complete,7258,6,376987,0,2867011,2630043,121,5198059
2025-04-19 00:38:45,1036,level_complete,7259,7,377034,0,2867591,2630488,180,5199949
2025-04-19 00:38:45,1036,game_complete,-,8,377034,0,2867591,2630488,180,5199949
2025-04-19 00:38:48,1037,level_complete,7260,1,377081,0,2868040,2630915,37,5200521
2025-04-19 00:38:49,1037,level_complete,7261,2,377098,0,2868193,2631027,49,5200823
2025-04-19 00:38:50,1037,level_complete,7262,3,377111,0,2868461,2631163,85,5201769
2025-04-19 00:38:51,1037,level_complete,7263,4,377121,0,2868566,2631257,45,5201928
2025-04-19 00:38:52,1037,level_complete,7264,5,377130,0,2868712,2631397,65,5202301
2025-04-19 00:38:52,1037,level_complete,7265,6,377132,0,2868749,2631439,124,5202433
2025-04-19 00:38:52,1037,level_complete,7266,7,377136,0,2868782,2631490,39,5202475
2025-04-19 00:38:52,1037,game_complete,-,8,377136,0,2868782,2631490,39,5202475
2025-04-19 00:38:53,1038,level_complete,7267,1,377141,0,2868849,2631576,33,5202549
2025-04-19 00:38:53,1038,level_complete,7268,2,377144,0,2868912,2631645,39,5202632
2025-04-19 00:38:53,1038,level_complete,7269,3,377145,0,2868942,2631662,75,5202707
2025-04-19 00:38:55,1038,training_run_ep 396500,-,4,377145,0,2868942,2631662,75,5202707
2025-04-19 00:38:56,1038,level_complete,7270,4,377153,0,2869041,2631765,33,5202825
2025-04-19 00:38:56,1038,level_complete,7271,5,377154,0,2869071,2631786,75,5202900
2025-04-19 00:38:56,1038,level_complete,7272,6,377161,0,2869157,2631859,71,5203080
2025-04-19 00:38:57,1038,level_complete,7273,7,377163,0,2869213,2631918,64,5203198
2025-04-19 00:38:57,1038,game_complete,-,8,377163,0,2869213,2631918,64,5203198
2025-04-19 00:38:59,1039,level_complete,7274,1,377182,0,2869410,2632169,36,5203430
2025-04-19 00:39:00,1039,level_complete,7275,2,377191,0,2869526,2632305,39,5203597
2025-04-19 00:39:00,1039,level_complete,7276,3,377200,0,2869663,2632373,120,5204051
2025-04-19 00:39:02,1039,level_complete,7277,4,377220,0,2869891,2632579,29,5204373
2025-04-19 00:39:02,1039,level_complete,7278,5,377222,0,2869948,2632624,122,5204571
2025-04-19 00:39:02,1039,level_complete,7279,6,377225,0,2869986,2632664,53,5204633
2025-04-19 00:39:05,1039,level_complete,7280,7,377254,0,2870465,2633039,39,5206035
2025-04-19 00:39:05,1039,game_complete,-,8,377254,0,2870465,2633039,39,5206035
2025-04-19 00:39:08,1040,level_complete,7281,1,377276,0,2870808,2633415,37,5206435
2025-04-19 00:39:12,1040,level_complete,7282,2,377321,0,2871399,2633955,36,5207409
2025-04-19 00:39:12,1040,level_complete,7283,3,377337,0,2871582,2634049,64,5207926
2025-04-19 00:39:13,1040,level_complete,7284,4,377350,0,2871718,2634172,38,5208136
2025-04-19 00:39:14,1040,level_complete,7285,5,377358,0,2871858,2634265,89,5208548
2025-04-19 00:39:14,1040,level_complete,7286,6,377360,0,2871915,2634288,151,5208764
2025-04-19 00:39:14,1040,level_complete,7287,7,377361,0,2871945,2634318,171,5208935
2025-04-19 00:39:14,1040,game_complete,-,8,377361,0,2871945,2634318,171,5208935
2025-04-19 00:39:15,1041,level_complete,7288,1,377365,0,2872027,2634437,37,5209044
2025-04-19 00:39:21,1041,level_complete,7289,2,377431,0,2872869,2635197,35,5210330
2025-04-19 00:39:22,1041,level_complete,7290,3,377445,0,2873068,2635326,83,5210873
2025-04-19 00:39:23,1041,level_complete,7291,4,377463,0,2873283,2635502,30,5211232
2025-04-19 00:39:24,1041,level_complete,7292,5,377470,0,2873425,2635605,88,5211660
2025-04-19 00:39:24,1041,level_complete,7293,6,377472,0,2873473,2635630,142,5211831
2025-04-19 00:39:24,1041,level_complete,7294,7,377479,0,2873579,2635716,117,5212166
2025-04-19 00:39:24,1041,game_complete,-,8,377479,0,2873579,2635716,117,5212166
2025-04-19 00:39:30,1042,level_complete,7295,1,377580,0,2874231,2636359,37,5212905
2025-04-19 00:39:30,1042,level_complete,7296,2,377581,0,2874261,2636393,47,5212952
2025-04-19 00:39:30,1042,level_complete,7297,3,377583,0,2874320,2636432,175,5213181
2025-04-19 00:39:30,1042,level_complete,7298,4,377588,0,2874384,2636490,41,5213266
2025-04-19 00:39:32,1042,level_complete,7299,5,377613,0,2874736,2636730,122,5214200
2025-04-19 00:39:33,1042,level_complete,7300,6,377623,0,2874902,2636839,56,5214639
2025-04-19 00:39:33,1042,level_complete,7301,7,377627,0,2874967,2636890,100,5214821
2025-04-19 00:39:33,1042,game_complete,-,8,377627,0,2874967,2636890,100,5214821
2025-04-19 00:39:34,1043,level_complete,7302,1,377640,0,2875068,2637012,37,5214940
2025-04-19 00:39:34,1043,level_complete,7303,2,377642,0,2875103,2637050,39,5214985
2025-04-19 00:39:35,1043,level_complete,7304,3,377645,0,2875144,2637067,156,5215160
2025-04-19 00:39:36,1043,training_run_ep 397000,-,4,377645,0,2875144,2637067,156,5215160
2025-04-19 00:39:37,1043,level_complete,7305,4,377651,0,2875192,2637120,41,5215226
2025-04-19 00:39:37,1043,level_complete,7306,5,377667,0,2875402,2637243,55,5215760
2025-04-19 00:39:38,1043,level_complete,7307,6,377673,0,2875526,2637315,63,5216390
2025-04-19 00:39:39,1043,level_complete,7308,7,377680,0,2875642,2637413,81,5216671
2025-04-19 00:39:39,1043,game_complete,-,8,377680,0,2875642,2637413,81,5216671
2025-04-19 00:39:39,1044,level_complete,7309,1,377685,0,2875684,2637461,35,5216718
2025-04-19 00:39:42,1044,level_complete,7310,2,377720,0,2876117,2637825,45,5217352
2025-04-19 00:39:43,1044,level_complete,7311,3,377741,0,2876419,2638003,71,5218354
2025-04-19 00:39:43,1044,level_complete,7312,4,377749,0,2876472,2638046,43,5218432
2025-04-19 00:39:45,1044,level_complete,7313,5,377787,0,2876982,2638334,64,5219947
2025-04-19 00:39:50,1044,level_complete,7314,6,377881,0,2877960,2638977,82,5222536
2025-04-19 00:39:53,1044,level_complete,7315,7,377981,0,2878662,2639477,115,5224635
2025-04-19 00:39:53,1044,game_complete,-,8,377981,0,2878662,2639477,115,5224635
2025-04-19 00:40:01,1045,training_run_ep 397500,-,1,378145,0,2879440,2640225,0,5225541
2025-04-19 00:40:06,1045,level_complete,7316,1,378240,0,2880130,2640923,40,5226342
2025-04-19 00:40:13,1045,level_complete,7317,2,378423,0,2881273,2641826,47,5228270
2025-04-19 00:40:14,1045,level_complete,7318,3,378428,0,2881351,2641871,151,5228574
2025-04-19 00:40:23,1045,training_run_ep 398000,-,4,378645,0,2882732,2642976,0,5230704
2025-04-19 00:40:32,1045,level_complete,7319,4,378955,0,2884182,2644166,38,5232828
2025-04-19 00:40:33,1045,level_complete,7320,5,378974,0,2884402,2644295,102,5233499
2025-04-19 00:40:40,1045,training_run_ep 398500,-,6,379145,0,2885537,2645050,0,5235917
2025-04-19 00:40:42,1045,level_complete,7321,6,379205,0,2885920,2645322,133,5236794
2025-04-19 00:40:47,1045,level_complete,7322,7,379421,0,2887053,2646151,114,5239478
2025-04-19 00:40:47,1045,game_complete,-,8,379421,0,2887053,2646151,114,5239478
2025-04-19 00:40:55,1046,training_run_ep 399000,-,1,379645,0,2887841,2646866,0,5240371
2025-04-19 00:41:11,1046,level_complete,7323,1,380067,0,2889743,2648793,36,5242552
2025-04-19 00:41:16,1046,training_run_ep 399500,-,2,380145,0,2890196,2649210,0,5243227
2025-04-19 00:41:18,1046,level_complete,7324,2,380218,0,2890630,2649546,44,5243985
2025-04-19 00:41:19,1046,level_complete,7325,3,380225,0,2890721,2649603,56,5244241
2025-04-19 00:41:24,1046,level_complete,7326,4,380408,0,2891674,2650361,48,5245723
2025-04-19 00:41:26,1046,level_complete,7327,5,380451,0,2892075,2650601,85,5246731
2025-04-19 00:41:29,1046,level_complete,7328,6,380544,0,2892732,2651001,141,5248717
2025-04-19 00:41:33,1046,training_run_ep 400000,-,7,380645,0,2893212,2651369,0,5249809
2025-04-19 00:41:37,1046,level_complete,7329,7,380773,0,2894043,2651910,123,5252511
2025-04-19 00:41:37,1046,game_complete,-,8,380773,0,2894043,2651910,123,5252511
2025-04-19 00:41:58,1047,training_run_ep 400500,-,1,381145,0,2896640,2654367,0,5255518
2025-04-19 00:42:23,1047,training_run_ep 401000,-,1,381645,0,2899720,2657236,0,5259124
2025-04-19 00:42:34,1047,level_complete,7330,1,381874,0,2901128,2658581,40,5260755
2025-04-19 00:42:35,1047,level_complete,7331,2,381884,0,2901265,2658702,53,5260979
2025-04-19 00:42:37,1047,level_complete,7332,3,381952,0,2901890,2659086,83,5262578
2025-04-19 00:42:44,1047,level_complete,7333,4,382122,0,2902883,2659965,67,5264015
2025-04-19 00:42:44,1047,level_complete,7334,5,382136,0,2903080,2660077,84,5264511
2025-04-19 00:42:46,1047,training_run_ep 401500,-,6,382145,0,2903163,2660131,0,5264684
2025-04-19 00:42:54,1047,level_complete,7335,6,382346,0,2904788,2661248,137,5268509
2025-04-19 00:42:55,1047,level_complete,7336,7,382395,0,2905082,2661463,139,5269322
2025-04-19 00:42:55,1047,game_complete,-,8,382395,0,2905082,2661463,139,5269322
2025-04-19 00:43:00,1048,level_complete,7337,1,382504,0,2905705,2662064,34,5270034
2025-04-19 00:43:03,1048,level_complete,7338,2,382565,0,2906184,2662441,71,5270972
2025-04-19 00:43:04,1048,level_complete,7339,3,382582,0,2906370,2662543,77,5271528
2025-04-19 00:43:09,1048,training_run_ep 402000,-,4,382645,0,2906892,2662992,0,5272291
2025-04-19 00:43:09,1048,level_complete,7340,4,382650,0,2906934,2663036,32,5272340
2025-04-19 00:43:09,1048,level_complete,7341,5,382654,0,2906997,2663067,102,5272581
2025-04-19 00:43:09,1048,level_complete,7342,6,382655,0,2907027,2663093,59,5272640
2025-04-19 00:43:11,1048,level_complete,7343,7,382669,0,2907231,2663238,79,5273441
2025-04-19 00:43:11,1048,game_complete,-,8,382669,0,2907231,2663238,79,5273441
2025-04-19 00:43:26,1049,level_complete,7344,1,382987,0,2909277,2665182,38,5275849
2025-04-19 00:43:33,1049,training_run_ep 402500,-,2,383145,0,2910097,2665860,0,5277130
2025-04-19 00:43:40,1049,level_complete,7345,2,383315,0,2911229,2666755,46,5279075
2025-04-19 00:43:42,1049,level_complete,7346,3,383359,0,2911794,2667048,131,5280896
2025-04-19 00:43:47,1049,level_complete,7347,4,383541,0,2912692,2667806,37,5282178
2025-04-19 00:43:48,1049,level_complete,7348,5,383546,0,2912757,2667846,79,5282326
2025-04-19 00:43:50,1049,level_complete,7349,6,383607,0,2913405,2668253,63,5283931
2025-04-19 00:43:52,1049,level_complete,7350,7,383638,0,2913720,2668438,194,5285357
2025-04-19 00:43:52,1049,game_complete,-,8,383638,0,2913720,2668438,194,5285357
2025-04-19 00:43:54,1050,training_run_ep 403000,-,1,383645,0,2913774,2668486,0,5285426
2025-04-19 00:44:09,1050,level_complete,7351,1,383970,0,2915710,2670301,34,5287721
2025-04-19 00:44:15,1050,training_run_ep 403500,-,2,384145,0,2916488,2670908,0,5289031
2025-04-19 00:44:15,1050,level_complete,7352,2,384147,0,2916522,2670938,51,5289086
2025-04-19 00:44:20,1050,level_complete,7353,3,384314,0,2917813,2671605,85,5292948
2025-04-19 00:44:20,1050,level_complete,7354,4,384326,0,2917890,2671675,35,5293042
2025-04-19 00:44:21,1050,level_complete,7355,5,384354,0,2918126,2671782,78,5293784
2025-04-19 00:44:29,1050,level_complete,7356,6,384639,0,2919947,2672907,80,5298571
2025-04-19 00:44:31,1050,training_run_ep 404000,-,7,384645,0,2919982,2672934,0,5298674
2025-04-19 00:44:40,1050,level_complete,7357,7,385039,0,2922066,2674339,139,5304461
2025-04-19 00:44:40,1050,game_complete,-,8,385039,0,2922066,2674339,139,5304461
2025-04-19 00:44:46,1051,training_run_ep 404500,-,1,385145,0,2922565,2674811,0,5305053
2025-04-19 00:45:09,1051,training_run_ep 405000,-,1,385645,0,2925390,2677444,0,5308415
2025-04-19 00:45:30,1051,training_run_ep 405500,-,1,386145,0,2927894,2679781,0,5311345
2025-04-19 00:45:48,1051,level_complete,7358,1,386576,0,2930199,2681999,36,5314006
2025-04-19 00:45:53,1051,training_run_ep 406000,-,2,386645,0,2930780,2682431,0,5315147
2025-04-19 00:46:06,1051,level_complete,7359,2,386938,0,2932935,2684168,41,5318713
2025-04-19 00:46:07,1051,level_complete,7360,3,386949,0,2933084,2684241,83,5319131
2025-04-19 00:46:09,1051,level_complete,7361,4,386990,0,2933438,2684573,32,5319602
2025-04-19 00:46:10,1051,level_complete,7362,5,387009,0,2933633,2684692,68,5320143
2025-04-19 00:46:10,1051,level_complete,7363,6,387019,0,2933761,2684764,168,5320601
2025-04-19 00:46:11,1051,level_complete,7364,7,387027,0,2933882,2684825,241,5321287
2025-04-19 00:46:11,1051,game_complete,-,8,387027,0,2933882,2684825,241,5321287
2025-04-19 00:46:15,1052,level_complete,7365,1,387066,0,2934369,2685426,36,5321860
2025-04-19 00:46:18,1052,level_complete,7366,2,387105,0,2934754,2685767,61,5322499
2025-04-19 00:46:19,1052,level_complete,7367,3,387129,0,2935163,2685962,92,5324316
2025-04-19 00:46:20,1052,level_complete,7368,4,387136,0,2935246,2686037,31,5324445
2025-04-19 00:46:20,1052,level_complete,7369,5,387137,0,2935276,2686059,84,5324529
2025-04-19 00:46:20,1052,level_complete,7370,6,387139,0,2935313,2686077,143,5324685
2025-04-19 00:46:22,1052,training_run_ep 406500,-,7,387145,0,2935391,2686146,0,5324866
2025-04-19 00:46:24,1052,level_complete,7371,7,387165,0,2935683,2686376,187,5325778
2025-04-19 00:46:24,1052,game_complete,-,8,387165,0,2935683,2686376,187,5325778
2025-04-19 00:46:32,1053,level_complete,7372,1,387248,0,2936600,2687377,33,5326870
2025-04-19 00:46:32,1053,level_complete,7373,2,387249,0,2936630,2687402,46,5326916
2025-04-19 00:46:32,1053,level_complete,7374,3,387250,0,2936660,2687421,77,5326993
2025-04-19 00:46:32,1053,level_complete,7375,4,387252,0,2936686,2687446,29,5327023
2025-04-19 00:46:32,1053,level_complete,7376,5,387255,0,2936762,2687478,170,5327320
2025-04-19 00:46:34,1053,level_complete,7377,6,387267,0,2937034,2687692,86,5328037
2025-04-19 00:46:34,1053,level_complete,7378,7,387270,0,2937070,2687723,71,5328114
2025-04-19 00:46:34,1053,game_complete,-,8,387270,0,2937070,2687723,71,5328114
2025-04-19 00:46:36,1054,level_complete,7379,1,387294,0,2937364,2688051,32,5328462
2025-04-19 00:46:37,1054,level_complete,7380,2,387302,0,2937468,2688138,54,5328629
2025-04-19 00:46:37,1054,level_complete,7381,3,387304,0,2937516,2688176,47,5328740
2025-04-19 00:46:38,1054,level_complete,7382,4,387310,0,2937605,2688282,47,5328865
2025-04-19 00:46:39,1054,level_complete,7383,5,387320,0,2937764,2688406,151,5329358
2025-04-19 00:46:39,1054,level_complete,7384,6,387323,0,2937821,2688428,106,5329543
2025-04-19 00:46:40,1054,level_complete,7385,7,387333,0,2937936,2688532,45,5329771
2025-04-19 00:46:40,1054,game_complete,-,8,387333,0,2937936,2688532,45,5329771
2025-04-19 00:46:47,1055,level_complete,7386,1,387428,0,2938750,2689475,40,5330674
2025-04-19 00:46:49,1055,level_complete,7387,2,387456,0,2939047,2689723,39,5331141
2025-04-19 00:46:49,1055,level_complete,7388,3,387457,0,2939077,2689745,130,5331271
2025-04-19 00:46:50,1055,level_complete,7389,4,387469,0,2939226,2689887,30,5331478
2025-04-19 00:46:50,1055,level_complete,7390,5,387470,0,2939256,2689908,131,5331609
2025-04-19 00:46:51,1055,level_complete,7391,6,387476,0,2939314,2689954,52,5331705
2025-04-19 00:46:51,1055,level_complete,7392,7,387478,0,2939365,2689998,137,5331935
2025-04-19 00:46:51,1055,game_complete,-,8,387478,0,2939365,2689998,137,5331935
2025-04-19 00:46:53,1056,level_complete,7393,1,387505,0,2939623,2690294,34,5332248
2025-04-19 00:46:54,1056,level_complete,7394,2,387510,0,2939731,2690384,72,5332435
2025-04-19 00:46:54,1056,level_complete,7395,3,387512,0,2939763,2690409,54,5332491
2025-04-19 00:46:54,1056,level_complete,7396,4,387514,0,2939791,2690430,50,5332544
2025-04-19 00:46:55,1056,level_complete,7397,5,387518,0,2939846,2690493,41,5332630
2025-04-19 00:46:56,1056,level_complete,7398,6,387544,0,2940083,2690651,54,5333122
2025-04-19 00:46:58,1056,level_complete,7399,7,387563,0,2940397,2690944,58,5333811
2025-04-19 00:46:58,1056,game_complete,-,8,387563,0,2940397,2690944,58,5333811
2025-04-19 00:47:00,1057,level_complete,7400,1,387579,0,2940659,2691249,31,5334120
2025-04-19 00:47:00,1057,level_complete,7401,2,387588,0,2940761,2691336,48,5334274
2025-04-19 00:47:01,1057,level_complete,7402,3,387600,0,2940927,2691453,61,5334663
2025-04-19 00:47:02,1057,level_complete,7403,4,387607,0,2941053,2691549,58,5334903
2025-04-19 00:47:03,1057,level_complete,7404,5,387620,0,2941237,2691682,59,5335322
2025-04-19 00:47:04,1057,level_complete,7405,6,387640,0,2941470,2691833,45,5335819
2025-04-19 00:47:06,1057,training_run_ep 407000,-,7,387645,0,2941564,2691884,0,5336219
2025-04-19 00:47:16,1057,level_complete,7406,7,387849,0,2943692,2693424,153,5342348
2025-04-19 00:47:16,1057,game_complete,-,8,387849,0,2943692,2693424,153,5342348
2025-04-19 00:47:18,1058,level_complete,7407,1,387871,0,2943968,2693678,37,5342693
2025-04-19 00:47:21,1058,level_complete,7408,2,387901,0,2944398,2694064,55,5343441
2025-04-19 00:47:21,1058,level_complete,7409,3,387906,0,2944476,2694108,72,5343632
2025-04-19 00:47:22,1058,level_complete,7410,4,387923,0,2944665,2694279,54,5343895
2025-04-19 00:47:23,1058,level_complete,7411,5,387928,0,2944710,2694337,80,5343990
2025-04-19 00:47:23,1058,level_complete,7412,6,387932,0,2944761,2694371,85,5344099
2025-04-19 00:47:24,1058,level_complete,7413,7,387949,0,2944905,2694493,60,5344379
2025-04-19 00:47:24,1058,game_complete,-,8,387949,0,2944905,2694493,60,5344379
2025-04-19 00:47:30,1059,level_complete,7414,1,388031,0,2945690,2695298,40,5345326
2025-04-19 00:47:31,1059,level_complete,7415,2,388040,0,2945809,2695405,61,5345513
2025-04-19 00:47:31,1059,level_complete,7416,3,388048,0,2945931,2695481,94,5345954
2025-04-19 00:47:32,1059,level_complete,7417,4,388051,0,2945972,2695512,78,5346049
2025-04-19 00:47:32,1059,level_complete,7418,5,388052,0,2946002,2695528,123,5346172
2025-04-19 00:47:34,1059,level_complete,7419,6,388101,0,2946456,2695872,70,5347128
2025-04-19 00:47:34,1059,level_complete,7420,7,388104,0,2946543,2695928,55,5347377
2025-04-19 00:47:34,1059,game_complete,-,8,388104,0,2946543,2695928,55,5347377
2025-04-19 00:47:38,1060,training_run_ep 407500,-,1,388145,0,2946751,2696111,0,5347640
2025-04-19 00:47:42,1060,level_complete,7421,1,388223,0,2947304,2696687,36,5348267
2025-04-19 00:47:57,1060,level_complete,7422,2,388556,0,2949759,2698652,41,5352433
2025-04-19 00:47:58,1060,level_complete,7423,3,388578,0,2949938,2698735,193,5353124
2025-04-19 00:47:59,1060,level_complete,7424,4,388622,0,2950171,2698927,40,5353458
2025-04-19 00:48:02,1060,training_run_ep 408000,-,5,388645,0,2950400,2699052,0,5354140
2025-04-19 00:48:03,1060,level_complete,7425,5,388680,0,2950783,2699252,65,5355126
2025-04-19 00:48:04,1060,level_complete,7426,6,388699,0,2950977,2699369,70,5355554
2025-04-19 00:48:07,1060,level_complete,7427,7,388768,0,2951629,2699822,80,5357314
2025-04-19 00:48:07,1060,game_complete,-,8,388768,0,2951629,2699822,80,5357314
2025-04-19 00:48:22,1061,training_run_ep 408500,-,1,389145,0,2953195,2701377,0,5359104
2025-04-19 00:48:40,1061,training_run_ep 409000,-,1,389645,0,2955319,2703416,0,5361500
2025-04-19 00:49:00,1061,level_complete,7428,1,390135,0,2957879,2705821,39,5364486
2025-04-19 00:49:02,1061,training_run_ep 409500,-,2,390145,0,2957959,2705887,0,5364624
2025-04-19 00:49:03,1061,level_complete,7429,2,390155,0,2958036,2705940,60,5364761
2025-04-19 00:49:08,1061,level_complete,7430,3,390315,0,2959518,2706717,83,5368957
2025-04-19 00:49:09,1061,level_complete,7431,4,390326,0,2959618,2706800,34,5369100
2025-04-19 00:49:09,1061,level_complete,7432,5,390331,0,2959682,2706840,131,5369292
2025-04-19 00:49:16,1061,level_complete,7433,6,390539,0,2961294,2707839,130,5373718
2025-04-19 00:49:21,1061,training_run_ep 410000,-,7,390645,0,2962162,2708398,0,5376202
2025-04-19 00:49:29,1061,level_complete,7434,7,390920,0,2963989,2709650,151,5381507
2025-04-19 00:49:29,1061,game_complete,-,8,390920,0,2963989,2709650,151,5381507
2025-04-19 00:49:42,1062,level_complete,7435,1,391127,0,2965589,2711206,39,5383391
2025-04-19 00:49:43,1062,level_complete,7436,2,391142,0,2965748,2711383,33,5383617
2025-04-19 00:49:45,1062,training_run_ep 410500,-,3,391145,0,2965784,2711406,0,5383704
2025-04-19 00:49:45,1062,level_complete,7437,3,391146,0,2965814,2711423,82,5383786
2025-04-19 00:49:46,1062,level_complete,7438,4,391166,0,2966030,2711594,38,5384093
2025-04-19 00:49:47,1062,level_complete,7439,5,391177,0,2966145,2711676,54,5384314
2025-04-19 00:49:47,1062,level_complete,7440,6,391179,0,2966195,2711697,101,5384473
2025-04-19 00:49:47,1062,level_complete,7441,7,391184,0,2966283,2711771,63,5384644
2025-04-19 00:49:47,1062,game_complete,-,8,391184,0,2966283,2711771,63,5384644
2025-04-19 00:49:50,1063,level_complete,7442,1,391216,0,2966573,2712078,35,5384978
2025-04-19 00:49:52,1063,level_complete,7443,2,391245,0,2966846,2712342,40,5385388
2025-04-19 00:49:52,1063,level_complete,7444,3,391252,0,2966920,2712397,80,5385571
2025-04-19 00:49:53,1063,level_complete,7445,4,391274,0,2967135,2712585,34,5385908
2025-04-19 00:49:54,1063,level_complete,7446,5,391283,0,2967258,2712657,55,5386200
2025-04-19 00:49:55,1063,level_complete,7447,6,391307,0,2967564,2712861,144,5387063
2025-04-19 00:49:56,1063,level_complete,7448,7,391309,0,2967605,2712890,128,5387203
2025-04-19 00:49:56,1063,game_complete,-,8,391309,0,2967605,2712890,128,5387203
2025-04-19 00:50:07,1064,level_complete,7449,1,391451,0,2969107,2714403,32,5389004
2025-04-19 00:50:08,1064,level_complete,7450,2,391464,0,2969279,2714549,41,5389275
2025-04-19 00:50:09,1064,level_complete,7451,3,391466,0,2969313,2714578,48,5389333
2025-04-19 00:50:14,1064,level_complete,7452,4,391556,0,2970111,2715275,35,5390452
2025-04-19 00:50:14,1064,level_complete,7453,5,391558,0,2970144,2715297,92,5390547
2025-04-19 00:50:15,1064,level_complete,7454,6,391576,0,2970386,2715473,46,5391117
2025-04-19 00:50:17,1064,level_complete,7455,7,391621,0,2970836,2715831,48,5392436
2025-04-19 00:50:17,1064,game_complete,-,8,391621,0,2970836,2715831,48,5392436
2025-04-19 00:50:18,1065,level_complete,7456,1,391624,0,2970870,2715884,36,5392476
2025-04-19 00:50:20,1065,training_run_ep 411000,-,2,391645,0,2971003,2716008,0,5392668
2025-04-19 00:50:21,1065,level_complete,7457,2,391648,0,2971048,2716046,53,5392748
2025-04-19 00:50:22,1065,level_complete,7458,3,391664,0,2971279,2716165,132,5393581
2025-04-19 00:50:24,1065,level_complete,7459,4,391712,0,2971684,2716534,34,5394120
2025-04-19 00:50:28,1065,level_complete,7460,5,391808,0,2972621,2717088,72,5396500
2025-04-19 00:50:29,1065,level_complete,7461,6,391832,0,2972880,2717240,76,5397272
2025-04-19 00:50:29,1065,level_complete,7462,7,391835,0,2972918,2717256,160,5397441
2025-04-19 00:50:29,1065,game_complete,-,8,391835,0,2972918,2717256,160,5397441
2025-04-19 00:50:32,1066,level_complete,7463,1,391874,0,2973257,2717596,35,5397836
2025-04-19 00:50:33,1066,level_complete,7464,2,391902,0,2973438,2717730,56,5398120
2025-04-19 00:50:34,1066,level_complete,7465,3,391960,0,2973842,2717952,220,5399547
2025-04-19 00:50:37,1066,level_complete,7466,4,392045,0,2974275,2718298,28,5400179
2025-04-19 00:50:38,1066,level_complete,7467,5,392071,0,2974565,2718476,114,5400908
2025-04-19 00:50:38,1066,level_complete,7468,6,392072,0,2974595,2718493,66,5400974
2025-04-19 00:50:39,1066,level_complete,7469,7,392075,0,2974657,2718565,54,5401080
2025-04-19 00:50:39,1066,game_complete,-,8,392075,0,2974657,2718565,54,5401080
2025-04-19 00:50:47,1067,training_run_ep 411500,-,1,392145,0,2975353,2719327,0,5401869
2025-04-19 00:50:50,1067,level_complete,7470,1,392178,0,2975750,2719759,35,5402314
2025-04-19 00:50:50,1067,level_complete,7471,2,392182,0,2975810,2719815,45,5402390
2025-04-19 00:50:51,1067,level_complete,7472,3,392184,0,2975866,2719844,83,5402566
2025-04-19 00:50:51,1067,level_complete,7473,4,392186,0,2975894,2719872,28,5402597
2025-04-19 00:50:51,1067,level_complete,7474,5,392189,0,2975958,2719917,73,5402787
2025-04-19 00:50:53,1067,level_complete,7475,6,392218,0,2976324,2720135,61,5403744
2025-04-19 00:50:55,1067,level_complete,7476,7,392253,0,2976727,2720443,68,5405123
2025-04-19 00:50:55,1067,game_complete,-,8,392253,0,2976727,2720443,68,5405123
2025-04-19 00:50:55,1068,level_complete,7477,1,392254,0,2976757,2720491,33,5405156
2025-04-19 00:50:59,1068,level_complete,7478,2,392321,0,2977453,2721035,60,5406372
2025-04-19 00:50:59,1068,level_complete,7479,3,392323,0,2977485,2721056,183,5406557
2025-04-19 00:51:01,1068,level_complete,7480,4,392343,0,2977758,2721270,41,5406999
2025-04-19 00:51:01,1068,level_complete,7481,5,392350,0,2977901,2721335,114,5407562
2025-04-19 00:51:01,1068,level_complete,7482,6,392365,0,2977997,2721404,61,5407715
2025-04-19 00:51:06,1068,level_complete,7483,7,392472,0,2979008,2722197,58,5410154
2025-04-19 00:51:06,1068,game_complete,-,8,392472,0,2979008,2722197,58,5410154
2025-04-19 00:51:16,1069,level_complete,7484,1,392597,0,2980269,2723424,35,5411675
2025-04-19 00:51:17,1069,level_complete,7485,2,392605,0,2980370,2723518,57,5411870
2025-04-19 00:51:17,1069,level_complete,7486,3,392608,0,2980422,2723548,99,5412004
2025-04-19 00:51:17,1069,level_complete,7487,4,392615,0,2980490,2723617,44,5412124
2025-04-19 00:51:18,1069,level_complete,7488,5,392618,0,2980550,2723654,88,5412300
2025-04-19 00:51:18,1069,level_complete,7489,6,392620,0,2980583,2723684,50,5412354
2025-04-19 00:51:19,1069,level_complete,7490,7,392632,0,2980780,2723813,80,5413006
2025-04-19 00:51:19,1069,game_complete,-,8,392632,0,2980780,2723813,80,5413006
2025-04-19 00:51:22,1070,training_run_ep 412000,-,1,392645,0,2980921,2723947,0,5413172
2025-04-19 00:51:24,1070,level_complete,7491,1,392673,0,2981237,2724290,36,5413529
2025-04-19 00:51:30,1070,level_complete,7492,2,392753,0,2982139,2725100,74,5415074
2025-04-19 00:51:30,1070,level_complete,7493,3,392755,0,2982181,2725127,92,5415194
2025-04-19 00:51:32,1070,level_complete,7494,4,392768,0,2982359,2725271,58,5415545
2025-04-19 00:51:32,1070,level_complete,7495,5,392775,0,2982444,2725334,138,5415772
2025-04-19 00:51:33,1070,level_complete,7496,6,392793,0,2982664,2725492,169,5416477
2025-04-19 00:51:34,1070,level_complete,7497,7,392804,0,2982764,2725569,143,5416739
2025-04-19 00:51:34,1070,game_complete,-,8,392804,0,2982764,2725569,143,5416739
2025-04-19 00:51:50,1071,training_run_ep 412500,-,1,393145,0,2984648,2727332,0,5418925
2025-04-19 00:51:59,1071,level_complete,7498,1,393363,0,2985867,2728469,36,5420372
2025-04-19 00:52:00,1071,level_complete,7499,2,393390,0,2986076,2728656,44,5420694
2025-04-19 00:52:01,1071,level_complete,7500,3,393425,0,2986289,2728802,127,5421226
2025-04-19 00:52:02,1071,level_complete,7501,4,393429,0,2986327,2728841,30,5421277
2025-04-19 00:52:09,1071,level_complete,7502,5,393645,0,2988149,2729834,41,5426542
2025-04-19 00:52:10,1071,training_run_ep 413000,-,6,393645,0,2988149,2729834,41,5426542
2025-04-19 00:52:12,1071,level_complete,7503,6,393675,0,2988452,2730025,71,5427290
2025-04-19 00:52:13,1071,level_complete,7504,7,393709,0,2988820,2730291,70,5428473
2025-04-19 00:52:13,1071,game_complete,-,8,393709,0,2988820,2730291,70,5428473
2025-04-19 00:52:28,1072,level_complete,7505,1,393984,0,2990735,2732106,35,5430713
2025-04-19 00:52:36,1072,training_run_ep 413500,-,2,394145,0,2991822,2732945,0,5432441
2025-04-19 00:52:42,1072,level_complete,7506,2,394328,0,2992884,2733788,50,5434128
2025-04-19 00:52:43,1072,level_complete,7507,3,394334,0,2992937,2733824,54,5434220
2025-04-19 00:52:44,1072,level_complete,7508,4,394351,0,2993074,2733951,32,5434420
2025-04-19 00:52:44,1072,level_complete,7509,5,394358,0,2993122,2733978,67,5434511
2025-04-19 00:52:46,1072,level_complete,7510,6,394423,0,2993619,2734356,84,5435581
2025-04-19 00:52:47,1072,level_complete,7511,7,394464,0,2993868,2734515,173,5436273
2025-04-19 00:52:47,1072,game_complete,-,8,394464,0,2993868,2734515,173,5436273
2025-04-19 00:52:57,1073,training_run_ep 414000,-,1,394645,0,2994885,2735501,0,5437431
2025-04-19 00:52:58,1073,level_complete,7512,1,394675,0,2995030,2735653,32,5437607
2025-04-19 00:53:03,1073,level_complete,7513,2,394805,0,2995859,2736299,35,5439082
2025-04-19 00:53:04,1073,level_complete,7514,3,394824,0,2996080,2736433,82,5439629
2025-04-19 00:53:05,1073,level_complete,7515,4,394834,0,2996146,2736483,78,5439762
2025-04-19 00:53:06,1073,level_complete,7516,5,394870,0,2996452,2736669,66,5440462
2025-04-19 00:53:08,1073,level_complete,7517,6,394929,0,2996892,2736995,121,5441447
2025-04-19 00:53:15,1073,training_run_ep 414500,-,7,395145,0,2998096,2737783,0,5445318
2025-04-19 00:53:20,1073,level_complete,7518,7,395357,0,2999263,2738524,113,5448584
2025-04-19 00:53:20,1073,game_complete,-,8,395357,0,2999263,2738524,113,5448584
2025-04-19 00:53:36,1074,level_complete,7519,1,395643,0,3001286,2740491,36,5450931
2025-04-19 00:53:38,1074,training_run_ep 415000,-,2,395645,0,3001291,2740496,0,5450936
2025-04-19 00:53:38,1074,level_complete,7520,2,395650,0,3001338,2740546,59,5451018
2025-04-19 00:53:39,1074,level_complete,7521,3,395675,0,3001592,2740666,68,5451871
2025-04-19 00:53:40,1074,level_complete,7522,4,395692,0,3001716,2740765,38,5452056
2025-04-19 00:53:40,1074,level_complete,7523,5,395705,0,3001822,2740826,131,5452421
2025-04-19 00:53:42,1074,level_complete,7524,6,395784,0,3002410,2741177,59,5453974
2025-04-19 00:53:45,1074,level_complete,7525,7,395866,0,3003036,2741602,118,5455763
2025-04-19 00:53:45,1074,game_complete,-,8,395866,0,3003036,2741602,118,5455763
2025-04-19 00:53:57,1075,level_complete,7526,1,396096,0,3004555,2743063,34,5457542
2025-04-19 00:53:58,1075,level_complete,7527,2,396108,0,3004729,2743204,33,5457815
2025-04-19 00:53:59,1075,level_complete,7528,3,396140,0,3005100,2743399,72,5458991
2025-04-19 00:54:01,1075,training_run_ep 415500,-,4,396145,0,3005125,2743423,0,5459026
2025-04-19 00:54:03,1075,level_complete,7529,4,396191,0,3005396,2743652,65,5459434
2025-04-19 00:54:04,1075,level_complete,7530,5,396226,0,3005787,2743852,97,5460642
2025-04-19 00:54:10,1075,level_complete,7531,6,396369,0,3007011,2744629,62,5463994
2025-04-19 00:54:10,1075,level_complete,7532,7,396384,0,3007193,2744750,128,5464632
2025-04-19 00:54:10,1075,game_complete,-,8,396384,0,3007193,2744750,128,5464632
2025-04-19 00:54:21,1076,level_complete,7533,1,396602,0,3008587,2746081,42,5466281
2025-04-19 00:54:21,1076,level_complete,7534,2,396609,0,3008662,2746133,58,5466457
2025-04-19 00:54:25,1076,training_run_ep 416000,-,3,396645,0,3009056,2746352,0,5467664
2025-04-19 00:54:26,1076,level_complete,7535,3,396707,0,3009554,2746588,76,5469356
2025-04-19 00:54:31,1076,level_complete,7536,4,396821,0,3010316,2747206,33,5470520
2025-04-19 00:54:36,1076,level_complete,7537,5,396920,0,3011432,2747890,107,5473714
2025-04-19 00:54:36,1076,level_complete,7538,6,396927,0,3011518,2747953,54,5473867
2025-04-19 00:54:37,1076,level_complete,7539,7,396949,0,3011733,2748109,98,5474434
2025-04-19 00:54:37,1076,game_complete,-,8,396949,0,3011733,2748109,98,5474434
2025-04-19 00:54:45,1077,level_complete,7540,1,397103,0,3012677,2749079,34,5475541
2025-04-19 00:54:46,1077,level_complete,7541,2,397116,0,3012840,2749230,57,5475799
2025-04-19 00:54:47,1077,level_complete,7542,3,397121,0,3012956,2749321,56,5476135
2025-04-19 00:54:47,1077,level_complete,7543,4,397123,0,3012993,2749348,39,5476191
2025-04-19 00:54:47,1077,level_complete,7544,5,397126,0,3013056,2749391,47,5476332
2025-04-19 00:54:48,1077,level_complete,7545,6,397137,0,3013200,2749473,154,5476844
2025-04-19 00:54:50,1077,training_run_ep 416500,-,7,397145,0,3013272,2749528,0,5477066
2025-04-19 00:54:54,1077,level_complete,7546,7,397221,0,3014063,2750112,114,5479407
2025-04-19 00:54:54,1077,game_complete,-,8,397221,0,3014063,2750112,114,5479407
2025-04-19 00:54:57,1078,level_complete,7547,1,397259,0,3014419,2750487,33,5479837
2025-04-19 00:54:58,1078,level_complete,7548,2,397290,0,3014617,2750674,56,5480126
2025-04-19 00:54:58,1078,level_complete,7549,3,397294,0,3014697,2750722,86,5480320
2025-04-19 00:55:00,1078,level_complete,7550,4,397314,0,3014884,2750897,33,5480647
2025-04-19 00:55:00,1078,level_complete,7551,5,397330,0,3015052,2750984,184,5481196
2025-04-19 00:55:01,1078,level_complete,7552,6,397336,0,3015131,2751048,48,5481346
2025-04-19 00:55:02,1078,level_complete,7553,7,397368,0,3015375,2751265,88,5481851
2025-04-19 00:55:02,1078,game_complete,-,8,397368,0,3015375,2751265,88,5481851
2025-04-19 00:55:04,1079,level_complete,7554,1,397386,0,3015605,2751493,35,5482134
2025-04-19 00:55:06,1079,level_complete,7555,2,397412,0,3015933,2751818,46,5482694
2025-04-19 00:55:07,1079,level_complete,7556,3,397422,0,3016065,2751901,48,5483018
2025-04-19 00:55:08,1079,level_complete,7557,4,397439,0,3016225,2752066,39,5483253
2025-04-19 00:55:11,1079,level_complete,7558,5,397505,0,3016989,2752546,80,5485203
2025-04-19 00:55:13,1079,level_complete,7559,6,397536,0,3017344,2752814,89,5485973
2025-04-19 00:55:14,1079,level_complete,7560,7,397542,0,3017478,2752946,67,5486268
2025-04-19 00:55:14,1079,game_complete,-,8,397542,0,3017478,2752946,67,5486268
2025-04-19 00:55:14,1080,level_complete,7561,1,397544,0,3017527,2752996,42,5486335
2025-04-19 00:55:15,1080,level_complete,7562,2,397558,0,3017624,2753085,40,5486486
2025-04-19 00:55:15,1080,level_complete,7563,3,397569,0,3017800,2753186,138,5487061
2025-04-19 00:55:16,1080,level_complete,7564,4,397571,0,3017846,2753231,36,5487129
2025-04-19 00:55:17,1080,level_complete,7565,5,397581,0,3018004,2753345,69,5487519
2025-04-19 00:55:17,1080,level_complete,7566,6,397582,0,3018034,2753389,44,5487563
2025-04-19 00:55:17,1080,level_complete,7567,7,397583,0,3018064,2753411,89,5487652
2025-04-19 00:55:17,1080,game_complete,-,8,397583,0,3018064,2753411,89,5487652
2025-04-19 00:55:17,1081,level_complete,7568,1,397584,0,3018094,2753452,32,5487684
2025-04-19 00:55:18,1081,level_complete,7569,2,397590,0,3018183,2753572,40,5487843
2025-04-19 00:55:19,1081,level_complete,7570,3,397602,0,3018334,2753695,78,5488400
2025-04-19 00:55:20,1081,level_complete,7571,4,397610,0,3018471,2753816,84,5488635
2025-04-19 00:55:20,1081,level_complete,7572,5,397612,0,3018524,2753848,49,5488759
2025-04-19 00:55:20,1081,level_complete,7573,6,397614,0,3018564,2753877,52,5488824
2025-04-19 00:55:20,1081,level_complete,7574,7,397619,0,3018614,2753910,101,5488953
2025-04-19 00:55:20,1081,game_complete,-,8,397619,0,3018614,2753910,101,5488953
2025-04-19 00:55:22,1082,level_complete,7575,1,397638,0,3018853,2754174,33,5489251
2025-04-19 00:55:25,1082,training_run_ep 417000,-,2,397645,0,3018946,2754261,0,5489370
2025-04-19 00:55:25,1082,level_complete,7576,2,397648,0,3018982,2754292,54,5489430
2025-04-19 00:55:25,1082,level_complete,7577,3,397650,0,3019023,2754315,78,5489555
2025-04-19 00:55:26,1082,level_complete,7578,4,397661,0,3019164,2754436,63,5489816
2025-04-19 00:55:27,1082,level_complete,7579,5,397664,0,3019249,2754496,128,5490079
2025-04-19 00:55:27,1082,level_complete,7580,6,397666,0,3019302,2754532,126,5490242
2025-04-19 00:55:30,1082,level_complete,7581,7,397704,0,3019804,2754975,43,5491934
2025-04-19 00:55:30,1082,game_complete,-,8,397704,0,3019804,2754975,43,5491934
2025-04-19 00:55:37,1083,level_complete,7582,1,397807,0,3020663,2755859,32,5492942
2025-04-19 00:55:38,1083,level_complete,7583,2,397814,0,3020795,2756002,34,5493115
2025-04-19 00:55:39,1083,level_complete,7584,3,397851,0,3021182,2756234,73,5494434
2025-04-19 00:55:40,1083,level_complete,7585,4,397853,0,3021209,2756259,35,5494471
2025-04-19 00:55:42,1083,level_complete,7586,5,397906,0,3021730,2756618,53,5495879
2025-04-19 00:55:43,1083,level_complete,7587,6,397913,0,3021832,2756694,87,5496106
2025-04-19 00:55:44,1083,level_complete,7588,7,397947,0,3022221,2756939,103,5497472
2025-04-19 00:55:44,1083,game_complete,-,8,397947,0,3022221,2756939,103,5497472
2025-04-19 00:55:55,1084,training_run_ep 417500,-,1,398145,0,3023396,2758012,0,5498885
2025-04-19 00:56:01,1084,level_complete,7589,1,398274,0,3024191,2758850,37,5499827
2025-04-19 00:56:03,1084,level_complete,7590,2,398303,0,3024457,2759060,69,5500273
2025-04-19 00:56:03,1084,level_complete,7591,3,398304,0,3024487,2759086,114,5500387
2025-04-19 00:56:04,1084,level_complete,7592,4,398317,0,3024628,2759200,33,5500590
2025-04-19 00:56:04,1084,level_complete,7593,5,398319,0,3024667,2759235,60,5500695
2025-04-19 00:56:04,1084,level_complete,7594,6,398321,0,3024711,2759263,67,5500780
2025-04-19 00:56:06,1084,level_complete,7595,7,398351,0,3025037,2759505,78,5501758
2025-04-19 00:56:06,1084,game_complete,-,8,398351,0,3025037,2759505,78,5501758
2025-04-19 00:56:09,1085,level_complete,7596,1,398381,0,3025410,2759926,35,5502211
2025-04-19 00:56:11,1085,level_complete,7597,2,398403,0,3025697,2760187,33,5502630
2025-04-19 00:56:11,1085,level_complete,7598,3,398408,0,3025755,2760212,154,5502899
2025-04-19 00:56:12,1085,level_complete,7599,4,398413,0,3025828,2760282,38,5502999
2025-04-19 00:56:12,1085,level_complete,7600,5,398421,0,3025912,2760345,40,5503182
2025-04-19 00:56:14,1085,level_complete,7601,6,398460,0,3026336,2760634,100,5504257
2025-04-19 00:56:16,1085,level_complete,7602,7,398483,0,3026651,2760834,124,5505530
2025-04-19 00:56:16,1085,game_complete,-,8,398483,0,3026651,2760834,124,5505530
2025-04-19 00:56:16,1086,level_complete,7603,1,398486,0,3026717,2760923,35,5505604
2025-04-19 00:56:17,1086,level_complete,7604,2,398493,0,3026807,2761020,40,5505730
2025-04-19 00:56:17,1086,level_complete,7605,3,398498,0,3026925,2761058,143,5506518
2025-04-19 00:56:18,1086,level_complete,7606,4,398502,0,3026977,2761107,30,5506579
2025-04-19 00:56:18,1086,level_complete,7607,5,398503,0,3027007,2761136,88,5506667
2025-04-19 00:56:18,1086,level_complete,7608,6,398509,0,3027119,2761214,59,5506890
2025-04-19 00:56:19,1086,level_complete,7609,7,398515,0,3027184,2761257,88,5507094
2025-04-19 00:56:19,1086,game_complete,-,8,398515,0,3027184,2761257,88,5507094
2025-04-19 00:56:19,1087,level_complete,7610,1,398519,0,3027237,2761323,36,5507159
2025-04-19 00:56:20,1087,level_complete,7611,2,398537,0,3027418,2761466,64,5507449
2025-04-19 00:56:23,1087,level_complete,7612,3,398592,0,3028108,2761832,56,5509760
2025-04-19 00:56:23,1087,level_complete,7613,4,398594,0,3028144,2761868,36,5509811
2025-04-19 00:56:24,1087,level_complete,7614,5,398603,0,3028276,2761962,112,5510083
2025-04-19 00:56:25,1087,level_complete,7615,6,398633,0,3028582,2762178,101,5510868
2025-04-19 00:56:25,1087,level_complete,7616,7,398636,0,3028630,2762225,69,5510964
2025-04-19 00:56:25,1087,game_complete,-,8,398636,0,3028630,2762225,69,5510964
2025-04-19 00:56:28,1088,training_run_ep 418000,-,1,398645,0,3028715,2762312,0,5511058
2025-04-19 00:56:29,1088,level_complete,7617,1,398651,0,3028850,2762476,32,5511217
2025-04-19 00:56:29,1088,level_complete,7618,2,398655,0,3028888,2762506,59,5511284
2025-04-19 00:56:30,1088,level_complete,7619,3,398658,0,3028927,2762566,52,5511348
2025-04-19 00:56:30,1088,level_complete,7620,4,398659,0,3028952,2762597,31,5511379
2025-04-19 00:56:30,1088,level_complete,7621,5,398661,0,3028992,2762634,58,5511449
2025-04-19 00:56:30,1088,level_complete,7622,6,398663,0,3029023,2762649,92,5511542
2025-04-19 00:56:30,1088,level_complete,7623,7,398667,0,3029089,2762690,116,5511827
2025-04-19 00:56:30,1088,game_complete,-,8,398667,0,3029089,2762690,116,5511827
2025-04-19 00:56:32,1089,level_complete,7624,1,398685,0,3029255,2762862,33,5512032
2025-04-19 00:56:32,1089,level_complete,7625,2,398686,0,3029285,2762892,37,5512069
2025-04-19 00:56:34,1089,level_complete,7626,3,398726,0,3029826,2763193,56,5513570
2025-04-19 00:56:36,1089,level_complete,7627,4,398765,0,3030154,2763488,37,5514003
2025-04-19 00:56:36,1089,level_complete,7628,5,398767,0,3030196,2763522,68,5514128
2025-04-19 00:56:37,1089,level_complete,7629,6,398772,0,3030310,2763607,139,5514498
2025-04-19 00:56:38,1089,level_complete,7630,7,398801,0,3030636,2763825,261,5515485
2025-04-19 00:56:38,1089,game_complete,-,8,398801,0,3030636,2763825,261,5515485
2025-04-19 00:56:42,1090,level_complete,7631,1,398836,0,3031059,2764252,35,5515991
2025-04-19 00:56:44,1090,level_complete,7632,2,398863,0,3031369,2764549,49,5516550
2025-04-19 00:56:45,1090,level_complete,7633,3,398881,0,3031597,2764698,47,5517214
2025-04-19 00:56:45,1090,level_complete,7634,4,398884,0,3031643,2764742,33,5517277
2025-04-19 00:56:45,1090,level_complete,7635,5,398889,0,3031711,2764786,72,5517453
2025-04-19 00:56:45,1090,level_complete,7636,6,398890,0,3031741,2764800,87,5517540
2025-04-19 00:56:46,1090,level_complete,7637,7,398899,0,3031810,2764859,113,5517701
2025-04-19 00:56:46,1090,game_complete,-,8,398899,0,3031810,2764859,113,5517701
2025-04-19 00:56:53,1091,level_complete,7638,1,399000,0,3032665,2765727,34,5518725
2025-04-19 00:57:01,1091,training_run_ep 418500,-,2,399145,0,3033584,2766535,0,5520093
2025-04-19 00:57:08,1091,level_complete,7639,2,399367,0,3034813,2767491,69,5522135
2025-04-19 00:57:10,1091,level_complete,7640,3,399406,0,3035316,2767759,74,5523804
2025-04-19 00:57:13,1091,level_complete,7641,4,399479,0,3035771,2768192,49,5524466
2025-04-19 00:57:13,1091,level_complete,7642,5,399488,0,3035882,2768244,104,5524851
2025-04-19 00:57:15,1091,level_complete,7643,6,399550,0,3036360,2768551,193,5525921
2025-04-19 00:57:20,1091,training_run_ep 419000,-,7,399645,0,3037046,2768926,0,5528619
2025-04-19 00:57:21,1091,level_complete,7644,7,399686,0,3037260,2769055,110,5529210
2025-04-19 00:57:21,1091,game_complete,-,8,399686,0,3037260,2769055,110,5529210
2025-04-19 00:57:39,1092,training_run_ep 419500,-,1,400145,0,3039341,2770998,0,5531604
2025-04-19 00:57:57,1092,training_run_ep 420000,-,1,400645,0,3041387,2772926,0,5533950
2025-04-19 00:58:16,1092,training_run_ep 420500,-,1,401145,0,3043689,2775066,0,5536634
2025-04-19 00:58:36,1092,training_run_ep 421000,-,1,401645,0,3045948,2777189,0,5539309
2025-04-19 00:58:54,1092,training_run_ep 421500,-,1,402145,0,3048096,2779170,0,5541825
2025-04-19 00:59:17,1092,level_complete,7645,1,402582,0,3050976,2781982,40,5545187
2025-04-19 00:59:18,1092,level_complete,7646,2,402603,0,3051121,2782115,48,5545418
2025-04-19 00:59:21,1092,training_run_ep 422000,-,3,402645,0,3051624,2782382,0,5546968
2025-04-19 00:59:22,1092,level_complete,7647,3,402649,0,3051706,2782425,75,5547233
2025-04-19 00:59:23,1092,level_complete,7648,4,402684,0,3051948,2782618,36,5547637
2025-04-19 00:59:25,1092,level_complete,7649,5,402725,0,3052328,2782924,122,5548723
2025-04-19 00:59:26,1092,level_complete,7650,6,402731,0,3052453,2783009,50,5549162
2025-04-19 00:59:27,1092,level_complete,7651,7,402757,0,3052692,2783191,137,5549876
2025-04-19 00:59:27,1092,game_complete,-,8,402757,0,3052692,2783191,137,5549876
2025-04-19 00:59:31,1093,level_complete,7652,1,402820,0,3053136,2783631,38,5550398
2025-04-19 00:59:38,1093,level_complete,7653,2,402970,0,3054315,2784640,68,5552221
2025-04-19 00:59:39,1093,level_complete,7654,3,402981,0,3054457,2784746,98,5552635
2025-04-19 00:59:39,1093,level_complete,7655,4,402984,0,3054508,2784801,52,5552717
2025-04-19 00:59:40,1093,level_complete,7656,5,402989,0,3054590,2784855,52,5552905
2025-04-19 00:59:41,1093,level_complete,7657,6,403012,0,3054848,2785051,93,5553399
2025-04-19 00:59:41,1093,level_complete,7658,7,403013,0,3054878,2785066,223,5553622
2025-04-19 00:59:41,1093,game_complete,-,8,403013,0,3054878,2785066,223,5553622
2025-04-19 00:59:42,1094,level_complete,7659,1,403020,0,3055029,2785236,38,5553801
2025-04-19 00:59:47,1094,level_complete,7660,2,403109,0,3055759,2785829,62,5554981
2025-04-19 00:59:48,1094,level_complete,7661,3,403123,0,3055942,2785984,85,5555466
2025-04-19 00:59:49,1094,level_complete,7662,4,403125,0,3055987,2786047,31,5555522
2025-04-19 00:59:49,1094,level_complete,7663,5,403127,0,3056045,2786078,109,5555706
2025-04-19 00:59:49,1094,level_complete,7664,6,403129,0,3056104,2786121,74,5555827
2025-04-19 00:59:49,1094,level_complete,7665,7,403130,0,3056134,2786156,41,5555868
2025-04-19 00:59:49,1094,game_complete,-,8,403130,0,3056134,2786156,41,5555868
2025-04-19 00:59:53,1095,training_run_ep 422500,-,1,403145,0,3056334,2786358,0,5556110
2025-04-19 01:00:03,1095,level_complete,7666,1,403283,0,3057628,2787708,36,5557600
2025-04-19 01:00:07,1095,level_complete,7667,2,403312,0,3057938,2788168,89,5558092
2025-04-19 01:00:07,1095,level_complete,7668,3,403314,0,3057971,2788198,47,5558142
2025-04-19 01:00:08,1095,level_complete,7669,4,403326,0,3058096,2788306,33,5558311
2025-04-19 01:00:10,1095,level_complete,7670,5,403366,0,3058689,2788651,81,5559933
2025-04-19 01:00:11,1095,level_complete,7671,6,403369,0,3058719,2788690,37,5559970
2025-04-19 01:00:11,1095,level_complete,7672,7,403385,0,3058945,2788820,67,5560732
2025-04-19 01:00:11,1095,game_complete,-,8,403385,0,3058945,2788820,67,5560732
2025-04-19 01:00:12,1096,level_complete,7673,1,403386,0,3058975,2788868,33,5560765
2025-04-19 01:00:12,1096,level_complete,7674,2,403388,0,3059027,2788911,49,5560856
2025-04-19 01:00:12,1096,level_complete,7675,3,403390,0,3059075,2788942,67,5560986
2025-04-19 01:00:13,1096,level_complete,7676,4,403399,0,3059174,2789041,42,5561143
2025-04-19 01:00:14,1096,level_complete,7677,5,403409,0,3059324,2789127,152,5561679
2025-04-19 01:00:14,1096,level_complete,7678,6,403412,0,3059385,2789215,35,5561766
2025-04-19 01:00:15,1096,level_complete,7679,7,403421,0,3059556,2789328,81,5562296
2025-04-19 01:00:15,1096,game_complete,-,8,403421,0,3059556,2789328,81,5562296
2025-04-19 01:00:17,1097,level_complete,7680,1,403442,0,3059803,2789596,34,5562573
2025-04-19 01:00:17,1097,level_complete,7681,2,403444,0,3059834,2789666,38,5562612
2025-04-19 01:00:18,1097,level_complete,7682,3,403446,0,3059893,2789700,147,5562822
2025-04-19 01:00:18,1097,level_complete,7683,4,403457,0,3060021,2789806,104,5563058
2025-04-19 01:00:19,1097,level_complete,7684,5,403458,0,3060051,2789838,51,5563109
2025-04-19 01:00:20,1097,level_complete,7685,6,403472,0,3060235,2789990,153,5563668
2025-04-19 01:00:20,1097,level_complete,7686,7,403476,0,3060292,2790036,52,5563803
2025-04-19 01:00:20,1097,game_complete,-,8,403476,0,3060292,2790036,52,5563803
2025-04-19 01:00:20,1098,level_complete,7687,1,403480,0,3060334,2790100,33,5563849
2025-04-19 01:00:25,1098,level_complete,7688,2,403571,0,3060986,2790652,44,5564879
2025-04-19 01:00:27,1098,level_complete,7689,3,403629,0,3061777,2791056,55,5567455
2025-04-19 01:00:28,1098,level_complete,7690,4,403638,0,3061873,2791123,55,5567638
2025-04-19 01:00:30,1098,training_run_ep 423000,-,5,403645,0,3061980,2791190,0,5567963
2025-04-19 01:00:31,1098,level_complete,7691,5,403685,0,3062286,2791367,140,5568805
2025-04-19 01:00:32,1098,level_complete,7692,6,403688,0,3062329,2791409,46,5568868
2025-04-19 01:00:37,1098,level_complete,7693,7,403795,0,3063396,2792288,145,5572290
2025-04-19 01:00:37,1098,game_complete,-,8,403795,0,3063396,2792288,145,5572290
2025-04-19 01:00:39,1099,level_complete,7694,1,403820,0,3063544,2792433,40,5572461
2025-04-19 01:00:40,1099,level_complete,7695,2,403842,0,3063768,2792624,48,5572880
2025-04-19 01:00:41,1099,level_complete,7696,3,403866,0,3064091,2792804,128,5573918
2025-04-19 01:00:45,1099,level_complete,7697,4,403960,0,3064659,2793288,33,5574702
2025-04-19 01:00:45,1099,level_complete,7698,5,403964,0,3064711,2793326,94,5574842
2025-04-19 01:00:47,1099,level_complete,7699,6,403998,0,3065037,2793552,138,5575556
2025-04-19 01:00:47,1099,level_complete,7700,7,404002,0,3065074,2793585,70,5575633
2025-04-19 01:00:47,1099,game_complete,-,8,404002,0,3065074,2793585,70,5575633
2025-04-19 01:00:51,1100,level_complete,7701,1,404077,0,3065609,2794101,33,5576266
2025-04-19 01:00:56,1100,training_run_ep 423500,-,2,404145,0,3066090,2794499,0,5577074
2025-04-19 01:00:58,1100,level_complete,7702,2,404186,0,3066395,2794788,43,5577499
2025-04-19 01:00:59,1100,level_complete,7703,3,404204,0,3066598,2794887,175,5578334
2025-04-19 01:01:00,1100,level_complete,7704,4,404220,0,3066736,2795017,54,5578545
2025-04-19 01:01:03,1100,level_complete,7705,5,404290,0,3067452,2795410,48,5580729
2025-04-19 01:01:03,1100,level_complete,7706,6,404294,0,3067512,2795448,81,5580860
2025-04-19 01:01:04,1100,level_complete,7707,7,404329,0,3067785,2795637,84,5581710
2025-04-19 01:01:04,1100,game_complete,-,8,404329,0,3067785,2795637,84,5581710
2025-04-19 01:01:12,1101,level_complete,7708,1,404470,0,3068753,2796641,35,5582828
2025-04-19 01:01:13,1101,level_complete,7709,2,404475,0,3068835,2796702,77,5582987
2025-04-19 01:01:13,1101,level_complete,7710,3,404482,0,3068937,2796773,74,5583238
2025-04-19 01:01:16,1101,level_complete,7711,4,404542,0,3069425,2797195,35,5583911
2025-04-19 01:01:18,1101,level_complete,7712,5,404567,0,3069767,2797422,84,5584857
2025-04-19 01:01:18,1101,level_complete,7713,6,404570,0,3069830,2797451,91,5585027
2025-04-19 01:01:18,1101,level_complete,7714,7,404576,0,3069944,2797533,128,5585384
2025-04-19 01:01:18,1101,game_complete,-,8,404576,0,3069944,2797533,128,5585384
2025-04-19 01:01:22,1102,level_complete,7715,1,404625,0,3070366,2797967,35,5585855
2025-04-19 01:01:23,1102,level_complete,7716,2,404645,0,3070589,2798179,43,5586243
2025-04-19 01:01:25,1102,training_run_ep 424000,-,3,404645,0,3070589,2798179,43,5586243
2025-04-19 01:01:25,1102,level_complete,7717,3,404653,0,3070681,2798251,78,5586503
2025-04-19 01:01:26,1102,level_complete,7718,4,404671,0,3070809,2798373,30,5586665
2025-04-19 01:01:27,1102,level_complete,7719,5,404673,0,3070845,2798403,53,5586724
2025-04-19 01:01:27,1102,level_complete,7720,6,404676,0,3070879,2798440,111,5586839
2025-04-19 01:01:29,1102,level_complete,7721,7,404710,0,3071333,2798770,171,5588054
2025-04-19 01:01:29,1102,game_complete,-,8,404710,0,3071333,2798770,171,5588054
2025-04-19 01:01:31,1103,level_complete,7722,1,404736,0,3071518,2798984,37,5588270
2025-04-19 01:01:33,1103,level_complete,7723,2,404781,0,3071960,2799325,51,5588989
2025-04-19 01:01:34,1103,level_complete,7724,3,404793,0,3072145,2799436,86,5589616
2025-04-19 01:01:35,1103,level_complete,7725,4,404822,0,3072334,2799589,40,5589916
2025-04-19 01:01:35,1103,level_complete,7726,5,404823,0,3072364,2799602,90,5590006
2025-04-19 01:01:36,1103,level_complete,7727,6,404837,0,3072518,2799708,56,5590285
2025-04-19 01:01:36,1103,level_complete,7728,7,404841,0,3072578,2799757,47,5590442
2025-04-19 01:01:36,1103,game_complete,-,8,404841,0,3072578,2799757,47,5590442
2025-04-19 01:01:39,1104,level_complete,7729,1,404870,0,3072886,2800076,31,5590798
2025-04-19 01:01:45,1104,level_complete,7730,2,405035,0,3073939,2800917,58,5592594
2025-04-19 01:01:45,1104,level_complete,7731,3,405043,0,3074021,2800969,69,5592872
2025-04-19 01:01:46,1104,level_complete,7732,4,405046,0,3074066,2801005,42,5592952
2025-04-19 01:01:46,1104,level_complete,7733,5,405047,0,3074096,2801022,87,5593039
2025-04-19 01:01:46,1104,level_complete,7734,6,405052,0,3074185,2801094,100,5593245
2025-04-19 01:01:49,1104,level_complete,7735,7,405097,0,3074676,2801485,103,5594733
2025-04-19 01:01:49,1104,game_complete,-,8,405097,0,3074676,2801485,103,5594733
2025-04-19 01:01:53,1105,training_run_ep 424500,-,1,405145,0,3074942,2801749,0,5595038
2025-04-19 01:02:20,1105,training_run_ep 425000,-,1,405645,0,3078126,2804822,0,5598717
2025-04-19 01:02:39,1105,level_complete,7736,1,405993,0,3080510,2807187,36,5601482
2025-04-19 01:02:47,1105,level_complete,7737,2,406143,0,3081882,2808317,42,5603800
2025-04-19 01:02:49,1105,training_run_ep 425500,-,3,406145,0,3081891,2808325,0,5603810
2025-04-19 01:02:50,1105,level_complete,7738,3,406159,0,3082064,2808430,112,5604358
2025-04-19 01:02:50,1105,level_complete,7739,4,406165,0,3082125,2808493,37,5604438
2025-04-19 01:02:50,1105,level_complete,7740,5,406169,0,3082164,2808526,41,5604491
2025-04-19 01:02:51,1105,level_complete,7741,6,406175,0,3082229,2808575,80,5604624
2025-04-19 01:02:54,1105,level_complete,7742,7,406242,0,3082926,2809010,224,5606981
2025-04-19 01:02:54,1105,game_complete,-,8,406242,0,3082926,2809010,224,5606981
2025-04-19 01:02:57,1106,level_complete,7743,1,406278,0,3083274,2809406,31,5607379
2025-04-19 01:02:57,1106,level_complete,7744,2,406284,0,3083379,2809495,47,5607545
2025-04-19 01:02:58,1106,level_complete,7745,3,406285,0,3083409,2809523,113,5607658
2025-04-19 01:02:58,1106,level_complete,7746,4,406292,0,3083489,2809595,31,5607763
2025-04-19 01:02:58,1106,level_complete,7747,5,406293,0,3083519,2809614,83,5607846
2025-04-19 01:02:58,1106,level_complete,7748,6,406296,0,3083553,2809638,65,5607915
2025-04-19 01:02:59,1106,level_complete,7749,7,406307,0,3083697,2809740,46,5608376
2025-04-19 01:02:59,1106,game_complete,-,8,406307,0,3083697,2809740,46,5608376
2025-04-19 01:03:01,1107,level_complete,7750,1,406340,0,3083977,2810019,37,5608702
2025-04-19 01:03:08,1107,level_complete,7751,2,406454,0,3084905,2810894,38,5610187
2025-04-19 01:03:08,1107,level_complete,7752,3,406465,0,3085066,2810982,79,5610648
2025-04-19 01:03:09,1107,level_complete,7753,4,406479,0,3085212,2811114,49,5610877
2025-04-19 01:03:10,1107,level_complete,7754,5,406496,0,3085339,2811200,154,5611239
2025-04-19 01:03:13,1107,level_complete,7755,6,406549,0,3086000,2811628,61,5613070
2025-04-19 01:03:14,1107,level_complete,7756,7,406566,0,3086203,2811801,102,5613504
2025-04-19 01:03:14,1107,game_complete,-,8,406566,0,3086203,2811801,102,5613504
2025-04-19 01:03:21,1108,training_run_ep 426000,-,1,406645,0,3086844,2812468,0,5614283
2025-04-19 01:03:39,1108,level_complete,7757,1,406884,0,3089181,2814864,36,5617039
2025-04-19 01:03:40,1108,level_complete,7758,2,406887,0,3089230,2814906,71,5617144
2025-04-19 01:03:40,1108,level_complete,7759,3,406894,0,3089315,2814947,83,5617372
2025-04-19 01:03:40,1108,level_complete,7760,4,406895,0,3089340,2814973,40,5617412
2025-04-19 01:03:41,1108,level_complete,7761,5,406906,0,3089528,2815096,70,5617863
2025-04-19 01:03:42,1108,level_complete,7762,6,406921,0,3089741,2815252,141,5618333
2025-04-19 01:03:42,1108,level_complete,7763,7,406922,0,3089771,2815267,99,5618432
2025-04-19 01:03:42,1108,game_complete,-,8,406922,0,3089771,2815267,99,5618432
2025-04-19 01:03:44,1109,level_complete,7764,1,406946,0,3090013,2815523,33,5618705
2025-04-19 01:03:45,1109,level_complete,7765,2,406947,0,3090043,2815572,44,5618749
2025-04-19 01:03:45,1109,level_complete,7766,3,406956,0,3090199,2815664,37,5619212
2025-04-19 01:03:45,1109,level_complete,7767,4,406958,0,3090238,2815689,50,5619292
2025-04-19 01:03:46,1109,level_complete,7768,5,406959,0,3090268,2815723,136,5619428
2025-04-19 01:03:46,1109,level_complete,7769,6,406966,0,3090399,2815825,37,5619728
2025-04-19 01:03:46,1109,level_complete,7770,7,406968,0,3090433,2815838,177,5619909
2025-04-19 01:03:46,1109,game_complete,-,8,406968,0,3090433,2815838,177,5619909
2025-04-19 01:03:48,1110,level_complete,7771,1,407003,0,3090703,2816103,34,5620224
2025-04-19 01:03:49,1110,level_complete,7772,2,407010,0,3090830,2816209,61,5620432
2025-04-19 01:03:49,1110,level_complete,7773,3,407012,0,3090880,2816249,41,5620518
2025-04-19 01:03:52,1110,level_complete,7774,4,407052,0,3091231,2816552,37,5621060
2025-04-19 01:03:53,1110,level_complete,7775,5,407069,0,3091427,2816726,177,5621568
2025-04-19 01:03:54,1110,level_complete,7776,6,407089,0,3091639,2816866,41,5622062
2025-04-19 01:03:54,1110,level_complete,7777,7,407090,0,3091669,2816880,160,5622222
2025-04-19 01:03:54,1110,game_complete,-,8,407090,0,3091669,2816880,160,5622222
2025-04-19 01:03:54,1111,level_complete,7778,1,407098,0,3091724,2816950,35,5622283
2025-04-19 01:03:56,1111,level_complete,7779,2,407116,0,3091922,2817145,41,5622565
2025-04-19 01:03:56,1111,level_complete,7780,3,407126,0,3092016,2817199,101,5622824
2025-04-19 01:03:59,1111,training_run_ep 426500,-,4,407145,0,3092151,2817300,0,5623107
2025-04-19 01:04:00,1111,level_complete,7781,4,407169,0,3092317,2817435,31,5623383
2025-04-19 01:04:00,1111,level_complete,7782,5,407170,0,3092347,2817455,57,5623440
2025-04-19 01:04:02,1111,level_complete,7783,6,407211,0,3092841,2817780,55,5624773
2025-04-19 01:04:02,1111,level_complete,7784,7,407213,0,3092875,2817831,50,5624830
2025-04-19 01:04:02,1111,game_complete,-,8,407213,0,3092875,2817831,50,5624830
2025-04-19 01:04:23,1112,level_complete,7785,1,407509,0,3095556,2820475,32,5628019
2025-04-19 01:04:24,1112,level_complete,7786,2,407531,0,3095753,2820636,58,5628379
2025-04-19 01:04:25,1112,level_complete,7787,3,407541,0,3095852,2820679,146,5628824
2025-04-19 01:04:30,1112,level_complete,7788,4,407627,0,3096705,2821455,56,5630018
2025-04-19 01:04:33,1112,training_run_ep 427000,-,5,407645,0,3096881,2821568,0,5630400
2025-04-19 01:04:34,1112,level_complete,7789,5,407676,0,3097206,2821742,118,5631305
2025-04-19 01:04:34,1112,level_complete,7790,6,407686,0,3097324,2821805,63,5631598
2025-04-19 01:04:35,1112,level_complete,7791,7,407693,0,3097388,2821849,69,5631731
2025-04-19 01:04:35,1112,game_complete,-,8,407693,0,3097388,2821849,69,5631731
2025-04-19 01:04:49,1113,level_complete,7792,1,407896,0,3099304,2823740,34,5633990
2025-04-19 01:04:51,1113,level_complete,7793,2,407907,0,3099432,2823888,47,5634206
2025-04-19 01:04:51,1113,level_complete,7794,3,407924,0,3099657,2824020,39,5634924
2025-04-19 01:04:54,1113,level_complete,7795,4,407972,0,3100051,2824376,31,5635488
2025-04-19 01:04:54,1113,level_complete,7796,5,407977,0,3100129,2824416,131,5635782
2025-04-19 01:04:54,1113,level_complete,7797,6,407981,0,3100185,2824448,183,5636018
2025-04-19 01:04:55,1113,level_complete,7798,7,407986,0,3100260,2824496,90,5636184
2025-04-19 01:04:55,1113,game_complete,-,8,407986,0,3100260,2824496,90,5636184
2025-04-19 01:05:05,1114,training_run_ep 427500,-,1,408145,0,3101355,2825576,0,5637442
2025-04-19 01:05:18,1114,level_complete,7799,1,408371,0,3102990,2827171,39,5639332
2025-04-19 01:05:23,1114,level_complete,7800,2,408454,0,3103717,2827836,40,5640524
2025-04-19 01:05:24,1114,level_complete,7801,3,408465,0,3103898,2827955,93,5641130
2025-04-19 01:05:25,1114,level_complete,7802,4,408491,0,3104119,2828144,55,5641447
2025-04-19 01:05:27,1114,level_complete,7803,5,408535,0,3104664,2828419,88,5643322
2025-04-19 01:05:31,1114,level_complete,7804,6,408606,0,3105476,2829034,44,5645185
2025-04-19 01:05:31,1114,level_complete,7805,7,408610,0,3105521,2829068,78,5645288
2025-04-19 01:05:31,1114,game_complete,-,8,408610,0,3105521,2829068,78,5645288
2025-04-19 01:05:33,1115,level_complete,7806,1,408618,0,3105656,2829254,34,5645453
2025-04-19 01:05:36,1115,training_run_ep 428000,-,2,408645,0,3105909,2829465,0,5645874
2025-04-19 01:05:48,1115,level_complete,7807,2,408906,0,3107815,2831006,49,5649075
2025-04-19 01:05:48,1115,level_complete,7808,3,408908,0,3107874,2831048,87,5649225
2025-04-19 01:05:57,1115,training_run_ep 428500,-,4,409145,0,3109102,2832053,0,5651023
2025-04-19 01:05:58,1115,level_complete,7809,4,409155,0,3109197,2832125,59,5651181
2025-04-19 01:05:58,1115,level_complete,7810,5,409165,0,3109298,2832191,89,5651410
2025-04-19 01:05:59,1115,level_complete,7811,6,409191,0,3109486,2832317,82,5651795
2025-04-19 01:06:00,1115,level_complete,7812,7,409233,0,3109788,2832500,150,5652888
2025-04-19 01:06:00,1115,game_complete,-,8,409233,0,3109788,2832500,150,5652888
2025-04-19 01:06:09,1116,level_complete,7813,1,409436,0,3111026,2833665,36,5654346
2025-04-19 01:06:10,1116,level_complete,7814,2,409437,0,3111056,2833689,63,5654409
2025-04-19 01:06:12,1116,level_complete,7815,3,409512,0,3111833,2834110,141,5657148
2025-04-19 01:06:14,1116,level_complete,7816,4,409553,0,3112086,2834319,41,5657554
2025-04-19 01:06:15,1116,level_complete,7817,5,409565,0,3112236,2834433,153,5658169
2025-04-19 01:06:17,1116,level_complete,7818,6,409602,0,3112666,2834719,116,5659341
2025-04-19 01:06:17,1116,level_complete,7819,7,409623,0,3112833,2834818,148,5660061
2025-04-19 01:06:17,1116,game_complete,-,8,409623,0,3112833,2834818,148,5660061
2025-04-19 01:06:20,1117,training_run_ep 429000,-,1,409645,0,3112925,2834906,0,5660170
2025-04-19 01:06:23,1117,level_complete,7820,1,409687,0,3113266,2835240,40,5660583
2025-04-19 01:06:29,1117,level_complete,7821,2,409824,0,3114318,2836144,52,5662342
2025-04-19 01:06:30,1117,level_complete,7822,3,409841,0,3114497,2836223,97,5663043
2025-04-19 01:06:37,1117,level_complete,7823,4,410005,0,3115635,2837177,31,5664835
2025-04-19 01:06:38,1117,level_complete,7824,5,410027,0,3115928,2837355,55,5665699
2025-04-19 01:06:39,1117,level_complete,7825,6,410042,0,3116092,2837473,123,5666075
2025-04-19 01:06:40,1117,level_complete,7826,7,410068,0,3116389,2837629,216,5667262
2025-04-19 01:06:40,1117,game_complete,-,8,410068,0,3116389,2837629,216,5667262
2025-04-19 01:06:43,1118,level_complete,7827,1,410110,0,3116763,2838017,37,5667704
2025-04-19 01:06:44,1118,level_complete,7828,2,410134,0,3116969,2838217,48,5668030
2025-04-19 01:06:47,1118,training_run_ep 429500,-,3,410145,0,3117114,2838291,0,5668576
2025-04-19 01:06:48,1118,level_complete,7829,3,410166,0,3117375,2838437,113,5669513
2025-04-19 01:06:49,1118,level_complete,7830,4,410189,0,3117598,2838643,37,5669839
2025-04-19 01:06:49,1118,level_complete,7831,5,410190,0,3117628,2838656,157,5669996
2025-04-19 01:06:50,1118,level_complete,7832,6,410193,0,3117686,2838689,61,5670134
2025-04-19 01:06:50,1118,level_complete,7833,7,410203,0,3117796,2838765,74,5670447
2025-04-19 01:06:50,1118,game_complete,-,8,410203,0,3117796,2838765,74,5670447
2025-04-19 01:06:54,1119,level_complete,7834,1,410250,0,3118298,2839329,32,5671022
2025-04-19 01:06:55,1119,level_complete,7835,2,410255,0,3118381,2839407,47,5671168
2025-04-19 01:06:55,1119,level_complete,7836,3,410256,0,3118411,2839419,122,5671290
2025-04-19 01:07:00,1119,level_complete,7837,4,410384,0,3119195,2840088,37,5672469
2025-04-19 01:07:01,1119,level_complete,7838,5,410403,0,3119406,2840207,80,5673043
2025-04-19 01:07:02,1119,level_complete,7839,6,410429,0,3119595,2840320,139,5673627
2025-04-19 01:07:02,1119,level_complete,7840,7,410435,0,3119701,2840368,174,5674050
2025-04-19 01:07:02,1119,game_complete,-,8,410435,0,3119701,2840368,174,5674050
2025-04-19 01:07:13,1120,training_run_ep 430000,-,1,410645,0,3120955,2841538,0,5675520
2025-04-19 01:07:41,1120,training_run_ep 430500,-,1,411145,0,3124375,2844853,0,5679543
2025-04-19 01:07:55,1120,level_complete,7841,1,411384,0,3126036,2846509,35,5681471
2025-04-19 01:07:57,1120,level_complete,7842,2,411427,0,3126473,2846888,45,5682168
2025-04-19 01:07:58,1120,level_complete,7843,3,411431,0,3126538,2846916,89,5682397
2025-04-19 01:07:59,1120,level_complete,7844,4,411455,0,3126794,2847134,60,5682831
2025-04-19 01:08:00,1120,level_complete,7845,5,411463,0,3126916,2847196,54,5683162
2025-04-19 01:08:00,1120,level_complete,7846,6,411476,0,3127108,2847316,46,5683773
2025-04-19 01:08:02,1120,level_complete,7847,7,411501,0,3127339,2847512,115,5684256
2025-04-19 01:08:02,1120,game_complete,-,8,411501,0,3127339,2847512,115,5684256
2025-04-19 01:08:11,1121,training_run_ep 431000,-,1,411645,0,3128277,2848387,0,5685381
2025-04-19 01:08:30,1121,training_run_ep 431500,-,1,412145,0,3130565,2850495,0,5688072
2025-04-19 01:08:35,1121,level_complete,7848,1,412226,0,3131177,2851086,32,5688792
2025-04-19 01:08:43,1121,level_complete,7849,2,412446,0,3132627,2852244,46,5691366
2025-04-19 01:08:44,1121,level_complete,7850,3,412456,0,3132768,2852307,142,5691857
2025-04-19 01:08:46,1121,level_complete,7851,4,412492,0,3133085,2852573,94,5692362
2025-04-19 01:08:47,1121,level_complete,7852,5,412524,0,3133487,2852792,66,5693470
2025-04-19 01:08:48,1121,level_complete,7853,6,412531,0,3133564,2852852,42,5693617
2025-04-19 01:08:48,1121,level_complete,7854,7,412532,0,3133594,2852898,137,5693754
2025-04-19 01:08:48,1121,game_complete,-,8,412532,0,3133594,2852898,137,5693754
2025-04-19 01:08:56,1122,training_run_ep 432000,-,1,412645,0,3134385,2853667,0,5694732
2025-04-19 01:09:02,1122,level_complete,7855,1,412770,0,3135172,2854438,33,5695649
2025-04-19 01:09:17,1122,training_run_ep 432500,-,2,413145,0,3137110,2856118,0,5698527
2025-04-19 01:09:21,1122,level_complete,7856,2,413258,0,3137786,2856698,65,5699543
2025-04-19 01:09:22,1122,level_complete,7857,3,413267,0,3137906,2856749,109,5699936
2025-04-19 01:09:27,1122,level_complete,7858,4,413383,0,3138690,2857421,39,5701087
2025-04-19 01:09:28,1122,level_complete,7859,5,413429,0,3139128,2857663,66,5702296
2025-04-19 01:09:30,1122,level_complete,7860,6,413454,0,3139383,2857859,50,5703011
2025-04-19 01:09:31,1122,level_complete,7861,7,413473,0,3139564,2858007,50,5703372
2025-04-19 01:09:31,1122,game_complete,-,8,413473,0,3139564,2858007,50,5703372
2025-04-19 01:09:36,1123,level_complete,7862,1,413555,0,3140187,2858634,43,5704098
2025-04-19 01:09:36,1123,level_complete,7863,2,413577,0,3140321,2858743,98,5704321
2025-04-19 01:09:40,1123,training_run_ep 433000,-,3,413645,0,3140817,2858990,0,5705763
2025-04-19 01:09:43,1123,level_complete,7864,3,413721,0,3141701,2859445,97,5708854
2025-04-19 01:09:44,1123,level_complete,7865,4,413727,0,3141776,2859521,54,5708993
2025-04-19 01:09:44,1123,level_complete,7866,5,413731,0,3141816,2859547,128,5709134
2025-04-19 01:09:45,1123,level_complete,7867,6,413747,0,3142020,2859694,77,5709577
2025-04-19 01:09:46,1123,level_complete,7868,7,413783,0,3142338,2859934,90,5710302
2025-04-19 01:09:46,1123,game_complete,-,8,413783,0,3142338,2859934,90,5710302
2025-04-19 01:09:48,1124,level_complete,7869,1,413800,0,3142528,2860150,40,5710514
2025-04-19 01:09:54,1124,level_complete,7870,2,413920,0,3143492,2860964,51,5712061
2025-04-19 01:09:56,1124,level_complete,7871,3,413969,0,3143966,2861241,55,5713609
2025-04-19 01:09:57,1124,level_complete,7872,4,413993,0,3144165,2861412,31,5713879
2025-04-19 01:09:58,1124,level_complete,7873,5,413999,0,3144232,2861475,36,5713980
2025-04-19 01:09:59,1124,level_complete,7874,6,414021,0,3144478,2861669,52,5714430
2025-04-19 01:10:01,1124,level_complete,7875,7,414045,0,3144788,2861906,286,5715501
2025-04-19 01:10:01,1124,game_complete,-,8,414045,0,3144788,2861906,286,5715501
2025-04-19 01:10:02,1125,level_complete,7876,1,414060,0,3144950,2862062,35,5715697
2025-04-19 01:10:05,1125,level_complete,7877,2,414125,0,3145537,2862518,51,5716749
2025-04-19 01:10:05,1125,level_complete,7878,3,414128,0,3145569,2862532,139,5716891
2025-04-19 01:10:06,1125,level_complete,7879,4,414144,0,3145738,2862678,33,5717132
2025-04-19 01:10:08,1125,training_run_ep 433500,-,5,414145,0,3145767,2862701,0,5717230
2025-04-19 01:10:09,1125,level_complete,7880,5,414154,0,3145872,2862784,80,5717441
2025-04-19 01:10:09,1125,level_complete,7881,6,414155,0,3145902,2862809,72,5717513
2025-04-19 01:10:11,1125,level_complete,7882,7,414180,0,3146274,2863083,90,5718679
2025-04-19 01:10:11,1125,game_complete,-,8,414180,0,3146274,2863083,90,5718679
2025-04-19 01:10:18,1126,level_complete,7883,1,414267,0,3147089,2863930,33,5719624
2025-04-19 01:10:22,1126,level_complete,7884,2,414309,0,3147656,2864502,45,5720577
2025-04-19 01:10:22,1126,level_complete,7885,3,414316,0,3147766,2864555,178,5720969
2025-04-19 01:10:23,1126,level_complete,7886,4,414322,0,3147873,2864644,55,5721157
2025-04-19 01:10:23,1126,level_complete,7887,5,414324,0,3147914,2864667,76,5721266
2025-04-19 01:10:24,1126,level_complete,7888,6,414340,0,3148118,2864824,45,5721717
2025-04-19 01:10:24,1126,level_complete,7889,7,414341,0,3148148,2864845,125,5721842
2025-04-19 01:10:24,1126,game_complete,-,8,414341,0,3148148,2864845,125,5721842
2025-04-19 01:10:25,1127,level_complete,7890,1,414346,0,3148238,2864953,35,5721948
2025-04-19 01:10:29,1127,level_complete,7891,2,414417,0,3148838,2865504,54,5722925
2025-04-19 01:10:29,1127,level_complete,7892,3,414420,0,3148893,2865520,408,5723394
2025-04-19 01:10:29,1127,level_complete,7893,4,414421,0,3148918,2865545,34,5723428
2025-04-19 01:10:31,1127,level_complete,7894,5,414444,0,3149255,2865744,65,5724387
2025-04-19 01:10:31,1127,level_complete,7895,6,414445,0,3149285,2865763,60,5724447
2025-04-19 01:10:32,1127,level_complete,7896,7,414455,0,3149393,2865862,65,5724688
2025-04-19 01:10:32,1127,game_complete,-,8,414455,0,3149393,2865862,65,5724688
2025-04-19 01:10:32,1128,level_complete,7897,1,414458,0,3149448,2865933,47,5724764
2025-04-19 01:10:33,1128,level_complete,7898,2,414463,0,3149555,2866025,45,5724955
2025-04-19 01:10:34,1128,level_complete,7899,3,414474,0,3149742,2866158,62,5725353
2025-04-19 01:10:34,1128,level_complete,7900,4,414487,0,3149860,2866270,39,5725514
2025-04-19 01:10:35,1128,level_complete,7901,5,414496,0,3149981,2866357,64,5725865
2025-04-19 01:10:35,1128,level_complete,7902,6,414502,0,3150046,2866411,82,5726005
2025-04-19 01:10:36,1128,level_complete,7903,7,414508,0,3150140,2866475,74,5726291
2025-04-19 01:10:36,1128,game_complete,-,8,414508,0,3150140,2866475,74,5726291
2025-04-19 01:10:42,1129,level_complete,7904,1,414573,0,3150865,2867331,35,5727125
2025-04-19 01:10:43,1129,level_complete,7905,2,414578,0,3150927,2867396,50,5727241
2025-04-19 01:10:44,1129,level_complete,7906,3,414586,0,3151072,2867484,95,5727739
2025-04-19 01:10:44,1129,level_complete,7907,4,414598,0,3151224,2867622,31,5727969
2025-04-19 01:10:47,1129,level_complete,7908,5,414638,0,3151784,2867998,55,5729314
2025-04-19 01:10:48,1129,level_complete,7909,6,414643,0,3151862,2868060,36,5729434
2025-04-19 01:10:49,1129,training_run_ep 434000,-,7,414645,0,3151866,2868064,0,5729438
2025-04-19 01:10:51,1129,level_complete,7910,7,414682,0,3152159,2868285,110,5730164
2025-04-19 01:10:51,1129,game_complete,-,8,414682,0,3152159,2868285,110,5730164
2025-04-19 01:11:06,1130,level_complete,7911,1,414932,0,3154173,2870213,38,5732571
2025-04-19 01:11:11,1130,level_complete,7912,2,415018,0,3154960,2870859,40,5733911
2025-04-19 01:11:12,1130,level_complete,7913,3,415038,0,3155161,2870971,115,5734437
2025-04-19 01:11:13,1130,level_complete,7914,4,415067,0,3155359,2871134,31,5734708
2025-04-19 01:11:16,1130,level_complete,7915,5,415135,0,3156121,2871594,68,5736872
2025-04-19 01:11:16,1130,level_complete,7916,6,415139,0,3156176,2871638,61,5737003
2025-04-19 01:11:18,1130,training_run_ep 434500,-,7,415145,0,3156231,2871663,0,5737326
2025-04-19 01:11:19,1130,level_complete,7917,7,415161,0,3156450,2871810,107,5738028
2025-04-19 01:11:19,1130,game_complete,-,8,415161,0,3156450,2871810,107,5738028
2025-04-19 01:11:20,1131,level_complete,7918,1,415163,0,3156487,2871860,35,5738071
2025-04-19 01:11:30,1131,level_complete,7919,2,415383,0,3158176,2873176,58,5741177
2025-04-19 01:11:30,1131,level_complete,7920,3,415387,0,3158224,2873198,137,5741360
2025-04-19 01:11:32,1131,level_complete,7921,4,415448,0,3158613,2873512,40,5741922
2025-04-19 01:11:35,1131,level_complete,7922,5,415520,0,3159217,2873888,157,5743622
2025-04-19 01:11:36,1131,level_complete,7923,6,415538,0,3159474,2874117,57,5744333
2025-04-19 01:11:39,1131,level_complete,7924,7,415594,0,3159929,2874455,67,5745493
2025-04-19 01:11:39,1131,game_complete,-,8,415594,0,3159929,2874455,67,5745493
2025-04-19 01:11:43,1132,training_run_ep 435000,-,1,415645,0,3160305,2874818,0,5745916
2025-04-19 01:11:48,1132,level_complete,7925,1,415756,0,3160922,2875417,35,5746617
2025-04-19 01:11:53,1132,level_complete,7926,2,415887,0,3161616,2875988,45,5747733
2025-04-19 01:11:55,1132,level_complete,7927,3,415964,0,3162201,2876307,96,5749464
2025-04-19 01:12:02,1132,training_run_ep 435500,-,4,416145,0,3163008,2876992,0,5750580
2025-04-19 01:12:02,1132,level_complete,7928,4,416158,0,3163081,2877049,41,5750699
2025-04-19 01:12:03,1132,level_complete,7929,5,416176,0,3163306,2877175,221,5751434
2025-04-19 01:12:18,1132,training_run_ep 436000,-,6,416645,0,3166709,2879226,0,5760983
2025-04-19 01:12:20,1132,level_complete,7930,6,416705,0,3167140,2879487,166,5762049
2025-04-19 01:12:22,1132,level_complete,7931,7,416753,0,3167502,2879719,154,5763305
2025-04-19 01:12:22,1132,game_complete,-,8,416753,0,3167502,2879719,154,5763305
2025-04-19 01:12:37,1133,training_run_ep 436500,-,1,417145,0,3169286,2881361,0,5765413
2025-04-19 01:12:57,1133,training_run_ep 437000,-,1,417645,0,3171641,2883555,0,5768124
2025-04-19 01:13:01,1133,level_complete,7932,1,417730,0,3172176,2884045,35,5768761
2025-04-19 01:13:03,1133,level_complete,7933,2,417777,0,3172538,2884340,64,5769322
2025-04-19 01:13:05,1133,level_complete,7934,3,417812,0,3172860,2884526,85,5770316
2025-04-19 01:13:07,1133,level_complete,7935,4,417875,0,3173299,2884886,31,5770955
2025-04-19 01:13:14,1133,level_complete,7936,5,418089,0,3174950,2885858,113,5775343
2025-04-19 01:13:15,1133,level_complete,7937,6,418109,0,3175172,2885988,171,5776010
2025-04-19 01:13:18,1133,training_run_ep 437500,-,7,418145,0,3175439,2886201,0,5776508
2025-04-19 01:13:21,1133,level_complete,7938,7,418227,0,3176086,2886686,153,5778397
2025-04-19 01:13:21,1133,game_complete,-,8,418227,0,3176086,2886686,153,5778397
2025-04-19 01:13:44,1134,training_run_ep 438000,-,1,418645,0,3178833,2889358,0,5781588
2025-04-19 01:14:06,1134,training_run_ep 438500,-,1,419145,0,3181483,2891821,0,5784686
2025-04-19 01:14:31,1134,training_run_ep 439000,-,1,419645,0,3184378,2894623,0,5788070
2025-04-19 01:14:41,1134,level_complete,7939,1,419837,0,3185669,2895923,35,5789558
2025-04-19 01:14:42,1134,level_complete,7940,2,419850,0,3185770,2896031,44,5789695
2025-04-19 01:14:42,1134,level_complete,7941,3,419853,0,3185824,2896060,203,5789962
2025-04-19 01:14:43,1134,level_complete,7942,4,419859,0,3185899,2896120,82,5790113
2025-04-19 01:14:43,1134,level_complete,7943,5,419868,0,3186023,2896172,121,5790591
2025-04-19 01:14:44,1134,level_complete,7944,6,419879,0,3186138,2896270,38,5790793
2025-04-19 01:14:46,1134,level_complete,7945,7,419919,0,3186540,2896531,138,5791985
2025-04-19 01:14:46,1134,game_complete,-,8,419919,0,3186540,2896531,138,5791985
2025-04-19 01:14:56,1135,level_complete,7946,1,420118,0,3187931,2897889,39,5793599
2025-04-19 01:15:00,1135,training_run_ep 439500,-,2,420145,0,3188222,2898174,0,5794102
2025-04-19 01:15:03,1135,level_complete,7947,2,420173,0,3188565,2898452,44,5794715
2025-04-19 01:15:03,1135,level_complete,7948,3,420175,0,3188616,2898468,78,5794926
2025-04-19 01:15:05,1135,level_complete,7949,4,420189,0,3188818,2898809,38,5795195
2025-04-19 01:15:06,1135,level_complete,7950,5,420192,0,3188881,2898858,71,5795343
2025-04-19 01:15:06,1135,level_complete,7951,6,420199,0,3189004,2898950,49,5795567
2025-04-19 01:15:09,1135,level_complete,7952,7,420216,0,3189187,2899271,124,5796211
2025-04-19 01:15:09,1135,game_complete,-,8,420216,0,3189187,2899271,124,5796211
2025-04-19 01:15:14,1136,level_complete,7953,1,420274,0,3189850,2899997,32,5796985
2025-04-19 01:15:15,1136,level_complete,7954,2,420276,0,3189885,2900032,53,5797044
2025-04-19 01:15:15,1136,level_complete,7955,3,420286,0,3189991,2900122,60,5797250
2025-04-19 01:15:15,1136,level_complete,7956,4,420288,0,3190016,2900154,29,5797279
2025-04-19 01:15:18,1136,level_complete,7957,5,420320,0,3190254,2900459,63,5797973
2025-04-19 01:15:18,1136,level_complete,7958,6,420321,0,3190284,2900473,330,5798303
2025-04-19 01:15:18,1136,level_complete,7959,7,420323,0,3190316,2900496,106,5798411
2025-04-19 01:15:18,1136,game_complete,-,8,420323,0,3190316,2900496,106,5798411
2025-04-19 01:15:22,1137,level_complete,7960,1,420363,0,3190798,2901040,40,5798987
2025-04-19 01:15:23,1137,level_complete,7961,2,420366,0,3190878,2901127,45,5799103
2025-04-19 01:15:23,1137,level_complete,7962,3,420370,0,3190948,2901189,57,5799233
2025-04-19 01:15:24,1137,level_complete,7963,4,420377,0,3191036,2901254,41,5799393
2025-04-19 01:15:24,1137,level_complete,7964,5,420380,0,3191107,2901295,95,5799569
2025-04-19 01:15:25,1137,level_complete,7965,6,420389,0,3191240,2901413,202,5799939
2025-04-19 01:15:25,1137,level_complete,7966,7,420398,0,3191352,2901490,81,5800278
2025-04-19 01:15:25,1137,game_complete,-,8,420398,0,3191352,2901490,81,5800278
2025-04-19 01:15:27,1138,level_complete,7967,1,420403,0,3191467,2901666,31,5800415
2025-04-19 01:15:27,1138,level_complete,7968,2,420404,0,3191497,2901688,100,5800515
2025-04-19 01:15:27,1138,level_complete,7969,3,420407,0,3191559,2901758,90,5800653
2025-04-19 01:15:28,1138,level_complete,7970,4,420415,0,3191680,2901869,33,5800867
2025-04-19 01:15:29,1138,level_complete,7971,5,420419,0,3191738,2901931,85,5800990
2025-04-19 01:15:30,1138,level_complete,7972,6,420439,0,3191981,2902109,93,5801471
2025-04-19 01:15:30,1138,level_complete,7973,7,420442,0,3192038,2902167,44,5801585
2025-04-19 01:15:30,1138,game_complete,-,8,420442,0,3192038,2902167,44,5801585
2025-04-19 01:15:31,1139,level_complete,7974,1,420443,0,3192068,2902214,34,5801619
2025-04-19 01:15:31,1139,level_complete,7975,2,420444,0,3192098,2902246,47,5801666
2025-04-19 01:15:31,1139,level_complete,7976,3,420451,0,3192256,2902354,54,5802148
2025-04-19 01:15:33,1139,level_complete,7977,4,420473,0,3192482,2902562,31,5802447
2025-04-19 01:15:33,1139,level_complete,7978,5,420478,0,3192565,2902616,60,5802687
2025-04-19 01:15:34,1139,level_complete,7979,6,420481,0,3192622,2902656,51,5802790
2025-04-19 01:15:35,1139,level_complete,7980,7,420501,0,3192888,2902868,84,5803564
2025-04-19 01:15:35,1139,game_complete,-,8,420501,0,3192888,2902868,84,5803564
2025-04-19 01:15:39,1140,level_complete,7981,1,420523,0,3193249,2903336,37,5804014
2025-04-19 01:15:39,1140,level_complete,7982,2,420534,0,3193374,2903450,37,5804192
2025-04-19 01:15:40,1140,level_complete,7983,3,420538,0,3193432,2903494,49,5804296
2025-04-19 01:15:40,1140,level_complete,7984,4,420547,0,3193536,2903581,34,5804448
2025-04-19 01:15:41,1140,level_complete,7985,5,420556,0,3193724,2903694,81,5804994
2025-04-19 01:15:42,1140,level_complete,7986,6,420562,0,3193827,2903761,44,5805222
2025-04-19 01:15:42,1140,level_complete,7987,7,420571,0,3193929,2903879,50,5805420
2025-04-19 01:15:42,1140,game_complete,-,8,420571,0,3193929,2903879,50,5805420
2025-04-19 01:15:43,1141,level_complete,7988,1,420574,0,3193989,2903968,34,5805504
2025-04-19 01:15:44,1141,level_complete,7989,2,420581,0,3194138,2904137,55,5805723
2025-04-19 01:15:44,1141,level_complete,7990,3,420583,0,3194169,2904152,146,5805870
2025-04-19 01:15:45,1141,level_complete,7991,4,420595,0,3194290,2904273,75,5806069
2025-04-19 01:15:46,1141,level_complete,7992,5,420599,0,3194367,2904334,143,5806310
2025-04-19 01:15:46,1141,level_complete,7993,6,420603,0,3194414,2904371,64,5806397
2025-04-19 01:15:47,1141,level_complete,7994,7,420621,0,3194588,2904486,160,5806889
2025-04-19 01:15:47,1141,game_complete,-,8,420621,0,3194588,2904486,160,5806889
2025-04-19 01:15:49,1142,level_complete,7995,1,420634,0,3194842,2904801,32,5807200
2025-04-19 01:15:50,1142,level_complete,7996,2,420638,0,3194939,2904879,46,5807350
2025-04-19 01:15:50,1142,level_complete,7997,3,420642,0,3195008,2904921,86,5807506
2025-04-19 01:15:52,1142,training_run_ep 440000,-,4,420645,0,3195011,2904924,0,5807509
2025-04-19 01:15:54,1142,level_complete,7998,4,420671,0,3195297,2905170,31,5808000
2025-04-19 01:15:54,1142,level_complete,7999,5,420677,0,3195383,2905216,96,5808219
2025-04-19 01:15:54,1142,level_complete,8000,6,420679,0,3195430,2905245,146,5808390
2025-04-19 01:15:56,1142,level_complete,8001,7,420695,0,3195680,2905462,186,5809020
2025-04-19 01:15:56,1142,game_complete,-,8,420695,0,3195680,2905462,186,5809020
2025-04-19 01:15:56,1143,level_complete,8002,1,420699,0,3195752,2905567,36,5809106
2025-04-19 01:15:58,1143,level_complete,8003,2,420711,0,3195953,2905771,49,5809420
2025-04-19 01:15:58,1143,level_complete,8004,3,420713,0,3195996,2905806,77,5809516
2025-04-19 01:15:58,1143,level_complete,8005,4,420716,0,3196048,2905856,32,5809588
2025-04-19 01:15:59,1143,level_complete,8006,5,420724,0,3196226,2905992,121,5810177
2025-04-19 01:16:00,1143,level_complete,8007,6,420725,0,3196256,2906020,89,5810266
2025-04-19 01:16:02,1143,level_complete,8008,7,420765,0,3196746,2906422,88,5811650
2025-04-19 01:16:02,1143,game_complete,-,8,420765,0,3196746,2906422,88,5811650
2025-04-19 01:16:06,1144,level_complete,8009,1,420827,0,3197234,2906937,35,5812207
2025-04-19 01:16:09,1144,level_complete,8010,2,420868,0,3197624,2907269,51,5812877
2025-04-19 01:16:09,1144,level_complete,8011,3,420870,0,3197672,2907323,51,5812971
2025-04-19 01:16:09,1144,level_complete,8012,4,420871,0,3197697,2907347,34,5813005
2025-04-19 01:16:09,1144,level_complete,8013,5,420873,0,3197728,2907364,84,5813090
2025-04-19 01:16:09,1144,level_complete,8014,6,420876,0,3197762,2907379,99,5813194
2025-04-19 01:16:11,1144,level_complete,8015,7,420894,0,3198012,2907542,76,5814011
2025-04-19 01:16:11,1144,game_complete,-,8,420894,0,3198012,2907542,76,5814011
2025-04-19 01:16:11,1145,level_complete,8016,1,420901,0,3198102,2907627,47,5814134
2025-04-19 01:16:12,1145,level_complete,8017,2,420903,0,3198143,2907674,45,5814190
2025-04-19 01:16:12,1145,level_complete,8018,3,420910,0,3198237,2907735,103,5814568
2025-04-19 01:16:13,1145,level_complete,8019,4,420918,0,3198329,2907819,41,5814719
2025-04-19 01:16:14,1145,level_complete,8020,5,420923,0,3198456,2907929,47,5815057
2025-04-19 01:16:14,1145,level_complete,8021,6,420932,0,3198593,2908024,96,5815399
2025-04-19 01:16:14,1145,level_complete,8022,7,420933,0,3198623,2908039,99,5815498
2025-04-19 01:16:14,1145,game_complete,-,8,420933,0,3198623,2908039,99,5815498
2025-04-19 01:16:15,1146,level_complete,8023,1,420935,0,3198672,2908114,31,5815550
2025-04-19 01:16:16,1146,level_complete,8024,2,420942,0,3198829,2908269,58,5815857
2025-04-19 01:16:16,1146,level_complete,8025,3,420944,0,3198867,2908296,102,5815974
2025-04-19 01:16:17,1146,level_complete,8026,4,420953,0,3198997,2908425,27,5816171
2025-04-19 01:16:17,1146,level_complete,8027,5,420954,0,3199027,2908452,61,5816232
2025-04-19 01:16:18,1146,level_complete,8028,6,420965,0,3199212,2908589,58,5816754
2025-04-19 01:16:19,1146,level_complete,8029,7,420972,0,3199289,2908662,62,5816891
2025-04-19 01:16:19,1146,game_complete,-,8,420972,0,3199289,2908662,62,5816891
2025-04-19 01:16:19,1147,level_complete,8030,1,420973,0,3199319,2908717,35,5816926
2025-04-19 01:16:20,1147,level_complete,8031,2,420975,0,3199358,2908769,34,5816972
2025-04-19 01:16:21,1147,level_complete,8032,3,421010,0,3199676,2908984,53,5817751
2025-04-19 01:16:25,1147,level_complete,8033,4,421100,0,3200370,2909595,42,5818814
2025-04-19 01:16:26,1147,level_complete,8034,5,421103,0,3200437,2909634,124,5819039
2025-04-19 01:16:26,1147,level_complete,8035,6,421110,0,3200532,2909690,66,5819321
2025-04-19 01:16:29,1147,training_run_ep 440500,-,7,421145,0,3200807,2909893,0,5819977
2025-04-19 01:16:30,1147,level_complete,8036,7,421155,0,3200945,2909974,87,5820433
2025-04-19 01:16:30,1147,game_complete,-,8,421155,0,3200945,2909974,87,5820433
2025-04-19 01:16:31,1148,level_complete,8037,1,421173,0,3201123,2910153,32,5820640
2025-04-19 01:16:32,1148,level_complete,8038,2,421184,0,3201249,2910236,48,5820868
2025-04-19 01:16:32,1148,level_complete,8039,3,421189,0,3201285,2910262,106,5820980
2025-04-19 01:16:33,1148,level_complete,8040,4,421195,0,3201377,2910338,55,5821134
2025-04-19 01:16:34,1148,level_complete,8041,5,421219,0,3201736,2910561,56,5822061
2025-04-19 01:16:36,1148,level_complete,8042,6,421274,0,3202211,2910885,122,5823131
2025-04-19 01:16:37,1148,level_complete,8043,7,421285,0,3202331,2910971,67,5823573
2025-04-19 01:16:37,1148,game_complete,-,8,421285,0,3202331,2910971,67,5823573
2025-04-19 01:16:46,1149,level_complete,8044,1,421372,0,3203440,2912197,35,5824888
2025-04-19 01:16:48,1149,level_complete,8045,2,421387,0,3203681,2912422,42,5825334
2025-04-19 01:16:49,1149,level_complete,8046,3,421395,0,3203802,2912520,86,5825610
2025-04-19 01:16:49,1149,level_complete,8047,4,421400,0,3203864,2912576,50,5825700
2025-04-19 01:16:49,1149,level_complete,8048,5,421404,0,3203939,2912623,156,5825987
2025-04-19 01:16:52,1149,level_complete,8049,6,421434,0,3204364,2912913,97,5826912
2025-04-19 01:16:52,1149,level_complete,8050,7,421442,0,3204432,2912942,130,5827214
2025-04-19 01:16:52,1149,game_complete,-,8,421442,0,3204432,2912942,130,5827214
2025-04-19 01:16:53,1150,level_complete,8051,1,421450,0,3204546,2913087,34,5827351
2025-04-19 01:16:54,1150,level_complete,8052,2,421458,0,3204656,2913175,53,5827523
2025-04-19 01:16:54,1150,level_complete,8053,3,421468,0,3204777,2913246,61,5827816
2025-04-19 01:16:55,1150,level_complete,8054,4,421475,0,3204864,2913317,46,5827969
2025-04-19 01:16:55,1150,level_complete,8055,5,421478,0,3204926,2913358,109,5828126
2025-04-19 01:16:55,1150,level_complete,8056,6,421480,0,3204972,2913395,81,5828244
2025-04-19 01:16:56,1150,level_complete,8057,7,421482,0,3205002,2913425,111,5828355
2025-04-19 01:16:56,1150,game_complete,-,8,421482,0,3205002,2913425,111,5828355
2025-04-19 01:16:56,1151,level_complete,8058,1,421487,0,3205066,2913521,35,5828428
2025-04-19 01:16:58,1151,level_complete,8059,2,421506,0,3205256,2913702,43,5828750
2025-04-19 01:16:58,1151,level_complete,8060,3,421508,0,3205289,2913724,105,5828858
2025-04-19 01:16:58,1151,level_complete,8061,4,421509,0,3205314,2913751,39,5828897
2025-04-19 01:16:59,1151,level_complete,8062,5,421520,0,3205477,2913884,113,5829315
2025-04-19 01:17:00,1151,level_complete,8063,6,421521,0,3205507,2913902,75,5829390
2025-04-19 01:17:00,1151,level_complete,8064,7,421523,0,3205543,2913943,69,5829465
2025-04-19 01:17:00,1151,game_complete,-,8,421523,0,3205543,2913943,69,5829465
2025-04-19 01:17:01,1152,level_complete,8065,1,421529,0,3205663,2914105,35,5829603
2025-04-19 01:17:04,1152,level_complete,8066,2,421560,0,3206047,2914455,45,5830269
2025-04-19 01:17:05,1152,level_complete,8067,3,421573,0,3206195,2914533,88,5830734
2025-04-19 01:17:07,1152,level_complete,8068,4,421617,0,3206555,2914873,29,5831237
2025-04-19 01:17:10,1152,training_run_ep 441000,-,5,421645,0,3206820,2915022,0,5831977
2025-04-19 01:17:11,1152,level_complete,8069,5,421672,0,3207185,2915197,141,5833125
2025-04-19 01:17:16,1152,level_complete,8070,6,421811,0,3208329,2915977,57,5836349
2025-04-19 01:17:19,1152,level_complete,8071,7,421864,0,3208724,2916318,46,5837397
2025-04-19 01:17:19,1152,game_complete,-,8,421864,0,3208724,2916318,46,5837397
2025-04-19 01:17:26,1153,level_complete,8072,1,421977,0,3209682,2917293,42,5838544
2025-04-19 01:17:34,1153,level_complete,8073,2,422124,0,3210921,2918290,36,5840575
2025-04-19 01:17:37,1153,training_run_ep 441500,-,3,422145,0,3211135,2918421,0,5841165
2025-04-19 01:17:37,1153,level_complete,8074,3,422152,0,3211228,2918467,86,5841469
2025-04-19 01:17:37,1153,level_complete,8075,4,422156,0,3211291,2918523,65,5841587
2025-04-19 01:17:38,1153,level_complete,8076,5,422158,0,3211336,2918550,141,5841821
2025-04-19 01:17:38,1153,level_complete,8077,6,422164,0,3211413,2918598,84,5841991
2025-04-19 01:17:39,1153,level_complete,8078,7,422178,0,3211660,2918760,90,5842858
2025-04-19 01:17:39,1153,game_complete,-,8,422178,0,3211660,2918760,90,5842858
2025-04-19 01:17:43,1154,level_complete,8079,1,422247,0,3212253,2919328,33,5843556
2025-04-19 01:17:44,1154,level_complete,8080,2,422251,0,3212303,2919383,45,5843628
2025-04-19 01:17:45,1154,level_complete,8081,3,422264,0,3212480,2919491,55,5844157
2025-04-19 01:17:45,1154,level_complete,8082,4,422265,0,3212505,2919510,43,5844200
2025-04-19 01:17:45,1154,level_complete,8083,5,422270,0,3212595,2919563,56,5844472
2025-04-19 01:17:45,1154,level_complete,8084,6,422278,0,3212665,2919601,91,5844715
2025-04-19 01:17:46,1154,level_complete,8085,7,422299,0,3212881,2919715,100,5845632
2025-04-19 01:17:46,1154,game_complete,-,8,422299,0,3212881,2919715,100,5845632
2025-04-19 01:18:02,1155,training_run_ep 442000,-,1,422645,0,3214704,2921457,0,5847769
2025-04-19 01:18:27,1155,training_run_ep 442500,-,1,423145,0,3217397,2924176,0,5850881
2025-04-19 01:18:50,1155,training_run_ep 443000,-,1,423645,0,3219989,2926701,0,5853857
2025-04-19 01:19:09,1155,training_run_ep 443500,-,1,424145,0,3222186,2928802,0,5856362
2025-04-19 01:19:38,1155,training_run_ep 444000,-,1,424645,0,3225533,2932176,0,5860262
2025-04-19 01:19:53,1155,level_complete,8086,1,424872,0,3227489,2934132,39,5862599
2025-04-19 01:19:55,1155,level_complete,8087,2,424889,0,3227708,2934307,56,5862973
2025-04-19 01:19:56,1155,level_complete,8088,3,424939,0,3228153,2934560,92,5864182
2025-04-19 01:19:57,1155,level_complete,8089,4,424953,0,3228298,2934702,39,5864388
2025-04-19 01:19:58,1155,level_complete,8090,5,424955,0,3228356,2934755,142,5864576
2025-04-19 01:19:59,1155,level_complete,8091,6,424973,0,3228598,2934907,78,5865166
2025-04-19 01:19:59,1155,level_complete,8092,7,424976,0,3228654,2934943,204,5865411
2025-04-19 01:19:59,1155,game_complete,-,8,424976,0,3228654,2934943,204,5865411
2025-04-19 01:20:11,1156,training_run_ep 444500,-,1,425145,0,3229973,2936170,0,5866972
2025-04-19 01:20:20,1156,level_complete,8093,1,425288,0,3231193,2937431,36,5868383
2025-04-19 01:20:23,1156,level_complete,8094,2,425329,0,3231575,2937744,80,5869033
2025-04-19 01:20:24,1156,level_complete,8095,3,425361,0,3231864,2937916,62,5869766
2025-04-19 01:20:25,1156,level_complete,8096,4,425370,0,3231952,2937997,34,5869895
2025-04-19 01:20:25,1156,level_complete,8097,5,425372,0,3231983,2938017,70,5869966
2025-04-19 01:20:28,1156,level_complete,8098,6,425405,0,3232357,2938408,62,5870822
2025-04-19 01:20:28,1156,level_complete,8099,7,425417,0,3232474,2938504,121,5871140
2025-04-19 01:20:28,1156,game_complete,-,8,425417,0,3232474,2938504,121,5871140
2025-04-19 01:20:32,1157,level_complete,8100,1,425462,0,3232876,2938983,36,5871619
2025-04-19 01:20:35,1157,level_complete,8101,2,425521,0,3233396,2939441,50,5872475
2025-04-19 01:20:36,1157,level_complete,8102,3,425522,0,3233426,2939457,90,5872565
2025-04-19 01:20:38,1157,level_complete,8103,4,425581,0,3233878,2939816,91,5873323
2025-04-19 01:20:40,1157,level_complete,8104,5,425627,0,3234306,2940042,107,5874648
2025-04-19 01:20:40,1157,level_complete,8105,6,425631,0,3234352,2940077,145,5874810
2025-04-19 01:20:43,1157,training_run_ep 445000,-,7,425645,0,3234483,2940182,0,5875210
2025-04-19 01:20:43,1157,level_complete,8106,7,425649,0,3234524,2940207,160,5875382
2025-04-19 01:20:43,1157,game_complete,-,8,425649,0,3234524,2940207,160,5875382
2025-04-19 01:20:52,1158,level_complete,8107,1,425848,0,3235674,2941303,38,5876697
2025-04-19 01:20:58,1158,level_complete,8108,2,425939,0,3236591,2942121,34,5878192
2025-04-19 01:20:59,1158,level_complete,8109,3,425951,0,3236802,2942236,96,5878885
2025-04-19 01:20:59,1158,level_complete,8110,4,425955,0,3236861,2942285,45,5878970
2025-04-19 01:20:59,1158,level_complete,8111,5,425957,0,3236903,2942312,98,5879108
2025-04-19 01:20:59,1158,level_complete,8112,6,425963,0,3236976,2942372,145,5879317
2025-04-19 01:21:00,1158,level_complete,8113,7,425981,0,3237180,2942516,53,5879772
2025-04-19 01:21:00,1158,game_complete,-,8,425981,0,3237180,2942516,53,5879772
2025-04-19 01:21:08,1159,level_complete,8114,1,426102,0,3238087,2943444,36,5880864
2025-04-19 01:21:09,1159,level_complete,8115,2,426121,0,3238322,2943606,43,5881352
2025-04-19 01:21:10,1159,level_complete,8116,3,426134,0,3238489,2943705,56,5881786
2025-04-19 01:21:12,1159,training_run_ep 445500,-,4,426145,0,3238633,2943833,0,5881988
2025-04-19 01:21:13,1159,level_complete,8117,4,426147,0,3238660,2943860,40,5882030
2025-04-19 01:21:13,1159,level_complete,8118,5,426155,0,3238767,2943939,46,5882217
2025-04-19 01:21:14,1159,level_complete,8119,6,426165,0,3238871,2943999,50,5882460
2025-04-19 01:21:14,1159,level_complete,8120,7,426174,0,3239032,2944108,69,5883032
2025-04-19 01:21:14,1159,game_complete,-,8,426174,0,3239032,2944108,69,5883032
2025-04-19 01:21:15,1160,level_complete,8121,1,426180,0,3239131,2944241,34,5883138
2025-04-19 01:21:16,1160,level_complete,8122,2,426187,0,3239291,2944356,66,5883471
2025-04-19 01:21:16,1160,level_complete,8123,3,426193,0,3239346,2944397,55,5883566
2025-04-19 01:21:18,1160,level_complete,8124,4,426220,0,3239544,2944557,50,5883874
2025-04-19 01:21:20,1160,level_complete,8125,5,426266,0,3240092,2944967,76,5885490
2025-04-19 01:21:21,1160,level_complete,8126,6,426287,0,3240324,2945122,62,5886003
2025-04-19 01:21:22,1160,level_complete,8127,7,426295,0,3240468,2945217,170,5886491
2025-04-19 01:21:22,1160,game_complete,-,8,426295,0,3240468,2945217,170,5886491
2025-04-19 01:21:26,1161,level_complete,8128,1,426354,0,3241014,2945749,33,5887154
2025-04-19 01:21:27,1161,level_complete,8129,2,426362,0,3241119,2945842,62,5887353
2025-04-19 01:21:27,1161,level_complete,8130,3,426370,0,3241267,2945924,124,5887850
2025-04-19 01:21:29,1161,level_complete,8131,4,426384,0,3241432,2946085,32,5888069
2025-04-19 01:21:29,1161,level_complete,8132,5,426392,0,3241582,2946183,53,5888446
2025-04-19 01:21:30,1161,level_complete,8133,6,426394,0,3241626,2946223,50,5888519
2025-04-19 01:21:30,1161,level_complete,8134,7,426395,0,3241656,2946261,124,5888643
2025-04-19 01:21:30,1161,game_complete,-,8,426395,0,3241656,2946261,124,5888643
2025-04-19 01:21:34,1162,level_complete,8135,1,426423,0,3242055,2946763,31,5889119
2025-04-19 01:21:34,1162,level_complete,8136,2,426428,0,3242102,2946817,44,5889183
2025-04-19 01:21:34,1162,level_complete,8137,3,426430,0,3242134,2946858,48,5889233
2025-04-19 01:21:34,1162,level_complete,8138,4,426431,0,3242159,2946883,33,5889266
2025-04-19 01:21:35,1162,level_complete,8139,5,426437,0,3242281,2946974,59,5889538
2025-04-19 01:21:36,1162,level_complete,8140,6,426448,0,3242473,2947144,56,5889968
2025-04-19 01:21:36,1162,level_complete,8141,7,426452,0,3242537,2947174,144,5890172
2025-04-19 01:21:36,1162,game_complete,-,8,426452,0,3242537,2947174,144,5890172
2025-04-19 01:21:37,1163,level_complete,8142,1,426456,0,3242599,2947293,38,5890252
2025-04-19 01:21:38,1163,level_complete,8143,2,426457,0,3242629,2947319,69,5890321
2025-04-19 01:21:38,1163,level_complete,8144,3,426464,0,3242752,2947400,125,5890620
2025-04-19 01:21:38,1163,level_complete,8145,4,426467,0,3242809,2947453,31,5890703
2025-04-19 01:21:39,1163,level_complete,8146,5,426470,0,3242882,2947496,67,5891070
2025-04-19 01:21:39,1163,level_complete,8147,6,426471,0,3242912,2947512,79,5891149
2025-04-19 01:21:39,1163,level_complete,8148,7,426472,0,3242942,2947554,55,5891204
2025-04-19 01:21:39,1163,game_complete,-,8,426472,0,3242942,2947554,55,5891204
2025-04-19 01:21:40,1164,level_complete,8149,1,426474,0,3243001,2947643,32,5891271
2025-04-19 01:21:40,1164,level_complete,8150,2,426476,0,3243055,2947703,45,5891379
2025-04-19 01:21:40,1164,level_complete,8151,3,426477,0,3243085,2947720,113,5891492
2025-04-19 01:21:41,1164,level_complete,8152,4,426478,0,3243110,2947747,30,5891522
2025-04-19 01:21:41,1164,level_complete,8153,5,426479,0,3243140,2947784,43,5891565
2025-04-19 01:21:41,1164,level_complete,8154,6,426480,0,3243170,2947806,55,5891620
2025-04-19 01:21:41,1164,level_complete,8155,7,426481,0,3243200,2947832,53,5891673
2025-04-19 01:21:41,1164,game_complete,-,8,426481,0,3243200,2947832,53,5891673
2025-04-19 01:21:42,1165,level_complete,8156,1,426486,0,3243279,2947912,31,5891765
2025-04-19 01:21:43,1165,level_complete,8157,2,426492,0,3243406,2948032,37,5891956
2025-04-19 01:21:43,1165,level_complete,8158,3,426493,0,3243436,2948070,45,5892001
2025-04-19 01:21:43,1165,level_complete,8159,4,426494,0,3243461,2948097,29,5892030
2025-04-19 01:21:43,1165,level_complete,8160,5,426495,0,3243491,2948133,63,5892093
2025-04-19 01:21:44,1165,level_complete,8161,6,426499,0,3243561,2948197,135,5892374
2025-04-19 01:21:44,1165,level_complete,8162,7,426501,0,3243620,2948312,43,5892505
2025-04-19 01:21:44,1165,game_complete,-,8,426501,0,3243620,2948312,43,5892505
2025-04-19 01:21:45,1166,level_complete,8163,1,426502,0,3243650,2948353,39,5892544
2025-04-19 01:21:45,1166,level_complete,8164,2,426503,0,3243680,2948401,41,5892585
2025-04-19 01:21:45,1166,level_complete,8165,3,426505,0,3243738,2948434,82,5892847
2025-04-19 01:21:46,1166,level_complete,8166,4,426509,0,3243801,2948486,70,5892971
2025-04-19 01:21:46,1166,level_complete,8167,5,426517,0,3243949,2948574,45,5893481
2025-04-19 01:21:47,1166,level_complete,8168,6,426521,0,3244028,2948661,73,5893652
2025-04-19 01:21:47,1166,level_complete,8169,7,426524,0,3244067,2948695,92,5893757
2025-04-19 01:21:47,1166,game_complete,-,8,426524,0,3244067,2948695,92,5893757
2025-04-19 01:21:48,1167,level_complete,8170,1,426528,0,3244155,2948821,34,5893855
2025-04-19 01:21:56,1167,level_complete,8171,2,426530,0,3244192,2949846,45,5893907
2025-04-19 01:21:57,1167,level_complete,8172,3,426534,0,3244271,2949894,138,5894151
2025-04-19 01:21:57,1167,level_complete,8173,4,426537,0,3244301,2949922,34,5894191
2025-04-19 01:21:58,1167,level_complete,8174,5,426543,0,3244416,2950002,59,5894523
2025-04-19 01:21:59,1167,level_complete,8175,6,426562,0,3244739,2950246,74,5895372
2025-04-19 01:22:00,1167,level_complete,8176,7,426566,0,3244838,2950332,58,5895634
2025-04-19 01:22:00,1167,game_complete,-,8,426566,0,3244838,2950332,58,5895634
2025-04-19 01:22:02,1168,level_complete,8177,1,426574,0,3245029,2950580,38,5895863
2025-04-19 01:22:02,1168,level_complete,8178,2,426578,0,3245078,2950640,38,5895925
2025-04-19 01:22:03,1168,level_complete,8179,3,426592,0,3245224,2950737,54,5896291
2025-04-19 01:22:03,1168,level_complete,8180,4,426593,0,3245249,2950773,27,5896318
2025-04-19 01:22:03,1168,level_complete,8181,5,426594,0,3245279,2950807,77,5896395
2025-04-19 01:22:04,1168,level_complete,8182,6,426599,0,3245375,2950890,43,5896539
2025-04-19 01:22:04,1168,level_complete,8183,7,426601,0,3245415,2950906,184,5896742
2025-04-19 01:22:04,1168,game_complete,-,8,426601,0,3245415,2950906,184,5896742
2025-04-19 01:22:04,1169,level_complete,8184,1,426602,0,3245445,2950945,32,5896774
2025-04-19 01:22:06,1169,level_complete,8185,2,426620,0,3245712,2951166,66,5897233
2025-04-19 01:22:06,1169,level_complete,8186,3,426624,0,3245828,2951237,123,5897567
2025-04-19 01:22:06,1169,level_complete,8187,4,426626,0,3245856,2951254,65,5897636
2025-04-19 01:22:07,1169,level_complete,8188,5,426628,0,3245915,2951296,63,5897778
2025-04-19 01:22:07,1169,level_complete,8189,6,426629,0,3245945,2951319,139,5897917
2025-04-19 01:22:07,1169,level_complete,8190,7,426632,0,3246005,2951368,102,5898110
2025-04-19 01:22:07,1169,game_complete,-,8,426632,0,3246005,2951368,102,5898110
2025-04-19 01:22:08,1170,level_complete,8191,1,426638,0,3246133,2951521,33,5898255
2025-04-19 01:22:10,1170,training_run_ep 446000,-,2,426645,0,3246182,2951559,0,5898336
2025-04-19 01:22:13,1170,level_complete,8192,2,426690,0,3246601,2951871,70,5899093
2025-04-19 01:22:13,1170,level_complete,8193,3,426691,0,3246631,2951889,93,5899186
2025-04-19 01:22:13,1170,level_complete,8194,4,426697,0,3246719,2951974,29,5899302
2025-04-19 01:22:14,1170,level_complete,8195,5,426712,0,3246935,2952070,100,5900068
2025-04-19 01:22:15,1170,level_complete,8196,6,426719,0,3247009,2952127,58,5900184
2025-04-19 01:22:15,1170,level_complete,8197,7,426724,0,3247092,2952190,135,5900497
2025-04-19 01:22:15,1170,game_complete,-,8,426724,0,3247092,2952190,135,5900497
2025-04-19 01:22:19,1171,level_complete,8198,1,426759,0,3247573,2952754,33,5901068
2025-04-19 01:22:21,1171,level_complete,8199,2,426776,0,3247814,2952956,41,5901478
2025-04-19 01:22:22,1171,level_complete,8200,3,426798,0,3248047,2953123,49,5902170
2025-04-19 01:22:22,1171,level_complete,8201,4,426805,0,3248125,2953193,40,5902325
2025-04-19 01:22:23,1171,level_complete,8202,5,426810,0,3248212,2953267,53,5902536
2025-04-19 01:22:23,1171,level_complete,8203,6,426811,0,3248242,2953288,92,5902628
2025-04-19 01:22:24,1171,level_complete,8204,7,426821,0,3248403,2953423,114,5903065
2025-04-19 01:22:24,1171,game_complete,-,8,426821,0,3248403,2953423,114,5903065
2025-04-19 01:22:27,1172,level_complete,8205,1,426842,0,3248698,2953774,32,5903425
2025-04-19 01:22:27,1172,level_complete,8206,2,426845,0,3248782,2953854,46,5903566
2025-04-19 01:22:31,1172,level_complete,8207,3,426850,0,3248887,2954367,72,5904134
2025-04-19 01:22:31,1172,level_complete,8208,4,426853,0,3248929,2954402,71,5904224
2025-04-19 01:22:31,1172,level_complete,8209,5,426857,0,3248991,2954436,142,5904484
2025-04-19 01:22:32,1172,level_complete,8210,6,426863,0,3249107,2954529,62,5904748
2025-04-19 01:22:32,1172,level_complete,8211,7,426864,0,3249137,2954558,70,5904818
2025-04-19 01:22:32,1172,game_complete,-,8,426864,0,3249137,2954558,70,5904818
2025-04-19 01:22:33,1173,level_complete,8212,1,426883,0,3249282,2954694,32,5904995
2025-04-19 01:22:34,1173,level_complete,8213,2,426887,0,3249348,2954748,54,5905129
2025-04-19 01:22:34,1173,level_complete,8214,3,426889,0,3249407,2954836,65,5905315
2025-04-19 01:22:35,1173,level_complete,8215,4,426896,0,3249463,2954917,34,5905388
2025-04-19 01:22:38,1173,level_complete,8216,5,426909,0,3249698,2955286,58,5905946
2025-04-19 01:22:39,1173,level_complete,8217,6,426919,0,3249834,2955403,40,5906242
2025-04-19 01:22:39,1173,level_complete,8218,7,426920,0,3249864,2955444,204,5906446
2025-04-19 01:22:39,1173,game_complete,-,8,426920,0,3249864,2955444,204,5906446
2025-04-19 01:22:41,1174,level_complete,8219,1,426936,0,3250122,2955717,35,5906748
2025-04-19 01:22:47,1174,level_complete,8220,2,427066,0,3251002,2956517,54,5908198
2025-04-19 01:22:48,1174,level_complete,8221,3,427073,0,3251107,2956583,98,5908432
2025-04-19 01:22:48,1174,level_complete,8222,4,427076,0,3251159,2956624,33,5908511
2025-04-19 01:22:49,1174,level_complete,8223,5,427085,0,3251337,2956755,66,5908993
2025-04-19 01:22:50,1174,level_complete,8224,6,427091,0,3251444,2956851,51,5909181
2025-04-19 01:22:51,1174,level_complete,8225,7,427110,0,3251656,2957039,72,5909841
2025-04-19 01:22:51,1174,game_complete,-,8,427110,0,3251656,2957039,72,5909841
2025-04-19 01:22:55,1175,training_run_ep 446500,-,1,427145,0,3251987,2957364,0,5910223
2025-04-19 01:23:04,1175,level_complete,8226,1,427238,0,3252967,2958417,36,5911381
2025-04-19 01:23:09,1175,level_complete,8227,2,427317,0,3253846,2959116,57,5912894
2025-04-19 01:23:09,1175,level_complete,8228,3,427319,0,3253901,2959144,110,5913165
2025-04-19 01:23:09,1175,level_complete,8229,4,427321,0,3253937,2959185,30,5913221
2025-04-19 01:23:11,1175,level_complete,8230,5,427343,0,3254259,2959396,98,5914294
2025-04-19 01:23:13,1175,level_complete,8231,6,427388,0,3254724,2959699,127,5915620
2025-04-19 01:23:14,1175,level_complete,8232,7,427399,0,3254909,2959851,120,5916138
2025-04-19 01:23:14,1175,game_complete,-,8,427399,0,3254909,2959851,120,5916138
2025-04-19 01:23:14,1176,level_complete,8233,1,427402,0,3254958,2959903,35,5916195
2025-04-19 01:23:14,1176,level_complete,8234,2,427403,0,3254988,2959926,50,5916245
2025-04-19 01:23:15,1176,level_complete,8235,3,427420,0,3255200,2960030,84,5917081
2025-04-19 01:23:16,1176,level_complete,8236,4,427437,0,3255340,2960158,35,5917270
2025-04-19 01:23:18,1176,level_complete,8237,5,427460,0,3255698,2960340,109,5918701
2025-04-19 01:23:18,1176,level_complete,8238,6,427473,0,3255812,2960399,69,5919018
2025-04-19 01:23:21,1176,level_complete,8239,7,427547,0,3256508,2960947,82,5920627
2025-04-19 01:23:21,1176,game_complete,-,8,427547,0,3256508,2960947,82,5920627
2025-04-19 01:23:30,1177,training_run_ep 447000,-,1,427645,0,3257358,2961793,0,5921659
2025-04-19 01:23:30,1177,level_complete,8240,1,427650,0,3257403,2961838,42,5921731
2025-04-19 01:23:32,1177,level_complete,8241,2,427678,0,3257631,2962060,36,5922043
2025-04-19 01:23:34,1177,level_complete,8242,3,427712,0,3258075,2962284,94,5923576
2025-04-19 01:23:34,1177,level_complete,8243,4,427724,0,3258183,2962372,43,5923724
2025-04-19 01:23:35,1177,level_complete,8244,5,427749,0,3258503,2962538,158,5924842
2025-04-19 01:23:37,1177,level_complete,8245,6,427757,0,3258603,2962688,51,5925019
2025-04-19 01:23:39,1177,level_complete,8246,7,427846,0,3259166,2963095,84,5926810
2025-04-19 01:23:39,1177,game_complete,-,8,427846,0,3259166,2963095,84,5926810
2025-04-19 01:23:53,1178,training_run_ep 447500,-,1,428145,0,3260654,2964515,0,5928586
2025-04-19 01:24:15,1178,training_run_ep 448000,-,1,428645,0,3263051,2966829,0,5931310
2025-04-19 01:24:36,1178,training_run_ep 448500,-,1,429145,0,3265539,2969240,0,5934186
2025-04-19 01:25:01,1178,training_run_ep 449000,-,1,429645,0,3268514,2972069,0,5937601
2025-04-19 01:25:06,1178,level_complete,8247,1,429766,0,3269127,2972636,40,5938320
2025-04-19 01:25:09,1178,level_complete,8248,2,429822,0,3269559,2972967,51,5939015
2025-04-19 01:25:09,1178,level_complete,8249,3,429851,0,3269800,2973081,126,5939872
2025-04-19 01:25:11,1178,level_complete,8250,4,429880,0,3269987,2973265,30,5940108
2025-04-19 01:25:17,1178,level_complete,8251,5,430103,0,3271567,2974169,76,5944646
2025-04-19 01:25:18,1178,level_complete,8252,6,430138,0,3271793,2974331,119,5945201
2025-04-19 01:25:20,1178,training_run_ep 449500,-,7,430145,0,3271841,2974361,0,5945354
2025-04-19 01:25:21,1178,level_complete,8253,7,430202,0,3272030,2974514,67,5945662
2025-04-19 01:25:21,1178,game_complete,-,8,430202,0,3272030,2974514,67,5945662
2025-04-19 01:25:43,1179,training_run_ep 450000,-,1,430645,0,3274517,2976895,0,5948529
2025-04-19 01:26:00,1179,level_complete,8254,1,431019,0,3276679,2978973,38,5951040
2025-04-19 01:26:07,1179,training_run_ep 450500,-,2,431145,0,3277452,2979629,0,5952308
2025-04-19 01:26:24,1179,training_run_ep 451000,-,2,431645,0,3279868,2981555,0,5956083
2025-04-19 01:26:25,1179,level_complete,8255,2,431654,0,3279952,2981641,50,5956215
2025-04-19 01:26:27,1179,level_complete,8256,3,431717,0,3280525,2981928,180,5958105
2025-04-19 01:26:27,1179,level_complete,8257,4,431732,0,3280611,2982005,33,5958221
2025-04-19 01:26:33,1179,level_complete,8258,5,431877,0,3282082,2982846,92,5962353
2025-04-19 01:26:36,1179,level_complete,8259,6,431937,0,3282829,2983376,65,5964006
2025-04-19 01:26:38,1179,level_complete,8260,7,431964,0,3283101,2983569,130,5964750
2025-04-19 01:26:38,1179,game_complete,-,8,431964,0,3283101,2983569,130,5964750
2025-04-19 01:26:48,1180,level_complete,8261,1,432113,0,3284388,2984861,32,5966248
2025-04-19 01:26:52,1180,training_run_ep 451500,-,2,432145,0,3284712,2985131,0,5966760
2025-04-19 01:26:53,1180,level_complete,8262,2,432161,0,3284897,2985275,45,5967110
2025-04-19 01:26:54,1180,level_complete,8263,3,432178,0,3285140,2985403,59,5967768
2025-04-19 01:26:54,1180,level_complete,8264,4,432183,0,3285199,2985456,33,5967840
2025-04-19 01:26:54,1180,level_complete,8265,5,432187,0,3285265,2985482,135,5968132
2025-04-19 01:26:56,1180,level_complete,8266,6,432225,0,3285624,2985748,69,5969087
2025-04-19 01:26:57,1180,level_complete,8267,7,432228,0,3285689,2985802,148,5969304
2025-04-19 01:26:57,1180,game_complete,-,8,432228,0,3285689,2985802,148,5969304
2025-04-19 01:27:03,1181,level_complete,8268,1,432336,0,3286556,2986687,43,5970325
2025-04-19 01:27:05,1181,level_complete,8269,2,432347,0,3286728,2986859,43,5970551
2025-04-19 01:27:05,1181,level_complete,8270,3,432356,0,3286878,2986927,62,5971098
2025-04-19 01:27:06,1181,level_complete,8271,4,432373,0,3287040,2987105,30,5971319
2025-04-19 01:27:07,1181,level_complete,8272,5,432383,0,3287218,2987208,74,5971783
2025-04-19 01:27:08,1181,level_complete,8273,6,432389,0,3287315,2987291,76,5971969
2025-04-19 01:27:08,1181,level_complete,8274,7,432400,0,3287449,2987390,83,5972334
2025-04-19 01:27:08,1181,game_complete,-,8,432400,0,3287449,2987390,83,5972334
2025-04-19 01:27:12,1182,level_complete,8275,1,432456,0,3287986,2987924,36,5972958
2025-04-19 01:27:14,1182,level_complete,8276,2,432486,0,3288198,2988067,68,5973392
2025-04-19 01:27:14,1182,level_complete,8277,3,432489,0,3288248,2988085,132,5973589
2025-04-19 01:27:14,1182,level_complete,8278,4,432495,0,3288328,2988144,45,5973728
2025-04-19 01:27:15,1182,level_complete,8279,5,432506,0,3288494,2988259,125,5974199
2025-04-19 01:27:15,1182,level_complete,8280,6,432509,0,3288549,2988289,59,5974304
2025-04-19 01:27:16,1182,level_complete,8281,7,432519,0,3288681,2988414,69,5974566
2025-04-19 01:27:16,1182,game_complete,-,8,432519,0,3288681,2988414,69,5974566
2025-04-19 01:27:20,1183,level_complete,8282,1,432577,0,3289224,2988964,36,5975237
2025-04-19 01:27:21,1183,level_complete,8283,2,432583,0,3289311,2989061,35,5975347
2025-04-19 01:27:21,1183,level_complete,8284,3,432585,0,3289368,2989105,52,5975441
2025-04-19 01:27:22,1183,level_complete,8285,4,432594,0,3289492,2989219,32,5975636
2025-04-19 01:27:23,1183,level_complete,8286,5,432615,0,3289861,2989436,122,5976882
2025-04-19 01:27:24,1183,level_complete,8287,6,432619,0,3289906,2989469,57,5976955
2025-04-19 01:27:25,1183,level_complete,8288,7,432636,0,3290112,2989647,71,5977353
2025-04-19 01:27:25,1183,game_complete,-,8,432636,0,3290112,2989647,71,5977353
2025-04-19 01:27:27,1184,training_run_ep 452000,-,1,432645,0,3290166,2989698,0,5977415
2025-04-19 01:27:32,1184,level_complete,8289,1,432707,0,3290744,2990278,34,5978099
2025-04-19 01:27:32,1184,level_complete,8290,2,432709,0,3290796,2990330,69,5978199
2025-04-19 01:27:32,1184,level_complete,8291,3,432710,0,3290826,2990351,49,5978248
2025-04-19 01:27:32,1184,level_complete,8292,4,432711,0,3290851,2990393,28,5978276
2025-04-19 01:27:33,1184,level_complete,8293,5,432717,0,3290948,2990467,53,5978542
2025-04-19 01:27:33,1184,level_complete,8294,6,432719,0,3290995,2990512,52,5978617
2025-04-19 01:27:34,1184,level_complete,8295,7,432737,0,3291214,2990707,189,5979196
2025-04-19 01:27:34,1184,game_complete,-,8,432737,0,3291214,2990707,189,5979196
2025-04-19 01:27:37,1185,level_complete,8296,1,432755,0,3291481,2990987,38,5979500
2025-04-19 01:27:40,1185,level_complete,8297,2,432791,0,3291877,2991381,43,5980119
2025-04-19 01:27:40,1185,level_complete,8298,3,432797,0,3291946,2991431,68,5980255
2025-04-19 01:27:40,1185,level_complete,8299,4,432803,0,3292002,2991481,55,5980350
2025-04-19 01:27:41,1185,level_complete,8300,5,432807,0,3292083,2991550,58,5980500
2025-04-19 01:27:41,1185,level_complete,8301,6,432811,0,3292134,2991594,48,5980575
2025-04-19 01:27:42,1185,level_complete,8302,7,432825,0,3292315,2991702,60,5981252
2025-04-19 01:27:42,1185,game_complete,-,8,432825,0,3292315,2991702,60,5981252
2025-04-19 01:27:47,1186,level_complete,8303,1,432876,0,3292897,2992367,39,5981931
2025-04-19 01:27:48,1186,level_complete,8304,2,432885,0,3293024,2992484,53,5982161
2025-04-19 01:27:48,1186,level_complete,8305,3,432886,0,3293054,2992509,68,5982229
2025-04-19 01:27:48,1186,level_complete,8306,4,432895,0,3293146,2992587,44,5982362
2025-04-19 01:27:49,1186,level_complete,8307,5,432910,0,3293378,2992734,82,5982968
2025-04-19 01:27:50,1186,level_complete,8308,6,432915,0,3293438,2992766,132,5983178
2025-04-19 01:27:50,1186,level_complete,8309,7,432929,0,3293619,2992882,63,5983676
2025-04-19 01:27:50,1186,game_complete,-,8,432929,0,3293619,2992882,63,5983676
2025-04-19 01:27:52,1187,level_complete,8310,1,432952,0,3293872,2993133,37,5983993
2025-04-19 01:27:54,1187,level_complete,8311,2,432977,0,3294088,2993305,50,5984350
2025-04-19 01:27:54,1187,level_complete,8312,3,432982,0,3294165,2993343,186,5984689
2025-04-19 01:27:54,1187,level_complete,8313,4,432983,0,3294190,2993386,32,5984721
2025-04-19 01:27:55,1187,level_complete,8314,5,432986,0,3294261,2993438,46,5984904
2025-04-19 01:27:56,1187,level_complete,8315,6,432998,0,3294488,2993586,88,5985483
2025-04-19 01:27:56,1187,level_complete,8316,7,433002,0,3294558,2993633,187,5985808
2025-04-19 01:27:56,1187,game_complete,-,8,433002,0,3294558,2993633,187,5985808
2025-04-19 01:27:56,1188,level_complete,8317,1,433008,0,3294620,2993692,38,5985883
2025-04-19 01:27:57,1188,level_complete,8318,2,433014,0,3294735,2993834,44,5986039
2025-04-19 01:27:58,1188,level_complete,8319,3,433015,0,3294765,2993861,43,5986082
2025-04-19 01:27:58,1188,level_complete,8320,4,433018,0,3294832,2993918,37,5986199
2025-04-19 01:27:58,1188,level_complete,8321,5,433019,0,3294862,2993950,60,5986259
2025-04-19 01:27:59,1188,level_complete,8322,6,433022,0,3294931,2994012,125,5986451
2025-04-19 01:27:59,1188,level_complete,8323,7,433024,0,3294990,2994074,40,5986630
2025-04-19 01:27:59,1188,game_complete,-,8,433024,0,3294990,2994074,40,5986630
2025-04-19 01:27:59,1189,level_complete,8324,1,433026,0,3295029,2994134,40,5986680
2025-04-19 01:28:00,1189,level_complete,8325,2,433029,0,3295067,2994166,55,5986744
2025-04-19 01:28:00,1189,level_complete,8326,3,433030,0,3295097,2994191,46,5986790
2025-04-19 01:28:00,1189,level_complete,8327,4,433037,0,3295187,2994268,32,5986911
2025-04-19 01:28:01,1189,level_complete,8328,5,433038,0,3295217,2994300,56,5986967
2025-04-19 01:28:01,1189,level_complete,8329,6,433042,0,3295274,2994345,62,5987101
2025-04-19 01:28:01,1189,level_complete,8330,7,433044,0,3295313,2994367,146,5987256
2025-04-19 01:28:01,1189,game_complete,-,8,433044,0,3295313,2994367,146,5987256
2025-04-19 01:28:02,1190,level_complete,8331,1,433050,0,3295403,2994470,33,5987355
2025-04-19 01:28:02,1190,level_complete,8332,2,433055,0,3295469,2994528,53,5987499
2025-04-19 01:28:02,1190,level_complete,8333,3,433056,0,3295499,2994543,88,5987587
2025-04-19 01:28:03,1190,level_complete,8334,4,433058,0,3295531,2994590,33,5987627
2025-04-19 01:28:03,1190,level_complete,8335,5,433060,0,3295589,2994653,49,5987711
2025-04-19 01:28:03,1190,level_complete,8336,6,433062,0,3295640,2994690,63,5987903
2025-04-19 01:28:04,1190,level_complete,8337,7,433065,0,3295703,2994723,133,5988147
2025-04-19 01:28:04,1190,game_complete,-,8,433065,0,3295703,2994723,133,5988147
2025-04-19 01:28:05,1191,level_complete,8338,1,433080,0,3295887,2994933,36,5988368
2025-04-19 01:28:07,1191,level_complete,8339,2,433108,0,3296143,2995137,79,5988869
2025-04-19 01:28:07,1191,level_complete,8340,3,433111,0,3296220,2995177,73,5989132
2025-04-19 01:28:08,1191,level_complete,8341,4,433131,0,3296404,2995343,54,5989395
2025-04-19 01:28:08,1191,level_complete,8342,5,433134,0,3296457,2995374,90,5989540
2025-04-19 01:28:09,1191,level_complete,8343,6,433143,0,3296581,2995472,56,5989796
2025-04-19 01:28:11,1191,training_run_ep 452500,-,7,433145,0,3296601,2995485,0,5989831
2025-04-19 01:28:12,1191,level_complete,8344,7,433150,0,3296695,2995560,261,5990237
2025-04-19 01:28:12,1191,game_complete,-,8,433150,0,3296695,2995560,261,5990237
2025-04-19 01:28:20,1192,level_complete,8345,1,433245,0,3297799,2996701,38,5991566
2025-04-19 01:28:21,1192,level_complete,8346,2,433247,0,3297855,2996761,69,5991674
2025-04-19 01:28:21,1192,level_complete,8347,3,433256,0,3297990,2996814,202,5992243
2025-04-19 01:28:24,1192,level_complete,8348,4,433290,0,3298404,2997155,43,5993034
2025-04-19 01:28:26,1192,level_complete,8349,5,433330,0,3298882,2997478,84,5994157
2025-04-19 01:28:27,1192,level_complete,8350,6,433354,0,3299129,2997665,50,5994762
2025-04-19 01:28:30,1192,level_complete,8351,7,433431,0,3299777,2998167,58,5996505
2025-04-19 01:28:30,1192,game_complete,-,8,433431,0,3299777,2998167,58,5996505
2025-04-19 01:28:40,1193,level_complete,8352,1,433551,0,3300907,2999317,33,5997840
2025-04-19 01:28:40,1193,level_complete,8353,2,433554,0,3300971,2999368,51,5997949
2025-04-19 01:28:40,1193,level_complete,8354,3,433563,0,3301092,2999449,104,5998286
2025-04-19 01:28:41,1193,level_complete,8355,4,433564,0,3301117,2999475,51,5998337
2025-04-19 01:28:42,1193,level_complete,8356,5,433568,0,3301200,2999664,79,5998570
2025-04-19 01:28:42,1193,level_complete,8357,6,433570,0,3301241,2999701,47,5998630
2025-04-19 01:28:43,1193,level_complete,8358,7,433579,0,3301417,2999857,83,5999072
2025-04-19 01:28:43,1193,game_complete,-,8,433579,0,3301417,2999857,83,5999072
2025-04-19 01:28:47,1194,level_complete,8359,1,433630,0,3301938,3000368,31,5999699
2025-04-19 01:28:47,1194,level_complete,8360,2,433631,0,3301968,3000391,63,5999762
2025-04-19 01:28:48,1194,level_complete,8361,3,433638,0,3302069,3000441,54,6000134
2025-04-19 01:28:48,1194,level_complete,8362,4,433640,0,3302105,3000478,36,6000189
2025-04-19 01:28:50,1194,training_run_ep 453000,-,5,433645,0,3302169,3000527,0,6000300
2025-04-19 01:28:51,1194,level_complete,8363,5,433648,0,3302245,3000572,79,6000503
2025-04-19 01:28:51,1194,level_complete,8364,6,433649,0,3302275,3000582,94,6000597
2025-04-19 01:28:52,1194,level_complete,8365,7,433664,0,3302507,3000766,81,6001222
2025-04-19 01:28:52,1194,game_complete,-,8,433664,0,3302507,3000766,81,6001222
2025-04-19 01:28:54,1195,level_complete,8366,1,433678,0,3302738,3001017,37,6001496
2025-04-19 01:28:54,1195,level_complete,8367,2,433685,0,3302846,3001114,41,6001656
2025-04-19 01:28:55,1195,level_complete,8368,3,433686,0,3302876,3001148,169,6001825
2025-04-19 01:28:55,1195,level_complete,8369,4,433689,0,3302925,3001199,30,6001886
2025-04-19 01:28:55,1195,level_complete,8370,5,433692,0,3302967,3001219,94,6002020
2025-04-19 01:28:56,1195,level_complete,8371,6,433701,0,3303138,3001341,84,6002470
2025-04-19 01:28:56,1195,level_complete,8372,7,433703,0,3303171,3001361,115,6002588
2025-04-19 01:28:56,1195,game_complete,-,8,433703,0,3303171,3001361,115,6002588
2025-04-19 01:28:58,1196,level_complete,8373,1,433734,0,3303439,3001616,33,6002928
2025-04-19 01:29:01,1196,level_complete,8374,2,433754,0,3303774,3001937,62,6003481
2025-04-19 01:29:01,1196,level_complete,8375,3,433764,0,3303894,3002001,63,6003867
2025-04-19 01:29:04,1196,level_complete,8376,4,433797,0,3304269,3002380,68,6004512
2025-04-19 01:29:05,1196,level_complete,8377,5,433818,0,3304472,3002519,65,6005047
2025-04-19 01:29:06,1196,level_complete,8378,6,433839,0,3304692,3002657,306,6005844
2025-04-19 01:29:08,1196,level_complete,8379,7,433889,0,3305144,3002954,55,6007092
2025-04-19 01:29:08,1196,game_complete,-,8,433889,0,3305144,3002954,55,6007092
2025-04-19 01:29:12,1197,level_complete,8380,1,433961,0,3305668,3003440,35,6007716
2025-04-19 01:29:16,1197,level_complete,8381,2,434026,0,3306279,3003937,53,6008744
2025-04-19 01:29:16,1197,level_complete,8382,3,434029,0,3306316,3003965,59,6008813
2025-04-19 01:29:16,1197,level_complete,8383,4,434030,0,3306341,3004001,94,6008907
2025-04-19 01:29:16,1197,level_complete,8384,5,434032,0,3306398,3004054,53,6009018
2025-04-19 01:29:20,1197,level_complete,8385,6,434094,0,3307029,3004536,129,6010576
2025-04-19 01:29:20,1197,level_complete,8386,7,434121,0,3307209,3004664,71,6011081
2025-04-19 01:29:20,1197,game_complete,-,8,434121,0,3307209,3004664,71,6011081
2025-04-19 01:29:21,1198,level_complete,8387,1,434125,0,3307243,3004696,36,6011121
2025-04-19 01:29:23,1198,training_run_ep 453500,-,2,434145,0,3307373,3004804,0,6011306
2025-04-19 01:29:24,1198,level_complete,8388,2,434151,0,3307439,3004852,48,6011426
2025-04-19 01:29:26,1198,level_complete,8389,3,434165,0,3307592,3005088,50,6011694
2025-04-19 01:29:27,1198,level_complete,8390,4,434192,0,3307770,3005226,33,6011961
2025-04-19 01:29:27,1198,level_complete,8391,5,434209,0,3307988,3005348,150,6012514
2025-04-19 01:29:29,1198,level_complete,8392,6,434222,0,3308182,3005539,44,6012800
2025-04-19 01:29:30,1198,level_complete,8393,7,434237,0,3308330,3005650,83,6013197
2025-04-19 01:29:30,1198,game_complete,-,8,434237,0,3308330,3005650,83,6013197
2025-04-19 01:29:39,1199,level_complete,8394,1,434397,0,3309474,3006818,42,6014545
2025-04-19 01:29:46,1199,level_complete,8395,2,434522,0,3310534,3007738,50,6016185
2025-04-19 01:29:46,1199,level_complete,8396,3,434523,0,3310564,3007762,113,6016298
2025-04-19 01:29:46,1199,level_complete,8397,4,434525,0,3310605,3007816,37,6016356
2025-04-19 01:29:47,1199,level_complete,8398,5,434532,0,3310751,3007923,132,6016774
2025-04-19 01:29:48,1199,level_complete,8399,6,434541,0,3310892,3008021,97,6017131
2025-04-19 01:29:49,1199,level_complete,8400,7,434562,0,3311133,3008195,107,6017701
2025-04-19 01:29:49,1199,game_complete,-,8,434562,0,3311133,3008195,107,6017701
2025-04-19 01:29:55,1200,level_complete,8401,1,434636,0,3311948,3009014,38,6018649
2025-04-19 01:29:56,1200,level_complete,8402,2,434645,0,3312022,3009084,80,6018805
2025-04-19 01:29:58,1200,training_run_ep 454000,-,3,434645,0,3312022,3009084,80,6018805
2025-04-19 01:29:58,1200,level_complete,8403,3,434647,0,3312055,3009116,62,6018870
2025-04-19 01:29:58,1200,level_complete,8404,4,434648,0,3312080,3009139,80,6018950
2025-04-19 01:29:59,1200,level_complete,8405,5,434653,0,3312148,3009184,73,6019106
2025-04-19 01:29:59,1200,level_complete,8406,6,434671,0,3312312,3009312,48,6019489
2025-04-19 01:30:00,1200,level_complete,8407,7,434699,0,3312550,3009479,87,6020058
2025-04-19 01:30:00,1200,game_complete,-,8,434699,0,3312550,3009479,87,6020058
2025-04-19 01:30:28,1201,level_complete,8408,1,435074,0,3315673,3012973,37,6023690
2025-04-19 01:30:31,1201,level_complete,8409,2,435134,0,3316214,3013392,44,6024740
2025-04-19 01:30:34,1201,training_run_ep 454500,-,3,435145,0,3316358,3013465,0,6025110
2025-04-19 01:30:34,1201,level_complete,8410,3,435149,0,3316436,3013506,47,6025373
2025-04-19 01:30:34,1201,level_complete,8411,4,435151,0,3316482,3013543,37,6025459
2025-04-19 01:30:34,1201,level_complete,8412,5,435155,0,3316558,3013584,88,6025704
2025-04-19 01:30:34,1201,level_complete,8413,6,435156,0,3316588,3013602,110,6025814
2025-04-19 01:30:35,1201,level_complete,8414,7,435170,0,3316740,3013693,90,6026271
2025-04-19 01:30:35,1201,game_complete,-,8,435170,0,3316740,3013693,90,6026271
2025-04-19 01:30:35,1202,level_complete,8415,1,435172,0,3316780,3013734,33,6026318
2025-04-19 01:30:48,1202,level_complete,8416,2,435407,0,3318727,3015375,60,6029708
2025-04-19 01:30:49,1202,level_complete,8417,3,435413,0,3318870,3015484,46,6030087
2025-04-19 01:30:53,1202,level_complete,8418,4,435539,0,3319551,3016049,45,6031077
2025-04-19 01:30:54,1202,level_complete,8419,5,435573,0,3319836,3016231,163,6031803
2025-04-19 01:30:58,1202,training_run_ep 455000,-,6,435645,0,3320343,3016553,0,6032958
2025-04-19 01:31:00,1202,level_complete,8420,6,435684,0,3320747,3016813,71,6033880
2025-04-19 01:31:07,1202,level_complete,8421,7,435861,0,3322185,3017868,92,6038172
2025-04-19 01:31:07,1202,game_complete,-,8,435861,0,3322185,3017868,92,6038172
2025-04-19 01:31:14,1203,level_complete,8422,1,435994,0,3323035,3018730,36,6039166
2025-04-19 01:31:16,1203,level_complete,8423,2,436034,0,3323414,3019058,41,6039703
2025-04-19 01:31:16,1203,level_complete,8424,3,436036,0,3323462,3019101,187,6039922
2025-04-19 01:31:18,1203,level_complete,8425,4,436052,0,3323630,3019265,30,6040133
2025-04-19 01:31:19,1203,level_complete,8426,5,436073,0,3323901,3019426,97,6040818
2025-04-19 01:31:20,1203,level_complete,8427,6,436104,0,3324229,3019655,83,6041449
2025-04-19 01:31:21,1203,level_complete,8428,7,436133,0,3324491,3019874,62,6041918
2025-04-19 01:31:21,1203,game_complete,-,8,436133,0,3324491,3019874,62,6041918
2025-04-19 01:31:24,1204,training_run_ep 455500,-,1,436145,0,3324564,3019941,0,6042002
2025-04-19 01:31:25,1204,level_complete,8429,1,436151,0,3324656,3020042,34,6042103
2025-04-19 01:31:28,1204,level_complete,8430,2,436237,0,3325206,3020469,43,6043022
2025-04-19 01:31:29,1204,level_complete,8431,3,436248,0,3325436,3020597,109,6043790
2025-04-19 01:31:34,1204,level_complete,8432,4,436382,0,3326285,3021265,39,6045173
2025-04-19 01:31:35,1204,level_complete,8433,5,436402,0,3326597,3021424,120,6046195
2025-04-19 01:31:36,1204,level_complete,8434,6,436413,0,3326688,3021495,70,6046352
2025-04-19 01:31:40,1204,level_complete,8435,7,436505,0,3327489,3022051,57,6048659
2025-04-19 01:31:40,1204,game_complete,-,8,436505,0,3327489,3022051,57,6048659
2025-04-19 01:31:49,1205,training_run_ep 456000,-,1,436645,0,3328363,3022873,0,6049672
2025-04-19 01:32:13,1205,training_run_ep 456500,-,1,437145,0,3331285,3025618,0,6053022
2025-04-19 01:32:35,1205,training_run_ep 457000,-,1,437645,0,3333891,3028106,0,6056017
2025-04-19 01:32:41,1205,level_complete,8436,1,437734,0,3334546,3028755,33,6056768
2025-04-19 01:32:41,1205,level_complete,8437,2,437738,0,3334604,3028832,38,6056848
2025-04-19 01:32:42,1205,level_complete,8438,3,437751,0,3334785,3028938,60,6057386
2025-04-19 01:32:44,1205,level_complete,8439,4,437808,0,3335157,3029257,31,6057892
2025-04-19 01:32:48,1205,level_complete,8440,5,437927,0,3336247,3029788,90,6061522
2025-04-19 01:32:50,1205,level_complete,8441,6,438002,0,3336823,3030165,93,6063130
2025-04-19 01:32:51,1205,level_complete,8442,7,438024,0,3337059,3030313,56,6063967
2025-04-19 01:32:51,1205,game_complete,-,8,438024,0,3337059,3030313,56,6063967
2025-04-19 01:32:58,1206,training_run_ep 457500,-,1,438145,0,3337733,3030931,0,6064762
2025-04-19 01:33:19,1206,training_run_ep 458000,-,1,438645,0,3340207,3033188,0,6067696
2025-04-19 01:33:35,1206,level_complete,8443,1,439027,0,3342272,3035197,33,6070136
2025-04-19 01:33:42,1206,level_complete,8444,2,439141,0,3343265,3036026,61,6071947
2025-04-19 01:33:44,1206,training_run_ep 458500,-,3,439145,0,3343331,3036064,0,6072094
2025-04-19 01:33:44,1206,level_complete,8445,3,439157,0,3343493,3036174,140,6072490
2025-04-19 01:33:46,1206,level_complete,8446,4,439179,0,3343683,3036339,34,6072805
2025-04-19 01:33:46,1206,level_complete,8447,5,439186,0,3343798,3036425,125,6073093
2025-04-19 01:33:46,1206,level_complete,8448,6,439189,0,3343846,3036455,57,6073193
2025-04-19 01:33:47,1206,level_complete,8449,7,439195,0,3343930,3036514,57,6073466
2025-04-19 01:33:47,1206,game_complete,-,8,439195,0,3343930,3036514,57,6073466
2025-04-19 01:34:17,1207,training_run_ep 459000,-,1,439645,0,3347599,3040120,0,6077797
2025-04-19 01:34:41,1207,training_run_ep 459500,-,1,440145,0,3350348,3042798,0,6081033
2025-04-19 01:35:01,1207,training_run_ep 460000,-,1,440645,0,3352623,3045015,0,6083676
2025-04-19 01:35:15,1207,level_complete,8450,1,440998,0,3354283,3046690,45,6085595
2025-04-19 01:35:16,1207,level_complete,8451,2,441009,0,3354407,3046808,39,6085797
2025-04-19 01:35:17,1207,level_complete,8452,3,441025,0,3354593,3046903,110,6086326
2025-04-19 01:35:22,1207,level_complete,8453,4,441139,0,3355416,3047589,37,6087661
2025-04-19 01:35:24,1207,training_run_ep 460500,-,5,441145,0,3355461,3047623,0,6087723
2025-04-19 01:35:25,1207,level_complete,8454,5,441179,0,3355867,3047850,79,6088959
2025-04-19 01:35:26,1207,level_complete,8455,6,441203,0,3356118,3048018,58,6089654
2025-04-19 01:35:31,1207,level_complete,8456,7,441297,0,3357086,3048781,145,6092510
2025-04-19 01:35:31,1207,game_complete,-,8,441297,0,3357086,3048781,145,6092510
2025-04-19 01:35:32,1208,level_complete,8457,1,441314,0,3357192,3048884,32,6092628
2025-04-19 01:35:32,1208,level_complete,8458,2,441315,0,3357222,3048920,49,6092677
2025-04-19 01:35:33,1208,level_complete,8459,3,441331,0,3357421,3049002,57,6093426
2025-04-19 01:35:35,1208,level_complete,8460,4,441392,0,3357825,3049335,28,6094103
2025-04-19 01:35:37,1208,level_complete,8461,5,441414,0,3358121,3049525,78,6094789
2025-04-19 01:35:37,1208,level_complete,8462,6,441419,0,3358165,3049562,74,6094885
2025-04-19 01:35:38,1208,level_complete,8463,7,441430,0,3358357,3049677,50,6095512
2025-04-19 01:35:38,1208,game_complete,-,8,441430,0,3358357,3049677,50,6095512
2025-04-19 01:35:40,1209,level_complete,8464,1,441452,0,3358611,3049948,36,6095810
2025-04-19 01:35:42,1209,level_complete,8465,2,441467,0,3358820,3050166,55,6096167
2025-04-19 01:35:42,1209,level_complete,8466,3,441468,0,3358850,3050184,80,6096247
2025-04-19 01:35:42,1209,level_complete,8467,4,441469,0,3358875,3050223,41,6096288
2025-04-19 01:35:43,1209,level_complete,8468,5,441482,0,3359109,3050362,118,6097008
2025-04-19 01:35:43,1209,level_complete,8469,6,441488,0,3359166,3050405,76,6097123
2025-04-19 01:35:43,1209,level_complete,8470,7,441489,0,3359196,3050452,34,6097157
2025-04-19 01:35:43,1209,game_complete,-,8,441489,0,3359196,3050452,34,6097157
2025-04-19 01:35:46,1210,level_complete,8471,1,441504,0,3359483,3050806,33,6097492
2025-04-19 01:35:47,1210,level_complete,8472,2,441519,0,3359668,3050980,44,6097754
2025-04-19 01:35:48,1210,level_complete,8473,3,441528,0,3359797,3051057,50,6098069
2025-04-19 01:35:48,1210,level_complete,8474,4,441534,0,3359868,3051144,38,6098165
2025-04-19 01:35:49,1210,level_complete,8475,5,441537,0,3359956,3051231,43,6098357
2025-04-19 01:35:49,1210,level_complete,8476,6,441540,0,3360034,3051276,66,6098526
2025-04-19 01:35:50,1210,level_complete,8477,7,441553,0,3360215,3051407,92,6099027
2025-04-19 01:35:50,1210,game_complete,-,8,441553,0,3360215,3051407,92,6099027
2025-04-19 01:36:00,1211,training_run_ep 461000,-,1,441645,0,3361234,3052487,0,6100227
2025-04-19 01:36:03,1211,level_complete,8478,1,441677,0,3361517,3052783,37,6100574
2025-04-19 01:36:03,1211,level_complete,8479,2,441688,0,3361636,3052882,42,6100755
2025-04-19 01:36:04,1211,level_complete,8480,3,441696,0,3361770,3052985,66,6101040
2025-04-19 01:36:05,1211,level_complete,8481,4,441699,0,3361839,3053072,28,6101127
2025-04-19 01:36:05,1211,level_complete,8482,5,441703,0,3361903,3053117,145,6101400
2025-04-19 01:36:06,1211,level_complete,8483,6,441707,0,3361976,3053180,57,6101635
2025-04-19 01:36:06,1211,level_complete,8484,7,441715,0,3362102,3053297,84,6101947
2025-04-19 01:36:06,1211,game_complete,-,8,441715,0,3362102,3053297,84,6101947
2025-04-19 01:36:07,1212,level_complete,8485,1,441716,0,3362132,3053371,34,6101981
2025-04-19 01:36:08,1212,level_complete,8486,2,441721,0,3362262,3053498,49,6102233
2025-04-19 01:36:08,1212,level_complete,8487,3,441723,0,3362302,3053516,60,6102327
2025-04-19 01:36:08,1212,level_complete,8488,4,441725,0,3362333,3053556,30,6102364
2025-04-19 01:36:08,1212,level_complete,8489,5,441726,0,3362363,3053588,61,6102425
2025-04-19 01:36:09,1212,level_complete,8490,6,441733,0,3362501,3053690,46,6102736
2025-04-19 01:36:09,1212,level_complete,8491,7,441735,0,3362532,3053719,75,6102812
2025-04-19 01:36:09,1212,game_complete,-,8,441735,0,3362532,3053719,75,6102812
2025-04-19 01:36:18,1213,level_complete,8492,1,441837,0,3363653,3054813,45,6104165
2025-04-19 01:36:20,1213,level_complete,8493,2,441859,0,3363884,3055059,36,6104499
2025-04-19 01:36:20,1213,level_complete,8494,3,441865,0,3363956,3055098,73,6104675
2025-04-19 01:36:20,1213,level_complete,8495,4,441867,0,3363992,3055132,29,6104717
2025-04-19 01:36:20,1213,level_complete,8496,5,441869,0,3364031,3055160,62,6104793
2025-04-19 01:36:21,1213,level_complete,8497,6,441887,0,3364188,3055287,38,6105046
2025-04-19 01:36:21,1213,level_complete,8498,7,441890,0,3364238,3055335,100,6105173
2025-04-19 01:36:21,1213,game_complete,-,8,441890,0,3364238,3055335,100,6105173
2025-04-19 01:36:32,1214,level_complete,8499,1,442011,0,3365599,3056703,42,6106814
2025-04-19 01:36:33,1214,level_complete,8500,2,442014,0,3365675,3056791,52,6106919
2025-04-19 01:36:35,1214,level_complete,8501,3,442058,0,3366397,3057170,205,6109153
2025-04-19 01:36:35,1214,level_complete,8502,4,442060,0,3366428,3057207,37,6109197
2025-04-19 01:36:36,1214,level_complete,8503,5,442064,0,3366501,3057244,144,6109511
2025-04-19 01:36:37,1214,level_complete,8504,6,442087,0,3366685,3057381,66,6109885
2025-04-19 01:36:37,1214,level_complete,8505,7,442094,0,3366781,3057454,60,6110070
2025-04-19 01:36:37,1214,game_complete,-,8,442094,0,3366781,3057454,60,6110070
2025-04-19 01:36:38,1215,level_complete,8506,1,442101,0,3366925,3057616,38,6110244
2025-04-19 01:36:39,1215,level_complete,8507,2,442103,0,3366981,3057675,39,6110320
2025-04-19 01:36:39,1215,level_complete,8508,3,442108,0,3367081,3057735,38,6110594
2025-04-19 01:36:40,1215,level_complete,8509,4,442116,0,3367159,3057797,48,6110716
2025-04-19 01:36:40,1215,level_complete,8510,5,442119,0,3367203,3057829,58,6110797
2025-04-19 01:36:40,1215,level_complete,8511,6,442121,0,3367236,3057850,96,6110896
2025-04-19 01:36:41,1215,level_complete,8512,7,442144,0,3367386,3057977,117,6111221
2025-04-19 01:36:41,1215,game_complete,-,8,442144,0,3367386,3057977,117,6111221
2025-04-19 01:36:43,1216,training_run_ep 461500,-,1,442145,0,3367393,3057982,0,6111230
2025-04-19 01:36:49,1216,level_complete,8513,1,442217,0,3368155,3058736,33,6112128
2025-04-19 01:36:50,1216,level_complete,8514,2,442231,0,3368340,3058900,36,6112415
2025-04-19 01:36:50,1216,level_complete,8515,3,442232,0,3368370,3058917,90,6112505
2025-04-19 01:36:50,1216,level_complete,8516,4,442236,0,3368461,3059001,32,6112628
2025-04-19 01:36:51,1216,level_complete,8517,5,442238,0,3368505,3059039,72,6112738
2025-04-19 01:36:52,1216,level_complete,8518,6,442247,0,3368714,3059227,44,6113232
2025-04-19 01:36:53,1216,level_complete,8519,7,442252,0,3368811,3059352,44,6113374
2025-04-19 01:36:53,1216,game_complete,-,8,442252,0,3368811,3059352,44,6113374
2025-04-19 01:36:54,1217,level_complete,8520,1,442262,0,3368938,3059497,35,6113515
2025-04-19 01:36:54,1217,level_complete,8521,2,442267,0,3369009,3059567,41,6113622
2025-04-19 01:36:56,1217,level_complete,8522,3,442295,0,3369385,3059773,126,6115087
2025-04-19 01:36:56,1217,level_complete,8523,4,442299,0,3369429,3059828,42,6115170
2025-04-19 01:36:58,1217,level_complete,8524,5,442330,0,3369813,3060060,60,6116400
2025-04-19 01:36:59,1217,level_complete,8525,6,442359,0,3370114,3060263,74,6117075
2025-04-19 01:37:01,1217,level_complete,8526,7,442408,0,3370580,3060590,106,6118274
2025-04-19 01:37:01,1217,game_complete,-,8,442408,0,3370580,3060590,106,6118274
2025-04-19 01:37:07,1218,level_complete,8527,1,442480,0,3371340,3061378,35,6119168
2025-04-19 01:37:08,1218,level_complete,8528,2,442481,0,3371370,3061418,41,6119209
2025-04-19 01:37:09,1218,level_complete,8529,3,442499,0,3371640,3061580,172,6120106
2025-04-19 01:37:09,1218,level_complete,8530,4,442501,0,3371671,3061613,28,6120143
2025-04-19 01:37:10,1218,level_complete,8531,5,442545,0,3372006,3061802,74,6120925
2025-04-19 01:37:12,1218,level_complete,8532,6,442590,0,3372360,3062052,145,6121888
2025-04-19 01:37:12,1218,level_complete,8533,7,442609,0,3372506,3062145,139,6122359
2025-04-19 01:37:12,1218,game_complete,-,8,442609,0,3372506,3062145,139,6122359
2025-04-19 01:37:14,1219,level_complete,8534,1,442616,0,3372648,3062311,34,6122530
2025-04-19 01:37:15,1219,level_complete,8535,2,442633,0,3372865,3062499,41,6122862
2025-04-19 01:37:17,1219,training_run_ep 462000,-,3,442645,0,3372966,3062543,0,6123280
2025-04-19 01:37:17,1219,level_complete,8536,3,442646,0,3372996,3062559,80,6123360
2025-04-19 01:37:18,1219,level_complete,8537,4,442657,0,3373127,3062668,53,6123556
2025-04-19 01:37:20,1219,level_complete,8538,5,442695,0,3373509,3062880,66,6124694
2025-04-19 01:37:20,1219,level_complete,8539,6,442710,0,3373677,3062990,66,6125028
2025-04-19 01:37:25,1219,level_complete,8540,7,442880,0,3374759,3063742,86,6128028
2025-04-19 01:37:25,1219,game_complete,-,8,442880,0,3374759,3063742,86,6128028
2025-04-19 01:37:30,1220,level_complete,8541,1,442947,0,3375353,3064319,35,6128763
2025-04-19 01:37:36,1220,level_complete,8542,2,443072,0,3376332,3065143,55,6130302
2025-04-19 01:37:36,1220,level_complete,8543,3,443073,0,3376362,3065157,142,6130444
2025-04-19 01:37:37,1220,level_complete,8544,4,443092,0,3376550,3065325,32,6130717
2025-04-19 01:37:39,1220,level_complete,8545,5,443119,0,3376862,3065532,64,6131536
2025-04-19 01:37:39,1220,level_complete,8546,6,443124,0,3376943,3065590,154,6131784
2025-04-19 01:37:39,1220,level_complete,8547,7,443130,0,3377034,3065638,138,6132217
2025-04-19 01:37:39,1220,game_complete,-,8,443130,0,3377034,3065638,138,6132217
2025-04-19 01:37:42,1221,training_run_ep 462500,-,1,443145,0,3377145,3065735,0,6132352
2025-04-19 01:37:58,1221,level_complete,8548,1,443448,0,3379326,3067813,32,6134911
2025-04-19 01:38:05,1221,level_complete,8549,2,443606,0,3380360,3068608,43,6136641
2025-04-19 01:38:07,1221,training_run_ep 463000,-,3,443645,0,3380656,3068745,0,6137640
2025-04-19 01:38:11,1221,level_complete,8550,3,443747,0,3381570,3069195,78,6140966
2025-04-19 01:38:13,1221,level_complete,8551,4,443786,0,3381894,3069451,40,6141480
2025-04-19 01:38:13,1221,level_complete,8552,5,443800,0,3382053,3069558,83,6141876
2025-04-19 01:38:14,1221,level_complete,8553,6,443812,0,3382230,3069669,96,6142440
2025-04-19 01:38:14,1221,level_complete,8554,7,443816,0,3382291,3069716,186,6142694
2025-04-19 01:38:14,1221,game_complete,-,8,443816,0,3382291,3069716,186,6142694
2025-04-19 01:38:28,1222,training_run_ep 463500,-,1,444145,0,3383769,3071133,0,6144336
2025-04-19 01:38:54,1222,training_run_ep 464000,-,1,444645,0,3386828,3074076,0,6147866
2025-04-19 01:39:01,1222,level_complete,8555,1,444769,0,3387746,3074941,37,6148929
2025-04-19 01:39:01,1222,level_complete,8556,2,444772,0,3387796,3074983,60,6149070
2025-04-19 01:39:01,1222,level_complete,8557,3,444774,0,3387849,3075022,46,6149278
2025-04-19 01:39:02,1222,level_complete,8558,4,444782,0,3387951,3075119,29,6149432
2025-04-19 01:39:02,1222,level_complete,8559,5,444792,0,3388095,3075218,50,6149765
2025-04-19 01:39:03,1222,level_complete,8560,6,444805,0,3388267,3075327,50,6150270
2025-04-19 01:39:03,1222,level_complete,8561,7,444808,0,3388315,3075367,170,6150462
2025-04-19 01:39:03,1222,game_complete,-,8,444808,0,3388315,3075367,170,6150462
2025-04-19 01:39:15,1223,level_complete,8562,1,444998,0,3389762,3076824,37,6152118
2025-04-19 01:39:17,1223,level_complete,8563,2,445035,0,3390145,3077152,46,6152730
2025-04-19 01:39:18,1223,level_complete,8564,3,445050,0,3390392,3077311,56,6153461
2025-04-19 01:39:19,1223,level_complete,8565,4,445057,0,3390466,3077376,48,6153569
2025-04-19 01:39:19,1223,level_complete,8566,5,445070,0,3390588,3077447,173,6153925
2025-04-19 01:39:21,1223,level_complete,8567,6,445114,0,3390986,3077706,221,6154920
2025-04-19 01:39:21,1223,level_complete,8568,7,445120,0,3391053,3077743,151,6155144
2025-04-19 01:39:21,1223,game_complete,-,8,445120,0,3391053,3077743,151,6155144
2025-04-19 01:39:24,1224,training_run_ep 464500,-,1,445145,0,3391221,3077902,0,6155343
2025-04-19 01:39:48,1224,training_run_ep 465000,-,1,445645,0,3394062,3080567,0,6158696
2025-04-19 01:39:48,1224,level_complete,8569,1,445648,0,3394096,3080612,32,6158732
2025-04-19 01:39:50,1224,level_complete,8570,2,445667,0,3394372,3080832,55,6159151
2025-04-19 01:39:51,1224,level_complete,8571,3,445677,0,3394490,3080902,62,6159423
2025-04-19 01:39:52,1224,level_complete,8572,4,445711,0,3394801,3081175,51,6159849
2025-04-19 01:39:53,1224,level_complete,8573,5,445713,0,3394855,3081218,90,6159995
2025-04-19 01:39:55,1224,level_complete,8574,6,445781,0,3395260,3081542,74,6160666
2025-04-19 01:39:56,1224,level_complete,8575,7,445809,0,3395471,3081721,53,6161124
2025-04-19 01:39:56,1224,game_complete,-,8,445809,0,3395471,3081721,53,6161124
2025-04-19 01:40:13,1225,training_run_ep 465500,-,1,446145,0,3397471,3083616,0,6163458
2025-04-19 01:40:38,1225,training_run_ep 466000,-,1,446645,0,3400500,3086489,0,6167023
2025-04-19 01:40:43,1225,level_complete,8576,1,446715,0,3401103,3087097,48,6167743
2025-04-19 01:40:47,1225,level_complete,8577,2,446795,0,3401738,3087618,49,6168840
2025-04-19 01:40:50,1225,level_complete,8578,3,446838,0,3402385,3087990,87,6170665
2025-04-19 01:40:51,1225,level_complete,8579,4,446853,0,3402560,3088136,31,6170969
2025-04-19 01:40:51,1225,level_complete,8580,5,446855,0,3402611,3088163,146,6171179
2025-04-19 01:40:52,1225,level_complete,8581,6,446884,0,3402900,3088334,55,6171970
2025-04-19 01:40:52,1225,level_complete,8582,7,446892,0,3402970,3088402,83,6172101
2025-04-19 01:40:52,1225,game_complete,-,8,446892,0,3402970,3088402,83,6172101
2025-04-19 01:40:54,1226,level_complete,8583,1,446922,0,3403159,3088580,37,6172332
2025-04-19 01:41:02,1226,level_complete,8584,2,447103,0,3404460,3089672,57,6174311
2025-04-19 01:41:03,1226,level_complete,8585,3,447115,0,3404623,3089749,85,6174777
2025-04-19 01:41:04,1226,level_complete,8586,4,447128,0,3404787,3089915,28,6174995
2025-04-19 01:41:04,1226,level_complete,8587,5,447138,0,3404945,3090002,67,6175389
2025-04-19 01:41:04,1226,level_complete,8588,6,447139,0,3404975,3090023,52,6175441
2025-04-19 01:41:05,1226,level_complete,8589,7,447140,0,3405005,3090045,136,6175577
2025-04-19 01:41:05,1226,game_complete,-,8,447140,0,3405005,3090045,136,6175577
2025-04-19 01:41:07,1227,training_run_ep 466500,-,1,447145,0,3405012,3090053,0,6175584
2025-04-19 01:41:07,1227,level_complete,8590,1,447150,0,3405102,3090145,35,6175693
2025-04-19 01:41:08,1227,level_complete,8591,2,447158,0,3405220,3090268,43,6175908
2025-04-19 01:41:09,1227,level_complete,8592,3,447172,0,3405421,3090375,72,6176386
2025-04-19 01:41:09,1227,level_complete,8593,4,447176,0,3405494,3090442,31,6176483
2025-04-19 01:41:13,1227,level_complete,8594,5,447228,0,3406189,3090907,149,6178345
2025-04-19 01:41:14,1227,level_complete,8595,6,447258,0,3406509,3091122,63,6178992
2025-04-19 01:41:17,1227,level_complete,8596,7,447313,0,3407260,3091640,106,6180832
2025-04-19 01:41:17,1227,game_complete,-,8,447313,0,3407260,3091640,106,6180832
2025-04-19 01:41:21,1228,level_complete,8597,1,447372,0,3407735,3092162,35,6181392
2025-04-19 01:41:25,1228,level_complete,8598,2,447410,0,3408229,3092589,46,6182216
2025-04-19 01:41:25,1228,level_complete,8599,3,447414,0,3408319,3092664,39,6182479
2025-04-19 01:41:27,1228,level_complete,8600,4,447438,0,3408614,3092965,38,6182883
2025-04-19 01:41:28,1228,level_complete,8601,5,447448,0,3408800,3093083,143,6183483
2025-04-19 01:41:30,1228,level_complete,8602,6,447482,0,3409250,3093413,102,6184882
2025-04-19 01:41:31,1228,level_complete,8603,7,447494,0,3409406,3093563,53,6185243
2025-04-19 01:41:31,1228,game_complete,-,8,447494,0,3409406,3093563,53,6185243
2025-04-19 01:41:46,1229,training_run_ep 467000,-,1,447645,0,3411010,3095296,0,6187147
2025-04-19 01:41:49,1229,level_complete,8604,1,447682,0,3411318,3095609,32,6187531
2025-04-19 01:41:50,1229,level_complete,8605,2,447691,0,3411423,3095710,50,6187676
2025-04-19 01:41:50,1229,level_complete,8606,3,447695,0,3411510,3095760,56,6187847
2025-04-19 01:41:51,1229,level_complete,8607,4,447709,0,3411649,3095934,43,6188039
2025-04-19 01:41:52,1229,level_complete,8608,5,447719,0,3411817,3096051,94,6188388
2025-04-19 01:41:52,1229,level_complete,8609,6,447720,0,3411847,3096078,45,6188433
2025-04-19 01:41:53,1229,level_complete,8610,7,447725,0,3411921,3096117,160,6188717
2025-04-19 01:41:53,1229,game_complete,-,8,447725,0,3411921,3096117,160,6188717
2025-04-19 01:42:01,1230,level_complete,8611,1,447829,0,3412935,3097174,33,6189938
2025-04-19 01:42:01,1230,level_complete,8612,2,447830,0,3412965,3097214,52,6189990
2025-04-19 01:42:01,1230,level_complete,8613,3,447837,0,3413038,3097245,99,6190238
2025-04-19 01:42:02,1230,level_complete,8614,4,447840,0,3413092,3097308,45,6190317
2025-04-19 01:42:02,1230,level_complete,8615,5,447845,0,3413180,3097357,127,6190603
2025-04-19 01:42:02,1230,level_complete,8616,6,447850,0,3413232,3097392,67,6190747
2025-04-19 01:42:05,1230,level_complete,8617,7,447925,0,3413945,3097868,95,6192484
2025-04-19 01:42:05,1230,game_complete,-,8,447925,0,3413945,3097868,95,6192484
2025-04-19 01:42:08,1231,level_complete,8618,1,447963,0,3414250,3098170,33,6192846
2025-04-19 01:42:12,1231,level_complete,8619,2,448042,0,3414888,3098683,46,6193885
2025-04-19 01:42:12,1231,level_complete,8620,3,448044,0,3414928,3098705,123,6194022
2025-04-19 01:42:12,1231,level_complete,8621,4,448046,0,3414957,3098738,35,6194061
2025-04-19 01:42:13,1231,level_complete,8622,5,448078,0,3415303,3098929,50,6195017
2025-04-19 01:42:16,1231,level_complete,8623,6,448136,0,3415915,3099389,47,6196266
2025-04-19 01:42:19,1231,training_run_ep 467500,-,7,448145,0,3415964,3099422,0,6196389
2025-04-19 01:42:27,1231,level_complete,8624,7,448348,0,3417938,3100741,159,6202716
2025-04-19 01:42:27,1231,game_complete,-,8,448348,0,3417938,3100741,159,6202716
2025-04-19 01:42:41,1232,training_run_ep 468000,-,1,448645,0,3419480,3102187,0,6204532
2025-04-19 01:42:46,1232,level_complete,8625,1,448775,0,3420201,3102864,37,6205383
2025-04-19 01:42:55,1232,level_complete,8626,2,448965,0,3421536,3104034,41,6207455
2025-04-19 01:42:55,1232,level_complete,8627,3,448966,0,3421566,3104057,67,6207522
2025-04-19 01:42:56,1232,level_complete,8628,4,448967,0,3421591,3104090,29,6207551
2025-04-19 01:42:58,1232,level_complete,8629,5,449010,0,3422045,3104377,80,6208703
2025-04-19 01:42:58,1232,level_complete,8630,6,449015,0,3422086,3104418,140,6208858
2025-04-19 01:43:00,1232,level_complete,8631,7,449057,0,3422457,3104652,141,6210067
2025-04-19 01:43:00,1232,game_complete,-,8,449057,0,3422457,3104652,141,6210067
2025-04-19 01:43:07,1233,training_run_ep 468500,-,1,449145,0,3423178,3105393,0,6210923
2025-04-19 01:43:11,1233,level_complete,8632,1,449210,0,3423598,3105804,41,6211440
2025-04-19 01:43:18,1233,level_complete,8633,2,449370,0,3424798,3106743,61,6213503
2025-04-19 01:43:18,1233,level_complete,8634,3,449372,0,3424846,3106772,57,6213669
2025-04-19 01:43:20,1233,level_complete,8635,4,449407,0,3425179,3107118,38,6214103
2025-04-19 01:43:20,1233,level_complete,8636,5,449409,0,3425210,3107150,75,6214179
2025-04-19 01:43:21,1233,level_complete,8637,6,449413,0,3425277,3107199,133,6214374
2025-04-19 01:43:21,1233,level_complete,8638,7,449418,0,3425358,3107266,124,6214583
2025-04-19 01:43:21,1233,game_complete,-,8,449418,0,3425358,3107266,124,6214583
2025-04-19 01:43:22,1234,level_complete,8639,1,449424,0,3425446,3107366,30,6214680
2025-04-19 01:43:23,1234,level_complete,8640,2,449441,0,3425605,3107501,83,6214990
2025-04-19 01:43:23,1234,level_complete,8641,3,449443,0,3425635,3107518,89,6215079
2025-04-19 01:43:24,1234,level_complete,8642,4,449454,0,3425715,3107598,29,6215167
2025-04-19 01:43:24,1234,level_complete,8643,5,449457,0,3425766,3107633,63,6215291
2025-04-19 01:43:25,1234,level_complete,8644,6,449491,0,3426118,3107866,82,6216085
2025-04-19 01:43:28,1234,level_complete,8645,7,449533,0,3426598,3108215,98,6217622
2025-04-19 01:43:28,1234,game_complete,-,8,449533,0,3426598,3108215,98,6217622
2025-04-19 01:43:34,1235,level_complete,8646,1,449636,0,3427454,3109066,31,6218647
2025-04-19 01:43:37,1235,training_run_ep 469000,-,2,449645,0,3427538,3109160,0,6218761
2025-04-19 01:43:38,1235,level_complete,8647,2,449653,0,3427709,3109313,46,6219017
2025-04-19 01:43:39,1235,level_complete,8648,3,449664,0,3427835,3109373,145,6219624
2025-04-19 01:43:39,1235,level_complete,8649,4,449668,0,3427888,3109429,31,6219693
2025-04-19 01:43:39,1235,level_complete,8650,5,449670,0,3427919,3109466,66,6219760
2025-04-19 01:43:40,1235,level_complete,8651,6,449677,0,3428006,3109521,83,6219956
2025-04-19 01:43:41,1235,level_complete,8652,7,449712,0,3428275,3109745,88,6220530
2025-04-19 01:43:41,1235,game_complete,-,8,449712,0,3428275,3109745,88,6220530
2025-04-19 01:43:43,1236,level_complete,8653,1,449730,0,3428484,3109966,32,6220773
2025-04-19 01:43:49,1236,level_complete,8654,2,449817,0,3429526,3110819,45,6222541
2025-04-19 01:43:51,1236,level_complete,8655,3,449857,0,3430046,3111090,144,6224243
2025-04-19 01:44:00,1236,level_complete,8656,4,450084,0,3431472,3112315,57,6226347
2025-04-19 01:44:01,1236,level_complete,8657,5,450097,0,3431683,3112432,84,6226997
2025-04-19 01:44:01,1236,level_complete,8658,6,450100,0,3431741,3112475,79,6227117
2025-04-19 01:44:01,1236,level_complete,8659,7,450102,0,3431795,3112524,86,6227243
2025-04-19 01:44:01,1236,game_complete,-,8,450102,0,3431795,3112524,86,6227243
2025-04-19 01:44:01,1237,level_complete,8660,1,450103,0,3431825,3112562,34,6227277
2025-04-19 01:44:06,1237,training_run_ep 469500,-,2,450145,0,3432240,3112879,0,6228086
2025-04-19 01:44:10,1237,level_complete,8661,2,450199,0,3432849,3113374,55,6229102
2025-04-19 01:44:10,1237,level_complete,8662,3,450211,0,3433024,3113475,115,6229770
2025-04-19 01:44:11,1237,level_complete,8663,4,450221,0,3433127,3113563,29,6229937
2025-04-19 01:44:11,1237,level_complete,8664,5,450225,0,3433187,3113602,50,6230094
2025-04-19 01:44:13,1237,level_complete,8665,6,450257,0,3433487,3113821,70,6230676
2025-04-19 01:44:14,1237,level_complete,8666,7,450271,0,3433684,3113964,116,6231262
2025-04-19 01:44:14,1237,game_complete,-,8,450271,0,3433684,3113964,116,6231262
2025-04-19 01:44:19,1238,level_complete,8667,1,450392,0,3434381,3114674,30,6232073
2025-04-19 01:44:20,1238,level_complete,8668,2,450412,0,3434545,3114798,68,6232354
2025-04-19 01:44:22,1238,level_complete,8669,3,450477,0,3435211,3115135,58,6234204
2025-04-19 01:44:24,1238,level_complete,8670,4,450520,0,3435494,3115373,35,6234627
2025-04-19 01:44:26,1238,level_complete,8671,5,450559,0,3436001,3115664,71,6236038
2025-04-19 01:44:28,1238,level_complete,8672,6,450598,0,3436403,3115939,78,6237070
2025-04-19 01:44:30,1238,level_complete,8673,7,450628,0,3436797,3116177,161,6238921
2025-04-19 01:44:30,1238,game_complete,-,8,450628,0,3436797,3116177,161,6238921
2025-04-19 01:44:33,1239,training_run_ep 470000,-,1,450645,0,3436974,3116350,0,6239135
2025-04-19 01:45:01,1239,training_run_ep 470500,-,1,451145,0,3440319,3119648,0,6243005
2025-04-19 01:45:22,1239,level_complete,8674,1,451522,0,3442960,3122215,31,6246067
2025-04-19 01:45:28,1239,level_complete,8675,2,451627,0,3443985,3123065,46,6247744
2025-04-19 01:45:28,1239,level_complete,8676,3,451631,0,3444048,3123105,138,6247968
2025-04-19 01:45:31,1239,training_run_ep 471000,-,4,451645,0,3444152,3123192,0,6248111
2025-04-19 01:45:32,1239,level_complete,8677,4,451677,0,3444337,3123389,28,6248324
2025-04-19 01:45:33,1239,level_complete,8678,5,451697,0,3444531,3123524,103,6248784
2025-04-19 01:45:34,1239,level_complete,8679,6,451726,0,3444774,3123668,97,6249472
2025-04-19 01:45:37,1239,level_complete,8680,7,451776,0,3445326,3124155,42,6250683
2025-04-19 01:45:37,1239,game_complete,-,8,451776,0,3445326,3124155,42,6250683
2025-04-19 01:45:42,1240,level_complete,8681,1,451852,0,3445991,3124801,38,6251480
2025-04-19 01:45:46,1240,level_complete,8682,2,451907,0,3446453,3125209,53,6252292
2025-04-19 01:45:47,1240,level_complete,8683,3,451943,0,3446848,3125426,67,6253403
2025-04-19 01:45:48,1240,level_complete,8684,4,451977,0,3447027,3125567,33,6253674
2025-04-19 01:45:48,1240,level_complete,8685,5,451986,0,3447108,3125617,89,6253867
2025-04-19 01:45:51,1240,level_complete,8686,6,452051,0,3447695,3125947,140,6255653
2025-04-19 01:45:51,1240,level_complete,8687,7,452068,0,3447850,3126064,43,6256065
2025-04-19 01:45:51,1240,game_complete,-,8,452068,0,3447850,3126064,43,6256065
2025-04-19 01:45:57,1241,training_run_ep 471500,-,1,452145,0,3448357,3126519,0,6256657
2025-04-19 01:45:58,1241,level_complete,8688,1,452180,0,3448543,3126685,43,6256886
2025-04-19 01:46:14,1241,level_complete,8689,2,452618,0,3451181,3128699,49,6261424
2025-04-19 01:46:16,1241,training_run_ep 472000,-,3,452645,0,3451362,3128785,0,6261967
2025-04-19 01:46:17,1241,level_complete,8690,3,452659,0,3451546,3128880,68,6262578
2025-04-19 01:46:18,1241,level_complete,8691,4,452681,0,3451739,3129037,44,6262862
2025-04-19 01:46:19,1241,level_complete,8692,5,452687,0,3451805,3129085,55,6263035
2025-04-19 01:46:19,1241,level_complete,8693,6,452698,0,3451908,3129145,96,6263303
2025-04-19 01:46:23,1241,level_complete,8694,7,452824,0,3452858,3129822,164,6265992
2025-04-19 01:46:23,1241,game_complete,-,8,452824,0,3452858,3129822,164,6265992
2025-04-19 01:46:28,1242,level_complete,8695,1,452944,0,3453490,3130424,39,6266708
2025-04-19 01:46:37,1242,training_run_ep 472500,-,2,453145,0,3454484,3131232,0,6268275
2025-04-19 01:46:40,1242,level_complete,8696,2,453226,0,3454952,3131620,38,6269009
2025-04-19 01:46:46,1242,level_complete,8697,3,453438,0,3456724,3132548,117,6274723
2025-04-19 01:46:49,1242,level_complete,8698,4,453546,0,3457304,3133021,39,6275624
2025-04-19 01:46:51,1242,level_complete,8699,5,453579,0,3457656,3133206,82,6276849
2025-04-19 01:46:53,1242,level_complete,8700,6,453625,0,3458098,3133503,65,6277996
2025-04-19 01:46:55,1242,training_run_ep 473000,-,7,453645,0,3458295,3133599,0,6278889
2025-04-19 01:47:03,1242,level_complete,8701,7,453853,0,3460096,3134784,94,6284594
2025-04-19 01:47:03,1242,game_complete,-,8,453853,0,3460096,3134784,94,6284594
2025-04-19 01:47:16,1243,level_complete,8702,1,454134,0,3461807,3136431,38,6286648
2025-04-19 01:47:18,1243,training_run_ep 473500,-,2,454145,0,3461852,3136463,0,6286733
2025-04-19 01:47:26,1243,level_complete,8703,2,454448,0,3463169,3137460,56,6288943
2025-04-19 01:47:34,1243,training_run_ep 474000,-,3,454645,0,3464753,3138217,0,6294402
2025-04-19 01:47:36,1243,level_complete,8704,3,454718,0,3465353,3138508,62,6296433
2025-04-19 01:47:42,1243,level_complete,8705,4,454919,0,3466362,3139350,40,6297923
2025-04-19 01:47:42,1243,level_complete,8706,5,454931,0,3466552,3139427,146,6298655
2025-04-19 01:47:43,1243,level_complete,8707,6,454946,0,3466709,3139541,76,6298985
2025-04-19 01:47:52,1243,training_run_ep 474500,-,7,455145,0,3468273,3140567,0,6304313
2025-04-19 01:47:59,1243,level_complete,8708,7,455414,0,3469799,3141627,138,6308522
2025-04-19 01:47:59,1243,game_complete,-,8,455414,0,3469799,3141627,138,6308522
2025-04-19 01:48:09,1244,training_run_ep 475000,-,1,455645,0,3470873,3142638,0,6309740
2025-04-19 01:48:32,1244,training_run_ep 475500,-,1,456145,0,3473588,3145167,0,6312929
2025-04-19 01:48:53,1244,training_run_ep 476000,-,1,456645,0,3475958,3147429,0,6315650
2025-04-19 01:49:19,1244,training_run_ep 476500,-,1,457145,0,3479032,3150495,0,6319251
2025-04-19 01:49:21,1244,level_complete,8709,1,457184,0,3479255,3150715,35,6319501
2025-04-19 01:49:27,1244,level_complete,8710,2,457312,0,3480148,3151420,63,6320916
2025-04-19 01:49:27,1244,level_complete,8711,3,457313,0,3480178,3151435,87,6321003
2025-04-19 01:49:30,1244,level_complete,8712,4,457396,0,3480745,3151948,30,6321810
2025-04-19 01:49:32,1244,level_complete,8713,5,457427,0,3481029,3152159,76,6322494
2025-04-19 01:49:33,1244,level_complete,8714,6,457445,0,3481268,3152348,55,6323168
2025-04-19 01:49:42,1244,training_run_ep 477000,-,7,457645,0,3482983,3153498,0,6328214
2025-04-19 01:49:43,1244,level_complete,8715,7,457685,0,3483239,3153652,163,6329081
2025-04-19 01:49:43,1244,game_complete,-,8,457685,0,3483239,3153652,163,6329081
2025-04-19 01:49:46,1245,level_complete,8716,1,457730,0,3483603,3154015,45,6329500
2025-04-19 01:49:49,1245,level_complete,8717,2,457772,0,3483994,3154374,60,6330180
2025-04-19 01:49:52,1245,level_complete,8718,3,457878,0,3484891,3154858,76,6333059
2025-04-19 01:49:57,1245,level_complete,8719,4,458006,0,3485657,3155535,50,6334152
2025-04-19 01:49:58,1245,level_complete,8720,5,458013,0,3485779,3155599,70,6334479
2025-04-19 01:49:59,1245,level_complete,8721,6,458046,0,3486017,3155764,69,6335154
2025-04-19 01:50:00,1245,level_complete,8722,7,458078,0,3486285,3155950,72,6335921
2025-04-19 01:50:00,1245,game_complete,-,8,458078,0,3486285,3155950,72,6335921
2025-04-19 01:50:04,1246,training_run_ep 477500,-,1,458145,0,3486539,3156208,0,6336207
2025-04-19 01:50:29,1246,training_run_ep 478000,-,1,458645,0,3489516,3159034,0,6339693
2025-04-19 01:50:33,1246,level_complete,8723,1,458729,0,3490018,3159502,48,6340302
2025-04-19 01:50:44,1246,level_complete,8724,2,458967,0,3491750,3161021,43,6343049
2025-04-19 01:50:45,1246,level_complete,8725,3,458986,0,3491987,3161151,57,6343699
2025-04-19 01:50:45,1246,level_complete,8726,4,458988,0,3492021,3161178,32,6343756
2025-04-19 01:50:48,1246,level_complete,8727,5,459044,0,3492701,3161572,76,6345629
2025-04-19 01:50:50,1246,level_complete,8728,6,459092,0,3493053,3161826,70,6346362
2025-04-19 01:50:51,1246,level_complete,8729,7,459111,0,3493231,3161973,101,6346949
2025-04-19 01:50:51,1246,game_complete,-,8,459111,0,3493231,3161973,101,6346949
2025-04-19 01:50:52,1247,level_complete,8730,1,459134,0,3493443,3162192,33,6347212
2025-04-19 01:50:55,1247,training_run_ep 478500,-,2,459145,0,3493574,3162281,0,6347446
2025-04-19 01:50:56,1247,level_complete,8731,2,459152,0,3493661,3162359,48,6347576
2025-04-19 01:50:56,1247,level_complete,8732,3,459156,0,3493701,3162380,169,6347756
2025-04-19 01:50:58,1247,level_complete,8733,4,459197,0,3494008,3162629,49,6348211
2025-04-19 01:51:00,1247,level_complete,8734,5,459270,0,3494677,3163017,151,6350095
2025-04-19 01:51:02,1247,level_complete,8735,6,459313,0,3495043,3163253,62,6350909
2025-04-19 01:51:05,1247,level_complete,8736,7,459391,0,3495636,3163664,205,6352759
2025-04-19 01:51:05,1247,game_complete,-,8,459391,0,3495636,3163664,205,6352759
2025-04-19 01:51:09,1248,level_complete,8737,1,459477,0,3496278,3164264,37,6353539
2025-04-19 01:51:11,1248,level_complete,8738,2,459498,0,3496455,3164435,35,6353835
2025-04-19 01:51:12,1248,level_complete,8739,3,459535,0,3496903,3164708,79,6355154
2025-04-19 01:51:13,1248,level_complete,8740,4,459540,0,3496968,3164787,61,6355268
2025-04-19 01:51:13,1248,level_complete,8741,5,459541,0,3496998,3164804,102,6355370
2025-04-19 01:51:13,1248,level_complete,8742,6,459546,0,3497064,3164863,173,6355596
2025-04-19 01:51:14,1248,level_complete,8743,7,459556,0,3497195,3164971,150,6356006
2025-04-19 01:51:14,1248,game_complete,-,8,459556,0,3497195,3164971,150,6356006
2025-04-19 01:51:21,1249,level_complete,8744,1,459644,0,3498064,3165840,37,6357067
2025-04-19 01:51:23,1249,training_run_ep 479000,-,2,459645,0,3498067,3165843,0,6357070
2025-04-19 01:51:24,1249,level_complete,8745,2,459668,0,3498246,3166006,79,6357370
2025-04-19 01:51:24,1249,level_complete,8746,3,459673,0,3498312,3166046,139,6357587
2025-04-19 01:51:25,1249,level_complete,8747,4,459686,0,3498416,3166145,37,6357725
2025-04-19 01:51:27,1249,level_complete,8748,5,459736,0,3498937,3166434,119,6359081
2025-04-19 01:51:29,1249,level_complete,8749,6,459795,0,3499286,3166669,82,6359827
2025-04-19 01:51:31,1249,level_complete,8750,7,459875,0,3499736,3166990,93,6360929
2025-04-19 01:51:31,1249,game_complete,-,8,459875,0,3499736,3166990,93,6360929
2025-04-19 01:51:45,1250,training_run_ep 479500,-,1,460145,0,3501366,3168555,0,6362805
2025-04-19 01:52:04,1250,level_complete,8751,1,460519,0,3503815,3170919,32,6365689
2025-04-19 01:52:11,1250,training_run_ep 480000,-,2,460645,0,3504488,3171465,0,6366804
2025-04-19 01:52:19,1250,level_complete,8752,2,460848,0,3505853,3172606,62,6369064
2025-04-19 01:52:20,1250,level_complete,8753,3,460850,0,3505899,3172680,54,6369144
2025-04-19 01:52:22,1250,level_complete,8754,4,460888,0,3506152,3172890,107,6369631
2025-04-19 01:52:22,1250,level_complete,8755,5,460904,0,3506352,3173001,53,6370249
2025-04-19 01:52:23,1250,level_complete,8756,6,460910,0,3506449,3173080,60,6370457
2025-04-19 01:52:26,1250,level_complete,8757,7,461003,0,3507188,3173561,242,6373057
2025-04-19 01:52:26,1250,game_complete,-,8,461003,0,3507188,3173561,242,6373057
2025-04-19 01:52:35,1251,training_run_ep 480500,-,1,461145,0,3508027,3174371,0,6374035
2025-04-19 01:52:56,1251,level_complete,8758,1,461563,0,3510708,3176926,34,6377157
2025-04-19 01:52:59,1251,level_complete,8759,2,461642,0,3511265,3177383,44,6378031
2025-04-19 01:52:59,1251,level_complete,8760,3,461643,0,3511295,3177393,180,6378211
2025-04-19 01:53:01,1251,training_run_ep 481000,-,4,461645,0,3511308,3177407,0,6378225
2025-04-19 01:53:03,1251,level_complete,8761,4,461690,0,3511634,3177692,44,6378678
2025-04-19 01:53:04,1251,level_complete,8762,5,461695,0,3511746,3177764,135,6379060
2025-04-19 01:53:05,1251,level_complete,8763,6,461738,0,3512045,3177979,66,6379685
2025-04-19 01:53:08,1251,level_complete,8764,7,461779,0,3512505,3178372,52,6380895
2025-04-19 01:53:08,1251,game_complete,-,8,461779,0,3512505,3178372,52,6380895
2025-04-19 01:53:10,1252,level_complete,8765,1,461804,0,3512799,3178679,40,6381288
2025-04-19 01:53:19,1252,level_complete,8766,2,461954,0,3514178,3179838,40,6383631
2025-04-19 01:53:20,1252,level_complete,8767,3,461967,0,3514394,3179959,127,6384447
2025-04-19 01:53:20,1252,level_complete,8768,4,461969,0,3514439,3180009,33,6384504
2025-04-19 01:53:21,1252,level_complete,8769,5,461990,0,3514765,3180211,83,6385446
2025-04-19 01:53:24,1252,level_complete,8770,6,462044,0,3515247,3180539,55,6386620
2025-04-19 01:53:24,1252,level_complete,8771,7,462063,0,3515419,3180652,82,6387104
2025-04-19 01:53:24,1252,game_complete,-,8,462063,0,3515419,3180652,82,6387104
2025-04-19 01:53:29,1253,level_complete,8772,1,462100,0,3515943,3181228,34,6387711
2025-04-19 01:53:30,1253,level_complete,8773,2,462108,0,3516065,3181351,41,6387912
2025-04-19 01:53:30,1253,level_complete,8774,3,462111,0,3516125,3181405,83,6388059
2025-04-19 01:53:32,1253,level_complete,8775,4,462140,0,3516427,3181653,36,6388500
2025-04-19 01:53:32,1253,level_complete,8776,5,462144,0,3516503,3181710,65,6388646
2025-04-19 01:53:34,1253,training_run_ep 481500,-,6,462145,0,3516530,3181733,0,6388744
2025-04-19 01:53:35,1253,level_complete,8777,6,462163,0,3516747,3181901,50,6389219
2025-04-19 01:53:36,1253,level_complete,8778,7,462167,0,3516810,3181953,62,6389346
2025-04-19 01:53:36,1253,game_complete,-,8,462167,0,3516810,3181953,62,6389346
2025-04-19 01:53:38,1254,level_complete,8779,1,462194,0,3517098,3182291,31,6389685
2025-04-19 01:53:40,1254,level_complete,8780,2,462214,0,3517425,3182554,51,6390256
2025-04-19 01:53:41,1254,level_complete,8781,3,462220,0,3517555,3182638,69,6390561
2025-04-19 01:53:41,1254,level_complete,8782,4,462225,0,3517631,3182708,120,6390763
2025-04-19 01:53:42,1254,level_complete,8783,5,462228,0,3517718,3182794,64,6390990
2025-04-19 01:53:42,1254,level_complete,8784,6,462230,0,3517776,3182837,85,6391137
2025-04-19 01:53:43,1254,level_complete,8785,7,462234,0,3517852,3182945,49,6391383
2025-04-19 01:53:43,1254,game_complete,-,8,462234,0,3517852,3182945,49,6391383
2025-04-19 01:53:45,1255,level_complete,8786,1,462243,0,3517999,3183132,42,6391567
2025-04-19 01:53:46,1255,level_complete,8787,2,462257,0,3518201,3183300,43,6391908
2025-04-19 01:53:46,1255,level_complete,8788,3,462258,0,3518231,3183322,56,6391964
2025-04-19 01:53:49,1255,level_complete,8789,4,462289,0,3518462,3183658,76,6392370
2025-04-19 01:53:49,1255,level_complete,8790,5,462290,0,3518492,3183688,73,6392443
2025-04-19 01:53:49,1255,level_complete,8791,6,462296,0,3518589,3183769,42,6392607
2025-04-19 01:53:50,1255,level_complete,8792,7,462300,0,3518637,3183816,50,6392679
2025-04-19 01:53:50,1255,game_complete,-,8,462300,0,3518637,3183816,50,6392679
2025-04-19 01:53:50,1256,level_complete,8793,1,462305,0,3518701,3183898,34,6392751
2025-04-19 01:53:50,1256,level_complete,8794,2,462307,0,3518735,3183943,69,6392824
2025-04-19 01:53:51,1256,level_complete,8795,3,462309,0,3518766,3183966,93,6392918
2025-04-19 01:53:51,1256,level_complete,8796,4,462310,0,3518791,3183988,32,6392950
2025-04-19 01:53:51,1256,level_complete,8797,5,462311,0,3518821,3184011,75,6393025
2025-04-19 01:53:51,1256,level_complete,8798,6,462312,0,3518851,3184038,77,6393102
2025-04-19 01:53:52,1256,level_complete,8799,7,462328,0,3519100,3184237,94,6393664
2025-04-19 01:53:52,1256,game_complete,-,8,462328,0,3519100,3184237,94,6393664
2025-04-19 01:53:55,1257,level_complete,8800,1,462342,0,3519377,3184550,33,6394003
2025-04-19 01:53:56,1257,level_complete,8801,2,462353,0,3519595,3184745,50,6394402
2025-04-19 01:53:56,1257,level_complete,8802,3,462356,0,3519640,3184782,48,6394473
2025-04-19 01:53:58,1257,level_complete,8803,4,462375,0,3519903,3185014,33,6394868
2025-04-19 01:53:58,1257,level_complete,8804,5,462377,0,3519957,3185056,107,6395016
2025-04-19 01:53:59,1257,level_complete,8805,6,462379,0,3520010,3185098,55,6395139
2025-04-19 01:53:59,1257,level_complete,8806,7,462380,0,3520040,3185125,111,6395250
2025-04-19 01:53:59,1257,game_complete,-,8,462380,0,3520040,3185125,111,6395250
2025-04-19 01:54:02,1258,level_complete,8807,1,462395,0,3520334,3185532,32,6395590
2025-04-19 01:54:02,1258,level_complete,8808,2,462400,0,3520400,3185610,47,6395701
2025-04-19 01:54:03,1258,level_complete,8809,3,462402,0,3520457,3185637,122,6395956
2025-04-19 01:54:03,1258,level_complete,8810,4,462403,0,3520482,3185658,39,6395995
2025-04-19 01:54:03,1258,level_complete,8811,5,462404,0,3520512,3185669,106,6396101
2025-04-19 01:54:03,1258,level_complete,8812,6,462405,0,3520542,3185690,94,6396195
2025-04-19 01:54:03,1258,level_complete,8813,7,462408,0,3520596,3185770,76,6396302
2025-04-19 01:54:03,1258,game_complete,-,8,462408,0,3520596,3185770,76,6396302
2025-04-19 01:54:04,1259,level_complete,8814,1,462409,0,3520626,3185809,35,6396337
2025-04-19 01:54:04,1259,level_complete,8815,2,462410,0,3520656,3185852,44,6396381
2025-04-19 01:54:04,1259,level_complete,8816,3,462417,0,3520773,3185909,78,6396741
2025-04-19 01:54:05,1259,level_complete,8817,4,462423,0,3520889,3186027,32,6396930
2025-04-19 01:54:06,1259,level_complete,8818,5,462425,0,3520948,3186080,46,6397069
2025-04-19 01:54:06,1259,level_complete,8819,6,462427,0,3520986,3186105,45,6397126
2025-04-19 01:54:06,1259,level_complete,8820,7,462434,0,3521104,3186162,223,6397772
2025-04-19 01:54:06,1259,game_complete,-,8,462434,0,3521104,3186162,223,6397772
2025-04-19 01:54:07,1260,level_complete,8821,1,462438,0,3521186,3186266,37,6397871
2025-04-19 01:54:11,1260,level_complete,8822,2,462479,0,3521821,3186845,35,6398907
2025-04-19 01:54:12,1260,level_complete,8823,3,462501,0,3522051,3186977,54,6399595
2025-04-19 01:54:13,1260,level_complete,8824,4,462515,0,3522178,3187103,32,6399776
2025-04-19 01:54:14,1260,level_complete,8825,5,462532,0,3522436,3187223,90,6400728
2025-04-19 01:54:14,1260,level_complete,8826,6,462533,0,3522466,3187240,133,6400861
2025-04-19 01:54:14,1260,level_complete,8827,7,462537,0,3522536,3187279,131,6401078
2025-04-19 01:54:14,1260,game_complete,-,8,462537,0,3522536,3187279,131,6401078
2025-04-19 01:54:16,1261,level_complete,8828,1,462549,0,3522696,3187491,31,6401257
2025-04-19 01:54:17,1261,level_complete,8829,2,462563,0,3522890,3187667,46,6401603
2025-04-19 01:54:17,1261,level_complete,8830,3,462564,0,3522920,3187689,93,6401696
2025-04-19 01:54:19,1261,level_complete,8831,4,462583,0,3523157,3187900,32,6402060
2025-04-19 01:54:20,1261,level_complete,8832,5,462611,0,3523533,3188122,162,6403122
2025-04-19 01:54:21,1261,level_complete,8833,6,462621,0,3523665,3188220,136,6403455
2025-04-19 01:54:24,1261,training_run_ep 482000,-,7,462645,0,3523927,3188399,0,6404252
2025-04-19 01:54:25,1261,level_complete,8834,7,462653,0,3524065,3188537,167,6404623
2025-04-19 01:54:25,1261,game_complete,-,8,462653,0,3524065,3188537,167,6404623
2025-04-19 01:54:28,1262,level_complete,8835,1,462698,0,3524414,3188917,32,6405035
2025-04-19 01:54:28,1262,level_complete,8836,2,462701,0,3524470,3188961,46,6405117
2025-04-19 01:54:29,1262,level_complete,8837,3,462703,0,3524521,3188993,71,6405244
2025-04-19 01:54:30,1262,level_complete,8838,4,462728,0,3524824,3189239,35,6405764
2025-04-19 01:54:31,1262,level_complete,8839,5,462732,0,3524908,3189301,68,6405948
2025-04-19 01:54:31,1262,level_complete,8840,6,462735,0,3524956,3189338,70,6406038
2025-04-19 01:54:32,1262,level_complete,8841,7,462752,0,3525213,3189568,40,6406690
2025-04-19 01:54:32,1262,game_complete,-,8,462752,0,3525213,3189568,40,6406690
2025-04-19 01:54:33,1263,level_complete,8842,1,462757,0,3525297,3189654,48,6406811
2025-04-19 01:54:35,1263,level_complete,8843,2,462776,0,3525556,3189900,52,6407260
2025-04-19 01:54:36,1263,level_complete,8844,3,462782,0,3525691,3189999,87,6407600
2025-04-19 01:54:36,1263,level_complete,8845,4,462797,0,3525843,3190107,33,6407928
2025-04-19 01:54:37,1263,level_complete,8846,5,462805,0,3525961,3190175,37,6408241
2025-04-19 01:54:37,1263,level_complete,8847,6,462807,0,3525994,3190210,37,6408281
2025-04-19 01:54:37,1263,level_complete,8848,7,462809,0,3526038,3190262,74,6408372
2025-04-19 01:54:37,1263,game_complete,-,8,462809,0,3526038,3190262,74,6408372
2025-04-19 01:54:45,1264,level_complete,8849,1,462910,0,3526954,3191243,39,6409455
2025-04-19 01:54:53,1264,level_complete,8850,2,463047,0,3528262,3192339,61,6411701
2025-04-19 01:54:53,1264,level_complete,8851,3,463054,0,3528370,3192414,50,6411907
2025-04-19 01:54:55,1264,level_complete,8852,4,463083,0,3528696,3192696,31,6412416
2025-04-19 01:54:56,1264,level_complete,8853,5,463091,0,3528787,3192745,91,6412732
2025-04-19 01:54:57,1264,level_complete,8854,6,463103,0,3528969,3192872,68,6413161
2025-04-19 01:54:58,1264,level_complete,8855,7,463126,0,3529146,3193018,79,6413653
2025-04-19 01:54:58,1264,game_complete,-,8,463126,0,3529146,3193018,79,6413653
2025-04-19 01:55:01,1265,training_run_ep 482500,-,1,463145,0,3529344,3193213,0,6413902
2025-04-19 01:55:08,1265,level_complete,8856,1,463248,0,3530227,3194109,32,6414919
2025-04-19 01:55:13,1265,level_complete,8857,2,463330,0,3531030,3194755,41,6416336
2025-04-19 01:55:14,1265,level_complete,8858,3,463335,0,3531141,3194828,46,6416751
2025-04-19 01:55:17,1265,level_complete,8859,4,463404,0,3531709,3195299,50,6417672
2025-04-19 01:55:17,1265,level_complete,8860,5,463406,0,3531747,3195311,263,6417958
2025-04-19 01:55:18,1265,level_complete,8861,6,463428,0,3531984,3195480,67,6418497
2025-04-19 01:55:21,1265,level_complete,8862,7,463506,0,3532632,3195928,142,6420798
2025-04-19 01:55:21,1265,game_complete,-,8,463506,0,3532632,3195928,142,6420798
2025-04-19 01:55:29,1266,training_run_ep 483000,-,1,463645,0,3533351,3196634,0,6421619
2025-04-19 01:55:52,1266,training_run_ep 483500,-,1,464145,0,3536103,3199175,0,6424856
2025-04-19 01:56:03,1266,level_complete,8863,1,464311,0,3537629,3200669,34,6426651
2025-04-19 01:56:04,1266,level_complete,8864,2,464312,0,3537659,3200705,33,6426684
2025-04-19 01:56:04,1266,level_complete,8865,3,464328,0,3537909,3200842,60,6427591
2025-04-19 01:56:06,1266,level_complete,8866,4,464367,0,3538177,3201094,30,6428003
2025-04-19 01:56:07,1266,level_complete,8867,5,464369,0,3538208,3201126,119,6428123
2025-04-19 01:56:08,1266,level_complete,8868,6,464381,0,3538390,3201286,170,6428689
2025-04-19 01:56:09,1266,level_complete,8869,7,464405,0,3538591,3201426,86,6429433
2025-04-19 01:56:09,1266,game_complete,-,8,464405,0,3538591,3201426,86,6429433
2025-04-19 01:56:23,1267,training_run_ep 484000,-,1,464645,0,3540222,3202958,0,6431395
2025-04-19 01:56:27,1267,level_complete,8870,1,464703,0,3540730,3203441,32,6432000
2025-04-19 01:56:28,1267,level_complete,8871,2,464715,0,3540861,3203551,40,6432170
2025-04-19 01:56:28,1267,level_complete,8872,3,464716,0,3540891,3203577,48,6432218
2025-04-19 01:56:28,1267,level_complete,8873,4,464722,0,3540952,3203636,44,6432328
2025-04-19 01:56:29,1267,level_complete,8874,5,464734,0,3541108,3203725,71,6432746
2025-04-19 01:56:29,1267,level_complete,8875,6,464737,0,3541170,3203805,92,6432881
2025-04-19 01:56:30,1267,level_complete,8876,7,464749,0,3541274,3203883,49,6433089
2025-04-19 01:56:30,1267,game_complete,-,8,464749,0,3541274,3203883,49,6433089
2025-04-19 01:56:31,1268,level_complete,8877,1,464767,0,3541475,3204107,41,6433350
2025-04-19 01:56:32,1268,level_complete,8878,2,464776,0,3541593,3204233,34,6433556
2025-04-19 01:56:33,1268,level_complete,8879,3,464777,0,3541623,3204248,86,6433642
2025-04-19 01:56:33,1268,level_complete,8880,4,464778,0,3541648,3204300,30,6433672
2025-04-19 01:56:33,1268,level_complete,8881,5,464780,0,3541700,3204334,87,6433793
2025-04-19 01:56:35,1268,level_complete,8882,6,464811,0,3542047,3204607,73,6434459
2025-04-19 01:56:35,1268,level_complete,8883,7,464815,0,3542082,3204631,123,6434587
2025-04-19 01:56:35,1268,game_complete,-,8,464815,0,3542082,3204631,123,6434587
2025-04-19 01:56:36,1269,level_complete,8884,1,464825,0,3542158,3204722,30,6434668
2025-04-19 01:56:37,1269,level_complete,8885,2,464835,0,3542278,3204850,47,6434861
2025-04-19 01:56:37,1269,level_complete,8886,3,464842,0,3542406,3204925,75,6435274
2025-04-19 01:56:38,1269,level_complete,8887,4,464857,0,3542588,3205095,38,6435524
2025-04-19 01:56:39,1269,level_complete,8888,5,464873,0,3542805,3205236,78,6436034
2025-04-19 01:56:40,1269,level_complete,8889,6,464881,0,3542907,3205320,39,6436247
2025-04-19 01:56:42,1269,level_complete,8890,7,464908,0,3543257,3205595,186,6437303
2025-04-19 01:56:42,1269,game_complete,-,8,464908,0,3543257,3205595,186,6437303
2025-04-19 01:56:43,1270,level_complete,8891,1,464930,0,3543484,3205805,35,6437577
2025-04-19 01:56:45,1270,level_complete,8892,2,464942,0,3543690,3206048,43,6437877
2025-04-19 01:56:45,1270,level_complete,8893,3,464943,0,3543720,3206062,118,6437995
2025-04-19 01:56:46,1270,level_complete,8894,4,464949,0,3543815,3206135,64,6438191
2025-04-19 01:56:46,1270,level_complete,8895,5,464951,0,3543857,3206160,187,6438391
2025-04-19 01:56:46,1270,level_complete,8896,6,464953,0,3543915,3206194,44,6438527
2025-04-19 01:56:46,1270,level_complete,8897,7,464958,0,3543986,3206278,46,6438650
2025-04-19 01:56:46,1270,game_complete,-,8,464958,0,3543986,3206278,46,6438650
2025-04-19 01:56:48,1271,level_complete,8898,1,464975,0,3544150,3206452,40,6438846
2025-04-19 01:56:49,1271,level_complete,8899,2,464986,0,3544344,3206634,36,6439185
2025-04-19 01:56:50,1271,level_complete,8900,3,464988,0,3544402,3206690,100,6439329
2025-04-19 01:56:50,1271,level_complete,8901,4,464989,0,3544427,3206715,26,6439355
2025-04-19 01:56:50,1271,level_complete,8902,5,464994,0,3544502,3206755,92,6439565
2025-04-19 01:56:50,1271,level_complete,8903,6,464998,0,3544577,3206809,85,6439729
2025-04-19 01:56:51,1271,level_complete,8904,7,465009,0,3544648,3206852,151,6440016
2025-04-19 01:56:51,1271,game_complete,-,8,465009,0,3544648,3206852,151,6440016
2025-04-19 01:56:52,1272,level_complete,8905,1,465016,0,3544760,3206986,37,6440152
2025-04-19 01:56:52,1272,level_complete,8906,2,465020,0,3544834,3207053,37,6440277
2025-04-19 01:56:53,1272,level_complete,8907,3,465032,0,3544972,3207118,177,6440688
2025-04-19 01:56:53,1272,level_complete,8908,4,465037,0,3545030,3207170,39,6440775
2025-04-19 01:56:53,1272,level_complete,8909,5,465040,0,3545065,3207189,103,6440883
2025-04-19 01:56:53,1272,level_complete,8910,6,465042,0,3545122,3207241,86,6441006
2025-04-19 01:56:55,1272,level_complete,8911,7,465067,0,3545385,3207417,89,6441692
2025-04-19 01:56:55,1272,game_complete,-,8,465067,0,3545385,3207417,89,6441692
2025-04-19 01:56:58,1273,level_complete,8912,1,465116,0,3545849,3207910,38,6442208
2025-04-19 01:57:00,1273,level_complete,8913,2,465142,0,3546146,3208165,57,6442840
2025-04-19 01:57:02,1273,training_run_ep 484500,-,3,465145,0,3546157,3208177,0,6442851
2025-04-19 01:57:03,1273,level_complete,8914,3,465158,0,3546305,3208256,167,6443424
2025-04-19 01:57:03,1273,level_complete,8915,4,465161,0,3546360,3208305,71,6443539
2025-04-19 01:57:04,1273,level_complete,8916,5,465165,0,3546415,3208340,80,6443673
2025-04-19 01:57:04,1273,level_complete,8917,6,465169,0,3546495,3208384,45,6443849
2025-04-19 01:57:05,1273,level_complete,8918,7,465175,0,3546603,3208474,66,6444171
2025-04-19 01:57:05,1273,game_complete,-,8,465175,0,3546603,3208474,66,6444171
2025-04-19 01:57:06,1274,level_complete,8919,1,465187,0,3546755,3208629,40,6444355
2025-04-19 01:57:06,1274,level_complete,8920,2,465193,0,3546852,3208732,39,6444509
2025-04-19 01:57:07,1274,level_complete,8921,3,465202,0,3546990,3208799,118,6444995
2025-04-19 01:57:08,1274,level_complete,8922,4,465216,0,3547132,3208916,51,6445229
2025-04-19 01:57:08,1274,level_complete,8923,5,465225,0,3547267,3208984,143,6445642
2025-04-19 01:57:09,1274,level_complete,8924,6,465229,0,3547333,3209040,104,6445793
2025-04-19 01:57:09,1274,level_complete,8925,7,465230,0,3547363,3209081,48,6445841
2025-04-19 01:57:09,1274,game_complete,-,8,465230,0,3547363,3209081,48,6445841
2025-04-19 01:57:10,1275,level_complete,8926,1,465234,0,3547415,3209171,32,6445911
2025-04-19 01:57:12,1275,level_complete,8927,2,465261,0,3547714,3209449,45,6446401
2025-04-19 01:57:13,1275,level_complete,8928,3,465280,0,3547981,3209604,66,6447052
2025-04-19 01:57:13,1275,level_complete,8929,4,465288,0,3548076,3209695,35,6447196
2025-04-19 01:57:14,1275,level_complete,8930,5,465291,0,3548131,3209729,73,6447344
2025-04-19 01:57:14,1275,level_complete,8931,6,465292,0,3548161,3209745,124,6447468
2025-04-19 01:57:16,1275,level_complete,8932,7,465359,0,3548803,3210172,66,6449113
2025-04-19 01:57:16,1275,game_complete,-,8,465359,0,3548803,3210172,66,6449113
2025-04-19 01:57:18,1276,level_complete,8933,1,465376,0,3549011,3210390,33,6449354
2025-04-19 01:57:19,1276,level_complete,8934,2,465394,0,3549241,3210572,33,6449806
2025-04-19 01:57:20,1276,level_complete,8935,3,465401,0,3549344,3210636,56,6450145
2025-04-19 01:57:21,1276,level_complete,8936,4,465424,0,3549494,3210756,52,6450384
2025-04-19 01:57:22,1276,level_complete,8937,5,465453,0,3549880,3211008,69,6451426
2025-04-19 01:57:23,1276,level_complete,8938,6,465472,0,3550093,3211147,172,6452061
2025-04-19 01:57:25,1276,level_complete,8939,7,465506,0,3550418,3211398,167,6452904
2025-04-19 01:57:25,1276,game_complete,-,8,465506,0,3550418,3211398,167,6452904
2025-04-19 01:57:27,1277,level_complete,8940,1,465541,0,3550692,3211678,40,6453224
2025-04-19 01:57:28,1277,level_complete,8941,2,465561,0,3550876,3211835,53,6453511
2025-04-19 01:57:29,1277,level_complete,8942,3,465571,0,3551006,3211907,84,6454023
2025-04-19 01:57:31,1277,level_complete,8943,4,465609,0,3551290,3212162,32,6454465
2025-04-19 01:57:32,1277,level_complete,8944,5,465635,0,3551561,3212324,87,6455253
2025-04-19 01:57:34,1277,training_run_ep 485000,-,6,465645,0,3551617,3212364,0,6455366
2025-04-19 01:57:37,1277,level_complete,8945,6,465723,0,3552306,3212821,40,6457128
2025-04-19 01:57:42,1277,level_complete,8946,7,465832,0,3553229,3213547,67,6459385
2025-04-19 01:57:42,1277,game_complete,-,8,465832,0,3553229,3213547,67,6459385
2025-04-19 01:57:43,1278,level_complete,8947,1,465843,0,3553305,3213642,36,6459473
2025-04-19 01:57:45,1278,level_complete,8948,2,465900,0,3553652,3213919,44,6460084
2025-04-19 01:57:49,1278,level_complete,8949,3,466023,0,3554685,3214496,65,6463372
2025-04-19 01:57:50,1278,level_complete,8950,4,466058,0,3554897,3214673,40,6463678
2025-04-19 01:57:52,1278,level_complete,8951,5,466100,0,3555223,3214906,93,6464407
2025-04-19 01:57:52,1278,level_complete,8952,6,466116,0,3555367,3214976,135,6464899
2025-04-19 01:57:55,1278,training_run_ep 485500,-,7,466145,0,3555559,3215110,0,6465405
2025-04-19 01:57:58,1278,level_complete,8953,7,466202,0,3556120,3215501,51,6466953
2025-04-19 01:57:58,1278,game_complete,-,8,466202,0,3556120,3215501,51,6466953
2025-04-19 01:58:19,1279,training_run_ep 486000,-,1,466645,0,3558597,3217871,0,6469846
2025-04-19 01:58:20,1279,level_complete,8954,1,466659,0,3558715,3217995,36,6469981
2025-04-19 01:58:20,1279,level_complete,8955,2,466663,0,3558787,3218075,40,6470073
2025-04-19 01:58:20,1279,level_complete,8956,3,466664,0,3558817,3218096,100,6470173
2025-04-19 01:58:21,1279,level_complete,8957,4,466674,0,3558979,3218234,32,6470491
2025-04-19 01:58:22,1279,level_complete,8958,5,466688,0,3559192,3218390,74,6471038
2025-04-19 01:58:23,1279,level_complete,8959,6,466695,0,3559273,3218430,65,6471233
2025-04-19 01:58:23,1279,level_complete,8960,7,466697,0,3559328,3218495,66,6471403
2025-04-19 01:58:23,1279,game_complete,-,8,466697,0,3559328,3218495,66,6471403
2025-04-19 01:58:24,1280,level_complete,8961,1,466702,0,3559423,3218630,34,6471515
2025-04-19 01:58:29,1280,level_complete,8962,2,466795,0,3560217,3219279,53,6472836
2025-04-19 01:58:31,1280,level_complete,8963,3,466833,0,3560762,3219582,66,6474869
2025-04-19 01:58:31,1280,level_complete,8964,4,466840,0,3560820,3219642,32,6474939
2025-04-19 01:58:32,1280,level_complete,8965,5,466845,0,3560889,3219690,139,6475137
2025-04-19 01:58:33,1280,level_complete,8966,6,466856,0,3561053,3219812,41,6475451
2025-04-19 01:58:34,1280,level_complete,8967,7,466881,0,3561279,3219969,70,6476085
2025-04-19 01:58:34,1280,game_complete,-,8,466881,0,3561279,3219969,70,6476085
2025-04-19 01:58:34,1281,level_complete,8968,1,466882,0,3561309,3220005,33,6476118
2025-04-19 01:58:35,1281,level_complete,8969,2,466889,0,3561404,3220119,37,6476274
2025-04-19 01:58:35,1281,level_complete,8970,3,466890,0,3561434,3220150,35,6476309
2025-04-19 01:58:36,1281,level_complete,8971,4,466904,0,3561552,3220324,33,6476494
2025-04-19 01:58:37,1281,level_complete,8972,5,466907,0,3561602,3220360,63,6476589
2025-04-19 01:58:37,1281,level_complete,8973,6,466912,0,3561693,3220431,52,6476803
2025-04-19 01:58:38,1281,level_complete,8974,7,466925,0,3561810,3220515,108,6477069
2025-04-19 01:58:38,1281,game_complete,-,8,466925,0,3561810,3220515,108,6477069
2025-04-19 01:58:44,1282,level_complete,8975,1,467053,0,3562620,3221324,40,6477998
2025-04-19 01:58:45,1282,level_complete,8976,2,467066,0,3562802,3221491,51,6478281
2025-04-19 01:58:45,1282,level_complete,8977,3,467067,0,3562832,3221515,68,6478349
2025-04-19 01:58:46,1282,level_complete,8978,4,467071,0,3562893,3221583,51,6478452
2025-04-19 01:58:47,1282,level_complete,8979,5,467084,0,3563065,3221690,70,6478879
2025-04-19 01:58:47,1282,level_complete,8980,6,467086,0,3563099,3221719,65,6478948
2025-04-19 01:58:52,1282,training_run_ep 486500,-,7,467145,0,3563728,3222198,0,6480827
2025-04-19 01:58:54,1282,level_complete,8981,7,467200,0,3564204,3222525,46,6482198
2025-04-19 01:58:54,1282,game_complete,-,8,467200,0,3564204,3222525,46,6482198
2025-04-19 01:59:14,1283,training_run_ep 487000,-,1,467645,0,3566461,3224634,0,6484821
2025-04-19 01:59:35,1283,training_run_ep 487500,-,1,468145,0,3568896,3226881,0,6487661
2025-04-19 01:59:58,1283,training_run_ep 488000,-,1,468645,0,3571610,3229460,0,6490794
2025-04-19 02:00:04,1283,level_complete,8982,1,468754,0,3572312,3230153,37,6491621
2025-04-19 02:00:05,1283,level_complete,8983,2,468764,0,3572474,3230296,45,6491877
2025-04-19 02:00:11,1283,level_complete,8984,3,468968,0,3574182,3231253,104,6497090
2025-04-19 02:00:12,1283,level_complete,8985,4,468981,0,3574293,3231359,36,6497234
2025-04-19 02:00:14,1283,level_complete,8986,5,469038,0,3574826,3231674,113,6499090
2025-04-19 02:00:15,1283,level_complete,8987,6,469049,0,3574984,3231792,102,6499426
2025-04-19 02:00:16,1283,level_complete,8988,7,469083,0,3575280,3232019,90,6500223
2025-04-19 02:00:16,1283,game_complete,-,8,469083,0,3575280,3232019,90,6500223
2025-04-19 02:00:22,1284,training_run_ep 488500,-,1,469145,0,3575692,3232406,0,6500701
2025-04-19 02:00:44,1284,training_run_ep 489000,-,1,469645,0,3578245,3234830,0,6503607
2025-04-19 02:01:01,1284,level_complete,8989,1,470109,0,3580438,3236943,37,6506131
2025-04-19 02:01:04,1284,training_run_ep 489500,-,2,470145,0,3580586,3237060,0,6506357
2025-04-19 02:01:22,1284,training_run_ep 490000,-,2,470645,0,3583247,3239130,0,6510864
2025-04-19 02:01:36,1284,level_complete,8990,2,471017,0,3585501,3241005,42,6514387
2025-04-19 02:01:38,1284,level_complete,8991,3,471068,0,3585976,3241241,50,6516099
2025-04-19 02:01:42,1284,training_run_ep 490500,-,4,471145,0,3586384,3241551,0,6516728
2025-04-19 02:01:44,1284,level_complete,8992,4,471175,0,3586575,3241722,34,6516992
2025-04-19 02:01:44,1284,level_complete,8993,5,471187,0,3586697,3241809,60,6517275
2025-04-19 02:01:48,1284,level_complete,8994,6,471231,0,3587215,3242283,49,6518346
2025-04-19 02:01:48,1284,level_complete,8995,7,471238,0,3587319,3242345,56,6518722
2025-04-19 02:01:48,1284,game_complete,-,8,471238,0,3587319,3242345,56,6518722
2025-04-19 02:02:04,1285,training_run_ep 491000,-,1,471645,0,3589111,3244067,0,6520769
2025-04-19 02:02:29,1285,training_run_ep 491500,-,1,472145,0,3591932,3246869,0,6524089
2025-04-19 02:02:54,1285,level_complete,8996,1,472601,0,3595033,3249886,33,6527743
2025-04-19 02:02:54,1285,level_complete,8997,2,472608,0,3595104,3249944,51,6527854
2025-04-19 02:02:54,1285,level_complete,8998,3,472612,0,3595191,3249974,133,6528274
2025-04-19 02:02:55,1285,level_complete,8999,4,472624,0,3595327,3250102,41,6528463
2025-04-19 02:02:56,1285,level_complete,9000,5,472636,0,3595455,3250162,89,6528844
2025-04-19 02:02:58,1285,training_run_ep 492000,-,6,472645,0,3595513,3250203,0,6528928
2025-04-19 02:02:58,1285,level_complete,9001,6,472652,0,3595607,3250264,60,6529208
2025-04-19 02:03:00,1285,level_complete,9002,7,472695,0,3595997,3250536,223,6530412
2025-04-19 02:03:00,1285,game_complete,-,8,472695,0,3595997,3250536,223,6530412
2025-04-19 02:03:14,1286,level_complete,9003,1,472980,0,3597802,3252275,37,6532509
2025-04-19 02:03:18,1286,level_complete,9004,2,473047,0,3598343,3252732,53,6533333
2025-04-19 02:03:18,1286,level_complete,9005,3,473053,0,3598457,3252785,107,6533748
2025-04-19 02:03:18,1286,level_complete,9006,4,473055,0,3598490,3252819,41,6533798
2025-04-19 02:03:20,1286,level_complete,9007,5,473099,0,3599006,3253110,72,6535154
2025-04-19 02:03:22,1286,level_complete,9008,6,473131,0,3599365,3253314,49,6536186
2025-04-19 02:03:22,1286,level_complete,9009,7,473137,0,3599465,3253375,78,6536544
2025-04-19 02:03:22,1286,game_complete,-,8,473137,0,3599465,3253375,78,6536544
2025-04-19 02:03:25,1287,training_run_ep 492500,-,1,473145,0,3599524,3253427,0,6536614
2025-04-19 02:03:46,1287,level_complete,9010,1,473570,0,3602326,3256096,35,6539949
2025-04-19 02:03:48,1287,level_complete,9011,2,473621,0,3602695,3256392,47,6540527
2025-04-19 02:03:51,1287,training_run_ep 493000,-,3,473645,0,3602899,3256514,0,6541054
2025-04-19 02:03:57,1287,level_complete,9012,3,473817,0,3604417,3257346,116,6546019
2025-04-19 02:04:00,1287,level_complete,9013,4,473900,0,3604991,3257829,65,6546936
2025-04-19 02:04:00,1287,level_complete,9014,5,473902,0,3605026,3257848,111,6547058
2025-04-19 02:04:11,1287,training_run_ep 493500,-,6,474145,0,3606914,3259114,0,6551741
2025-04-19 02:04:12,1287,level_complete,9015,6,474189,0,3607294,3259351,163,6552728
2025-04-19 02:04:16,1287,level_complete,9016,7,474283,0,3608069,3259871,49,6555039
2025-04-19 02:04:16,1287,game_complete,-,8,474283,0,3608069,3259871,49,6555039
2025-04-19 02:04:32,1288,training_run_ep 494000,-,1,474645,0,3609852,3261589,0,6557080
2025-04-19 02:04:54,1288,training_run_ep 494500,-,1,475145,0,3612437,3263992,0,6560136
2025-04-19 02:05:12,1288,training_run_ep 495000,-,1,475645,0,3614477,3265885,0,6562519
2025-04-19 02:05:29,1288,level_complete,9017,1,475961,0,3616710,3268013,35,6565103
2025-04-19 02:05:29,1288,level_complete,9018,2,475964,0,3616749,3268037,56,6565171
2025-04-19 02:05:30,1288,level_complete,9019,3,475974,0,3616912,3268115,78,6565609
2025-04-19 02:05:30,1288,level_complete,9020,4,475979,0,3616966,3268165,34,6565686
2025-04-19 02:05:32,1288,level_complete,9021,5,476036,0,3617525,3268497,117,6567249
2025-04-19 02:05:32,1288,level_complete,9022,6,476038,0,3617557,3268523,57,6567308
2025-04-19 02:05:33,1288,level_complete,9023,7,476051,0,3617732,3268664,46,6567767
2025-04-19 02:05:33,1288,game_complete,-,8,476051,0,3617732,3268664,46,6567767
2025-04-19 02:05:34,1289,level_complete,9024,1,476057,0,3617818,3268763,36,6567875
2025-04-19 02:05:42,1289,training_run_ep 495500,-,2,476145,0,3618641,3269522,0,6569101
2025-04-19 02:05:44,1289,level_complete,9025,2,476183,0,3618948,3269763,40,6569668
2025-04-19 02:05:44,1289,level_complete,9026,3,476192,0,3619018,3269823,49,6569790
2025-04-19 02:05:45,1289,level_complete,9027,4,476197,0,3619093,3269886,44,6569903
2025-04-19 02:05:45,1289,level_complete,9028,5,476198,0,3619123,3269911,72,6569975
2025-04-19 02:05:48,1289,level_complete,9029,6,476261,0,3619754,3270354,119,6571380
2025-04-19 02:05:53,1289,level_complete,9030,7,476402,0,3620881,3271198,53,6574273
2025-04-19 02:05:53,1289,game_complete,-,8,476402,0,3620881,3271198,53,6574273
2025-04-19 02:05:56,1290,level_complete,9031,1,476442,0,3621220,3271579,36,6574659
2025-04-19 02:05:57,1290,level_complete,9032,2,476450,0,3621358,3271710,36,6574870
2025-04-19 02:05:58,1290,level_complete,9033,3,476472,0,3621727,3271919,192,6575985
2025-04-19 02:05:59,1290,level_complete,9034,4,476478,0,3621810,3271987,30,6576095
2025-04-19 02:06:00,1290,level_complete,9035,5,476499,0,3622066,3272141,79,6576795
2025-04-19 02:06:00,1290,level_complete,9036,6,476500,0,3622096,3272161,65,6576860
2025-04-19 02:06:01,1290,level_complete,9037,7,476519,0,3622236,3272272,142,6577167
2025-04-19 02:06:01,1290,game_complete,-,8,476519,0,3622236,3272272,142,6577167
2025-04-19 02:06:01,1291,level_complete,9038,1,476523,0,3622284,3272336,33,6577220
2025-04-19 02:06:03,1291,level_complete,9039,2,476546,0,3622619,3272607,58,6577793
2025-04-19 02:06:03,1291,level_complete,9040,3,476557,0,3622708,3272656,141,6578051
2025-04-19 02:06:06,1291,level_complete,9041,4,476617,0,3623064,3272974,55,6578536
2025-04-19 02:06:09,1291,training_run_ep 496000,-,5,476645,0,3623354,3273140,0,6579340
2025-04-19 02:06:10,1291,level_complete,9042,5,476662,0,3623563,3273267,104,6579898
2025-04-19 02:06:13,1291,level_complete,9043,6,476751,0,3624233,3273709,60,6581588
2025-04-19 02:06:13,1291,level_complete,9044,7,476753,0,3624266,3273729,97,6581688
2025-04-19 02:06:13,1291,game_complete,-,8,476753,0,3624266,3273729,97,6581688
2025-04-19 02:06:14,1292,level_complete,9045,1,476767,0,3624442,3273912,38,6581906
2025-04-19 02:06:15,1292,level_complete,9046,2,476771,0,3624508,3273991,32,6582000
2025-04-19 02:06:15,1292,level_complete,9047,3,476773,0,3624539,3274008,129,6582130
2025-04-19 02:06:17,1292,level_complete,9048,4,476795,0,3624775,3274211,38,6582490
2025-04-19 02:06:17,1292,level_complete,9049,5,476796,0,3624805,3274227,86,6582576
2025-04-19 02:06:17,1292,level_complete,9050,6,476804,0,3624887,3274290,43,6582739
2025-04-19 02:06:18,1292,level_complete,9051,7,476807,0,3624954,3274364,87,6582875
2025-04-19 02:06:18,1292,game_complete,-,8,476807,0,3624954,3274364,87,6582875
2025-04-19 02:06:22,1293,level_complete,9052,1,476887,0,3625550,3274931,42,6583600
2025-04-19 02:06:29,1293,level_complete,9053,2,477074,0,3626691,3275805,83,6585517
2025-04-19 02:06:30,1293,level_complete,9054,3,477098,0,3626990,3275937,186,6586624
2025-04-19 02:06:34,1293,training_run_ep 496500,-,4,477145,0,3627349,3276229,0,6587183
2025-04-19 02:06:34,1293,level_complete,9055,4,477151,0,3627418,3276296,38,6587283
2025-04-19 02:06:39,1293,level_complete,9056,5,477293,0,3628562,3276954,87,6590364
2025-04-19 02:06:39,1293,level_complete,9057,6,477305,0,3628634,3276998,97,6590546
2025-04-19 02:06:44,1293,level_complete,9058,7,477436,0,3629614,3277702,81,6593373
2025-04-19 02:06:44,1293,game_complete,-,8,477436,0,3629614,3277702,81,6593373
2025-04-19 02:06:58,1294,training_run_ep 497000,-,1,477645,0,3631199,3279262,0,6595237
2025-04-19 02:07:01,1294,level_complete,9059,1,477670,0,3631480,3279591,38,6595575
2025-04-19 02:07:01,1294,level_complete,9060,2,477673,0,3631517,3279638,42,6595625
2025-04-19 02:07:02,1294,level_complete,9061,3,477681,0,3631660,3279715,108,6596095
2025-04-19 02:07:02,1294,level_complete,9062,4,477686,0,3631693,3279749,28,6596132
2025-04-19 02:07:05,1294,level_complete,9063,5,477755,0,3632565,3280256,76,6598443
2025-04-19 02:07:08,1294,level_complete,9064,6,477853,0,3633199,3280692,118,6599967
2025-04-19 02:07:08,1294,level_complete,9065,7,477854,0,3633229,3280708,77,6600044
2025-04-19 02:07:08,1294,game_complete,-,8,477854,0,3633229,3280708,77,6600044
2025-04-19 02:07:14,1295,level_complete,9066,1,477931,0,3634017,3281481,37,6600984
2025-04-19 02:07:15,1295,level_complete,9067,2,477944,0,3634142,3281595,39,6601194
2025-04-19 02:07:15,1295,level_complete,9068,3,477945,0,3634172,3281624,121,6601315
2025-04-19 02:07:17,1295,level_complete,9069,4,477982,0,3634434,3281851,33,6601742
2025-04-19 02:07:17,1295,level_complete,9070,5,477987,0,3634490,3281873,160,6601943
2025-04-19 02:07:19,1295,level_complete,9071,6,478024,0,3634872,3282145,67,6602802
2025-04-19 02:07:20,1295,level_complete,9072,7,478045,0,3635074,3282309,187,6603494
2025-04-19 02:07:20,1295,game_complete,-,8,478045,0,3635074,3282309,187,6603494
2025-04-19 02:07:25,1296,training_run_ep 497500,-,1,478145,0,3635481,3282681,0,6603968
2025-04-19 02:07:28,1296,level_complete,9073,1,478206,0,3635918,3283068,42,6604483
2025-04-19 02:07:33,1296,level_complete,9074,2,478308,0,3636758,3283774,65,6605713
2025-04-19 02:07:34,1296,level_complete,9075,3,478312,0,3636821,3283814,47,6605871
2025-04-19 02:07:34,1296,level_complete,9076,4,478322,0,3636928,3283903,44,6606034
2025-04-19 02:07:36,1296,level_complete,9077,5,478376,0,3637513,3284218,116,6607848
2025-04-19 02:07:40,1296,level_complete,9078,6,478479,0,3638251,3284703,127,6609711
2025-04-19 02:07:42,1296,level_complete,9079,7,478537,0,3638734,3285030,191,6611087
2025-04-19 02:07:42,1296,game_complete,-,8,478537,0,3638734,3285030,191,6611087
2025-04-19 02:07:48,1297,training_run_ep 498000,-,1,478645,0,3639312,3285567,0,6611761
2025-04-19 02:08:12,1297,training_run_ep 498500,-,1,479145,0,3642079,3288205,0,6614955
2025-04-19 02:08:16,1297,level_complete,9080,1,479210,0,3642632,3288753,36,6615609
2025-04-19 02:08:33,1297,training_run_ep 499000,-,2,479645,0,3645037,3290652,0,6619718
2025-04-19 02:08:36,1297,level_complete,9081,2,479725,0,3645506,3291052,44,6620461
2025-04-19 02:08:37,1297,level_complete,9082,3,479753,0,3645718,3291164,156,6621186
2025-04-19 02:08:43,1297,level_complete,9083,4,479927,0,3646692,3291986,43,6622665
2025-04-19 02:08:44,1297,level_complete,9084,5,479949,0,3646853,3292107,69,6622996
2025-04-19 02:08:46,1297,level_complete,9085,6,480006,0,3647241,3292375,67,6623895
2025-04-19 02:08:51,1297,training_run_ep 499500,-,7,480145,0,3648039,3292957,0,6626002
2025-04-19 02:08:52,1297,level_complete,9086,7,480182,0,3648280,3293104,283,6626876
2025-04-19 02:08:52,1297,game_complete,-,8,480182,0,3648280,3293104,283,6626876
2025-04-19 02:09:02,1298,level_complete,9087,1,480339,0,3649473,3294357,34,6628273
2025-04-19 02:09:10,1298,level_complete,9088,2,480471,0,3650726,3295345,57,6630401
2025-04-19 02:09:10,1298,level_complete,9089,3,480492,0,3650918,3295472,68,6630802
2025-04-19 02:09:12,1298,level_complete,9090,4,480541,0,3651212,3295711,46,6631260
2025-04-19 02:09:14,1298,level_complete,9091,5,480577,0,3651623,3295946,58,6632324
2025-04-19 02:09:15,1298,level_complete,9092,6,480597,0,3651809,3296077,112,6632912
2025-04-19 02:09:16,1298,level_complete,9093,7,480639,0,3652094,3296282,46,6633545
2025-04-19 02:09:16,1298,game_complete,-,8,480639,0,3652094,3296282,46,6633545
2025-04-19 02:09:19,1299,training_run_ep 500000,-,1,480645,0,3652161,3296346,0,6633621
2025-04-19 02:09:21,1299,level_complete,9094,1,480673,0,3652408,3296602,35,6633902
2025-04-19 02:09:26,1299,level_complete,9095,2,480767,0,3653283,3297306,53,6635346
2025-04-19 02:09:27,1299,level_complete,9096,3,480802,0,3653690,3297493,114,6636815
2025-04-19 02:09:27,1299,level_complete,9097,4,480806,0,3653738,3297530,37,6636922
2025-04-19 02:09:28,1299,level_complete,9098,5,480810,0,3653791,3297581,71,6637051
2025-04-19 02:09:29,1299,level_complete,9099,6,480839,0,3654000,3297741,56,6637426
2025-04-19 02:09:29,1299,level_complete,9100,7,480848,0,3654076,3297821,137,6637635
2025-04-19 02:09:29,1299,game_complete,-,8,480848,0,3654076,3297821,137,6637635
2025-04-19 02:09:34,1300,level_complete,9101,1,480915,0,3654603,3298419,36,6638237
2025-04-19 02:09:35,1300,level_complete,9102,2,480925,0,3654697,3298507,44,6638364
2025-04-19 02:09:36,1300,level_complete,9103,3,480939,0,3654868,3298626,50,6638727
2025-04-19 02:09:36,1300,level_complete,9104,4,480943,0,3654904,3298669,37,6638776
2025-04-19 02:09:36,1300,level_complete,9105,5,480945,0,3654940,3298708,77,6638861
2025-04-19 02:09:37,1300,level_complete,9106,6,480949,0,3655018,3298764,52,6639164
2025-04-19 02:09:37,1300,level_complete,9107,7,480951,0,3655049,3298794,67,6639232
2025-04-19 02:09:37,1300,game_complete,-,8,480951,0,3655049,3298794,67,6639232
2025-04-19 02:09:38,1301,level_complete,9108,1,480957,0,3655147,3298924,39,6639348
2025-04-19 02:09:41,1301,level_complete,9109,2,481007,0,3655705,3299415,56,6640187
2025-04-19 02:09:44,1301,level_complete,9110,3,481046,0,3656189,3299750,73,6641644
2025-04-19 02:09:44,1301,level_complete,9111,4,481057,0,3656287,3299832,32,6641795
2025-04-19 02:09:45,1301,level_complete,9112,5,481082,0,3656571,3300015,66,6642587
2025-04-19 02:09:46,1301,level_complete,9113,6,481094,0,3656666,3300080,139,6642857
2025-04-19 02:09:50,1301,training_run_ep 500500,-,7,481145,0,3657098,3300404,0,6644138
2025-04-19 02:09:50,1301,level_complete,9114,7,481149,0,3657154,3300444,63,6644318
2025-04-19 02:09:50,1301,game_complete,-,8,481149,0,3657154,3300444,63,6644318
2025-04-19 02:09:53,1302,level_complete,9115,1,481195,0,3657486,3300777,37,6644725
2025-04-19 02:09:57,1302,level_complete,9116,2,481252,0,3658201,3301387,62,6645933
2025-04-19 02:09:58,1302,level_complete,9117,3,481255,0,3658269,3301418,149,6646179
2025-04-19 02:09:59,1302,level_complete,9118,4,481277,0,3658426,3301567,29,6646407
2025-04-19 02:09:59,1302,level_complete,9119,5,481282,0,3658547,3301640,96,6646687
2025-04-19 02:10:00,1302,level_complete,9120,6,481285,0,3658609,3301688,55,6646810
2025-04-19 02:10:00,1302,level_complete,9121,7,481291,0,3658725,3301764,143,6647297
2025-04-19 02:10:00,1302,game_complete,-,8,481291,0,3658725,3301764,143,6647297
2025-04-19 02:10:00,1303,level_complete,9122,1,481295,0,3658777,3301817,33,6647356
2025-04-19 02:10:08,1303,level_complete,9123,2,481415,0,3659886,3302803,57,6649042
2025-04-19 02:10:08,1303,level_complete,9124,3,481422,0,3659985,3302867,73,6649326
2025-04-19 02:10:09,1303,level_complete,9125,4,481439,0,3660124,3302978,51,6649543
2025-04-19 02:10:10,1303,level_complete,9126,5,481453,0,3660320,3303096,45,6650071
2025-04-19 02:10:11,1303,level_complete,9127,6,481472,0,3660529,3303253,59,6650507
2025-04-19 02:10:11,1303,level_complete,9128,7,481477,0,3660598,3303301,126,6650701
2025-04-19 02:10:11,1303,game_complete,-,8,481477,0,3660598,3303301,126,6650701
2025-04-19 02:10:14,1304,level_complete,9129,1,481539,0,3660971,3303668,34,6651109
2025-04-19 02:10:18,1304,level_complete,9130,2,481625,0,3661604,3304174,41,6652118
2025-04-19 02:10:18,1304,level_complete,9131,3,481628,0,3661636,3304201,170,6652290
2025-04-19 02:10:21,1304,training_run_ep 501000,-,4,481645,0,3661751,3304295,0,6652450
2025-04-19 02:10:24,1304,level_complete,9132,4,481698,0,3662172,3304682,32,6653061
2025-04-19 02:10:24,1304,level_complete,9133,5,481702,0,3662254,3304733,37,6653242
2025-04-19 02:10:24,1304,level_complete,9134,6,481704,0,3662311,3304771,135,6653413
2025-04-19 02:10:25,1304,level_complete,9135,7,481722,0,3662495,3304894,165,6653986
2025-04-19 02:10:25,1304,game_complete,-,8,481722,0,3662495,3304894,165,6653986
2025-04-19 02:10:29,1305,level_complete,9136,1,481785,0,3663023,3305412,37,6654603
2025-04-19 02:10:34,1305,level_complete,9137,2,481868,0,3663788,3306060,60,6655796
2025-04-19 02:10:35,1305,level_complete,9138,3,481882,0,3663959,3306177,93,6656228
2025-04-19 02:10:35,1305,level_complete,9139,4,481886,0,3664022,3306252,38,6656314
2025-04-19 02:10:36,1305,level_complete,9140,5,481897,0,3664189,3306364,90,6656723
2025-04-19 02:10:37,1305,level_complete,9141,6,481918,0,3664359,3306478,69,6657107
2025-04-19 02:10:39,1305,level_complete,9142,7,481971,0,3664863,3306832,249,6658689
2025-04-19 02:10:39,1305,game_complete,-,8,481971,0,3664863,3306832,249,6658689
2025-04-19 02:10:49,1306,level_complete,9143,1,482086,0,3666050,3308081,35,6660112
2025-04-19 02:10:52,1306,level_complete,9144,2,482123,0,3666522,3308474,77,6660901
2025-04-19 02:10:52,1306,level_complete,9145,3,482126,0,3666567,3308498,61,6661001
2025-04-19 02:10:53,1306,level_complete,9146,4,482138,0,3666706,3308617,32,6661210
2025-04-19 02:10:53,1306,level_complete,9147,5,482144,0,3666824,3308691,79,6661531
2025-04-19 02:10:55,1306,training_run_ep 501500,-,6,482145,0,3666825,3308692,0,6661532
2025-04-19 02:10:56,1306,level_complete,9148,6,482149,0,3666898,3308777,82,6661677
2025-04-19 02:10:59,1306,level_complete,9149,7,482229,0,3667620,3309321,70,6663540
2025-04-19 02:10:59,1306,game_complete,-,8,482229,0,3667620,3309321,70,6663540
2025-04-19 02:11:07,1307,level_complete,9150,1,482403,0,3668677,3310330,37,6664770
2025-04-19 02:11:08,1307,level_complete,9151,2,482415,0,3668842,3310470,47,6665068
2025-04-19 02:11:09,1307,level_complete,9152,3,482428,0,3669039,3310555,163,6665791
2025-04-19 02:11:13,1307,level_complete,9153,4,482535,0,3669719,3311150,30,6666746
2025-04-19 02:11:15,1307,level_complete,9154,5,482578,0,3670142,3311352,71,6667981
2025-04-19 02:11:17,1307,level_complete,9155,6,482640,0,3670740,3311745,63,6669761
2025-04-19 02:11:20,1307,training_run_ep 502000,-,7,482645,0,3670781,3311785,0,6669814
2025-04-19 02:11:20,1307,level_complete,9156,7,482654,0,3670855,3311823,168,6670150
2025-04-19 02:11:20,1307,game_complete,-,8,482654,0,3670855,3311823,168,6670150
2025-04-19 02:11:45,1308,training_run_ep 502500,-,1,483145,0,3673812,3314686,0,6673619
2025-04-19 02:12:07,1308,level_complete,9157,1,483624,0,3676684,3317402,35,6677012
2025-04-19 02:12:10,1308,training_run_ep 503000,-,2,483645,0,3676812,3317504,0,6677219
2025-04-19 02:12:21,1308,level_complete,9158,2,483892,0,3678613,3319007,43,6680191
2025-04-19 02:12:22,1308,level_complete,9159,3,483907,0,3678780,3319102,69,6680719
2025-04-19 02:12:26,1308,level_complete,9160,4,484010,0,3679515,3319736,60,6681806
2025-04-19 02:12:29,1308,level_complete,9161,5,484056,0,3680054,3320033,109,6683381
2025-04-19 02:12:33,1308,training_run_ep 503500,-,6,484145,0,3680702,3320426,0,6685151
2025-04-19 02:12:38,1308,level_complete,9162,6,484343,0,3681949,3321193,83,6688287
2025-04-19 02:12:50,1308,training_run_ep 504000,-,7,484645,0,3684241,3322703,0,6695390
2025-04-19 02:12:52,1308,level_complete,9163,7,484673,0,3684535,3322881,96,6696434
2025-04-19 02:12:52,1308,game_complete,-,8,484673,0,3684535,3322881,96,6696434
2025-04-19 02:13:10,1309,training_run_ep 504500,-,1,485145,0,3686628,3324835,0,6698865
2025-04-19 02:13:27,1309,training_run_ep 505000,-,1,485645,0,3688390,3326498,0,6700918
2025-04-19 02:13:48,1309,training_run_ep 505500,-,1,486145,0,3690786,3328741,0,6703727
2025-04-19 02:14:05,1309,level_complete,9164,1,486584,0,3692962,3330833,34,6706237
2025-04-19 02:14:09,1309,training_run_ep 506000,-,2,486645,0,3693253,3331064,0,6706712
2025-04-19 02:14:14,1309,level_complete,9165,2,486766,0,3694036,3331693,93,6708050
2025-04-19 02:14:14,1309,level_complete,9166,3,486787,0,3694179,3331774,82,6708444
2025-04-19 02:14:16,1309,level_complete,9167,4,486824,0,3694474,3332011,40,6708899
2025-04-19 02:14:17,1309,level_complete,9168,5,486831,0,3694577,3332095,171,6709231
2025-04-19 02:14:17,1309,level_complete,9169,6,486843,0,3694718,3332198,54,6709646
2025-04-19 02:14:17,1309,level_complete,9170,7,486844,0,3694748,3332217,67,6709713
2025-04-19 02:14:17,1309,game_complete,-,8,486844,0,3694748,3332217,67,6709713
2025-04-19 02:14:18,1310,level_complete,9171,1,486845,0,3694778,3332259,37,6709750
2025-04-19 02:14:25,1310,level_complete,9172,2,486999,0,3695872,3333167,71,6711580
2025-04-19 02:14:25,1310,level_complete,9173,3,487010,0,3695980,3333215,175,6711939
2025-04-19 02:14:26,1310,level_complete,9174,4,487030,0,3696112,3333325,32,6712107
2025-04-19 02:14:27,1310,level_complete,9175,5,487052,0,3696387,3333477,68,6713032
2025-04-19 02:14:27,1310,level_complete,9176,6,487068,0,3696566,3333581,66,6713423
2025-04-19 02:14:28,1310,level_complete,9177,7,487074,0,3696621,3333631,113,6713568
2025-04-19 02:14:28,1310,game_complete,-,8,487074,0,3696621,3333631,113,6713568
2025-04-19 02:14:34,1311,training_run_ep 506500,-,1,487145,0,3697134,3334112,0,6714154
2025-04-19 02:14:58,1311,training_run_ep 507000,-,1,487645,0,3699903,3336798,0,6717354
2025-04-19 02:15:02,1311,level_complete,9178,1,487692,0,3700423,3337345,36,6717951
2025-04-19 02:15:05,1311,level_complete,9179,2,487773,0,3700910,3337749,73,6718780
2025-04-19 02:15:08,1311,level_complete,9180,3,487880,0,3701714,3338201,68,6721347
2025-04-19 02:15:19,1311,training_run_ep 507500,-,4,488145,0,3703133,3339371,0,6723454
2025-04-19 02:15:20,1311,level_complete,9181,4,488180,0,3703337,3339541,59,6723819
2025-04-19 02:15:22,1311,level_complete,9182,5,488217,0,3703772,3339773,139,6725385
2025-04-19 02:15:23,1311,level_complete,9183,6,488254,0,3704122,3340001,82,6726238
2025-04-19 02:15:29,1311,level_complete,9184,7,488414,0,3705523,3340922,77,6730664
2025-04-19 02:15:29,1311,game_complete,-,8,488414,0,3705523,3340922,77,6730664
2025-04-19 02:15:41,1312,training_run_ep 508000,-,1,488645,0,3706709,3342099,0,6732067
2025-04-19 02:16:03,1312,training_run_ep 508500,-,1,489145,0,3709221,3344457,0,6735044
2025-04-19 02:16:23,1312,training_run_ep 509000,-,1,489645,0,3711533,3346634,0,6737704
2025-04-19 02:16:38,1312,level_complete,9185,1,489931,0,3713435,3348505,37,6739931
2025-04-19 02:16:41,1312,level_complete,9186,2,489998,0,3713909,3348909,60,6740679
2025-04-19 02:16:43,1312,level_complete,9187,3,490070,0,3714567,3349279,55,6742523
2025-04-19 02:16:48,1312,training_run_ep 509500,-,4,490145,0,3714980,3349634,0,6743133
2025-04-19 02:16:57,1312,level_complete,9188,4,490351,0,3716458,3350927,53,6745384
2025-04-19 02:16:58,1312,level_complete,9189,5,490370,0,3716709,3351060,94,6746073
2025-04-19 02:17:02,1312,level_complete,9190,6,490486,0,3717597,3351659,71,6748267
2025-04-19 02:17:04,1312,level_complete,9191,7,490520,0,3717844,3351859,221,6749005
2025-04-19 02:17:04,1312,game_complete,-,8,490520,0,3717844,3351859,221,6749005
2025-04-19 02:17:09,1313,level_complete,9192,1,490623,0,3718502,3352478,35,6749775
2025-04-19 02:17:12,1313,training_run_ep 510000,-,2,490645,0,3718648,3352590,0,6750001
2025-04-19 02:17:16,1313,level_complete,9193,2,490701,0,3719248,3353149,62,6750925
2025-04-19 02:17:16,1313,level_complete,9194,3,490705,0,3719302,3353192,82,6751086
2025-04-19 02:17:18,1313,level_complete,9195,4,490732,0,3719523,3353392,33,6751396
2025-04-19 02:17:18,1313,level_complete,9196,5,490734,0,3719554,3353411,103,6751500
2025-04-19 02:17:19,1313,level_complete,9197,6,490753,0,3719762,3353543,176,6752004
2025-04-19 02:17:22,1313,level_complete,9198,7,490850,0,3720429,3354022,61,6753659
2025-04-19 02:17:22,1313,game_complete,-,8,490850,0,3720429,3354022,61,6753659
2025-04-19 02:17:38,1314,training_run_ep 510500,-,1,491145,0,3722194,3355711,0,6755689
2025-04-19 02:18:05,1314,training_run_ep 511000,-,1,491645,0,3725527,3358923,0,6759525
2025-04-19 02:18:31,1314,training_run_ep 511500,-,1,492145,0,3728608,3361883,0,6763110
2025-04-19 02:18:35,1314,level_complete,9199,1,492221,0,3729023,3362279,34,6763612
2025-04-19 02:18:48,1314,level_complete,9200,2,492585,0,3731337,3364069,49,6767561
2025-04-19 02:18:49,1314,level_complete,9201,3,492602,0,3731533,3364214,85,6768063
2025-04-19 02:18:54,1314,training_run_ep 512000,-,4,492645,0,3731879,3364513,0,6768547
2025-04-19 02:19:01,1314,level_complete,9202,4,492859,0,3733153,3365551,41,6770496
2025-04-19 02:19:05,1314,level_complete,9203,5,492960,0,3734074,3366141,78,6772690
2025-04-19 02:19:09,1314,level_complete,9204,6,493046,0,3735114,3366728,81,6775537
2025-04-19 02:19:10,1314,level_complete,9205,7,493055,0,3735238,3366797,203,6776152
2025-04-19 02:19:10,1314,game_complete,-,8,493055,0,3735238,3366797,203,6776152
2025-04-19 02:19:16,1315,training_run_ep 512500,-,1,493145,0,3735741,3367270,0,6776735
2025-04-19 02:19:23,1315,level_complete,9206,1,493266,0,3736659,3368187,39,6777812
2025-04-19 02:19:25,1315,level_complete,9207,2,493284,0,3736864,3368391,47,6778128
2025-04-19 02:19:25,1315,level_complete,9208,3,493294,0,3736999,3368477,57,6778458
2025-04-19 02:19:28,1315,level_complete,9209,4,493345,0,3737449,3368895,35,6779067
2025-04-19 02:19:30,1315,level_complete,9210,5,493366,0,3737765,3369083,103,6779881
2025-04-19 02:19:31,1315,level_complete,9211,6,493400,0,3738050,3369302,142,6780457
2025-04-19 02:19:33,1315,level_complete,9212,7,493451,0,3738525,3369645,169,6781912
2025-04-19 02:19:33,1315,game_complete,-,8,493451,0,3738525,3369645,169,6781912
2025-04-19 02:19:40,1316,level_complete,9213,1,493563,0,3739355,3370487,40,6782867
2025-04-19 02:19:42,1316,level_complete,9214,2,493584,0,3739662,3370733,47,6783425
2025-04-19 02:19:42,1316,level_complete,9215,3,493587,0,3739722,3370758,170,6783687
2025-04-19 02:19:42,1316,level_complete,9216,4,493591,0,3739771,3370805,28,6783748
2025-04-19 02:19:43,1316,level_complete,9217,5,493592,0,3739801,3370817,90,6783838
2025-04-19 02:19:43,1316,level_complete,9218,6,493603,0,3739974,3370935,72,6784164
2025-04-19 02:19:43,1316,level_complete,9219,7,493605,0,3740027,3370956,150,6784419
2025-04-19 02:19:43,1316,game_complete,-,8,493605,0,3740027,3370956,150,6784419
2025-04-19 02:19:44,1317,level_complete,9220,1,493607,0,3740063,3371005,39,6784465
2025-04-19 02:19:45,1317,level_complete,9221,2,493612,0,3740168,3371138,57,6784652
2025-04-19 02:19:45,1317,level_complete,9222,3,493613,0,3740198,3371171,82,6784734
2025-04-19 02:19:45,1317,level_complete,9223,4,493614,0,3740223,3371214,42,6784776
2025-04-19 02:19:46,1317,level_complete,9224,5,493622,0,3740353,3371301,71,6785024
2025-04-19 02:19:46,1317,level_complete,9225,6,493624,0,3740384,3371325,66,6785091
2025-04-19 02:19:46,1317,level_complete,9226,7,493626,0,3740415,3371365,44,6785136
2025-04-19 02:19:46,1317,game_complete,-,8,493626,0,3740415,3371365,44,6785136
2025-04-19 02:19:50,1318,training_run_ep 513000,-,1,493645,0,3740623,3371598,0,6785379
2025-04-19 02:19:55,1318,level_complete,9227,1,493684,0,3741179,3372193,35,6786026
2025-04-19 02:19:56,1318,level_complete,9228,2,493686,0,3741228,3372281,46,6786100
2025-04-19 02:19:56,1318,level_complete,9229,3,493687,0,3741258,3372298,75,6786175
2025-04-19 02:19:56,1318,level_complete,9230,4,493692,0,3741325,3372359,54,6786272
2025-04-19 02:19:56,1318,level_complete,9231,5,493693,0,3741355,3372389,87,6786359
2025-04-19 02:19:57,1318,level_complete,9232,6,493694,0,3741385,3372407,63,6786422
2025-04-19 02:19:57,1318,level_complete,9233,7,493698,0,3741488,3372532,67,6786658
2025-04-19 02:19:57,1318,game_complete,-,8,493698,0,3741488,3372532,67,6786658
2025-04-19 02:20:01,1319,level_complete,9234,1,493736,0,3741944,3373018,36,6787168
2025-04-19 02:20:01,1319,level_complete,9235,2,493737,0,3741974,3373055,40,6787208
2025-04-19 02:20:03,1319,level_complete,9236,3,493757,0,3742268,3373252,93,6787970
2025-04-19 02:20:03,1319,level_complete,9237,4,493763,0,3742306,3373290,49,6788032
2025-04-19 02:20:03,1319,level_complete,9238,5,493764,0,3742336,3373313,86,6788118
2025-04-19 02:20:04,1319,level_complete,9239,6,493787,0,3742652,3373497,99,6788955
2025-04-19 02:20:05,1319,level_complete,9240,7,493788,0,3742682,3373516,241,6789196
2025-04-19 02:20:05,1319,game_complete,-,8,493788,0,3742682,3373516,241,6789196
2025-04-19 02:20:10,1320,level_complete,9241,1,493868,0,3743385,3374205,38,6790027
2025-04-19 02:20:12,1320,level_complete,9242,2,493895,0,3743654,3374455,38,6790448
2025-04-19 02:20:13,1320,level_complete,9243,3,493908,0,3743828,3374555,109,6791019
2025-04-19 02:20:14,1320,level_complete,9244,4,493923,0,3743999,3374728,34,6791257
2025-04-19 02:20:14,1320,level_complete,9245,5,493935,0,3744136,3374803,79,6791688
2025-04-19 02:20:16,1320,level_complete,9246,6,493959,0,3744440,3375015,91,6792611
2025-04-19 02:20:16,1320,level_complete,9247,7,493961,0,3744487,3375043,67,6792764
2025-04-19 02:20:16,1320,game_complete,-,8,493961,0,3744487,3375043,67,6792764
2025-04-19 02:20:19,1321,level_complete,9248,1,494001,0,3744850,3375422,39,6793199
2025-04-19 02:20:26,1321,level_complete,9249,2,494110,0,3745814,3376353,51,6794745
2025-04-19 02:20:26,1321,level_complete,9250,3,494112,0,3745873,3376377,81,6795111
2025-04-19 02:20:26,1321,level_complete,9251,4,494114,0,3745902,3376398,38,6795153
2025-04-19 02:20:26,1321,level_complete,9252,5,494117,0,3745941,3376435,46,6795214
2025-04-19 02:20:27,1321,level_complete,9253,6,494119,0,3745987,3376480,47,6795309
2025-04-19 02:20:30,1321,training_run_ep 513500,-,7,494145,0,3746288,3376698,0,6796177
2025-04-19 02:20:31,1321,level_complete,9254,7,494159,0,3746506,3376874,105,6796731
2025-04-19 02:20:31,1321,game_complete,-,8,494159,0,3746506,3376874,105,6796731
2025-04-19 02:20:37,1322,level_complete,9255,1,494270,0,3747290,3377626,34,6797660
2025-04-19 02:20:38,1322,level_complete,9256,2,494271,0,3747320,3377648,52,6797712
2025-04-19 02:20:38,1322,level_complete,9257,3,494276,0,3747414,3377710,46,6798028
2025-04-19 02:20:39,1322,level_complete,9258,4,494315,0,3747651,3377904,40,6798394
2025-04-19 02:20:40,1322,level_complete,9259,5,494321,0,3747740,3377963,74,6798680
2025-04-19 02:20:40,1322,level_complete,9260,6,494328,0,3747843,3378039,79,6798991
2025-04-19 02:20:40,1322,level_complete,9261,7,494329,0,3747873,3378057,112,6799103
2025-04-19 02:20:40,1322,game_complete,-,8,494329,0,3747873,3378057,112,6799103
2025-04-19 02:20:45,1323,level_complete,9262,1,494397,0,3748460,3378644,33,6799797
2025-04-19 02:20:46,1323,level_complete,9263,2,494421,0,3748647,3378835,41,6800033
2025-04-19 02:20:47,1323,level_complete,9264,3,494425,0,3748701,3378877,83,6800188
2025-04-19 02:20:47,1323,level_complete,9265,4,494436,0,3748802,3378978,37,6800318
2025-04-19 02:20:48,1323,level_complete,9266,5,494438,0,3748835,3379002,83,6800404
2025-04-19 02:20:49,1323,level_complete,9267,6,494463,0,3749114,3379207,153,6801049
2025-04-19 02:20:50,1323,level_complete,9268,7,494480,0,3749294,3379354,137,6801500
2025-04-19 02:20:50,1323,game_complete,-,8,494480,0,3749294,3379354,137,6801500
2025-04-19 02:20:54,1324,level_complete,9269,1,494553,0,3749802,3379838,32,6802092
2025-04-19 02:20:58,1324,level_complete,9270,2,494629,0,3750474,3380409,49,6803227
2025-04-19 02:21:01,1324,training_run_ep 514000,-,3,494645,0,3750595,3380492,0,6803480
2025-04-19 02:21:01,1324,level_complete,9271,3,494651,0,3750716,3380581,36,6803759
2025-04-19 02:21:01,1324,level_complete,9272,4,494652,0,3750741,3380599,42,6803801
2025-04-19 02:21:02,1324,level_complete,9273,5,494662,0,3750898,3380689,66,6804200
2025-04-19 02:21:02,1324,level_complete,9274,6,494665,0,3750938,3380714,84,6804298
2025-04-19 02:21:02,1324,level_complete,9275,7,494668,0,3750975,3380748,56,6804362
2025-04-19 02:21:02,1324,game_complete,-,8,494668,0,3750975,3380748,56,6804362
2025-04-19 02:21:04,1325,level_complete,9276,1,494678,0,3751144,3380974,35,6804567
2025-04-19 02:21:07,1325,level_complete,9277,2,494709,0,3751617,3381383,56,6805349
2025-04-19 02:21:08,1325,level_complete,9278,3,494718,0,3751747,3381455,75,6805688
2025-04-19 02:21:08,1325,level_complete,9279,4,494719,0,3751772,3381478,34,6805722
2025-04-19 02:21:08,1325,level_complete,9280,5,494721,0,3751804,3381493,94,6805818
2025-04-19 02:21:08,1325,level_complete,9281,6,494723,0,3751837,3381511,86,6805908
2025-04-19 02:21:08,1325,level_complete,9282,7,494729,0,3751935,3381584,53,6806136
2025-04-19 02:21:08,1325,game_complete,-,8,494729,0,3751935,3381584,53,6806136
2025-04-19 02:21:09,1326,level_complete,9283,1,494730,0,3751965,3381626,33,6806169
2025-04-19 02:21:09,1326,level_complete,9284,2,494735,0,3752054,3381702,68,6806372
2025-04-19 02:21:10,1326,level_complete,9285,3,494739,0,3752151,3381771,62,6806588
2025-04-19 02:21:10,1326,level_complete,9286,4,494740,0,3752176,3381807,35,6806623
2025-04-19 02:21:11,1326,level_complete,9287,5,494748,0,3752339,3381921,104,6807050
2025-04-19 02:21:11,1326,level_complete,9288,6,494749,0,3752369,3381948,80,6807130
2025-04-19 02:21:11,1326,level_complete,9289,7,494759,0,3752531,3382024,142,6807878
2025-04-19 02:21:11,1326,game_complete,-,8,494759,0,3752531,3382024,142,6807878
2025-04-19 02:21:13,1327,level_complete,9290,1,494767,0,3752656,3382197,30,6808032
2025-04-19 02:21:13,1327,level_complete,9291,2,494769,0,3752699,3382227,56,6808125
2025-04-19 02:21:15,1327,level_complete,9292,3,494815,0,3753214,3382511,124,6809831
2025-04-19 02:21:15,1327,level_complete,9293,4,494820,0,3753258,3382561,31,6809886
2025-04-19 02:21:16,1327,level_complete,9294,5,494827,0,3753419,3382648,125,6810353
2025-04-19 02:21:19,1327,level_complete,9295,6,494889,0,3754204,3383150,55,6812353
2025-04-19 02:21:25,1327,level_complete,9296,7,495039,0,3755405,3383961,65,6815619
2025-04-19 02:21:25,1327,game_complete,-,8,495039,0,3755405,3383961,65,6815619
2025-04-19 02:21:33,1328,training_run_ep 514500,-,1,495145,0,3756177,3384708,0,6816539
2025-04-19 02:21:39,1328,level_complete,9297,1,495243,0,3756976,3385528,31,6817465
2025-04-19 02:21:44,1328,level_complete,9298,2,495342,0,3757733,3386142,47,6818654
2025-04-19 02:21:44,1328,level_complete,9299,3,495365,0,3757929,3386245,75,6819180
2025-04-19 02:21:48,1328,level_complete,9300,4,495452,0,3758480,3386730,87,6820033
2025-04-19 02:21:49,1328,level_complete,9301,5,495471,0,3758669,3386830,58,6820515
2025-04-19 02:21:49,1328,level_complete,9302,6,495479,0,3758792,3386888,153,6820988
2025-04-19 02:21:56,1328,training_run_ep 515000,-,7,495645,0,3759940,3387727,0,6823997
2025-04-19 02:22:00,1328,level_complete,9303,7,495751,0,3760662,3388220,172,6826134
2025-04-19 02:22:00,1328,game_complete,-,8,495751,0,3760662,3388220,172,6826134
2025-04-19 02:22:01,1329,level_complete,9304,1,495766,0,3760798,3388359,35,6826292
2025-04-19 02:22:07,1329,level_complete,9305,2,495882,0,3761805,3389209,61,6827936
2025-04-19 02:22:08,1329,level_complete,9306,3,495892,0,3761970,3389291,95,6828421
2025-04-19 02:22:12,1329,level_complete,9307,4,496036,0,3762610,3389844,31,6829339
2025-04-19 02:22:17,1329,training_run_ep 515500,-,5,496145,0,3763449,3390298,0,6831849
2025-04-19 02:22:18,1329,level_complete,9308,5,496168,0,3763623,3390410,82,6832273
2025-04-19 02:22:20,1329,level_complete,9309,6,496228,0,3764075,3390684,75,6833466
2025-04-19 02:22:33,1329,training_run_ep 516000,-,7,496645,0,3766560,3392340,0,6841236
2025-04-19 02:22:34,1329,level_complete,9310,7,496662,0,3766693,3392439,60,6841573
2025-04-19 02:22:34,1329,game_complete,-,8,496662,0,3766693,3392439,60,6841573
2025-04-19 02:22:51,1330,training_run_ep 516500,-,1,497145,0,3768674,3394290,0,6843815
2025-04-19 02:23:07,1330,training_run_ep 517000,-,1,497645,0,3770392,3395877,0,6845798
2025-04-19 02:23:25,1330,training_run_ep 517500,-,1,498145,0,3772453,3397763,0,6848193
2025-04-19 02:23:42,1330,training_run_ep 518000,-,1,498645,0,3774248,3399433,0,6850268
2025-04-19 02:23:59,1330,training_run_ep 518500,-,1,499145,0,3776059,3401139,0,6852302
2025-04-19 02:24:17,1330,training_run_ep 519000,-,1,499645,0,3778137,3403036,0,6854705
2025-04-19 02:24:21,1330,level_complete,9311,1,499783,0,3778730,3403615,37,6855393
2025-04-19 02:24:33,1330,training_end_ep 519356,-,2,500001,0,3780277,3404911,0,6858029
2025-04-19 19:28:37,0,crash,-,7,1,0,0,0,0,0
2025-04-19 19:28:56,0,crash,-,1,1,0,0,0,0,0
2025-04-19 19:29:20,0,crash,-,1,1,0,0,0,0,0
2025-04-19 19:42:10,0,quit_button,-,2,22,0,114,108,5,184
2025-04-19 19:45:20,0,quit_button,-,7,12,0,103,101,0,222
2025-04-19 19:47:19,0,quit_button,-,5,15,0,123,57,39,406
