timestamp,game_id,event,level_logged,current_level,attempts_so_far,restart_attempts,total_bricks_destroyed,total_paddle_hits,points_curr,total_points
2025-04-19 22:20:16,0,training_run_ep 500,-,1,501,0,92,90,0,94
2025-04-19 22:20:19,0,training_run_ep 1000,-,1,1001,0,281,275,0,295
2025-04-19 22:20:23,0,training_run_ep 1500,-,1,1501,0,510,507,0,528
2025-04-19 22:20:27,0,training_run_ep 2000,-,1,2001,0,729,728,0,755
2025-04-19 22:20:32,0,training_run_ep 2500,-,1,2501,0,1099,1064,0,1177
2025-04-19 22:20:38,0,training_run_ep 3000,-,1,3001,0,1549,1500,0,1677
2025-04-19 22:20:44,0,training_run_ep 3500,-,1,3501,0,2123,2069,0,2296
2025-04-19 22:21:03,0,training_run_ep 4000,-,1,4001,0,2884,4194,0,3121
2025-04-19 22:21:12,0,training_run_ep 4500,-,1,4501,0,3699,4986,0,4022
2025-04-19 22:21:21,0,training_run_ep 5000,-,1,5001,0,4690,5945,0,5117
2025-04-19 22:21:31,0,training_run_ep 5500,-,1,5501,0,5624,6843,0,6162
2025-04-19 22:21:41,0,training_run_ep 6000,-,1,6001,0,6709,7916,0,7385
2025-04-19 22:21:53,0,training_run_ep 6500,-,1,6501,0,7969,9134,0,8803
2025-04-19 22:22:04,0,training_run_ep 7000,-,1,7001,0,9108,10234,0,10115
2025-04-19 22:22:13,0,training_run_ep 7500,-,1,7501,0,10096,11173,0,11190
2025-04-19 22:22:24,0,training_run_ep 8000,-,1,8001,0,11192,12264,0,12425
2025-04-19 22:22:33,0,training_run_ep 8500,-,1,8501,0,12210,13212,0,13559
2025-04-19 22:22:43,0,training_run_ep 9000,-,1,9001,0,13369,14271,0,14912
2025-04-19 22:22:54,0,training_run_ep 9500,-,1,9501,0,14562,15396,0,16288
2025-04-19 22:23:04,0,training_run_ep 10000,-,1,10001,0,15631,16404,0,17488
2025-04-19 22:23:18,0,training_run_ep 10500,-,1,10501,0,16992,17893,0,18997
2025-04-19 22:24:06,0,training_run_ep 11000,-,1,11001,0,18165,23311,0,20311
2025-04-19 22:24:40,0,training_run_ep 11500,-,1,11501,0,19477,27141,0,21766
2025-04-19 22:24:45,0,level_complete,1,1,11693,0,20127,27747,39,22535
2025-04-19 22:24:49,0,level_complete,2,2,11861,0,20704,28178,122,23578
2025-04-19 22:24:52,0,training_run_ep 12000,-,3,12001,0,21399,28565,0,25627
2025-04-19 22:24:54,0,level_complete,3,3,12159,0,22076,28912,159,27850
2025-04-19 22:25:01,0,training_run_ep 12500,-,4,12501,0,23046,29707,0,29366
2025-04-19 22:25:10,0,level_complete,4,4,12901,0,24311,30758,35,31228
2025-04-19 22:25:13,0,training_run_ep 13000,-,5,13001,0,24958,31138,0,33500
2025-04-19 22:25:16,0,level_complete,5,5,13127,0,25939,31589,205,36948
2025-04-19 22:25:18,0,level_complete,6,6,13188,0,26493,31913,306,38638
2025-04-19 22:25:21,0,level_complete,7,7,13307,0,26960,32392,306,39991
2025-04-19 22:25:21,0,game_complete,-,8,13307,0,26960,32392,306,39991
2025-04-19 22:25:31,1,training_run_ep 13500,-,1,13501,0,27807,33490,0,40977
2025-04-19 22:26:44,1,training_run_ep 14000,-,1,14001,0,29400,41856,0,42780
2025-04-19 22:27:00,1,training_run_ep 14500,-,1,14501,0,31135,43573,0,44750
2025-04-19 22:27:12,1,training_run_ep 15000,-,1,15001,0,32590,44935,0,46418
2025-04-19 22:27:27,1,training_run_ep 15500,-,1,15501,0,34265,46533,0,48323
2025-04-19 22:27:44,1,training_run_ep 16000,-,1,16001,0,35513,48435,0,49726
2025-04-19 22:28:06,1,training_run_ep 16500,-,1,16501,0,36775,50803,0,51155
2025-04-19 22:28:19,1,training_run_ep 17000,-,1,17001,0,38324,52233,0,52934
2025-04-19 22:28:54,1,training_run_ep 17500,-,1,17501,0,40273,56121,0,55226
2025-04-19 22:29:07,1,level_complete,8,1,17864,0,41813,57602,42,57043
2025-04-19 22:29:11,1,training_run_ep 18000,-,2,18001,0,42221,58053,0,57690
2025-04-19 22:29:23,1,training_run_ep 18500,-,2,18501,0,43912,59459,0,60578
2025-04-19 22:29:31,1,level_complete,9,2,18882,0,45125,60403,76,62557
2025-04-19 22:29:32,1,level_complete,10,3,18926,0,45329,60517,93,63060
2025-04-19 22:29:34,1,training_run_ep 19000,-,4,19001,0,45650,60806,0,63473
2025-04-19 22:29:36,1,level_complete,11,4,19037,0,45925,61042,72,63941
2025-04-19 22:29:36,1,level_complete,12,5,19041,0,45962,61068,50,63999
2025-04-19 22:29:40,1,level_complete,13,6,19145,0,46797,61557,60,65938
2025-04-19 23:33:55,1,quit,-,7,19167,0,46959,61663,98,66588
2025-04-19 23:34:04,0,training_run_ep 19500,-,1,336,0,560,503,0,693
2025-04-19 23:34:21,0,training_run_ep 20000,-,1,836,0,2539,2398,0,2977
2025-04-19 23:34:42,0,training_run_ep 20500,-,1,1336,0,4734,4817,0,5466
2025-04-19 23:34:54,0,level_complete,1,1,1603,0,6140,6236,34,7085
2025-04-19 23:35:06,0,training_run_ep 21000,-,2,1836,0,7998,7774,0,10271
2025-04-19 23:35:09,0,level_complete,2,2,1931,0,8559,8188,76,11333
2025-04-19 23:35:10,0,level_complete,3,3,1936,0,8595,8285,55,11394
2025-04-19 23:35:10,0,level_complete,4,4,1939,0,8629,8323,33,11437
2025-04-19 23:35:11,0,level_complete,5,5,1966,0,8928,8492,57,12277
2025-04-19 23:35:12,0,level_complete,6,6,1978,0,9092,8574,97,12754
2025-04-19 23:35:13,0,level_complete,7,7,1992,0,9274,8739,62,13209
2025-04-19 23:35:13,0,game_complete,-,8,1992,0,9274,8739,62,13209
2025-04-19 23:35:30,1,training_run_ep 21500,-,1,2336,0,10965,10742,0,15188
2025-04-19 23:35:54,1,level_complete,8,1,2798,0,13035,13613,39,17607
2025-04-19 23:35:54,1,level_complete,9,2,2811,0,13170,13724,45,17807
2025-04-19 23:35:55,1,level_complete,10,3,2833,0,13396,13837,61,18519
2025-04-19 23:35:56,1,training_run_ep 22000,-,4,2836,0,13436,13879,0,18570
2025-04-19 23:35:57,1,level_complete,11,4,2862,0,13606,14030,30,18787
2025-04-19 23:35:58,1,level_complete,12,5,2890,0,13906,14204,107,19578
2025-04-19 23:36:06,1,level_complete,13,6,3157,0,16013,15251,145,25877
2025-04-19 23:36:07,1,level_complete,14,7,3196,0,16239,15373,164,26885
2025-04-19 23:36:07,1,game_complete,-,8,3196,0,16239,15373,164,26885
2025-04-19 23:36:12,2,training_run_ep 22500,-,1,3336,0,16760,15985,0,27505
2025-04-19 23:36:29,2,training_run_ep 23000,-,1,3836,0,18048,17887,0,28945
2025-04-19 23:36:42,2,level_complete,15,1,4230,0,19716,19490,35,30856
2025-04-19 23:36:46,2,training_run_ep 23500,-,2,4336,0,20256,19959,0,31659
2025-04-19 23:37:10,2,level_complete,16,2,4792,0,22587,22914,41,35334
2025-04-19 23:37:11,2,level_complete,17,3,4801,0,22707,23009,104,35689
2025-04-19 23:37:11,2,level_complete,18,4,4814,0,22788,23084,31,35785
2025-04-19 23:37:12,2,level_complete,19,5,4823,0,22866,23132,47,35996
2025-04-19 23:37:12,2,level_complete,20,6,4829,0,22923,23167,94,36130
2025-04-19 23:37:12,2,training_run_ep 24000,-,7,4836,0,22931,23175,0,36141
2025-04-19 23:37:45,2,level_complete,21,7,5281,0,25540,27341,55,44662
2025-04-19 23:37:45,2,game_complete,-,8,5281,0,25540,27341,55,44662
2025-04-19 23:37:47,3,training_run_ep 24500,-,1,5336,0,25752,27543,0,44903
2025-04-19 23:37:59,3,training_run_ep 25000,-,1,5836,0,27192,28946,0,46621
2025-04-19 23:38:14,3,training_run_ep 25500,-,1,6336,0,28987,30635,0,48680
2025-04-19 23:38:37,3,training_run_ep 26000,-,1,6836,0,31762,33399,0,51912
2025-04-19 23:39:24,3,training_run_ep 26500,-,1,7336,0,35068,39225,0,55853
2025-04-19 23:39:37,3,training_run_ep 27000,-,1,7836,0,36423,40628,0,57486
2025-04-19 23:40:12,3,training_run_ep 27500,-,1,8336,0,38126,44779,0,59458
2025-04-19 23:40:27,3,training_run_ep 28000,-,1,8836,0,39802,46390,0,61381
2025-04-19 23:40:46,3,level_complete,22,1,9207,0,42058,48681,32,64030
2025-04-19 23:40:47,3,level_complete,23,2,9224,0,42266,48841,50,64376
2025-04-19 23:40:47,3,level_complete,24,3,9225,0,42296,48870,74,64450
2025-04-19 23:40:47,3,level_complete,25,4,9227,0,42325,48898,28,64482
2025-04-19 23:40:48,3,level_complete,26,5,9231,0,42389,48948,64,64708
2025-04-19 23:40:49,3,level_complete,27,6,9236,0,42517,49061,60,64959
2025-04-19 23:40:49,3,level_complete,28,7,9239,0,42560,49113,69,65045
2025-04-19 23:40:49,3,game_complete,-,8,9239,0,42560,49113,69,65045
2025-04-19 23:40:51,4,level_complete,29,1,9250,0,42808,49395,32,65351
2025-04-19 23:40:53,4,level_complete,30,2,9264,0,43067,49639,45,65757
2025-04-19 23:40:54,4,level_complete,31,3,9273,0,43241,49747,45,66217
2025-04-19 23:40:54,4,level_complete,32,4,9274,0,43266,49780,36,66253
2025-04-19 23:40:55,4,level_complete,33,5,9282,0,43406,49895,115,66823
2025-04-19 23:40:56,4,level_complete,34,6,9297,0,43625,50006,97,67596
2025-04-19 23:40:58,4,training_run_ep 28500,-,7,9336,0,43933,50283,0,68550
2025-04-19 23:41:02,4,level_complete,35,7,9438,0,44729,50922,49,70795
2025-04-19 23:41:02,4,game_complete,-,8,9438,0,44729,50922,49,70795
2025-04-19 23:41:07,5,level_complete,36,1,9526,0,45437,51584,37,71640
2025-04-19 23:41:08,5,level_complete,37,2,9535,0,45547,51690,64,71819
2025-04-19 23:41:08,5,level_complete,38,3,9539,0,45586,51711,95,71924
2025-04-19 23:41:09,5,level_complete,39,4,9554,0,45744,51856,36,72141
2025-04-19 23:41:09,5,level_complete,40,5,9556,0,45802,51880,114,72327
2025-04-19 23:41:10,5,level_complete,41,6,9557,0,45832,51894,112,72439
2025-04-19 23:41:10,5,level_complete,42,7,9577,0,46047,52030,112,73057
2025-04-19 23:41:10,5,game_complete,-,8,9577,0,46047,52030,112,73057
2025-04-19 23:41:11,6,level_complete,43,1,9580,0,46107,52093,33,73128
2025-04-19 23:41:21,6,level_complete,44,2,9684,0,47173,53384,38,74940
2025-04-19 23:41:23,6,level_complete,45,3,9742,0,47704,53681,69,76479
2025-04-19 23:41:26,6,level_complete,46,4,9809,0,48198,54118,34,77249
2025-04-19 23:41:27,6,level_complete,47,5,9815,0,48292,54178,47,77518
2025-04-19 23:41:28,6,level_complete,48,6,9832,0,48562,54339,66,78253
2025-04-19 23:41:29,6,training_run_ep 29000,-,7,9836,0,48585,54360,0,78293
2025-04-19 23:41:30,6,level_complete,49,7,9898,0,49054,54632,139,80113
2025-04-19 23:41:30,6,game_complete,-,8,9898,0,49054,54632,139,80113
2025-04-19 23:41:44,7,training_run_ep 29500,-,1,10336,0,50717,56210,0,82074
2025-04-19 23:41:48,7,level_complete,50,1,10358,0,50851,56697,30,82233
2025-04-19 23:41:51,7,level_complete,51,2,10424,0,51219,56976,84,83002
2025-04-19 23:41:51,7,level_complete,52,3,10425,0,51249,57008,111,83113
2025-04-19 23:41:57,7,level_complete,53,4,10644,0,52314,57886,40,84695
2025-04-19 23:41:58,7,level_complete,54,5,10645,0,52344,57912,45,84740
2025-04-19 23:41:58,7,level_complete,55,6,10646,0,52374,57935,50,84790
2025-04-19 23:41:59,7,level_complete,56,7,10688,0,52696,58177,100,85752
2025-04-19 23:41:59,7,game_complete,-,8,10688,0,52696,58177,100,85752
2025-04-19 23:42:06,8,training_run_ep 30000,-,1,10836,0,53474,58960,0,86656
2025-04-19 23:42:12,8,level_complete,57,1,10940,0,54194,59686,38,87498
2025-04-19 23:42:13,8,level_complete,58,2,10963,0,54412,59890,54,87825
2025-04-19 23:42:14,8,level_complete,59,3,10964,0,54442,59919,56,87881
2025-04-19 23:42:14,8,level_complete,60,4,10965,0,54467,59946,34,87915
2025-04-19 23:42:15,8,level_complete,61,5,10977,0,54678,60103,45,88501
2025-04-19 23:42:15,8,level_complete,62,6,10980,0,54710,60128,66,88569
2025-04-19 23:42:18,8,level_complete,63,7,11020,0,55224,60589,77,90089
2025-04-19 23:42:18,8,game_complete,-,8,11020,0,55224,60589,77,90089
2025-04-19 23:42:19,9,level_complete,64,1,11023,0,55278,60640,37,90152
2025-04-19 23:42:20,9,level_complete,65,2,11040,0,55540,60858,46,90590
2025-04-19 23:42:20,9,level_complete,66,3,11041,0,55570,60874,93,90683
2025-04-19 23:42:21,9,level_complete,67,4,11045,0,55629,60914,51,90783
2025-04-19 23:42:21,9,level_complete,68,5,11048,0,55710,60985,70,91000
2025-04-19 23:42:21,9,level_complete,69,6,11049,0,55740,61000,113,91113
2025-04-19 23:42:21,9,level_complete,70,7,11052,0,55788,61052,77,91224
2025-04-19 23:42:21,9,game_complete,-,8,11052,0,55788,61052,77,91224
2025-04-19 23:42:23,10,level_complete,71,1,11060,0,55930,61197,37,91404
2025-04-19 23:42:23,10,level_complete,72,2,11061,0,55960,61216,48,91452
2025-04-19 23:42:23,10,level_complete,73,3,11064,0,56007,61239,67,91581
2025-04-19 23:42:23,10,level_complete,74,4,11068,0,56067,61290,41,91671
2025-04-19 23:42:24,10,level_complete,75,5,11075,0,56157,61364,70,91859
2025-04-19 23:42:24,10,level_complete,76,6,11079,0,56228,61426,54,92023
2025-04-19 23:42:24,10,level_complete,77,7,11080,0,56258,61446,152,92175
2025-04-19 23:42:24,10,game_complete,-,8,11080,0,56258,61446,152,92175
2025-04-19 23:42:27,11,level_complete,78,1,11101,0,56450,61729,36,92400
2025-04-19 23:42:31,11,level_complete,79,2,11158,0,57087,62281,62,93443
2025-04-19 23:42:32,11,level_complete,80,3,11172,0,57300,62417,60,93983
2025-04-19 23:42:32,11,level_complete,81,4,11181,0,57382,62491,28,94084
2025-04-19 23:42:32,11,level_complete,82,5,11184,0,57442,62545,85,94265
2025-04-19 23:42:33,11,level_complete,83,6,11186,0,57478,62574,106,94380
2025-04-19 23:42:33,11,level_complete,84,7,11188,0,57533,62605,82,94537
2025-04-19 23:42:33,11,game_complete,-,8,11188,0,57533,62605,82,94537
2025-04-19 23:42:35,12,level_complete,85,1,11207,0,57819,62930,35,94890
2025-04-19 23:42:36,12,level_complete,86,2,11209,0,57852,62971,51,94944
2025-04-19 23:42:36,12,level_complete,87,3,11218,0,57989,63056,52,95265
2025-04-19 23:43:02,12,level_complete,88,4,11223,0,58026,66311,35,95313
2025-04-19 23:43:02,12,level_complete,89,5,11226,0,58075,66337,60,95448
2025-04-19 23:43:03,12,level_complete,90,6,11234,0,58250,66438,62,95896
2025-04-19 23:43:04,12,level_complete,91,7,11247,0,58407,66554,96,96464
2025-04-19 23:43:04,12,game_complete,-,8,11247,0,58407,66554,96,96464
2025-04-19 23:43:04,13,level_complete,92,1,11255,0,58499,66660,36,96570
2025-04-19 23:43:05,13,level_complete,93,2,11256,0,58529,66704,62,96632
2025-04-19 23:43:05,13,level_complete,94,3,11261,0,58626,66793,91,96973
2025-04-19 23:43:06,13,level_complete,95,4,11264,0,58690,66846,53,97079
2025-04-19 23:43:06,13,level_complete,96,5,11265,0,58720,66869,58,97137
2025-04-19 23:43:06,13,level_complete,97,6,11269,0,58779,66907,57,97266
2025-04-19 23:43:07,13,level_complete,98,7,11274,0,58898,67038,42,97621
2025-04-19 23:43:07,13,game_complete,-,8,11274,0,58898,67038,42,97621
2025-04-19 23:43:08,14,level_complete,99,1,11284,0,59011,67169,32,97745
2025-04-19 23:43:09,14,level_complete,100,2,11287,0,59078,67234,43,97836
2025-04-19 23:43:09,14,level_complete,101,3,11291,0,59119,67270,49,97897
2025-04-19 23:43:11,14,level_complete,102,4,11326,0,59498,67629,50,98440
2025-04-19 23:43:12,14,level_complete,103,5,11327,0,59528,67661,57,98497
2025-04-19 23:43:12,14,level_complete,104,6,11328,0,59558,67695,38,98535
2025-04-19 23:43:12,14,level_complete,105,7,11330,0,59607,67769,112,98680
2025-04-19 23:43:12,14,game_complete,-,8,11330,0,59607,67769,112,98680
2025-04-19 23:43:13,15,level_complete,106,1,11331,0,59637,67815,34,98714
2025-04-19 23:43:13,15,level_complete,107,2,11333,0,59673,67852,45,98771
2025-04-19 23:43:13,15,training_run_ep 30500,-,3,11336,0,59722,67868,0,98996
2025-04-19 23:43:14,15,level_complete,108,3,11342,0,59842,67943,65,99445
2025-04-19 23:43:14,15,level_complete,109,4,11346,0,59887,67974,40,99552
2025-04-19 23:43:14,15,level_complete,110,5,11349,0,59945,68019,95,99733
2025-04-19 23:43:15,15,level_complete,111,6,11352,0,59994,68051,99,99868
2025-04-19 23:43:15,15,level_complete,112,7,11365,0,60153,68183,81,100296
2025-04-19 23:43:15,15,game_complete,-,8,11365,0,60153,68183,81,100296
2025-04-19 23:43:19,16,level_complete,113,1,11433,0,60619,68681,39,100853
2025-04-19 23:43:20,16,level_complete,114,2,11435,0,60664,68714,46,100924
2025-04-19 23:43:20,16,level_complete,115,3,11450,0,60830,68792,187,101578
2025-04-19 23:43:20,16,level_complete,116,4,11451,0,60855,68821,41,101619
2025-04-19 23:43:21,16,level_complete,117,5,11460,0,60957,68878,84,101871
2025-04-19 23:43:23,16,level_complete,118,6,11469,0,61121,69125,69,102224
2025-04-19 23:43:26,16,level_complete,119,7,11546,0,61790,69659,212,104216
2025-04-19 23:43:26,16,game_complete,-,8,11546,0,61790,69659,212,104216
2025-04-19 23:43:37,17,training_run_ep 31000,-,1,11836,0,63142,70894,0,105856
2025-04-19 23:43:41,17,level_complete,120,1,11945,0,63673,71406,35,106479
2025-04-19 23:43:54,17,training_run_ep 31500,-,2,12336,0,65621,73096,0,109516
2025-04-19 23:44:08,17,level_complete,121,2,12722,0,67605,74901,43,112769
2025-04-19 23:44:10,17,level_complete,122,3,12757,0,67892,75117,45,113544
2025-04-19 23:44:13,17,training_run_ep 32000,-,4,12836,0,68329,75449,0,114209
2025-04-19 23:44:26,17,level_complete,123,4,13316,0,70438,77189,33,117355
2025-04-19 23:44:27,17,training_run_ep 32500,-,5,13336,0,70745,77401,0,118158
2025-04-19 23:44:29,17,level_complete,124,5,13361,0,71021,77582,80,118993
2025-04-19 23:44:30,17,level_complete,125,6,13378,0,71277,77735,51,119719
2025-04-19 23:44:30,17,level_complete,126,7,13387,0,71358,77813,94,119911
2025-04-19 23:44:30,17,game_complete,-,8,13387,0,71358,77813,94,119911
2025-04-19 23:44:35,18,level_complete,127,1,13477,0,71980,78413,34,120627
2025-04-19 23:44:38,18,level_complete,128,2,13519,0,72382,78790,37,121240
2025-04-19 23:44:38,18,level_complete,129,3,13520,0,72412,78818,50,121290
2025-04-19 23:44:39,18,level_complete,130,4,13524,0,72468,78886,30,121359
2025-04-19 23:44:41,18,level_complete,131,5,13570,0,73000,79301,51,122463
2025-04-19 23:44:43,18,level_complete,132,6,13599,0,73330,79480,53,123408
2025-04-19 23:44:46,18,level_complete,133,7,13666,0,73953,80020,41,125295
2025-04-19 23:44:46,18,game_complete,-,8,13666,0,73953,80020,41,125295
2025-04-19 23:44:55,19,training_run_ep 33000,-,1,13836,0,75040,81057,0,126583
2025-04-19 23:45:03,19,level_complete,134,1,13921,0,75807,82048,34,127499
2025-04-19 23:45:03,19,level_complete,135,2,13923,0,75847,82076,51,127566
2025-04-19 23:45:03,19,level_complete,136,3,13927,0,75936,82128,178,127937
2025-04-19 23:45:04,19,level_complete,137,4,13929,0,75964,82158,34,127974
2025-04-19 23:45:04,19,level_complete,138,5,13934,0,76032,82209,93,128146
2025-04-19 23:45:04,19,level_complete,139,6,13936,0,76082,82239,59,128238
2025-04-19 23:45:05,19,level_complete,140,7,13944,0,76249,82341,112,128902
2025-04-19 23:45:05,19,game_complete,-,8,13944,0,76249,82341,112,128902
2025-04-19 23:45:06,20,level_complete,141,1,13955,0,76401,82526,43,129093
2025-04-19 23:45:07,20,level_complete,142,2,13956,0,76431,82588,44,129137
2025-04-19 23:45:07,20,level_complete,143,3,13964,0,76579,82659,221,129867
2025-04-19 23:45:11,20,level_complete,144,4,14043,0,77170,83157,37,130735
2025-04-19 23:45:13,20,level_complete,145,5,14109,0,77850,83509,120,132693
2025-04-19 23:45:18,20,level_complete,146,6,14203,0,78982,84119,78,135783
2025-04-19 23:45:19,20,level_complete,147,7,14217,0,79174,84279,106,136474
2025-04-19 23:45:19,20,game_complete,-,8,14217,0,79174,84279,106,136474
2025-04-19 23:45:20,21,level_complete,148,1,14233,0,79320,84427,36,136660
2025-04-19 23:45:33,21,level_complete,149,2,14311,0,79934,86250,71,137781
2025-04-19 23:45:34,21,level_complete,150,3,14312,0,79964,86268,104,137885
2025-04-19 23:45:35,21,training_run_ep 33500,-,4,14336,0,80116,86401,0,138141
2025-04-19 23:45:36,21,level_complete,151,4,14358,0,80221,86484,34,138282
2025-04-19 23:45:37,21,level_complete,152,5,14389,0,80464,86631,73,138996
2025-04-19 23:45:37,21,level_complete,153,6,14399,0,80535,86669,125,139231
2025-04-19 23:45:38,21,level_complete,154,7,14422,0,80701,86811,81,139652
2025-04-19 23:45:38,21,game_complete,-,8,14422,0,80701,86811,81,139652
2025-04-19 23:45:40,22,level_complete,155,1,14474,0,81018,87140,37,140010
2025-04-19 23:45:43,22,level_complete,156,2,14526,0,81366,87462,43,140622
2025-04-19 23:45:43,22,level_complete,157,3,14538,0,81508,87552,66,140976
2025-04-19 23:45:44,22,level_complete,158,4,14559,0,81627,87646,54,141174
2025-04-19 23:45:47,22,level_complete,159,5,14621,0,82170,87978,330,142971
2025-04-19 23:46:13,22,training_run_ep 34000,-,6,14836,0,83778,91365,0,147586
2025-04-19 23:46:15,22,level_complete,160,6,14918,0,84435,91680,81,149455
2025-04-19 23:46:15,22,level_complete,161,7,14920,0,84472,91702,79,149556
2025-04-19 23:46:15,22,game_complete,-,8,14920,0,84472,91702,79,149556
2025-04-19 23:46:24,23,training_run_ep 34500,-,1,15336,0,85468,92661,0,150646
2025-04-19 23:46:39,23,training_run_ep 35000,-,1,15836,0,87245,94345,0,152712
2025-04-19 23:46:58,23,level_complete,162,1,16310,0,89717,96651,39,155625
2025-04-19 23:46:59,23,training_run_ep 35500,-,2,16336,0,89811,96727,0,155764
2025-04-19 23:47:00,23,level_complete,163,2,16365,0,89996,96918,61,156076
2025-04-19 23:47:01,23,level_complete,164,3,16374,0,90098,96980,82,156346
2025-04-19 23:47:02,23,level_complete,165,4,16405,0,90368,97201,42,156802
2025-04-19 23:47:02,23,level_complete,166,5,16407,0,90401,97218,82,156887
2025-04-19 23:47:03,23,level_complete,167,6,16415,0,90530,97304,73,157220
2025-04-19 23:47:03,23,level_complete,168,7,16427,0,90615,97384,100,157427
2025-04-19 23:47:03,23,game_complete,-,8,16427,0,90615,97384,100,157427
2025-04-19 23:47:05,24,level_complete,169,1,16443,0,90751,97529,37,157586
2025-04-19 23:47:11,24,level_complete,170,2,16595,0,91762,98362,36,159253
2025-04-19 23:47:13,24,level_complete,171,3,16644,0,92274,98615,93,161132
2025-04-19 23:47:15,24,level_complete,172,4,16674,0,92558,98881,34,161591
2025-04-19 23:47:15,24,level_complete,173,5,16693,0,92695,98979,72,162000
2025-04-19 23:47:17,24,level_complete,174,6,16726,0,93025,99233,62,162732
2025-04-19 23:47:20,24,level_complete,175,7,16759,0,93485,99612,82,164072
2025-04-19 23:47:20,24,game_complete,-,8,16759,0,93485,99612,82,164072
2025-04-19 23:47:20,25,level_complete,176,1,16760,0,93515,99654,39,164111
2025-04-19 23:47:22,25,level_complete,177,2,16810,0,93844,99911,44,164629
2025-04-19 23:47:22,25,level_complete,178,3,16813,0,93880,99932,126,164764
2025-04-19 23:47:22,25,level_complete,179,4,16818,0,93930,99976,41,164840
2025-04-19 23:47:22,25,level_complete,180,5,16819,0,93960,99985,139,164979
2025-04-19 23:47:23,25,level_complete,181,6,16833,0,94193,100110,99,165743
2025-04-19 23:47:24,25,training_run_ep 36000,-,7,16836,0,94220,100148,0,165800
2025-04-19 23:47:25,25,level_complete,182,7,16850,0,94432,100268,150,166608
2025-04-19 23:47:25,25,game_complete,-,8,16850,0,94432,100268,150,166608
2025-04-19 23:47:31,26,level_complete,183,1,16970,0,95316,101075,37,167683
2025-04-19 23:47:32,26,level_complete,184,2,16976,0,95405,101171,79,167843
2025-04-19 23:47:33,26,level_complete,185,3,16982,0,95504,101253,151,168207
2025-04-19 23:47:34,26,level_complete,186,4,16999,0,95673,101403,44,168456
2025-04-19 23:47:35,26,level_complete,187,5,17025,0,95978,101595,49,169294
2025-04-19 23:47:36,26,level_complete,188,6,17050,0,96292,101744,106,170307
2025-04-19 23:47:36,26,level_complete,189,7,17054,0,96363,101807,45,170450
2025-04-19 23:47:36,26,game_complete,-,8,17054,0,96363,101807,45,170450
2025-04-19 23:47:45,27,level_complete,190,1,17242,0,97350,102844,41,171602
2025-04-19 23:47:46,27,level_complete,191,2,17255,0,97563,103040,47,171978
2025-04-19 23:47:48,27,level_complete,192,3,17265,0,97763,103212,103,172536
2025-04-19 23:47:48,27,level_complete,193,4,17271,0,97833,103272,39,172636
2025-04-19 23:47:50,27,level_complete,194,5,17284,0,98119,103515,137,173326
2025-04-19 23:47:50,27,level_complete,195,6,17294,0,98262,103612,81,173716
2025-04-19 23:47:52,27,level_complete,196,7,17314,0,98496,103776,87,174596
2025-04-19 23:47:52,27,game_complete,-,8,17314,0,98496,103776,87,174596
2025-04-19 23:47:53,28,training_run_ep 36500,-,1,17336,0,98675,103947,0,174807
2025-04-19 23:48:13,28,training_run_ep 37000,-,1,17836,0,101186,106373,0,177746
2025-04-19 23:48:28,28,level_complete,197,1,18080,0,102923,108158,36,179749
2025-04-19 23:48:40,28,level_complete,198,2,18161,0,103623,109778,35,180858
2025-04-19 23:48:41,28,level_complete,199,3,18162,0,103653,109796,110,180968
2025-04-19 23:48:41,28,level_complete,200,4,18167,0,103694,109845,30,181014
2025-04-19 23:48:42,28,level_complete,201,5,18186,0,104016,110070,130,181939
2025-04-19 23:48:43,28,level_complete,202,6,18195,0,104112,110135,86,182171
2025-04-19 23:48:44,28,level_complete,203,7,18219,0,104405,110339,141,183143
2025-04-19 23:48:44,28,game_complete,-,8,18219,0,104405,110339,141,183143
2025-04-19 23:48:53,29,training_run_ep 37500,-,1,18336,0,105278,111454,0,184186
2025-04-19 23:48:58,29,level_complete,204,1,18397,0,105805,112009,32,184791
2025-04-19 23:48:58,29,level_complete,205,2,18398,0,105835,112031,51,184842
2025-04-19 23:48:58,29,level_complete,206,3,18399,0,105865,112045,143,184985
2025-04-19 23:48:58,29,level_complete,207,4,18400,0,105890,112076,31,185016
2025-04-19 23:48:59,29,level_complete,208,5,18407,0,106012,112137,66,185428
2025-04-19 23:49:34,29,level_complete,209,6,18441,0,106476,116709,47,186513
2025-04-19 23:49:34,29,level_complete,210,7,18444,0,106533,116777,88,186721
2025-04-19 23:49:34,29,game_complete,-,8,18444,0,106533,116777,88,186721
2025-04-19 23:49:38,30,level_complete,211,1,18502,0,107041,117301,33,187323
2025-04-19 23:49:39,30,level_complete,212,2,18506,0,107120,117399,38,187436
2025-04-19 23:49:40,30,level_complete,213,3,18512,0,107259,117490,62,187757
2025-04-19 23:49:42,30,level_complete,214,4,18547,0,107547,117737,33,188157
2025-04-19 23:49:42,30,level_complete,215,5,18553,0,107688,117848,146,188752
2025-04-19 23:49:43,30,level_complete,216,6,18555,0,107718,117883,47,188799
2025-04-19 23:49:44,30,level_complete,217,7,18572,0,107978,118040,287,189930
2025-04-19 23:49:44,30,game_complete,-,8,18572,0,107978,118040,287,189930
2025-04-19 23:49:45,31,level_complete,218,1,18601,0,108105,118187,35,190076
2025-04-19 23:49:51,31,training_run_ep 38000,-,2,18836,0,109075,118903,0,191681
2025-04-19 23:50:06,31,training_run_ep 38500,-,2,19336,0,111222,120681,0,195017
2025-04-19 23:50:16,31,level_complete,219,2,19643,0,112844,122025,113,197726
2025-04-19 23:50:16,31,level_complete,220,3,19647,0,112906,122070,64,197924
2025-04-19 23:50:21,31,level_complete,221,4,19785,0,113602,122657,35,198898
2025-04-19 23:50:21,31,level_complete,222,5,19790,0,113687,122716,66,199078
2025-04-19 23:50:23,31,level_complete,223,6,19832,0,114088,122983,72,199951
2025-04-19 23:50:23,31,training_run_ep 39000,-,7,19836,0,114130,123007,0,200199
2025-04-19 23:50:33,31,level_complete,224,7,20096,0,116072,124402,168,207077
2025-04-19 23:50:33,31,game_complete,-,8,20096,0,116072,124402,168,207077
2025-04-19 23:50:43,32,training_run_ep 39500,-,1,20336,0,117348,125621,0,208576
2025-04-19 23:51:00,32,training_run_ep 40000,-,1,20836,0,119539,127632,0,211230
2025-04-19 23:51:18,32,training_run_ep 40500,-,1,21336,0,121826,129785,0,213924
2025-04-19 23:51:33,32,level_complete,225,1,21637,0,123693,131651,34,216102
2025-04-19 23:51:35,32,level_complete,226,2,21664,0,123898,131816,49,216455
2025-04-19 23:51:35,32,level_complete,227,3,21665,0,123928,131829,143,216598
2025-04-19 23:51:37,32,level_complete,228,4,21709,0,124278,132146,28,217162
2025-04-19 23:51:37,32,level_complete,229,5,21710,0,124308,132179,103,217265
2025-04-19 23:51:38,32,level_complete,230,6,21711,0,124338,132204,55,217320
2025-04-19 23:51:39,32,level_complete,231,7,21728,0,124562,132439,143,218087
2025-04-19 23:51:39,32,game_complete,-,8,21728,0,124562,132439,143,218087
2025-04-19 23:51:40,33,level_complete,232,1,21735,0,124651,132543,36,218189
2025-04-19 23:51:44,33,level_complete,233,2,21785,0,125242,133070,61,219222
2025-04-19 23:51:45,33,level_complete,234,3,21800,0,125444,133211,106,219684
2025-04-19 23:51:45,33,level_complete,235,4,21803,0,125511,133271,36,219778
2025-04-19 23:51:46,33,level_complete,236,5,21810,0,125675,133371,72,220234
2025-04-19 23:51:46,33,level_complete,237,6,21819,0,125784,133430,68,220507
2025-04-19 23:51:48,33,level_complete,238,7,21836,0,125992,133610,53,221200
2025-04-19 23:51:48,33,game_complete,-,8,21836,0,125992,133610,53,221200
2025-04-19 23:51:48,34,training_run_ep 41000,-,1,21836,0,125992,133610,53,221200
2025-04-19 23:51:50,34,level_complete,239,1,21851,0,126219,133875,45,221476
2025-04-19 23:51:52,34,level_complete,240,2,21895,0,126641,134201,40,222233
2025-04-19 23:51:53,34,level_complete,241,3,21899,0,126697,134227,141,222495
2025-04-19 23:51:54,34,level_complete,242,4,21922,0,126948,134428,36,222878
2025-04-19 23:51:55,34,level_complete,243,5,21958,0,127272,134632,58,223645
2025-04-19 23:51:56,34,level_complete,244,6,21973,0,127486,134775,64,224180
2025-04-19 23:52:02,34,level_complete,245,7,22101,0,128590,135681,286,227916
2025-04-19 23:52:02,34,game_complete,-,8,22101,0,128590,135681,286,227916
2025-04-19 23:52:11,35,level_complete,246,1,22191,0,129607,136857,37,229102
2025-04-19 23:52:12,35,level_complete,247,2,22200,0,129707,136923,87,229346
2025-04-19 23:52:12,35,level_complete,248,3,22210,0,129798,136982,103,229551
2025-04-19 23:52:18,35,training_run_ep 41500,-,4,22336,0,130480,137738,0,230575
2025-04-19 23:52:21,35,level_complete,249,4,22405,0,130991,138158,44,231416
2025-04-19 23:52:22,35,level_complete,250,5,22407,0,131026,138213,38,231461
2025-04-19 23:52:22,35,level_complete,251,6,22410,0,131070,138253,58,231539
2025-04-19 23:52:24,35,level_complete,252,7,22447,0,131497,138578,162,233081
2025-04-19 23:52:24,35,game_complete,-,8,22447,0,131497,138578,162,233081
2025-04-19 23:52:24,36,level_complete,253,1,22448,0,131527,138614,37,233118
2025-04-19 23:52:27,36,level_complete,254,2,22516,0,131944,138943,40,233807
2025-04-19 23:52:27,36,level_complete,255,3,22523,0,132011,138968,70,234079
2025-04-19 23:52:29,36,level_complete,256,4,22554,0,132303,139222,40,234540
2025-04-19 23:52:30,36,level_complete,257,5,22567,0,132452,139312,61,234959
2025-04-19 23:52:32,36,level_complete,258,6,22614,0,133076,139650,66,236472
2025-04-19 23:52:33,36,level_complete,259,7,22662,0,133360,139860,222,237409
2025-04-19 23:52:33,36,game_complete,-,8,22662,0,133360,139860,222,237409
2025-04-19 23:52:34,37,level_complete,260,1,22672,0,133457,139961,37,237530
2025-04-19 23:52:35,37,level_complete,261,2,22681,0,133590,140063,47,237775
2025-04-19 23:52:35,37,level_complete,262,3,22683,0,133623,140084,92,237870
2025-04-19 23:52:35,37,level_complete,263,4,22684,0,133648,140104,42,237912
2025-04-19 23:52:37,37,level_complete,264,5,22713,0,133983,140349,141,238696
2025-04-19 23:52:41,37,level_complete,265,6,22804,0,134885,140836,70,241192
2025-04-19 23:52:42,37,training_run_ep 42000,-,7,22836,0,135040,140939,0,241727
2025-04-19 23:52:43,37,level_complete,266,7,22851,0,135223,141106,142,242242
2025-04-19 23:52:43,37,game_complete,-,8,22851,0,135223,141106,142,242242
2025-04-19 23:52:57,38,training_run_ep 42500,-,1,23336,0,136876,142708,0,244171
2025-04-19 23:53:14,38,training_run_ep 43000,-,1,23836,0,138854,144685,0,246391
2025-04-19 23:53:31,38,training_run_ep 43500,-,1,24336,0,140945,146667,0,248830
2025-04-19 23:53:52,38,training_run_ep 44000,-,1,24836,0,143226,149159,0,251430
2025-04-19 23:53:53,38,level_complete,267,1,24860,0,143367,149289,37,251601
2025-04-19 23:54:44,38,level_complete,268,2,25258,0,145806,155843,56,255565
2025-04-19 23:54:44,38,level_complete,269,3,25266,0,145941,155913,223,256082
2025-04-19 23:54:45,38,level_complete,270,4,25275,0,146019,155984,44,256201
2025-04-19 23:54:45,38,level_complete,271,5,25289,0,146218,156095,83,256703
2025-04-19 23:54:46,38,level_complete,272,6,25303,0,146403,156201,42,257247
2025-04-19 23:54:46,38,level_complete,273,7,25304,0,146433,156232,151,257398
2025-04-19 23:54:46,38,game_complete,-,8,25304,0,146433,156232,151,257398
2025-04-19 23:54:48,39,level_complete,274,1,25331,0,146622,156463,34,257617
2025-04-19 23:54:49,39,training_run_ep 44500,-,2,25336,0,146654,156491,0,257653
2025-04-19 23:54:50,39,level_complete,275,2,25357,0,146784,156607,43,257866
2025-04-19 23:54:50,39,level_complete,276,3,25358,0,146814,156625,60,257926
2025-04-19 23:54:51,39,level_complete,277,4,25371,0,146965,156751,36,258168
2025-04-19 23:54:51,39,level_complete,278,5,25383,0,147140,156857,70,258582
2025-04-19 23:54:52,39,level_complete,279,6,25396,0,147311,157000,52,258991
2025-04-19 23:54:54,39,level_complete,280,7,25415,0,147556,157205,73,259831
2025-04-19 23:54:54,39,game_complete,-,8,25415,0,147556,157205,73,259831
2025-04-19 23:54:59,40,level_complete,281,1,25464,0,148054,157859,47,260445
2025-04-19 23:54:59,40,level_complete,282,2,25466,0,148085,157881,53,260499
2025-04-19 23:54:59,40,level_complete,283,3,25468,0,148117,157936,47,260548
2025-04-19 23:55:00,40,level_complete,284,4,25476,0,148183,157997,37,260644
2025-04-19 23:55:00,40,level_complete,285,5,25481,0,148289,158080,65,260857
2025-04-19 23:55:01,40,level_complete,286,6,25483,0,148319,158107,43,260900
2025-04-19 23:55:01,40,level_complete,287,7,25486,0,148358,158145,133,261045
2025-04-19 23:55:01,40,game_complete,-,8,25486,0,148358,158145,133,261045
2025-04-19 23:55:03,41,level_complete,288,1,25505,0,148629,158479,34,261371
2025-04-19 23:55:04,41,level_complete,289,2,25508,0,148675,158533,40,261437
2025-04-19 23:55:05,41,level_complete,290,3,25521,0,148864,158652,64,261955
2025-04-19 23:55:05,41,level_complete,291,4,25522,0,148889,158676,36,261991
2025-04-19 23:55:05,41,level_complete,292,5,25525,0,148926,158698,122,262121
2025-04-19 23:55:05,41,level_complete,293,6,25527,0,148957,158745,85,262207
2025-04-19 23:55:07,41,level_complete,294,7,25557,0,149324,159006,137,263379
2025-04-19 23:55:07,41,game_complete,-,8,25557,0,149324,159006,137,263379
2025-04-19 23:55:08,42,level_complete,295,1,25569,0,149420,159104,37,263495
2025-04-19 23:55:17,42,level_complete,296,2,25803,0,150921,160277,66,266056
2025-04-19 23:55:19,42,training_run_ep 45000,-,3,25836,0,151350,160479,0,267726
2025-04-19 23:55:20,42,level_complete,297,3,25875,0,151774,160706,77,268942
2025-04-19 23:55:24,42,level_complete,298,4,25961,0,152406,161217,43,270007
2025-04-19 23:55:26,42,level_complete,299,5,26018,0,152939,161492,228,271713
2025-04-19 23:55:27,42,level_complete,300,6,26022,0,153012,161562,47,271931
2025-04-19 23:55:27,42,level_complete,301,7,26043,0,153202,161664,190,272727
2025-04-19 23:55:27,42,game_complete,-,8,26043,0,153202,161664,190,272727
2025-04-19 23:55:36,43,training_run_ep 45500,-,1,26336,0,154195,162654,0,273881
2025-04-19 23:55:49,43,training_run_ep 46000,-,1,26836,0,155665,164101,0,275517
2025-04-19 23:56:04,43,training_run_ep 46500,-,1,27336,0,157447,165814,0,277576
2025-04-19 23:56:16,43,level_complete,302,1,27573,0,158943,167253,35,279372
2025-04-19 23:56:18,43,level_complete,303,2,27590,0,159182,167487,40,279782
2025-04-19 23:56:18,43,level_complete,304,3,27591,0,159212,167503,96,279878
2025-04-19 23:56:18,43,level_complete,305,4,27594,0,159259,167547,66,279969
2025-04-19 23:56:18,43,level_complete,306,5,27597,0,159333,167606,77,280214
2025-04-19 23:56:19,43,level_complete,307,6,27600,0,159395,167645,59,280364
2025-04-19 23:56:19,43,level_complete,308,7,27604,0,159475,167720,81,280644
2025-04-19 23:56:19,43,game_complete,-,8,27604,0,159475,167720,81,280644
2025-04-19 23:56:20,44,level_complete,309,1,27607,0,159526,167802,34,280708
2025-04-19 23:56:22,44,level_complete,310,2,27623,0,159714,168029,47,280976
2025-04-19 23:56:22,44,level_complete,311,3,27626,0,159779,168072,46,281097
2025-04-19 23:56:22,44,level_complete,312,4,27630,0,159854,168161,29,281190
2025-04-19 23:56:23,44,level_complete,313,5,27640,0,159970,168233,84,281516
2025-04-19 23:56:23,44,level_complete,314,6,27643,0,160042,168278,149,281763
2025-04-19 23:56:23,44,level_complete,315,7,27646,0,160079,168295,227,281998
2025-04-19 23:56:23,44,game_complete,-,8,27646,0,160079,168295,227,281998
2025-04-19 23:56:25,45,level_complete,316,1,27676,0,160291,168510,41,282241
2025-04-19 23:56:26,45,level_complete,317,2,27684,0,160368,168593,68,282379
2025-04-19 23:56:28,45,level_complete,318,3,27734,0,160934,168964,67,284337
2025-04-19 23:56:29,45,level_complete,319,4,27738,0,161007,169034,36,284437
2025-04-19 23:56:32,45,level_complete,320,5,27778,0,161533,169425,58,285916
2025-04-19 23:56:32,45,level_complete,321,6,27779,0,161563,169444,57,285973
2025-04-19 23:56:34,45,level_complete,322,7,27826,0,162067,169821,60,287776
2025-04-19 23:56:34,45,game_complete,-,8,27826,0,162067,169821,60,287776
2025-04-19 23:56:36,46,training_run_ep 47000,-,1,27836,0,162178,169960,0,287912
2025-04-19 23:56:36,46,level_complete,323,1,27840,0,162239,170023,33,287983
2025-04-19 23:56:37,46,level_complete,324,2,27849,0,162361,170131,42,288156
2025-04-19 23:56:37,46,level_complete,325,3,27850,0,162391,170158,203,288359
2025-04-19 23:56:37,46,level_complete,326,4,27852,0,162418,170197,29,288390
2025-04-19 23:56:39,46,level_complete,327,5,27872,0,162728,170473,70,289337
2025-04-19 23:56:40,46,level_complete,328,6,27892,0,163001,170631,88,290059
2025-04-19 23:56:41,46,level_complete,329,7,27895,0,163041,170671,100,290170
2025-04-19 23:56:41,46,game_complete,-,8,27895,0,163041,170671,100,290170
2025-04-19 23:56:44,47,level_complete,330,1,27936,0,163438,171049,34,290616
2025-04-19 23:56:45,47,level_complete,331,2,27948,0,163633,171203,43,290940
2025-04-19 23:56:45,47,level_complete,332,3,27950,0,163669,171236,60,291006
2025-04-19 23:56:45,47,level_complete,333,4,27951,0,163694,171288,26,291032
2025-04-19 23:56:46,47,level_complete,334,5,27955,0,163750,171345,62,291157
2025-04-19 23:56:47,47,level_complete,335,6,27971,0,164036,171516,53,291941
2025-04-19 23:56:47,47,level_complete,336,7,27975,0,164092,171558,100,292109
2025-04-19 23:56:47,47,game_complete,-,8,27975,0,164092,171558,100,292109
2025-04-19 23:56:48,48,level_complete,337,1,27976,0,164122,171598,32,292141
2025-04-19 23:56:48,48,level_complete,338,2,27977,0,164152,171629,40,292181
2025-04-19 23:56:48,48,level_complete,339,3,27978,0,164182,171645,115,292296
2025-04-19 23:56:48,48,level_complete,340,4,27985,0,164236,171688,40,292372
2025-04-19 23:56:50,48,level_complete,341,5,28008,0,164627,171977,83,293349
2025-04-19 23:56:52,48,level_complete,342,6,28035,0,165116,172277,83,294646
2025-04-19 23:56:53,48,level_complete,343,7,28040,0,165183,172343,152,294878
2025-04-19 23:56:53,48,game_complete,-,8,28040,0,165183,172343,152,294878
2025-04-19 23:56:54,49,level_complete,344,1,28049,0,165313,172519,33,295033
2025-04-19 23:56:55,49,level_complete,345,2,28051,0,165355,172560,38,295084
2025-04-19 23:56:56,49,level_complete,346,3,28064,0,165586,172711,107,295766
2025-04-19 23:56:56,49,level_complete,347,4,28065,0,165611,172733,34,295800
2025-04-19 23:56:57,49,level_complete,348,5,28084,0,165925,172956,135,296618
2025-04-19 23:56:58,49,level_complete,349,6,28089,0,165985,173056,134,296829
2025-04-19 23:56:58,49,level_complete,350,7,28092,0,166023,173089,98,296937
2025-04-19 23:56:58,49,game_complete,-,8,28092,0,166023,173089,98,296937
2025-04-19 23:57:02,50,level_complete,351,1,28146,0,166590,173642,38,297628
2025-04-19 23:57:37,50,training_run_ep 47500,-,2,28336,0,168450,177939,0,300789
2025-04-19 23:57:42,50,level_complete,352,2,28492,0,169235,178559,40,302198
2025-04-19 23:57:43,50,level_complete,353,3,28528,0,169582,178752,76,303218
2025-04-19 23:57:43,50,level_complete,354,4,28532,0,169628,178793,62,303308
2025-04-19 23:57:44,50,level_complete,355,5,28533,0,169658,178834,63,303371
2025-04-19 23:57:45,50,level_complete,356,6,28545,0,169885,178964,107,303956
2025-04-19 23:57:51,50,level_complete,357,7,28711,0,171077,179864,92,307983
2025-04-19 23:57:51,50,game_complete,-,8,28711,0,171077,179864,92,307983
2025-04-19 23:57:53,51,level_complete,358,1,28756,0,171404,180180,36,308362
2025-04-19 23:57:57,51,level_complete,359,2,28820,0,171982,180673,58,309288
2025-04-19 23:57:58,51,level_complete,360,3,28831,0,172186,180828,85,309878
2025-04-19 23:57:58,51,training_run_ep 48000,-,4,28836,0,172199,180840,0,309892
2025-04-19 23:57:59,51,level_complete,361,4,28840,0,172243,180876,37,309954
2025-04-19 23:57:59,51,level_complete,362,5,28844,0,172308,180914,72,310211
2025-04-19 23:57:59,51,level_complete,363,6,28848,0,172356,180955,43,310282
2025-04-19 23:57:59,51,level_complete,364,7,28851,0,172400,181009,81,310408
2025-04-19 23:57:59,51,game_complete,-,8,28851,0,172400,181009,81,310408
2025-04-19 23:58:14,52,level_complete,365,1,29113,0,174316,182899,39,312662
2025-04-19 23:58:16,52,level_complete,366,2,29127,0,174523,183078,46,313001
2025-04-19 23:58:16,52,level_complete,367,3,29135,0,174630,183140,75,313306
2025-04-19 23:58:17,52,level_complete,368,4,29145,0,174730,183266,34,313434
2025-04-19 23:58:17,52,level_complete,369,5,29146,0,174760,183288,47,313481
2025-04-19 23:58:18,52,level_complete,370,6,29151,0,174841,183337,114,313705
2025-04-19 23:58:19,52,level_complete,371,7,29169,0,175106,183507,83,314845
2025-04-19 23:58:19,52,game_complete,-,8,29169,0,175106,183507,83,314845
2025-04-19 23:58:19,53,level_complete,372,1,29175,0,175183,183607,36,314940
2025-04-19 23:58:21,53,level_complete,373,2,29187,0,175390,183782,54,315371
2025-04-19 23:58:22,53,level_complete,374,3,29209,0,175645,183924,46,316238
2025-04-19 23:58:22,53,level_complete,375,4,29216,0,175723,183998,36,316343
2025-04-19 23:58:24,53,level_complete,376,5,29229,0,175977,184222,114,316945
2025-04-19 23:58:24,53,level_complete,377,6,29233,0,176012,184249,63,317013
2025-04-19 23:58:24,53,level_complete,378,7,29236,0,176063,184282,106,317172
2025-04-19 23:58:24,53,game_complete,-,8,29236,0,176063,184282,106,317172
2025-04-19 23:58:26,54,level_complete,379,1,29249,0,176279,184499,39,317443
2025-04-19 23:58:27,54,level_complete,380,2,29263,0,176512,184699,69,317812
2025-04-19 23:58:28,54,level_complete,381,3,29266,0,176566,184740,86,317960
2025-04-19 23:58:28,54,level_complete,382,4,29269,0,176605,184777,32,318012
2025-04-19 23:58:28,54,level_complete,383,5,29270,0,176635,184805,47,318059
2025-04-19 23:58:28,54,level_complete,384,6,29272,0,176666,184836,60,318120
2025-04-19 23:58:29,54,level_complete,385,7,29278,0,176783,184912,74,318500
2025-04-19 23:58:29,54,game_complete,-,8,29278,0,176783,184912,74,318500
2025-04-19 23:58:31,55,level_complete,386,1,29295,0,177025,185227,35,318781
2025-04-19 23:58:32,55,level_complete,387,2,29301,0,177110,185295,56,318917
2025-04-19 23:58:32,55,level_complete,388,3,29302,0,177140,185326,71,318988
2025-04-19 23:58:32,55,level_complete,389,4,29304,0,177175,185355,35,319040
2025-04-19 23:58:32,55,level_complete,390,5,29308,0,177234,185391,105,319207
2025-04-19 23:58:32,55,level_complete,391,6,29309,0,177264,185418,48,319255
2025-04-19 23:58:33,55,level_complete,392,7,29314,0,177354,185486,97,319728
2025-04-19 23:58:33,55,game_complete,-,8,29314,0,177354,185486,97,319728
2025-04-19 23:58:35,56,level_complete,393,1,29335,0,177573,185710,34,319987
2025-04-19 23:58:35,56,level_complete,394,2,29336,0,177603,185800,37,320024
2025-04-19 23:58:36,56,training_run_ep 48500,-,3,29336,0,177603,185800,37,320024
2025-04-19 23:58:36,56,level_complete,395,3,29337,0,177633,185831,66,320090
2025-04-19 23:58:36,56,level_complete,396,4,29339,0,177668,185861,33,320137
2025-04-19 23:58:36,56,level_complete,397,5,29341,0,177705,185891,78,320228
2025-04-19 23:58:36,56,level_complete,398,6,29342,0,177735,185916,57,320285
2025-04-19 23:58:38,56,level_complete,399,7,29360,0,177980,186103,133,321271
2025-04-19 23:58:38,56,game_complete,-,8,29360,0,177980,186103,133,321271
2025-04-19 23:58:38,57,level_complete,400,1,29363,0,178030,186189,36,321340
2025-04-19 23:58:41,57,level_complete,401,2,29390,0,178337,186580,43,321803
2025-04-19 23:58:43,57,level_complete,402,3,29427,0,178727,186795,112,322890
2025-04-19 23:58:43,57,level_complete,403,4,29436,0,178789,186848,34,322966
2025-04-19 23:58:45,57,level_complete,404,5,29481,0,179313,187134,62,324615
2025-04-19 23:58:47,57,level_complete,405,6,29505,0,179666,187355,74,325534
2025-04-19 23:58:48,57,level_complete,406,7,29525,0,179918,187536,132,326429
2025-04-19 23:58:48,57,game_complete,-,8,29525,0,179918,187536,132,326429
2025-04-19 23:58:52,58,level_complete,407,1,29568,0,180279,188018,42,326874
2025-04-19 23:58:52,58,level_complete,408,2,29571,0,180340,188084,48,326963
2025-04-19 23:58:56,58,level_complete,409,3,29645,0,181256,188624,64,329392
2025-04-19 23:58:57,58,level_complete,410,4,29665,0,181408,188742,35,329608
2025-04-19 23:58:58,58,level_complete,411,5,29697,0,181848,188974,124,331293
2025-04-19 23:58:59,58,level_complete,412,6,29703,0,181964,189060,53,331518
2025-04-19 23:58:59,58,level_complete,413,7,29715,0,182064,189130,55,331900
2025-04-19 23:58:59,58,game_complete,-,8,29715,0,182064,189130,55,331900
2025-04-19 23:59:03,59,level_complete,414,1,29780,0,182581,189604,46,332550
2025-04-19 23:59:06,59,training_run_ep 49000,-,2,29836,0,183079,189963,0,333515
2025-04-19 23:59:10,59,level_complete,415,2,29933,0,183775,190479,41,334685
2025-04-19 23:59:10,59,level_complete,416,3,29938,0,183885,190554,38,334987
2025-04-19 23:59:11,59,level_complete,417,4,29939,0,183910,190577,34,335021
2025-04-19 23:59:12,59,level_complete,418,5,29965,0,184240,190775,59,335833
2025-04-19 23:59:15,59,level_complete,419,6,30027,0,185084,191215,216,338322
2025-04-19 23:59:20,59,level_complete,420,7,30153,0,185989,191950,80,340926
2025-04-19 23:59:20,59,game_complete,-,8,30153,0,185989,191950,80,340926
2025-04-19 23:59:24,60,level_complete,421,1,30241,0,186506,192464,53,341554
2025-04-19 23:59:27,60,training_run_ep 49500,-,2,30336,0,186925,192800,0,342209
2025-04-19 23:59:35,60,level_complete,422,2,30499,0,187827,193852,46,343558
2025-04-19 23:59:54,60,level_complete,423,3,30571,0,188469,196274,152,345548
2025-04-20 00:00:01,60,level_complete,424,4,30612,0,188784,197099,38,345996
2025-04-20 00:00:01,60,level_complete,425,5,30622,0,188901,197178,84,346237
2025-04-20 00:00:08,60,training_run_ep 50000,-,6,30836,0,190669,197995,0,351528
2025-04-20 00:00:10,60,level_complete,426,6,30903,0,191258,198272,91,353366
2025-04-20 00:00:10,60,level_complete,427,7,30907,0,191294,198287,307,353679
2025-04-20 00:00:10,60,game_complete,-,8,30907,0,191294,198287,307,353679
2025-04-20 00:00:25,61,training_run_ep 50500,-,1,31336,0,192905,199976,0,355501
2025-04-20 00:00:43,61,training_run_ep 51000,-,1,31836,0,195152,202157,0,358136
2025-04-20 00:00:57,61,level_complete,428,1,32186,0,196862,203806,41,360122
2025-04-20 00:01:03,61,training_run_ep 51500,-,2,32336,0,197802,204533,0,361692
2025-04-20 00:01:05,61,level_complete,429,2,32380,0,198138,204814,47,362257
2025-04-20 00:01:05,61,level_complete,430,3,32383,0,198191,204844,97,362426
2025-04-20 00:01:06,61,level_complete,431,4,32397,0,198319,204950,57,362659
2025-04-20 00:01:06,61,level_complete,432,5,32399,0,198361,205017,63,362755
2025-04-20 00:01:06,61,level_complete,433,6,32400,0,198391,205046,54,362809
2025-04-20 00:01:09,61,level_complete,434,7,32456,0,198951,205510,86,364499
2025-04-20 00:01:09,61,game_complete,-,8,32456,0,198951,205510,86,364499
2025-04-20 00:01:14,62,level_complete,435,1,32508,0,199556,206168,32,365194
2025-04-20 00:01:15,62,level_complete,436,2,32509,0,199586,206207,38,365232
2025-04-20 00:01:15,62,level_complete,437,3,32510,0,199616,206228,87,365319
2025-04-20 00:01:15,62,level_complete,438,4,32512,0,199660,206267,35,365378
2025-04-20 00:01:15,62,level_complete,439,5,32515,0,199735,206325,84,365577
2025-04-20 00:01:16,62,level_complete,440,6,32516,0,199765,206354,57,365634
2025-04-20 00:01:16,62,level_complete,441,7,32524,0,199866,206422,124,366077
2025-04-20 00:01:16,62,game_complete,-,8,32524,0,199866,206422,124,366077
2025-04-20 00:01:18,63,level_complete,442,1,32547,0,200126,206682,34,366387
2025-04-20 00:01:19,63,level_complete,443,2,32555,0,200254,206812,62,366597
2025-04-20 00:01:19,63,level_complete,444,3,32558,0,200310,206847,56,366772
2025-04-20 00:01:20,63,level_complete,445,4,32571,0,200494,207016,38,367032
2025-04-20 00:01:21,63,level_complete,446,5,32572,0,200524,207049,41,367073
2025-04-20 00:01:21,63,level_complete,447,6,32581,0,200681,207144,88,367564
2025-04-20 00:01:22,63,level_complete,448,7,32588,0,200796,207249,62,367904
2025-04-20 00:01:22,63,game_complete,-,8,32588,0,200796,207249,62,367904
2025-04-20 00:01:23,64,level_complete,449,1,32595,0,200902,207370,38,368036
2025-04-20 00:01:24,64,level_complete,450,2,32605,0,201080,207560,45,368289
2025-04-20 00:01:25,64,level_complete,451,3,32608,0,201151,207614,78,368458
2025-04-20 00:01:25,64,level_complete,452,4,32616,0,201257,207714,40,368619
2025-04-20 00:01:26,64,level_complete,453,5,32620,0,201321,207752,108,368798
2025-04-20 00:01:26,64,level_complete,454,6,32630,0,201484,207858,88,369173
2025-04-20 00:01:27,64,level_complete,455,7,32648,0,201651,208021,50,369545
2025-04-20 00:01:27,64,game_complete,-,8,32648,0,201651,208021,50,369545
2025-04-20 00:01:28,65,level_complete,456,1,32650,0,201705,208104,32,369604
2025-04-20 00:01:28,65,level_complete,457,2,32651,0,201735,208150,44,369648
2025-04-20 00:01:29,65,level_complete,458,3,32656,0,201816,208194,44,369911
2025-04-20 00:01:29,65,level_complete,459,4,32657,0,201841,208252,30,369941
2025-04-20 00:01:29,65,level_complete,460,5,32659,0,201879,208292,54,370006
2025-04-20 00:01:30,65,level_complete,461,6,32680,0,202131,208427,62,370726
2025-04-20 00:01:32,65,level_complete,462,7,32698,0,202394,208627,72,371553
2025-04-20 00:01:32,65,game_complete,-,8,32698,0,202394,208627,72,371553
2025-04-20 00:01:32,66,level_complete,463,1,32702,0,202475,208715,39,371650
2025-04-20 00:01:33,66,level_complete,464,2,32706,0,202526,208761,52,371726
2025-04-20 00:01:33,66,level_complete,465,3,32707,0,202556,208784,204,371930
2025-04-20 00:01:33,66,level_complete,466,4,32711,0,202618,208841,43,372038
2025-04-20 00:01:34,66,level_complete,467,5,32715,0,202704,208913,44,372221
2025-04-20 00:01:34,66,level_complete,468,6,32718,0,202737,208944,56,372280
2025-04-20 00:01:37,66,level_complete,469,7,32767,0,203346,209424,153,374009
2025-04-20 00:01:37,66,game_complete,-,8,32767,0,203346,209424,153,374009
2025-04-20 00:01:37,67,level_complete,470,1,32772,0,203402,209481,37,374076
2025-04-20 00:01:39,67,level_complete,471,2,32776,0,203494,209764,62,374228
2025-04-20 00:01:40,67,level_complete,472,3,32777,0,203524,209783,59,374287
2025-04-20 00:01:40,67,level_complete,473,4,32784,0,203642,209896,32,374449
2025-04-20 00:01:41,67,level_complete,474,5,32792,0,203795,209984,222,375113
2025-04-20 00:01:41,67,level_complete,475,6,32793,0,203825,210020,37,375150
2025-04-20 00:01:41,67,level_complete,476,7,32794,0,203855,210039,77,375227
2025-04-20 00:01:41,67,game_complete,-,8,32794,0,203855,210039,77,375227
2025-04-20 00:01:42,68,level_complete,477,1,32801,0,203963,210166,38,375350
2025-04-20 00:01:43,68,level_complete,478,2,32805,0,204046,210252,45,375483
2025-04-20 00:01:43,68,level_complete,479,3,32806,0,204076,210276,52,375535
2025-04-20 00:01:43,68,level_complete,480,4,32807,0,204101,210300,42,375577
2025-04-20 00:01:43,68,level_complete,481,5,32809,0,204153,210326,52,375733
2025-04-20 00:01:45,68,level_complete,482,6,32822,0,204427,210592,64,376428
2025-04-20 00:01:46,68,level_complete,483,7,32825,0,204492,210630,230,376739
2025-04-20 00:01:46,68,game_complete,-,8,32825,0,204492,210630,230,376739
2025-04-20 00:01:46,69,level_complete,484,1,32829,0,204560,210722,32,376813
2025-04-20 00:01:47,69,training_run_ep 52000,-,2,32836,0,204659,210804,0,376978
2025-04-20 00:01:49,69,level_complete,485,2,32854,0,204879,211007,38,377360
2025-04-20 00:01:49,69,level_complete,486,3,32858,0,204933,211041,91,377498
2025-04-20 00:01:50,69,level_complete,487,4,32868,0,205068,211171,31,377687
2025-04-20 00:01:50,69,level_complete,488,5,32872,0,205116,211213,45,377762
2025-04-20 00:01:50,69,level_complete,489,6,32874,0,205167,211245,78,377928
2025-04-20 00:02:14,69,level_complete,490,7,32915,0,205594,214106,107,379010
2025-04-20 00:02:14,69,game_complete,-,8,32915,0,205594,214106,107,379010
2025-04-20 00:02:20,70,level_complete,491,1,32988,0,206224,214819,33,379764
2025-04-20 00:02:20,70,level_complete,492,2,32992,0,206290,214940,39,379857
2025-04-20 00:02:21,70,level_complete,493,3,32994,0,206333,214974,48,379922
2025-04-20 00:02:22,70,level_complete,494,4,33017,0,206499,215132,43,380153
2025-04-20 00:02:23,70,level_complete,495,5,33030,0,206671,215250,92,380541
2025-04-20 00:02:23,70,level_complete,496,6,33039,0,206780,215309,60,380792
2025-04-20 00:02:23,70,level_complete,497,7,33045,0,206860,215364,97,381032
2025-04-20 00:02:23,70,game_complete,-,8,33045,0,206860,215364,97,381032
2025-04-20 00:02:25,71,level_complete,498,1,33063,0,207068,215608,34,381276
2025-04-20 00:02:28,71,level_complete,499,2,33101,0,207460,216004,44,381813
2025-04-20 00:02:28,71,level_complete,500,3,33103,0,207518,216029,52,382219
2025-04-20 00:02:29,71,level_complete,501,4,33109,0,207599,216094,39,382340
2025-04-20 00:02:29,71,level_complete,502,5,33110,0,207629,216127,39,382379
2025-04-20 00:02:31,71,level_complete,503,6,33131,0,207965,216354,48,383352
2025-04-20 00:02:31,71,level_complete,504,7,33138,0,208028,216398,91,383557
2025-04-20 00:02:31,71,game_complete,-,8,33138,0,208028,216398,91,383557
2025-04-20 00:02:32,72,level_complete,505,1,33152,0,208183,216586,36,383734
2025-04-20 00:02:36,72,level_complete,506,2,33192,0,208696,217032,50,384647
2025-04-20 00:02:36,72,level_complete,507,3,33196,0,208787,217084,207,385005
2025-04-20 00:02:38,72,level_complete,508,4,33220,0,209011,217288,36,385329
2025-04-20 00:02:38,72,level_complete,509,5,33234,0,209187,217414,172,385874
2025-04-20 00:02:39,72,level_complete,510,6,33243,0,209325,217525,50,386205
2025-04-20 00:02:40,72,level_complete,511,7,33247,0,209379,217586,53,386315
2025-04-20 00:02:40,72,game_complete,-,8,33247,0,209379,217586,53,386315
2025-04-20 00:02:41,73,level_complete,512,1,33268,0,209587,217829,44,386574
2025-04-20 00:02:43,73,level_complete,513,2,33282,0,209763,218021,51,386870
2025-04-20 00:02:43,73,level_complete,514,3,33286,0,209839,218063,44,387025
2025-04-20 00:02:44,73,level_complete,515,4,33295,0,209939,218155,49,387175
2025-04-20 00:02:44,73,level_complete,516,5,33296,0,209969,218184,59,387234
2025-04-20 00:02:45,73,level_complete,517,6,33306,0,210119,218327,51,387538
2025-04-20 00:02:45,73,level_complete,518,7,33309,0,210167,218370,62,387634
2025-04-20 00:02:45,73,game_complete,-,8,33309,0,210167,218370,62,387634
2025-04-20 00:02:49,74,training_run_ep 52500,-,1,33336,0,210519,218760,0,388044
2025-04-20 00:02:57,74,level_complete,519,1,33454,0,211438,219767,31,389171
2025-04-20 00:03:00,74,level_complete,520,2,33505,0,211908,220226,44,389901
2025-04-20 00:03:00,74,level_complete,521,3,33508,0,211979,220265,53,390195
2025-04-20 00:03:01,74,level_complete,522,4,33509,0,212004,220295,41,390236
2025-04-20 00:03:01,74,level_complete,523,5,33512,0,212055,220350,68,390357
2025-04-20 00:03:01,74,level_complete,524,6,33517,0,212159,220407,62,390607
2025-04-20 00:03:02,74,level_complete,525,7,33519,0,212206,220466,42,390687
2025-04-20 00:03:02,74,game_complete,-,8,33519,0,212206,220466,42,390687
2025-04-20 00:03:06,75,level_complete,526,1,33580,0,212776,221011,33,391376
2025-04-20 00:03:06,75,level_complete,527,2,33582,0,212807,221051,42,391419
2025-04-20 00:03:08,75,level_complete,528,3,33596,0,213000,221307,52,391886
2025-04-20 00:03:08,75,level_complete,529,4,33599,0,213049,221341,53,392012
2025-04-20 00:03:10,75,level_complete,530,5,33612,0,213306,221607,45,392502
2025-04-20 00:03:11,75,level_complete,531,6,33631,0,213555,221748,194,393138
2025-04-20 00:03:12,75,level_complete,532,7,33648,0,213702,221879,142,393567
2025-04-20 00:03:12,75,game_complete,-,8,33648,0,213702,221879,142,393567
2025-04-20 00:03:16,76,level_complete,533,1,33686,0,214113,222378,34,394036
2025-04-20 00:03:16,76,level_complete,534,2,33689,0,214155,222440,42,394097
2025-04-20 00:03:17,76,level_complete,535,3,33698,0,214297,222500,192,394694
2025-04-20 00:03:17,76,level_complete,536,4,33704,0,214354,222553,44,394774
2025-04-20 00:03:22,76,level_complete,537,5,33794,0,215466,223293,85,397977
2025-04-20 00:03:23,76,level_complete,538,6,33810,0,215702,223437,45,398612
2025-04-20 00:03:25,76,level_complete,539,7,33831,0,216030,223681,55,399697
2025-04-20 00:03:25,76,game_complete,-,8,33831,0,216030,223681,55,399697
2025-04-20 00:03:26,77,training_run_ep 53000,-,1,33836,0,216079,223725,0,399753
2025-04-20 00:03:39,77,level_complete,540,1,34063,0,217762,225438,36,401722
2025-04-20 00:03:49,77,level_complete,541,2,34315,0,219308,226651,53,404380
2025-04-20 00:03:50,77,training_run_ep 53500,-,3,34336,0,219453,226743,0,404773
2025-04-20 00:03:54,77,level_complete,542,3,34459,0,220501,227294,94,408149
2025-04-20 00:03:55,77,level_complete,543,4,34481,0,220687,227458,35,408424
2025-04-20 00:03:55,77,level_complete,544,5,34493,0,220813,227533,55,408786
2025-04-20 00:03:56,77,level_complete,545,6,34508,0,221037,227652,74,409490
2025-04-20 00:03:57,77,level_complete,546,7,34530,0,221218,227749,164,410293
2025-04-20 00:03:57,77,game_complete,-,8,34530,0,221218,227749,164,410293
2025-04-20 00:04:01,78,level_complete,547,1,34627,0,221736,228260,34,410882
2025-04-20 00:04:03,78,level_complete,548,2,34652,0,222003,228500,41,411291
2025-04-20 00:04:03,78,level_complete,549,3,34663,0,222139,228577,130,411758
2025-04-20 00:04:05,78,level_complete,550,4,34705,0,222358,228765,35,412064
2025-04-20 00:04:09,78,level_complete,551,5,34819,0,223316,229382,59,414543
2025-04-20 00:04:09,78,level_complete,552,6,34829,0,223455,229467,61,415056
2025-04-20 00:04:10,78,training_run_ep 54000,-,7,34836,0,223524,229505,0,415234
2025-04-20 00:04:11,78,level_complete,553,7,34859,0,223797,229692,74,416261
2025-04-20 00:04:11,78,game_complete,-,8,34859,0,223797,229692,74,416261
2025-04-20 00:04:16,79,level_complete,554,1,34919,0,224315,230269,44,416863
2025-04-20 00:04:16,79,level_complete,555,2,34921,0,224347,230306,37,416902
2025-04-20 00:05:13,79,level_complete,556,3,34948,0,224669,238076,64,418021
2025-04-20 00:05:14,79,level_complete,557,4,34953,0,224747,238151,35,418126
2025-04-20 00:05:15,79,level_complete,558,5,34960,0,224897,238270,73,418537
2025-04-20 00:05:15,79,level_complete,559,6,34963,0,224956,238308,71,418709
2025-04-20 00:05:15,79,level_complete,560,7,34968,0,225004,238362,84,418819
2025-04-20 00:05:15,79,game_complete,-,8,34968,0,225004,238362,84,418819
2025-04-20 00:05:16,80,level_complete,561,1,34975,0,225071,238426,35,418897
2025-04-20 00:05:17,80,level_complete,562,2,35000,0,225293,238627,48,419290
2025-04-20 00:05:18,80,level_complete,563,3,35002,0,225333,238653,221,419527
2025-04-20 00:05:18,80,level_complete,564,4,35005,0,225363,238674,52,419584
2025-04-20 00:05:18,80,level_complete,565,5,35007,0,225399,238711,44,419637
2025-04-20 00:05:18,80,level_complete,566,6,35008,0,225429,238740,72,419709
2025-04-20 00:05:19,80,level_complete,567,7,35026,0,225590,238885,115,420081
2025-04-20 00:05:19,80,game_complete,-,8,35026,0,225590,238885,115,420081
2025-04-20 00:05:24,81,level_complete,568,1,35066,0,226046,239504,36,420626
2025-04-20 00:05:25,81,level_complete,569,2,35083,0,226252,239682,92,421006
2025-04-20 00:05:25,81,level_complete,570,3,35084,0,226282,239695,112,421118
2025-04-20 00:05:27,81,level_complete,571,4,35097,0,226428,239849,29,421311
2025-04-20 00:05:27,81,level_complete,572,5,35098,0,226458,239873,48,421359
2025-04-20 00:05:27,81,level_complete,573,6,35103,0,226560,239942,71,421639
2025-04-20 00:05:28,81,level_complete,574,7,35117,0,226772,240139,63,422185
2025-04-20 00:05:28,81,game_complete,-,8,35117,0,226772,240139,63,422185
2025-04-20 00:05:34,82,level_complete,575,1,35190,0,227472,240880,39,423014
2025-04-20 00:05:35,82,level_complete,576,2,35193,0,227531,240928,52,423099
2025-04-20 00:05:35,82,level_complete,577,3,35194,0,227561,240952,60,423159
2025-04-20 00:05:35,82,level_complete,578,4,35195,0,227586,240987,34,423193
2025-04-20 00:05:36,82,level_complete,579,5,35214,0,227834,241158,97,423827
2025-04-20 00:05:37,82,level_complete,580,6,35224,0,227970,241252,91,424149
2025-04-20 00:05:37,82,level_complete,581,7,35231,0,228056,241308,153,424474
2025-04-20 00:05:37,82,game_complete,-,8,35231,0,228056,241308,153,424474
2025-04-20 00:05:44,83,level_complete,582,1,35298,0,228887,242248,36,425494
2025-04-20 00:05:45,83,level_complete,583,2,35313,0,228991,242341,46,425646
2025-04-20 00:05:46,83,level_complete,584,3,35321,0,229119,242401,88,426107
2025-04-20 00:05:46,83,level_complete,585,4,35330,0,229210,242469,47,426268
2025-04-20 00:05:47,83,training_run_ep 54500,-,5,35336,0,229281,242514,0,426443
2025-04-20 00:05:47,83,level_complete,586,5,35347,0,229404,242580,70,426745
2025-04-20 00:05:47,83,level_complete,587,6,35351,0,229483,242621,57,426926
2025-04-20 00:05:49,83,level_complete,588,7,35374,0,229684,242795,76,427468
2025-04-20 00:05:49,83,game_complete,-,8,35374,0,229684,242795,76,427468
2025-04-20 00:06:12,84,training_run_ep 55000,-,1,35836,0,232151,245553,0,430442
2025-04-20 00:08:05,84,training_run_ep 55500,-,1,36336,0,234471,259346,0,433149
2025-04-20 00:08:11,84,level_complete,589,1,36485,0,235150,259993,39,433933
2025-04-20 00:08:20,84,level_complete,590,2,36817,0,236722,261265,41,436493
2025-04-20 00:08:21,84,level_complete,591,3,36833,0,236873,261329,112,437218
2025-04-20 00:08:21,84,training_run_ep 56000,-,4,36836,0,236888,261343,0,437235
2025-04-20 00:08:23,84,level_complete,592,4,36895,0,237116,261530,38,437635
2025-04-20 00:08:24,84,level_complete,593,5,36918,0,237419,261704,79,438567
2025-04-20 00:08:25,84,level_complete,594,6,36935,0,237615,261812,61,439098
2025-04-20 00:08:27,84,level_complete,595,7,36986,0,238105,262099,224,441084
2025-04-20 00:08:27,84,game_complete,-,8,36986,0,238105,262099,224,441084
2025-04-20 00:08:27,85,level_complete,596,1,36989,0,238173,262173,40,441167
2025-04-20 00:08:31,85,level_complete,597,2,37049,0,238893,262707,57,442398
2025-04-20 00:08:32,85,level_complete,598,3,37066,0,239084,262828,103,442828
2025-04-20 00:08:33,85,level_complete,599,4,37074,0,239170,262892,33,443037
2025-04-20 00:08:34,85,level_complete,600,5,37101,0,239569,263124,381,444473
2025-04-20 00:08:35,85,level_complete,601,6,37109,0,239707,263206,115,444962
2025-04-20 00:08:39,85,level_complete,602,7,37162,0,240351,263828,78,446510
2025-04-20 00:08:39,85,game_complete,-,8,37162,0,240351,263828,78,446510
2025-04-20 00:08:46,86,level_complete,603,1,37249,0,241172,264708,37,447491
2025-04-20 00:08:47,86,level_complete,604,2,37275,0,241463,264961,45,447921
2025-04-20 00:08:48,86,level_complete,605,3,37277,0,241497,264977,92,448020
2025-04-20 00:08:48,86,level_complete,606,4,37284,0,241578,265072,52,448145
2025-04-20 00:08:51,86,training_run_ep 56500,-,5,37336,0,242191,265479,0,449722
2025-04-20 00:08:52,86,level_complete,607,5,37340,0,242296,265563,91,450022
2025-04-20 00:08:53,86,level_complete,608,6,37345,0,242367,265645,86,450181
2025-04-20 00:08:53,86,level_complete,609,7,37352,0,242448,265732,65,450392
2025-04-20 00:08:53,86,game_complete,-,8,37352,0,242448,265732,65,450392
2025-04-20 00:08:54,87,level_complete,610,1,37354,0,242503,265801,31,450454
2025-04-20 00:08:54,87,level_complete,611,2,37359,0,242571,265882,49,450557
2025-04-20 00:08:54,87,level_complete,612,3,37361,0,242612,265912,58,450636
2025-04-20 00:08:55,87,level_complete,613,4,37371,0,242711,265998,37,450793
2025-04-20 00:08:56,87,level_complete,614,5,37383,0,242916,266145,42,451285
2025-04-20 00:08:56,87,level_complete,615,6,37385,0,242968,266175,68,451414
2025-04-20 00:08:58,87,level_complete,616,7,37402,0,243173,266382,108,451994
2025-04-20 00:08:58,87,game_complete,-,8,37402,0,243173,266382,108,451994
2025-04-20 00:08:58,88,level_complete,617,1,37404,0,243224,266456,39,452056
2025-04-20 00:09:00,88,level_complete,618,2,37419,0,243403,266639,39,452336
2025-04-20 00:09:00,88,level_complete,619,3,37424,0,243492,266709,70,452559
2025-04-20 00:09:01,88,level_complete,620,4,37431,0,243575,266787,35,452664
2025-04-20 00:09:01,88,level_complete,621,5,37436,0,243661,266886,76,452818
2025-04-20 00:09:01,88,level_complete,622,6,37438,0,243694,266906,48,452870
2025-04-20 00:09:02,88,level_complete,623,7,37443,0,243777,267017,86,453059
2025-04-20 00:09:02,88,game_complete,-,8,37443,0,243777,267017,86,453059
2025-04-20 00:09:02,89,level_complete,624,1,37444,0,243807,267063,35,453094
2025-04-20 00:09:03,89,level_complete,625,2,37445,0,243837,267146,61,453155
2025-04-20 00:09:03,89,level_complete,626,3,37446,0,243867,267165,86,453241
2025-04-20 00:09:03,89,level_complete,627,4,37448,0,243897,267201,32,453279
2025-04-20 00:09:04,89,level_complete,628,5,37460,0,244064,267320,51,453681
2025-04-20 00:09:05,89,level_complete,629,6,37466,0,244169,267384,143,453990
2025-04-20 00:09:06,89,level_complete,630,7,37490,0,244463,267620,78,454831
2025-04-20 00:09:06,89,game_complete,-,8,37490,0,244463,267620,78,454831
2025-04-20 00:09:07,90,level_complete,631,1,37497,0,244544,267712,40,454929
2025-04-20 00:09:08,90,level_complete,632,2,37504,0,244680,267867,34,455113
2025-04-20 00:09:08,90,level_complete,633,3,37506,0,244712,267888,98,455213
2025-04-20 00:09:08,90,level_complete,634,4,37509,0,244754,267931,82,455315
2025-04-20 00:09:09,90,level_complete,635,5,37512,0,244821,267963,202,455596
2025-04-20 00:09:09,90,level_complete,636,6,37515,0,244879,268046,84,455741
2025-04-20 00:09:10,90,level_complete,637,7,37532,0,245066,268207,64,456232
2025-04-20 00:09:10,90,game_complete,-,8,37532,0,245066,268207,64,456232
2025-04-20 00:09:18,91,level_complete,638,1,37599,0,245882,269277,35,457178
2025-04-20 00:09:21,91,level_complete,639,2,37618,0,246234,269597,49,457792
2025-04-20 00:09:21,91,level_complete,640,3,37624,0,246383,269688,108,458288
2025-04-20 00:09:23,91,level_complete,641,4,37638,0,246584,269853,36,458608
2025-04-20 00:09:23,91,level_complete,642,5,37640,0,246617,269879,54,458666
2025-04-20 00:09:23,91,level_complete,643,6,37643,0,246688,269920,96,458916
2025-04-20 00:09:24,91,level_complete,644,7,37656,0,246863,270065,330,459652
2025-04-20 00:09:24,91,game_complete,-,8,37656,0,246863,270065,330,459652
2025-04-20 00:09:25,92,level_complete,645,1,37665,0,246960,270181,52,459779
2025-04-20 00:09:27,92,level_complete,646,2,37681,0,247203,270408,39,460163
2025-04-20 00:09:27,92,level_complete,647,3,37683,0,247237,270426,99,460272
2025-04-20 00:09:27,92,level_complete,648,4,37686,0,247263,270453,37,460310
2025-04-20 00:09:27,92,level_complete,649,5,37692,0,247347,270515,52,460522
2025-04-20 00:09:27,92,level_complete,650,6,37695,0,247392,270540,93,460681
2025-04-20 00:09:28,92,level_complete,651,7,37710,0,247579,270672,139,461325
2025-04-20 00:09:28,92,game_complete,-,8,37710,0,247579,270672,139,461325
2025-04-20 00:09:30,93,level_complete,652,1,37726,0,247772,270855,34,461558
2025-04-20 00:09:30,93,level_complete,653,2,37729,0,247831,270919,59,461666
2025-04-20 00:09:30,93,level_complete,654,3,37731,0,247889,270955,96,461813
2025-04-20 00:09:31,93,level_complete,655,4,37736,0,247960,271015,32,461912
2025-04-20 00:09:32,93,level_complete,656,5,37740,0,248062,271127,86,462164
2025-04-20 00:09:32,93,level_complete,657,6,37742,0,248115,271169,78,462280
2025-04-20 00:09:33,93,level_complete,658,7,37751,0,248237,271269,206,462700
2025-04-20 00:09:33,93,game_complete,-,8,37751,0,248237,271269,206,462700
2025-04-20 00:09:33,94,level_complete,659,1,37758,0,248328,271372,32,462811
2025-04-20 00:09:34,94,level_complete,660,2,37762,0,248397,271434,70,462941
2025-04-20 00:09:34,94,level_complete,661,3,37764,0,248431,271452,108,463053
2025-04-20 00:09:35,94,level_complete,662,4,37778,0,248601,271610,37,463299
2025-04-20 00:09:36,94,level_complete,663,5,37790,0,248825,271811,40,463800
2025-04-20 00:09:37,94,level_complete,664,6,37792,0,248863,271834,53,463870
2025-04-20 00:09:37,94,level_complete,665,7,37796,0,248945,271892,88,464098
2025-04-20 00:09:37,94,game_complete,-,8,37796,0,248945,271892,88,464098
2025-04-20 00:09:41,95,training_run_ep 57000,-,1,37836,0,249376,272322,0,464605
2025-04-20 00:09:51,95,level_complete,666,1,37992,0,250647,273578,32,466160
2025-04-20 00:09:52,95,level_complete,667,2,38005,0,250829,273778,35,466468
2025-04-20 00:09:53,95,level_complete,668,3,38012,0,250949,273861,94,466782
2025-04-20 00:09:53,95,level_complete,669,4,38015,0,250982,273895,45,466835
2025-04-20 00:09:54,95,level_complete,670,5,38032,0,251273,274071,155,467789
2025-04-20 00:09:55,95,level_complete,671,6,38050,0,251547,274231,71,468551
2025-04-20 00:09:56,95,level_complete,672,7,38057,0,251634,274308,92,468776
2025-04-20 00:09:56,95,game_complete,-,8,38057,0,251634,274308,92,468776
2025-04-20 00:09:56,96,level_complete,673,1,38061,0,251687,274367,37,468842
2025-04-20 00:10:01,96,level_complete,674,2,38162,0,252425,275049,39,469898
2025-04-20 00:10:02,96,level_complete,675,3,38166,0,252514,275100,82,470141
2025-04-20 00:10:02,96,level_complete,676,4,38169,0,252562,275142,32,470202
2025-04-20 00:10:02,96,level_complete,677,5,38170,0,252592,275199,47,470249
2025-04-20 00:10:02,96,level_complete,678,6,38175,0,252666,275242,64,470418
2025-04-20 00:10:03,96,level_complete,679,7,38183,0,252761,275328,117,470648
2025-04-20 00:10:03,96,game_complete,-,8,38183,0,252761,275328,117,470648
2025-04-20 00:10:09,97,level_complete,680,1,38288,0,253468,276055,32,471470
2025-04-20 00:10:11,97,level_complete,681,2,38308,0,253733,276306,70,471954
2025-04-20 00:10:12,97,level_complete,682,3,38318,0,253917,276501,89,472465
2025-04-20 00:10:13,97,level_complete,683,4,38322,0,253972,276570,36,472540
2025-04-20 00:10:13,97,level_complete,684,5,38330,0,254060,276637,119,472785
2025-04-20 00:10:13,97,level_complete,685,6,38335,0,254164,276694,81,473044
2025-04-20 00:10:14,97,training_run_ep 57500,-,7,38336,0,254183,276705,0,473115
2025-04-20 00:10:15,97,level_complete,686,7,38345,0,254331,276855,96,473608
2025-04-20 00:10:15,97,game_complete,-,8,38345,0,254331,276855,96,473608
2025-04-20 00:10:16,98,level_complete,687,1,38360,0,254494,277041,43,473805
2025-04-20 00:10:23,98,level_complete,688,2,38455,0,255486,277896,49,475518
2025-04-20 00:10:23,98,level_complete,689,3,38464,0,255625,277963,130,476030
2025-04-20 00:10:23,98,level_complete,690,4,38465,0,255650,277988,42,476072
2025-04-20 00:10:27,98,level_complete,691,5,38549,0,256537,278537,99,478423
2025-04-20 00:10:29,98,level_complete,692,6,38580,0,256926,278778,54,479369
2025-04-20 00:10:29,98,level_complete,693,7,38590,0,257067,278871,221,480031
2025-04-20 00:10:29,98,game_complete,-,8,38590,0,257067,278871,221,480031
2025-04-20 00:10:39,99,training_run_ep 58000,-,1,38836,0,258195,279968,0,481318
2025-04-20 00:10:56,99,training_run_ep 58500,-,1,39336,0,260211,281923,0,483704
2025-04-20 00:11:12,99,training_run_ep 59000,-,1,39836,0,262082,283806,0,485796
2025-04-20 00:11:32,99,level_complete,694,1,40333,0,264544,286220,37,488714
2025-04-20 00:11:32,99,training_run_ep 59500,-,2,40336,0,264579,286245,0,488771
2025-04-20 00:11:35,99,level_complete,695,2,40397,0,265080,286639,48,489727
2025-04-20 00:11:35,99,level_complete,696,3,40402,0,265147,286666,175,490003
2025-04-20 00:11:36,99,level_complete,697,4,40404,0,265173,286694,57,490061
2025-04-20 00:11:39,99,level_complete,698,5,40514,0,266045,287230,53,492608
2025-04-20 00:11:45,99,level_complete,699,6,40658,0,267440,287954,65,496436
2025-04-20 00:11:46,99,level_complete,700,7,40676,0,267635,288086,137,497041
2025-04-20 00:11:46,99,game_complete,-,8,40676,0,267635,288086,137,497041
2025-04-20 00:11:53,100,level_complete,701,1,40755,0,268464,289068,40,498016
2025-04-20 00:11:55,100,level_complete,702,2,40778,0,268774,289360,42,498487
2025-04-20 00:11:55,100,level_complete,703,3,40780,0,268828,289392,65,498665
2025-04-20 00:11:56,100,level_complete,704,4,40782,0,268860,289429,29,498702
2025-04-20 00:11:56,100,level_complete,705,5,40783,0,268890,289437,112,498814
2025-04-20 00:11:56,100,level_complete,706,6,40787,0,268946,289473,89,499027
2025-04-20 00:11:56,100,level_complete,707,7,40789,0,268995,289502,74,499184
2025-04-20 00:11:56,100,game_complete,-,8,40789,0,268995,289502,74,499184
2025-04-20 00:12:00,101,training_run_ep 60000,-,1,40836,0,269414,289951,0,499674
2025-04-20 00:12:01,101,level_complete,708,1,40843,0,269496,290036,30,499770
2025-04-20 00:12:02,101,level_complete,709,2,40856,0,269598,290130,43,499927
2025-04-20 00:12:02,101,level_complete,710,3,40869,0,269769,290224,182,500486
2025-04-20 00:12:03,101,level_complete,711,4,40880,0,269861,290315,33,500607
2025-04-20 00:12:03,101,level_complete,712,5,40882,0,269898,290341,191,500807
2025-04-20 00:12:03,101,level_complete,713,6,40883,0,269928,290348,154,500961
2025-04-20 00:12:07,101,level_complete,714,7,40938,0,270594,290895,143,503406
2025-04-20 00:12:07,101,game_complete,-,8,40938,0,270594,290895,143,503406
2025-04-20 00:12:15,102,level_complete,715,1,41067,0,271628,291960,32,504600
2025-04-20 00:12:19,102,level_complete,716,2,41129,0,272343,292524,55,505897
2025-04-20 00:12:20,102,level_complete,717,3,41142,0,272542,292633,81,506752
2025-04-20 00:12:22,102,level_complete,718,4,41190,0,272875,292949,48,507275
2025-04-20 00:12:23,102,level_complete,719,5,41202,0,273022,293047,74,507604
2025-04-20 00:12:23,102,level_complete,720,6,41206,0,273119,293124,57,507916
2025-04-20 00:12:24,102,level_complete,721,7,41212,0,273194,293196,50,508129
2025-04-20 00:12:24,102,game_complete,-,8,41212,0,273194,293196,50,508129
2025-04-20 00:12:24,103,level_complete,722,1,41215,0,273262,293263,34,508210
2025-04-20 00:12:26,103,level_complete,723,2,41233,0,273468,293444,47,508558
2025-04-20 00:12:26,103,level_complete,724,3,41239,0,273532,293475,56,508772
2025-04-20 00:12:26,103,level_complete,725,4,41242,0,273579,293520,31,508830
2025-04-20 00:12:27,103,level_complete,726,5,41245,0,273656,293577,73,509028
2025-04-20 00:12:27,103,level_complete,727,6,41250,0,273733,293616,86,509276
2025-04-20 00:12:28,103,level_complete,728,7,41257,0,273839,293742,51,509477
2025-04-20 00:12:28,103,game_complete,-,8,41257,0,273839,293742,51,509477
2025-04-20 00:12:34,104,training_run_ep 60500,-,1,41336,0,274584,294454,0,510359
2025-04-20 00:12:40,104,level_complete,729,1,41445,0,275421,295232,42,511366
2025-04-20 00:12:47,104,level_complete,730,2,41592,0,276496,296140,53,513102
2025-04-20 00:12:47,104,level_complete,731,3,41600,0,276589,296201,109,513417
2025-04-20 00:12:48,104,level_complete,732,4,41622,0,276772,296358,30,513674
2025-04-20 00:12:53,104,level_complete,733,5,41720,0,277870,297103,133,516875
2025-04-20 00:12:54,104,level_complete,734,6,41744,0,278123,297235,41,517532
2025-04-20 00:12:59,104,training_run_ep 61000,-,7,41836,0,278908,297841,0,520039
2025-04-20 00:13:03,104,level_complete,735,7,41923,0,279656,298469,82,522510
2025-04-20 00:13:03,104,game_complete,-,8,41923,0,279656,298469,82,522510
2025-04-20 00:13:22,105,level_complete,736,1,42241,0,282085,300944,31,525296
2025-04-20 00:13:25,105,training_run_ep 61500,-,2,42336,0,282400,301189,0,525818
2025-04-20 00:13:32,105,level_complete,737,2,42617,0,283609,302130,48,527809
2025-04-20 00:13:34,105,level_complete,738,3,42690,0,284226,302477,121,529538
2025-04-20 00:13:39,105,training_run_ep 62000,-,4,42836,0,284894,303086,0,530523
2025-04-20 00:13:40,105,level_complete,739,4,42846,0,285003,303175,36,530686
2025-04-20 00:13:41,105,level_complete,740,5,42860,0,285136,303250,62,531087
2025-04-20 00:13:41,105,level_complete,741,6,42885,0,285324,303363,62,531509
2025-04-20 00:13:42,105,level_complete,742,7,42893,0,285402,303422,59,531693
2025-04-20 00:13:42,105,game_complete,-,8,42893,0,285402,303422,59,531693
2025-04-20 00:14:00,106,training_run_ep 62500,-,1,43336,0,287678,305654,0,534317
2025-04-20 00:14:28,106,level_complete,743,1,43775,0,291081,309111,35,538325
2025-04-20 00:14:31,106,training_run_ep 63000,-,2,43836,0,291574,309496,0,539172
2025-04-20 00:14:33,106,level_complete,744,2,43866,0,291931,309796,62,539758
2025-04-20 00:14:34,106,level_complete,745,3,43871,0,292025,309884,124,539984
2025-04-20 00:14:34,106,level_complete,746,4,43876,0,292093,309951,33,540078
2025-04-20 00:14:35,106,level_complete,747,5,43879,0,292142,310048,41,540147
2025-04-20 00:14:36,106,level_complete,748,6,43892,0,292298,310165,68,540470
2025-04-20 00:14:36,106,level_complete,749,7,43893,0,292328,310184,82,540552
2025-04-20 00:14:36,106,game_complete,-,8,43893,0,292328,310184,82,540552
2025-04-20 00:14:47,107,level_complete,750,1,44085,0,293799,311553,34,542352
2025-04-20 00:14:47,107,level_complete,751,2,44091,0,293899,311667,39,542502
2025-04-20 00:14:48,107,level_complete,752,3,44094,0,293957,311699,92,542651
2025-04-20 00:14:48,107,level_complete,753,4,44098,0,294003,311745,36,542716
2025-04-20 00:14:48,107,level_complete,754,5,44101,0,294061,311785,46,542836
2025-04-20 00:14:51,107,level_complete,755,6,44147,0,294682,312128,109,544851
2025-04-20 00:14:51,107,level_complete,756,7,44157,0,294794,312204,226,545383
2025-04-20 00:14:51,107,game_complete,-,8,44157,0,294794,312204,226,545383
2025-04-20 00:14:54,108,level_complete,757,1,44190,0,295116,312511,32,545764
2025-04-20 00:14:56,108,level_complete,758,2,44223,0,295442,312801,39,546279
2025-04-20 00:14:56,108,level_complete,759,3,44226,0,295521,312848,60,546628
2025-04-20 00:14:56,108,level_complete,760,4,44232,0,295587,312899,46,546731
2025-04-20 00:15:00,108,level_complete,761,5,44309,0,296382,313406,221,549148
2025-04-20 00:15:01,108,training_run_ep 63500,-,6,44336,0,296674,313556,0,549950
2025-04-20 00:15:04,108,level_complete,762,6,44376,0,297237,313876,176,551582
2025-04-20 00:15:04,108,level_complete,763,7,44385,0,297358,313955,57,551858
2025-04-20 00:15:04,108,game_complete,-,8,44385,0,297358,313955,57,551858
2025-04-20 00:15:05,109,level_complete,764,1,44394,0,297457,314073,32,551974
2025-04-20 00:15:06,109,level_complete,765,2,44417,0,297640,314250,37,552283
2025-04-20 00:15:06,109,level_complete,766,3,44419,0,297682,314268,146,552448
2025-04-20 00:15:08,109,level_complete,767,4,44452,0,297955,314528,32,552859
2025-04-20 00:15:09,109,level_complete,768,5,44471,0,298196,314662,55,553459
2025-04-20 00:15:10,109,level_complete,769,6,44474,0,298249,314696,100,553599
2025-04-20 00:15:11,109,level_complete,770,7,44485,0,298418,314865,76,554151
2025-04-20 00:15:11,109,game_complete,-,8,44485,0,298418,314865,76,554151
2025-04-20 00:15:13,110,level_complete,771,1,44512,0,298703,315155,35,554480
2025-04-20 00:15:21,110,level_complete,772,2,44551,0,299279,316243,50,555403
2025-04-20 00:15:21,110,level_complete,773,3,44554,0,299312,316266,132,555538
2025-04-20 00:15:22,110,level_complete,774,4,44567,0,299459,316422,39,555747
2025-04-20 00:15:23,110,level_complete,775,5,44568,0,299489,316462,58,555805
2025-04-20 00:15:23,110,level_complete,776,6,44571,0,299572,316524,43,556015
2025-04-20 00:15:23,110,level_complete,777,7,44572,0,299602,316565,53,556068
2025-04-20 00:15:23,110,game_complete,-,8,44572,0,299602,316565,53,556068
2025-04-20 00:15:24,111,level_complete,778,1,44573,0,299632,316616,35,556103
2025-04-20 00:15:24,111,level_complete,779,2,44580,0,299736,316704,47,556255
2025-04-20 00:15:25,111,level_complete,780,3,44588,0,299914,316812,70,556735
2025-04-20 00:15:27,111,level_complete,781,4,44622,0,300163,317020,38,557080
2025-04-20 00:15:27,111,level_complete,782,5,44638,0,300284,317111,89,557334
2025-04-20 00:15:28,111,level_complete,783,6,44643,0,300351,317158,67,557461
2025-04-20 00:16:02,111,level_complete,784,7,44732,0,301195,321409,136,560125
2025-04-20 00:16:02,111,game_complete,-,8,44732,0,301195,321409,136,560125
2025-04-20 00:16:07,112,training_run_ep 64000,-,1,44836,0,301760,321955,0,560810
2025-04-20 00:16:10,112,level_complete,785,1,44880,0,302075,322282,32,561182
2025-04-20 00:16:25,112,training_run_ep 64500,-,2,45336,0,304419,324198,0,564918
2025-04-20 00:16:41,112,training_run_ep 65000,-,2,45836,0,306819,326179,0,568538
2025-04-20 00:16:45,112,level_complete,786,2,45927,0,307382,326694,45,569384
2025-04-20 00:16:46,112,level_complete,787,3,45963,0,307774,326920,131,570482
2025-04-20 00:16:47,112,level_complete,788,4,45964,0,307799,326959,50,570532
2025-04-20 00:16:47,112,level_complete,789,5,45976,0,307951,327050,218,571091
2025-04-20 00:16:49,112,level_complete,790,6,46005,0,308276,327263,41,571911
2025-04-20 00:16:50,112,level_complete,791,7,46043,0,308579,327500,60,572794
2025-04-20 00:16:50,112,game_complete,-,8,46043,0,308579,327500,60,572794
2025-04-20 00:17:03,113,training_run_ep 65500,-,1,46336,0,310087,328947,0,574550
2025-04-20 00:17:03,113,level_complete,792,1,46343,0,310156,329033,32,574625
2025-04-20 00:17:04,113,level_complete,793,2,46347,0,310227,329079,41,574819
2025-04-20 00:17:33,113,level_complete,794,3,46442,0,311192,332705,68,577460
2025-04-20 00:17:34,113,level_complete,795,4,46454,0,311308,332822,29,577595
2025-04-20 00:17:35,113,level_complete,796,5,46469,0,311476,332932,58,578000
2025-04-20 00:17:42,113,level_complete,797,6,46579,0,312598,333919,116,581196
2025-04-20 00:17:47,113,level_complete,798,7,46680,0,313482,334647,162,583951
2025-04-20 00:17:47,113,game_complete,-,8,46680,0,313482,334647,162,583951
2025-04-20 00:17:55,114,level_complete,799,1,46752,0,314351,335655,35,584965
2025-04-20 00:17:55,114,level_complete,800,2,46755,0,314389,335698,77,585050
2025-04-20 00:17:55,114,level_complete,801,3,46759,0,314467,335770,95,585317
2025-04-20 00:17:56,114,level_complete,802,4,46769,0,314610,335904,28,585518
2025-04-20 00:17:57,114,level_complete,803,5,46771,0,314652,335937,83,585616
2025-04-20 00:17:57,114,level_complete,804,6,46773,0,314699,335972,47,585728
2025-04-20 00:17:57,114,level_complete,805,7,46777,0,314750,336010,100,585860
2025-04-20 00:17:57,114,game_complete,-,8,46777,0,314750,336010,100,585860
2025-04-20 00:18:00,115,training_run_ep 66000,-,1,46836,0,315074,336312,0,586240
2025-04-20 00:18:03,115,level_complete,806,1,46869,0,315392,336644,36,586609
2025-04-20 00:18:03,115,level_complete,807,2,46879,0,315521,336765,39,586808
2025-04-20 00:18:04,115,level_complete,808,3,46880,0,315551,336777,141,586949
2025-04-20 00:18:04,115,level_complete,809,4,46890,0,315671,336892,32,587130
2025-04-20 00:18:05,115,level_complete,810,5,46893,0,315721,336912,91,587270
2025-04-20 00:18:05,115,level_complete,811,6,46895,0,315776,336950,95,587428
2025-04-20 00:18:07,115,level_complete,812,7,46924,0,316211,337334,95,588602
2025-04-20 00:18:07,115,game_complete,-,8,46924,0,316211,337334,95,588602
2025-04-20 00:18:13,116,level_complete,813,1,46999,0,316879,338027,32,589397
2025-04-20 00:18:13,116,level_complete,814,2,47008,0,316967,338097,45,589534
2025-04-20 00:18:14,116,level_complete,815,3,47011,0,317046,338152,118,589825
2025-04-20 00:18:14,116,level_complete,816,4,47018,0,317110,338216,35,589904
2025-04-20 00:18:16,116,level_complete,817,5,47053,0,317461,338442,66,590885
2025-04-20 00:18:16,116,level_complete,818,6,47064,0,317600,338533,46,591178
2025-04-20 00:18:17,116,level_complete,819,7,47083,0,317745,338655,89,591512
2025-04-20 00:18:17,116,game_complete,-,8,47083,0,317745,338655,89,591512
2025-04-20 00:18:29,117,level_complete,820,1,47225,0,319245,340196,34,593308
2025-04-20 00:18:29,117,level_complete,821,2,47232,0,319313,340260,48,593401
2025-04-20 00:18:30,117,level_complete,822,3,47253,0,319540,340404,93,593957
2025-04-20 00:18:31,117,level_complete,823,4,47265,0,319667,340517,37,594154
2025-04-20 00:18:32,117,level_complete,824,5,47269,0,319749,340588,54,594310
2025-04-20 00:18:32,117,level_complete,825,6,47270,0,319779,340613,64,594374
2025-04-20 00:18:32,117,level_complete,826,7,47272,0,319837,340660,74,594622
2025-04-20 00:18:32,117,game_complete,-,8,47272,0,319837,340660,74,594622
2025-04-20 00:18:33,118,level_complete,827,1,47282,0,319974,340808,38,594787
2025-04-20 00:18:34,118,level_complete,828,2,47288,0,320041,340861,56,594928
2025-04-20 00:18:34,118,level_complete,829,3,47289,0,320071,340884,111,595039
2025-04-20 00:18:34,118,level_complete,830,4,47291,0,320120,340944,32,595103
2025-04-20 00:18:35,118,level_complete,831,5,47295,0,320210,341038,65,595262
2025-04-20 00:18:35,118,level_complete,832,6,47297,0,320263,341078,71,595417
2025-04-20 00:18:37,118,training_run_ep 66500,-,7,47336,0,320659,341352,0,596832
2025-04-20 00:18:38,118,level_complete,833,7,47337,0,320689,341366,201,597033
2025-04-20 00:18:38,118,game_complete,-,8,47337,0,320689,341366,201,597033
2025-04-20 00:18:39,119,level_complete,834,1,47347,0,320855,341583,31,597223
2025-04-20 00:18:41,119,level_complete,835,2,47362,0,321124,341830,35,597668
2025-04-20 00:18:44,119,level_complete,836,3,47419,0,321810,342319,136,599474
2025-04-20 00:18:45,119,level_complete,837,4,47421,0,321847,342355,38,599534
2025-04-20 00:18:46,119,level_complete,838,5,47432,0,322075,342587,90,600179
2025-04-20 00:18:46,119,level_complete,839,6,47435,0,322133,342618,63,600337
2025-04-20 00:18:47,119,level_complete,840,7,47437,0,322191,342655,132,600520
2025-04-20 00:18:47,119,game_complete,-,8,47437,0,322191,342655,132,600520
2025-04-20 00:18:47,120,level_complete,841,1,47443,0,322272,342758,35,600619
2025-04-20 00:18:48,120,level_complete,842,2,47445,0,322307,342787,57,600681
2025-04-20 00:18:48,120,level_complete,843,3,47446,0,322337,342811,68,600749
2025-04-20 00:18:48,120,level_complete,844,4,47453,0,322390,342855,32,600817
2025-04-20 00:18:49,120,level_complete,845,5,47455,0,322436,342937,49,600888
2025-04-20 00:18:49,120,level_complete,846,6,47457,0,322487,342968,99,601059
2025-04-20 00:18:49,120,level_complete,847,7,47461,0,322544,343010,100,601214
2025-04-20 00:18:49,120,game_complete,-,8,47461,0,322544,343010,100,601214
2025-04-20 00:18:50,121,level_complete,848,1,47463,0,322600,343073,34,601281
2025-04-20 00:18:51,121,level_complete,849,2,47476,0,322779,343241,52,601575
2025-04-20 00:18:51,121,level_complete,850,3,47483,0,322898,343327,48,601890
2025-04-20 00:18:54,121,level_complete,851,4,47526,0,323232,343635,63,602389
2025-04-20 00:18:56,121,level_complete,852,5,47582,0,323799,344040,43,603765
2025-04-20 00:18:57,121,level_complete,853,6,47585,0,323856,344100,44,603886
2025-04-20 00:18:57,121,level_complete,854,7,47591,0,323919,344139,355,604385
2025-04-20 00:18:57,121,game_complete,-,8,47591,0,323919,344139,355,604385
2025-04-20 00:18:59,122,level_complete,855,1,47621,0,324168,344417,32,604670
2025-04-20 00:19:00,122,level_complete,856,2,47623,0,324217,344467,47,604745
2025-04-20 00:19:00,122,level_complete,857,3,47624,0,324247,344485,186,604931
2025-04-20 00:19:00,122,level_complete,858,4,47631,0,324288,344534,31,604979
2025-04-20 00:19:00,122,level_complete,859,5,47634,0,324332,344561,94,605108
2025-04-20 00:19:01,122,level_complete,860,6,47637,0,324402,344601,95,605327
2025-04-20 00:19:02,122,level_complete,861,7,47656,0,324693,344822,185,606349
2025-04-20 00:19:02,122,game_complete,-,8,47656,0,324693,344822,185,606349
2025-04-20 00:19:02,123,level_complete,862,1,47660,0,324759,344891,36,606432
2025-04-20 00:19:08,123,level_complete,863,2,47747,0,325660,345644,47,607928
2025-04-20 00:19:13,123,level_complete,864,3,47786,0,326247,346356,79,610032
2025-04-20 00:19:14,123,level_complete,865,4,47798,0,326379,346460,33,610231
2025-04-20 00:19:14,123,level_complete,866,5,47803,0,326424,346497,55,610305
2025-04-20 00:19:14,123,level_complete,867,6,47806,0,326494,346537,79,610471
2025-04-20 00:19:15,123,level_complete,868,7,47826,0,326697,346689,100,611158
2025-04-20 00:19:15,123,game_complete,-,8,47826,0,326697,346689,100,611158
2025-04-20 00:19:17,124,training_run_ep 67000,-,1,47836,0,326789,346779,0,611262
2025-04-20 00:19:18,124,level_complete,869,1,47847,0,326995,347028,33,611496
2025-04-20 00:19:19,124,level_complete,870,2,47851,0,327069,347131,65,611639
2025-04-20 00:19:19,124,level_complete,871,3,47852,0,327099,347159,84,611723
2025-04-20 00:19:20,124,level_complete,872,4,47861,0,327220,347265,37,611901
2025-04-20 00:19:20,124,level_complete,873,5,47865,0,327299,347321,55,612054
2025-04-20 00:19:22,124,level_complete,874,6,47881,0,327588,347463,63,612955
2025-04-20 00:19:22,124,level_complete,875,7,47885,0,327646,347526,85,613166
2025-04-20 00:19:22,124,game_complete,-,8,47885,0,327646,347526,85,613166
2025-04-20 00:19:25,125,level_complete,876,1,47918,0,328062,347948,36,613660
2025-04-20 00:19:27,125,level_complete,877,2,47941,0,328413,348252,48,614332
2025-04-20 00:19:28,125,level_complete,878,3,47942,0,328443,348275,88,614420
2025-04-20 00:19:28,125,level_complete,879,4,47944,0,328474,348305,43,614469
2025-04-20 00:19:30,125,level_complete,880,5,47959,0,328773,348568,52,615155
2025-04-20 00:19:30,125,level_complete,881,6,47966,0,328909,348635,87,615499
2025-04-20 00:19:32,125,level_complete,882,7,47972,0,328975,348821,116,615759
2025-04-20 00:19:32,125,game_complete,-,8,47972,0,328975,348821,116,615759
2025-04-20 00:19:42,126,level_complete,883,1,48177,0,330297,350123,30,617308
2025-04-20 00:19:50,126,level_complete,884,2,48305,0,331616,351169,40,619490
2025-04-20 00:19:50,126,level_complete,885,3,48316,0,331777,351264,48,620077
2025-04-20 00:20:21,126,training_run_ep 67500,-,4,48336,0,331948,355229,0,620321
2025-04-20 00:20:21,126,level_complete,886,4,48343,0,332031,355282,48,620478
2025-04-20 00:20:24,126,level_complete,887,5,48409,0,332652,355674,91,622224
2025-04-20 00:20:24,126,level_complete,888,6,48415,0,332743,355722,139,622534
2025-04-20 00:20:30,126,level_complete,889,7,48562,0,333972,356691,99,626335
2025-04-20 00:20:30,126,game_complete,-,8,48562,0,333972,356691,99,626335
2025-04-20 00:20:57,127,level_complete,890,1,48697,0,334859,360022,38,627415
2025-04-20 00:21:00,127,level_complete,891,2,48776,0,335326,360388,52,628206
2025-04-20 00:21:00,127,level_complete,892,3,48777,0,335356,360403,69,628275
2025-04-20 00:21:02,127,level_complete,893,4,48803,0,335614,360654,41,628682
2025-04-20 00:21:05,127,training_run_ep 68000,-,5,48836,0,336003,360938,0,629875
2025-04-20 00:21:05,127,level_complete,894,5,48841,0,336063,360977,118,630068
2025-04-20 00:21:08,127,level_complete,895,6,48886,0,336694,361352,80,631863
2025-04-20 00:21:08,127,level_complete,896,7,48888,0,336727,361371,146,632012
2025-04-20 00:21:08,127,game_complete,-,8,48888,0,336727,361371,146,632012
2025-04-20 00:21:09,128,level_complete,897,1,48895,0,336837,361485,37,632146
2025-04-20 00:21:11,128,level_complete,898,2,48948,0,337169,361770,70,632739
2025-04-20 00:21:11,128,level_complete,899,3,48952,0,337230,361801,83,632912
2025-04-20 00:21:13,128,level_complete,900,4,48971,0,337447,362017,31,633244
2025-04-20 00:21:13,128,level_complete,901,5,48984,0,337594,362098,104,633714
2025-04-20 00:21:14,128,level_complete,902,6,49009,0,337888,362259,49,634413
2025-04-20 00:21:19,128,level_complete,903,7,49116,0,338663,362897,79,636602
2025-04-20 00:21:19,128,game_complete,-,8,49116,0,338663,362897,79,636602
2025-04-20 00:21:46,129,training_run_ep 68500,-,1,49336,0,339657,366093,0,637808
2025-04-20 00:22:08,129,level_complete,904,1,49817,0,342487,368855,34,641165
2025-04-20 00:22:08,129,level_complete,905,2,49822,0,342548,368906,45,641250
2025-04-20 00:22:08,129,level_complete,906,3,49826,0,342609,368951,89,641457
2025-04-20 00:22:09,129,training_run_ep 69000,-,4,49836,0,342686,369009,0,641576
2025-04-20 00:22:10,129,level_complete,907,4,49853,0,342840,369134,37,641809
2025-04-20 00:22:14,129,level_complete,908,5,49949,0,343834,369749,94,644696
2025-04-20 00:22:17,129,level_complete,909,6,49986,0,344345,370051,142,646031
2025-04-20 00:22:21,129,level_complete,910,7,50077,0,345057,370693,53,648282
2025-04-20 00:22:21,129,game_complete,-,8,50077,0,345057,370693,53,648282
2025-04-20 00:22:27,130,level_complete,911,1,50168,0,345808,371481,32,649122
2025-04-20 00:22:27,130,level_complete,912,2,50171,0,345844,371530,37,649165
2025-04-20 00:22:28,130,level_complete,913,3,50182,0,345948,371583,268,649618
2025-04-20 00:22:28,130,level_complete,914,4,50183,0,345973,371607,38,649656
2025-04-20 00:22:30,130,level_complete,915,5,50243,0,346555,372001,87,651115
2025-04-20 00:22:41,130,level_complete,916,6,50281,0,346993,373404,60,652320
2025-04-20 00:22:44,130,training_run_ep 69500,-,7,50336,0,347494,373759,0,654056
2025-04-20 00:22:46,130,level_complete,917,7,50386,0,347939,374107,82,655340
2025-04-20 00:22:46,130,game_complete,-,8,50386,0,347939,374107,82,655340
2025-04-20 00:23:50,131,level_complete,918,1,50507,0,348769,382564,32,656329
2025-04-20 00:24:03,131,training_run_ep 70000,-,2,50836,0,350928,384293,0,659965
2025-04-20 00:24:05,131,level_complete,919,2,50871,0,351183,384494,45,660355
2025-04-20 00:24:05,131,level_complete,920,3,50872,0,351213,384508,206,660561
2025-04-20 00:24:05,131,level_complete,921,4,50875,0,351262,384544,43,660645
2025-04-20 00:24:05,131,level_complete,922,5,50876,0,351292,384569,46,660691
2025-04-20 00:24:06,131,level_complete,923,6,50882,0,351372,384621,84,660884
2025-04-20 00:24:15,131,level_complete,924,7,51055,0,353000,385986,102,666065
2025-04-20 00:24:15,131,game_complete,-,8,51055,0,353000,385986,102,666065
2025-04-20 00:24:18,132,level_complete,925,1,51099,0,353404,386371,42,666538
2025-04-20 00:24:23,132,level_complete,926,2,51175,0,354162,387079,54,667699
2025-04-20 00:24:23,132,level_complete,927,3,51177,0,354202,387100,118,667828
2025-04-20 00:24:25,132,level_complete,928,4,51199,0,354476,387352,44,668249
2025-04-20 00:24:25,132,level_complete,929,5,51203,0,354552,387407,121,668465
2025-04-20 00:24:25,132,level_complete,930,6,51206,0,354602,387449,95,668602
2025-04-20 00:24:26,132,level_complete,931,7,51207,0,354632,387485,52,668654
2025-04-20 00:24:26,132,game_complete,-,8,51207,0,354632,387485,52,668654
2025-04-20 00:24:32,133,level_complete,932,1,51272,0,355343,388280,34,669505
2025-04-20 00:24:33,133,level_complete,933,2,51281,0,355461,388385,47,669673
2025-04-20 00:24:33,133,level_complete,934,3,51283,0,355506,388411,82,669797
2025-04-20 00:24:33,133,level_complete,935,4,51285,0,355538,388438,63,669870
2025-04-20 00:24:33,133,level_complete,936,5,51289,0,355603,388483,128,670065
2025-04-20 00:24:33,133,level_complete,937,6,51290,0,355633,388509,57,670122
2025-04-20 00:24:34,133,level_complete,938,7,51306,0,355847,388667,61,670766
2025-04-20 00:24:34,133,game_complete,-,8,51306,0,355847,388667,61,670766
2025-04-20 00:24:36,134,level_complete,939,1,51320,0,356049,388879,32,671011
2025-04-20 00:24:37,134,level_complete,940,2,51326,0,356127,388971,51,671138
2025-04-20 00:24:37,134,level_complete,941,3,51336,0,356248,389049,67,671433
2025-04-20 00:24:38,134,training_run_ep 70500,-,4,51336,0,356248,389049,67,671433
2025-04-20 00:24:38,134,level_complete,942,4,51338,0,356277,389084,27,671464
2025-04-20 00:24:38,134,level_complete,943,5,51343,0,356348,389129,96,671655
2025-04-20 00:24:39,134,level_complete,944,6,51351,0,356482,389232,53,671971
2025-04-20 00:24:39,134,level_complete,945,7,51352,0,356512,389276,48,672019
2025-04-20 00:24:39,134,game_complete,-,8,51352,0,356512,389276,48,672019
2025-04-20 00:24:51,135,level_complete,946,1,51505,0,358016,390799,32,673794
2025-04-20 00:24:53,135,level_complete,947,2,51525,0,358297,391029,54,674376
2025-04-20 00:24:53,135,level_complete,948,3,51535,0,358419,391099,130,674880
2025-04-20 00:24:53,135,level_complete,949,4,51537,0,358445,391121,45,674926
2025-04-20 00:24:54,135,level_complete,950,5,51538,0,358475,391149,51,674977
2025-04-20 00:24:54,135,level_complete,951,6,51541,0,358521,391178,58,675072
2025-04-20 00:24:54,135,level_complete,952,7,51553,0,358631,391245,119,675451
2025-04-20 00:24:54,135,game_complete,-,8,51553,0,358631,391245,119,675451
2025-04-20 00:24:55,136,level_complete,953,1,51555,0,358681,391305,34,675508
2025-04-20 00:25:01,136,level_complete,954,2,51685,0,359736,392163,46,677367
2025-04-20 00:25:02,136,level_complete,955,3,51700,0,359926,392259,144,677996
2025-04-20 00:25:03,136,level_complete,956,4,51710,0,360016,392342,72,678152
2025-04-20 00:25:07,136,level_complete,957,5,51797,0,360905,392954,80,680819
2025-04-20 00:25:08,136,level_complete,958,6,51825,0,361218,393142,37,681620
2025-04-20 00:25:09,136,training_run_ep 71000,-,7,51836,0,361285,393186,0,681835
2025-04-20 00:25:22,136,level_complete,959,7,52105,0,363886,395127,173,690464
2025-04-20 00:25:22,136,game_complete,-,8,52105,0,363886,395127,173,690464
2025-04-20 00:25:24,137,level_complete,960,1,52164,0,364178,395401,38,690814
2025-04-20 00:25:24,137,level_complete,961,2,52167,0,364218,395442,52,690880
2025-04-20 00:25:25,137,level_complete,962,3,52169,0,364264,395467,62,690973
2025-04-20 00:25:26,137,level_complete,963,4,52216,0,364536,395691,30,691342
2025-04-20 00:25:27,137,level_complete,964,5,52229,0,364741,395830,46,691907
2025-04-20 00:25:27,137,level_complete,965,6,52230,0,364771,395850,62,691969
2025-04-20 00:25:28,137,level_complete,966,7,52231,0,364801,395885,92,692061
2025-04-20 00:25:28,137,game_complete,-,8,52231,0,364801,395885,92,692061
2025-04-20 00:25:33,138,training_run_ep 71500,-,1,52336,0,365448,396492,0,692860
2025-04-20 00:25:48,138,training_run_ep 72000,-,1,52836,0,367204,398171,0,694823
2025-04-20 00:26:09,138,training_run_ep 72500,-,1,53336,0,369901,400684,0,697988
2025-04-20 00:26:11,138,level_complete,967,1,53386,0,370207,401025,36,698341
2025-04-20 00:26:12,138,level_complete,968,2,53392,0,370291,401096,40,698456
2025-04-20 00:26:12,138,level_complete,969,3,53394,0,370328,401125,60,698526
2025-04-20 00:26:13,138,level_complete,970,4,53401,0,370418,401269,38,698640
2025-04-20 00:26:14,138,level_complete,971,5,53408,0,370537,401364,61,698902
2025-04-20 00:26:15,138,level_complete,972,6,53427,0,370740,401486,99,699450
2025-04-20 00:26:15,138,level_complete,973,7,53438,0,370871,401548,408,700301
2025-04-20 00:26:15,138,game_complete,-,8,53438,0,370871,401548,408,700301
2025-04-20 00:26:28,139,level_complete,974,1,53632,0,372381,403108,38,702063
2025-04-20 00:26:28,139,level_complete,975,2,53636,0,372444,403171,39,702148
2025-04-20 00:26:28,139,level_complete,976,3,53638,0,372496,403192,70,702377
2025-04-20 00:26:28,139,level_complete,977,4,53639,0,372521,403209,44,702421
2025-04-20 00:26:29,139,level_complete,978,5,53642,0,372604,403266,50,702619
2025-04-20 00:26:29,139,level_complete,979,6,53649,0,372716,403338,51,702903
2025-04-20 00:26:31,139,level_complete,980,7,53683,0,373077,403642,208,703931
2025-04-20 00:26:31,139,game_complete,-,8,53683,0,373077,403642,208,703931
2025-04-20 00:26:34,140,level_complete,981,1,53729,0,373438,404028,35,704344
2025-04-20 00:26:36,140,level_complete,982,2,53758,0,373777,404301,37,704886
2025-04-20 00:26:37,140,level_complete,983,3,53770,0,373934,404408,60,705351
2025-04-20 00:26:38,140,level_complete,984,4,53781,0,374101,404571,52,705643
2025-04-20 00:26:38,140,level_complete,985,5,53783,0,374132,404611,59,705703
2025-04-20 00:26:39,140,level_complete,986,6,53796,0,374296,404723,48,706099
2025-04-20 00:26:41,140,training_run_ep 73000,-,7,53836,0,374667,404986,0,707190
2025-04-20 00:26:43,140,level_complete,987,7,53873,0,374980,405202,57,708085
2025-04-20 00:26:43,140,game_complete,-,8,53873,0,374980,405202,57,708085
2025-04-20 00:26:48,141,level_complete,988,1,53947,0,375671,405885,34,708903
2025-04-20 00:26:53,141,level_complete,989,2,54039,0,376465,406564,104,710118
2025-04-20 00:26:54,141,level_complete,990,3,54041,0,376502,406580,91,710237
2025-04-20 00:26:55,141,level_complete,991,4,54073,0,376754,406787,35,710622
2025-04-20 00:26:58,141,level_complete,992,5,54143,0,377441,407242,55,712413
2025-04-20 00:26:59,141,level_complete,993,6,54148,0,377504,407291,63,712520
2025-04-20 00:27:02,141,level_complete,994,7,54250,0,378264,407867,307,715085
2025-04-20 00:27:02,141,game_complete,-,8,54250,0,378264,407867,307,715085
2025-04-20 00:27:08,142,training_run_ep 73500,-,1,54336,0,378859,408429,0,715827
2025-04-20 00:27:29,142,training_run_ep 74000,-,1,54836,0,381519,411028,0,718923
2025-04-20 00:27:51,142,level_complete,995,1,55296,0,384236,413645,32,722080
2025-04-20 00:27:54,142,training_run_ep 74500,-,2,55336,0,384628,413966,0,722774
2025-04-20 00:27:59,142,level_complete,996,2,55411,0,385495,414667,50,724231
2025-04-20 00:28:00,142,level_complete,997,3,55446,0,385930,414903,174,725476
2025-04-20 00:28:02,142,level_complete,998,4,55497,0,386264,415202,46,725991
2025-04-20 00:28:03,142,level_complete,999,5,55499,0,386314,415234,57,726162
2025-04-20 00:28:04,142,level_complete,1000,6,55517,0,386637,415452,86,726964
2025-04-20 00:28:05,142,level_complete,1001,7,55520,0,386708,415546,98,727174
2025-04-20 00:28:05,142,game_complete,-,8,55520,0,386708,415546,98,727174
2025-04-20 00:28:07,143,level_complete,1002,1,55558,0,386950,415788,43,727458
2025-04-20 00:28:08,143,level_complete,1003,2,55569,0,387074,416001,44,727669
2025-04-20 00:28:09,143,level_complete,1004,3,55596,0,387358,416148,53,728645
2025-04-20 00:28:11,143,level_complete,1005,4,55617,0,387515,416316,28,728840
2025-04-20 00:28:12,143,level_complete,1006,5,55634,0,387744,416478,43,729418
2025-04-20 00:28:12,143,level_complete,1007,6,55638,0,387842,416543,124,729697
2025-04-20 00:28:13,143,level_complete,1008,7,55649,0,388015,416729,73,730150
2025-04-20 00:28:13,143,game_complete,-,8,55649,0,388015,416729,73,730150
2025-04-20 00:28:17,144,level_complete,1009,1,55694,0,388512,417232,39,730748
2025-04-20 00:28:21,144,level_complete,1010,2,55737,0,389047,417709,90,731620
2025-04-20 00:28:21,144,level_complete,1011,3,55748,0,389201,417805,110,731972
2025-04-20 00:28:21,144,level_complete,1012,4,55749,0,389226,417828,38,732010
2025-04-20 00:28:22,144,level_complete,1013,5,55750,0,389256,417856,91,732101
2025-04-20 00:28:22,144,level_complete,1014,6,55753,0,389329,417933,104,732288
2025-04-20 00:28:22,144,level_complete,1015,7,55754,0,389359,417959,55,732343
2025-04-20 00:28:22,144,game_complete,-,8,55754,0,389359,417959,55,732343
2025-04-20 00:28:23,145,level_complete,1016,1,55757,0,389438,418074,34,732434
2025-04-20 00:28:24,145,level_complete,1017,2,55764,0,389564,418196,46,732666
2025-04-20 00:28:24,145,level_complete,1018,3,55766,0,389595,418216,78,732745
2025-04-20 00:28:25,145,level_complete,1019,4,55775,0,389726,418332,28,732939
2025-04-20 00:28:25,145,level_complete,1020,5,55777,0,389785,418388,52,733212
2025-04-20 00:28:26,145,level_complete,1021,6,55785,0,389925,418478,59,733537
2025-04-20 00:28:26,145,level_complete,1022,7,55786,0,389955,418517,93,733630
2025-04-20 00:28:26,145,game_complete,-,8,55786,0,389955,418517,93,733630
2025-04-20 00:28:28,146,level_complete,1023,1,55796,0,390124,418712,30,733824
2025-04-20 00:28:29,146,level_complete,1024,2,55800,0,390217,418812,59,733976
2025-04-20 00:28:29,146,level_complete,1025,3,55807,0,390348,418890,59,734276
2025-04-20 00:28:29,146,level_complete,1026,4,55808,0,390373,418916,35,734311
2025-04-20 00:28:29,146,level_complete,1027,5,55809,0,390403,418955,45,734356
2025-04-20 00:28:30,146,level_complete,1028,6,55816,0,390535,419043,65,734638
2025-04-20 00:28:30,146,level_complete,1029,7,55818,0,390577,419071,285,734957
2025-04-20 00:28:30,146,game_complete,-,8,55818,0,390577,419071,285,734957
2025-04-20 00:28:33,147,training_run_ep 75000,-,1,55836,0,390830,419307,0,735280
2025-04-20 00:28:33,147,level_complete,1030,1,55845,0,390936,419423,38,735409
2025-04-20 00:28:34,147,level_complete,1031,2,55851,0,391038,419542,72,735643
2025-04-20 00:28:36,147,level_complete,1032,3,55872,0,391412,419814,408,737148
2025-04-20 00:28:36,147,level_complete,1033,4,55874,0,391439,419839,34,737184
2025-04-20 00:28:37,147,level_complete,1034,5,55875,0,391469,419885,42,737226
2025-04-20 00:28:38,147,level_complete,1035,6,55890,0,391664,420001,52,737779
2025-04-20 00:28:39,147,level_complete,1036,7,55926,0,392019,420282,73,738735
2025-04-20 00:28:39,147,game_complete,-,8,55926,0,392019,420282,73,738735
2025-04-20 00:28:43,148,level_complete,1037,1,55955,0,392354,420782,38,739111
2025-04-20 00:28:47,148,level_complete,1038,2,56015,0,392935,421313,47,740046
2025-04-20 00:28:47,148,level_complete,1039,3,56019,0,393002,421358,78,740195
2025-04-20 00:28:48,148,level_complete,1040,4,56020,0,393027,421384,32,740227
2025-04-20 00:29:11,148,level_complete,1041,5,56051,0,393451,424580,69,741433
2025-04-20 00:29:12,148,level_complete,1042,6,56073,0,393746,424748,69,742223
2025-04-20 00:29:13,148,level_complete,1043,7,56085,0,393857,424839,139,742579
2025-04-20 00:29:13,148,game_complete,-,8,56085,0,393857,424839,139,742579
2025-04-20 00:29:15,149,level_complete,1044,1,56104,0,394090,425113,33,742844
2025-04-20 00:29:17,149,level_complete,1045,2,56124,0,394391,425404,38,743367
2025-04-20 00:29:18,149,level_complete,1046,3,56127,0,394444,425449,48,743454
2025-04-20 00:29:18,149,level_complete,1047,4,56136,0,394564,425549,33,743638
2025-04-20 00:29:18,149,level_complete,1048,5,56138,0,394607,425575,92,743748
2025-04-20 00:29:19,149,level_complete,1049,6,56143,0,394702,425633,65,743967
2025-04-20 00:29:21,149,level_complete,1050,7,56169,0,394999,425949,76,744713
2025-04-20 00:29:21,149,game_complete,-,8,56169,0,394999,425949,76,744713
2025-04-20 00:29:22,150,level_complete,1051,1,56177,0,395081,426059,36,744807
2025-04-20 00:29:24,150,level_complete,1052,2,56194,0,395402,426350,45,745348
2025-04-20 00:29:24,150,level_complete,1053,3,56195,0,395432,426383,53,745401
2025-04-20 00:29:24,150,level_complete,1054,4,56196,0,395457,426409,32,745433
2025-04-20 00:29:24,150,level_complete,1055,5,56198,0,395488,426429,56,745490
2025-04-20 00:29:25,150,level_complete,1056,6,56199,0,395518,426462,62,745552
2025-04-20 00:29:25,150,level_complete,1057,7,56206,0,395656,426554,97,746283
2025-04-20 00:29:25,150,game_complete,-,8,56206,0,395656,426554,97,746283
2025-04-20 00:29:28,151,level_complete,1058,1,56220,0,395914,426879,31,746572
2025-04-20 00:29:28,151,level_complete,1059,2,56225,0,395973,426943,34,746647
2025-04-20 00:29:28,151,level_complete,1060,3,56226,0,396003,426956,241,746888
2025-04-20 00:29:29,151,level_complete,1061,4,56228,0,396034,426988,38,746932
2025-04-20 00:29:30,151,level_complete,1062,5,56240,0,396280,427209,70,747437
2025-04-20 00:29:30,151,level_complete,1063,6,56243,0,396348,427249,69,747581
2025-04-20 00:29:31,151,level_complete,1064,7,56245,0,396389,427277,79,747686
2025-04-20 00:29:31,151,game_complete,-,8,56245,0,396389,427277,79,747686
2025-04-20 00:29:31,152,level_complete,1065,1,56247,0,396421,427316,34,747722
2025-04-20 00:29:31,152,level_complete,1066,2,56248,0,396451,427356,30,747752
2025-04-20 00:29:31,152,level_complete,1067,3,56251,0,396513,427406,40,747863
2025-04-20 00:29:32,152,level_complete,1068,4,56252,0,396538,427439,31,747894
2025-04-20 00:29:32,152,level_complete,1069,5,56253,0,396568,427460,69,747963
2025-04-20 00:29:32,152,level_complete,1070,6,56256,0,396625,427493,55,748097
2025-04-20 00:29:33,152,level_complete,1071,7,56261,0,396736,427606,113,748420
2025-04-20 00:29:33,152,game_complete,-,8,56261,0,396736,427606,113,748420
2025-04-20 00:29:33,153,level_complete,1072,1,56264,0,396776,427654,36,748467
2025-04-20 00:29:34,153,level_complete,1073,2,56266,0,396822,427713,47,748548
2025-04-20 00:29:34,153,level_complete,1074,3,56274,0,396901,427765,83,748764
2025-04-20 00:29:34,153,level_complete,1075,4,56279,0,396965,427836,35,748844
2025-04-20 00:29:35,153,level_complete,1076,5,56285,0,397090,427943,169,749413
2025-04-20 00:29:37,153,level_complete,1077,6,56304,0,397480,428176,47,750410
2025-04-20 00:29:37,153,level_complete,1078,7,56306,0,397533,428220,143,750598
2025-04-20 00:29:37,153,game_complete,-,8,56306,0,397533,428220,143,750598
2025-04-20 00:29:39,154,level_complete,1079,1,56330,0,397774,428474,32,750873
2025-04-20 00:29:40,154,training_run_ep 75500,-,2,56336,0,397810,428502,0,750924
2025-04-20 00:29:43,154,level_complete,1080,2,56390,0,398283,428892,40,751712
2025-04-20 00:29:43,154,level_complete,1081,3,56393,0,398363,428937,124,752016
2025-04-20 00:29:44,154,level_complete,1082,4,56409,0,398522,429060,43,752303
2025-04-20 00:29:45,154,level_complete,1083,5,56427,0,398800,429278,51,752994
2025-04-20 00:29:46,154,level_complete,1084,6,56435,0,398942,429409,57,753370
2025-04-20 00:29:48,154,level_complete,1085,7,56446,0,399138,429570,118,754078
2025-04-20 00:29:48,154,game_complete,-,8,56446,0,399138,429570,118,754078
2025-04-20 00:29:52,155,level_complete,1086,1,56501,0,399733,430153,42,754824
2025-04-20 00:29:53,155,level_complete,1087,2,56510,0,399894,430291,67,755170
2025-04-20 00:29:54,155,level_complete,1088,3,56529,0,400195,430459,39,756192
2025-04-20 00:29:55,155,level_complete,1089,4,56535,0,400244,430548,82,756311
2025-04-20 00:29:56,155,level_complete,1090,5,56550,0,400443,430687,52,756767
2025-04-20 00:29:57,155,level_complete,1091,6,56566,0,400628,430777,73,757435
2025-04-20 00:29:58,155,level_complete,1092,7,56581,0,400890,431012,124,758253
2025-04-20 00:29:58,155,game_complete,-,8,56581,0,400890,431012,124,758253
2025-04-20 00:29:59,156,level_complete,1093,1,56590,0,401026,431170,33,758400
2025-04-20 00:30:00,156,level_complete,1094,2,56591,0,401056,431216,38,758438
2025-04-20 00:30:00,156,level_complete,1095,3,56592,0,401086,431227,179,758617
2025-04-20 00:30:00,156,level_complete,1096,4,56596,0,401143,431279,49,758712
2025-04-20 00:30:01,156,level_complete,1097,5,56598,0,401183,431367,45,758769
2025-04-20 00:30:01,156,level_complete,1098,6,56600,0,401215,431383,75,758846
2025-04-20 00:30:01,156,level_complete,1099,7,56604,0,401324,431455,242,759317
2025-04-20 00:30:01,156,game_complete,-,8,56604,0,401324,431455,242,759317
2025-04-20 00:30:02,157,level_complete,1100,1,56610,0,401386,431532,35,759390
2025-04-20 00:30:02,157,level_complete,1101,2,56614,0,401444,431589,71,759496
2025-04-20 00:30:03,157,level_complete,1102,3,56615,0,401474,431623,56,759552
2025-04-20 00:30:03,157,level_complete,1103,4,56620,0,401536,431672,50,759647
2025-04-20 00:30:03,157,level_complete,1104,5,56621,0,401566,431690,63,759710
2025-04-20 00:30:03,157,level_complete,1105,6,56624,0,401635,431717,92,759954
2025-04-20 00:30:05,157,level_complete,1106,7,56645,0,401924,431969,307,761133
2025-04-20 00:30:05,157,game_complete,-,8,56645,0,401924,431969,307,761133
2025-04-20 00:30:06,158,level_complete,1107,1,56656,0,402072,432125,35,761318
2025-04-20 00:30:07,158,level_complete,1108,2,56660,0,402105,432160,39,761360
2025-04-20 00:30:07,158,level_complete,1109,3,56666,0,402166,432192,137,761603
2025-04-20 00:30:07,158,level_complete,1110,4,56668,0,402195,432228,50,761657
2025-04-20 00:30:08,158,level_complete,1111,5,56691,0,402458,432371,223,762590
2025-04-20 00:30:08,158,level_complete,1112,6,56696,0,402552,432427,77,762858
2025-04-20 00:30:09,158,level_complete,1113,7,56701,0,402651,432491,72,763248
2025-04-20 00:30:09,158,game_complete,-,8,56701,0,402651,432491,72,763248
2025-04-20 00:30:10,159,level_complete,1114,1,56713,0,402729,432584,36,763337
2025-04-20 00:30:11,159,level_complete,1115,2,56727,0,402963,432813,47,763701
2025-04-20 00:30:13,159,level_complete,1116,3,56745,0,403249,433015,57,764451
2025-04-20 00:30:13,159,level_complete,1117,4,56755,0,403328,433093,50,764573
2025-04-20 00:30:14,159,level_complete,1118,5,56771,0,403522,433225,55,765113
2025-04-20 00:30:15,159,level_complete,1119,6,56778,0,403664,433316,88,765499
2025-04-20 00:30:16,159,level_complete,1120,7,56791,0,403820,433452,179,765933
2025-04-20 00:30:16,159,game_complete,-,8,56791,0,403820,433452,179,765933
2025-04-20 00:30:18,160,level_complete,1121,1,56820,0,404091,433731,36,766238
2025-04-20 00:30:19,160,level_complete,1122,2,56826,0,404198,433841,53,766437
2025-04-20 00:30:19,160,level_complete,1123,3,56833,0,404316,433947,99,766815
2025-04-20 00:30:20,160,training_run_ep 76000,-,4,56836,0,404344,433979,0,766848
2025-04-20 00:30:22,160,level_complete,1124,4,56864,0,404649,434222,50,767360
2025-04-20 00:30:23,160,level_complete,1125,5,56890,0,404905,434372,72,768177
2025-04-20 00:30:24,160,level_complete,1126,6,56922,0,405244,434553,69,769219
2025-04-20 00:30:25,160,level_complete,1127,7,56937,0,405446,434697,91,770199
2025-04-20 00:30:25,160,game_complete,-,8,56937,0,405446,434697,91,770199
2025-04-20 00:31:00,161,level_complete,1128,1,57117,0,407123,439306,49,772259
2025-04-20 00:31:00,161,level_complete,1129,2,57119,0,407158,439339,58,772325
2025-04-20 00:31:02,161,level_complete,1130,3,57165,0,407754,439693,72,773955
2025-04-20 00:31:03,161,level_complete,1131,4,57166,0,407779,439728,34,773989
2025-04-20 00:31:03,161,level_complete,1132,5,57167,0,407809,439748,78,774067
2025-04-20 00:31:03,161,level_complete,1133,6,57168,0,407839,439771,66,774133
2025-04-20 00:31:06,161,level_complete,1134,7,57207,0,408276,440191,54,775484
2025-04-20 00:31:06,161,game_complete,-,8,57207,0,408276,440191,54,775484
2025-04-20 00:31:14,162,training_run_ep 76500,-,1,57336,0,409297,441208,0,776674
2025-04-20 00:32:41,162,level_complete,1135,1,57599,0,411084,451566,40,778792
2025-04-20 00:32:43,162,level_complete,1136,2,57631,0,411355,451774,42,779242
2025-04-20 00:32:43,162,level_complete,1137,3,57632,0,411385,451801,144,779386
2025-04-20 00:32:44,162,level_complete,1138,4,57645,0,411495,451905,38,779557
2025-04-20 00:32:45,162,level_complete,1139,5,57659,0,411727,452082,48,780027
2025-04-20 00:32:46,162,level_complete,1140,6,57663,0,411825,452183,114,780285
2025-04-20 00:32:47,162,level_complete,1141,7,57696,0,412193,452452,136,781467
2025-04-20 00:32:47,162,game_complete,-,8,57696,0,412193,452452,136,781467
2025-04-20 00:32:57,163,training_run_ep 77000,-,1,57836,0,413359,453603,0,782868
2025-04-20 00:34:06,163,training_run_ep 77500,-,1,58336,0,416581,461946,0,786633
2025-04-20 00:34:14,163,level_complete,1142,1,58495,0,417662,462989,35,787887
2025-04-20 00:34:15,163,level_complete,1143,2,58507,0,417781,463077,50,788089
2025-04-20 00:34:15,163,level_complete,1144,3,58520,0,417905,463149,69,788542
2025-04-20 00:34:16,163,level_complete,1145,4,58530,0,417965,463193,47,788637
2025-04-20 00:34:19,163,level_complete,1146,5,58583,0,418649,463650,74,790393
2025-04-20 00:34:19,163,level_complete,1147,6,58594,0,418834,463725,141,791046
2025-04-20 00:34:20,163,level_complete,1148,7,58600,0,418882,463755,71,791163
2025-04-20 00:34:20,163,game_complete,-,8,58600,0,418882,463755,71,791163
2025-04-20 00:34:27,164,level_complete,1149,1,58734,0,419813,464675,35,792268
2025-04-20 00:34:31,164,level_complete,1150,2,58821,0,420444,465251,42,793171
2025-04-20 00:34:32,164,level_complete,1151,3,58823,0,420495,465275,76,793359
2025-04-20 00:34:32,164,level_complete,1152,4,58829,0,420585,465358,34,793488
2025-04-20 00:34:33,164,training_run_ep 78000,-,5,58836,0,420619,465388,0,793530
2025-04-20 00:34:34,164,level_complete,1153,5,58852,0,420758,465494,67,793929
2025-04-20 00:34:34,164,level_complete,1154,6,58861,0,420899,465581,153,794446
2025-04-20 00:34:36,164,level_complete,1155,7,58895,0,421205,465789,119,795381
2025-04-20 00:34:36,164,game_complete,-,8,58895,0,421205,465789,119,795381
2025-04-20 00:34:49,165,level_complete,1156,1,59238,0,422896,467448,35,797347
2025-04-20 00:34:54,165,training_run_ep 78500,-,2,59336,0,423606,468034,0,798539
2025-04-20 00:35:13,165,training_run_ep 79000,-,2,59836,0,426548,470365,0,803605
2025-04-20 00:35:20,165,level_complete,1157,2,60001,0,427667,471239,60,805483
2025-04-20 00:35:20,165,level_complete,1158,3,60010,0,427792,471323,65,805829
2025-04-20 00:35:21,165,level_complete,1159,4,60015,0,427870,471389,38,805939
2025-04-20 00:35:22,165,level_complete,1160,5,60040,0,428162,471587,123,806650
2025-04-20 00:35:24,165,level_complete,1161,6,60065,0,428522,471763,64,807799
2025-04-20 00:35:25,165,level_complete,1162,7,60073,0,428656,471918,90,808142
2025-04-20 00:35:25,165,game_complete,-,8,60073,0,428656,471918,90,808142
2025-04-20 00:35:29,166,level_complete,1163,1,60137,0,429272,472545,32,808861
2025-04-20 00:35:31,166,level_complete,1164,2,60153,0,429493,472789,36,809210
2025-04-20 00:35:32,166,level_complete,1165,3,60157,0,429570,472858,55,809385
2025-04-20 00:35:32,166,level_complete,1166,4,60159,0,429603,472887,36,809431
2025-04-20 00:35:32,166,level_complete,1167,5,60162,0,429657,472933,43,809511
2025-04-20 00:35:32,166,level_complete,1168,6,60165,0,429705,472971,58,809624
2025-04-20 00:35:33,166,level_complete,1169,7,60167,0,429738,472991,83,809710
2025-04-20 00:35:33,166,game_complete,-,8,60167,0,429738,472991,83,809710
2025-04-20 00:35:33,167,level_complete,1170,1,60169,0,429791,473095,33,809772
2025-04-20 00:35:34,167,level_complete,1171,2,60170,0,429821,473121,46,809818
2025-04-20 00:35:34,167,level_complete,1172,3,60173,0,429875,473172,89,809955
2025-04-20 00:35:35,167,level_complete,1173,4,60184,0,429965,473269,39,810074
2025-04-20 00:35:35,167,level_complete,1174,5,60188,0,430050,473314,90,810320
2025-04-20 00:35:35,167,level_complete,1175,6,60189,0,430080,473334,128,810448
2025-04-20 00:35:36,167,level_complete,1176,7,60193,0,430187,473447,139,810810
2025-04-20 00:35:36,167,game_complete,-,8,60193,0,430187,473447,139,810810
2025-04-20 00:35:38,168,level_complete,1177,1,60209,0,430436,473741,35,811092
2025-04-20 00:35:39,168,level_complete,1178,2,60217,0,430575,473844,43,811332
2025-04-20 00:35:39,168,level_complete,1179,3,60218,0,430605,473862,76,811408
2025-04-20 00:35:39,168,level_complete,1180,4,60223,0,430691,473936,28,811541
2025-04-20 00:35:40,168,level_complete,1181,5,60225,0,430736,473961,82,811645
2025-04-20 00:35:40,168,level_complete,1182,6,60227,0,430781,473982,142,811812
2025-04-20 00:35:41,168,level_complete,1183,7,60245,0,430999,474162,124,812529
2025-04-20 00:35:41,168,game_complete,-,8,60245,0,430999,474162,124,812529
2025-04-20 00:35:44,169,level_complete,1184,1,60270,0,431383,474593,35,812995
2025-04-20 00:35:45,169,level_complete,1185,2,60279,0,431508,474693,58,813223
2025-04-20 00:35:46,169,level_complete,1186,3,60291,0,431764,474881,101,814064
2025-04-20 00:35:47,169,level_complete,1187,4,60299,0,431879,474998,31,814218
2025-04-20 00:35:47,169,level_complete,1188,5,60302,0,431916,475021,95,814321
2025-04-20 00:35:48,169,level_complete,1189,6,60310,0,432009,475070,76,814609
2025-04-20 00:35:49,169,level_complete,1190,7,60321,0,432170,475215,131,815029
2025-04-20 00:35:49,169,game_complete,-,8,60321,0,432170,475215,131,815029
2025-04-20 00:35:50,170,level_complete,1191,1,60325,0,432258,475327,35,815126
2025-04-20 00:35:50,170,level_complete,1192,2,60328,0,432300,475367,77,815240
2025-04-20 00:35:50,170,level_complete,1193,3,60331,0,432334,475397,82,815326
2025-04-20 00:35:50,170,level_complete,1194,4,60335,0,432388,475449,30,815396
2025-04-20 00:35:51,170,training_run_ep 79500,-,5,60336,0,432416,475489,0,815439
2025-04-20 00:35:52,170,level_complete,1195,5,60340,0,432483,475544,45,815585
2025-04-20 00:35:52,170,level_complete,1196,6,60341,0,432513,475564,72,815657
2025-04-20 00:35:52,170,level_complete,1197,7,60342,0,432543,475611,92,815749
2025-04-20 00:35:52,170,game_complete,-,8,60342,0,432543,475611,92,815749
2025-04-20 00:35:57,171,level_complete,1198,1,60401,0,433218,476291,34,816560
2025-04-20 00:35:58,171,level_complete,1199,2,60402,0,433248,476325,49,816609
2025-04-20 00:35:58,171,level_complete,1200,3,60403,0,433278,476347,153,816762
2025-04-20 00:35:58,171,level_complete,1201,4,60406,0,433310,476380,27,816797
2025-04-20 00:35:58,171,level_complete,1202,5,60407,0,433340,476407,139,816936
2025-04-20 00:36:51,171,level_complete,1203,6,60412,0,433427,483485,73,817137
2025-04-20 00:36:51,171,level_complete,1204,7,60415,0,433476,483552,44,817248
2025-04-20 00:36:51,171,game_complete,-,8,60415,0,433476,483552,44,817248
2025-04-20 00:36:55,172,level_complete,1205,1,60445,0,433878,483973,34,817737
2025-04-20 00:36:55,172,level_complete,1206,2,60451,0,433969,484045,44,817893
2025-04-20 00:36:55,172,level_complete,1207,3,60452,0,433999,484059,69,817962
2025-04-20 00:36:55,172,level_complete,1208,4,60456,0,434061,484098,49,818066
2025-04-20 00:36:56,172,level_complete,1209,5,60469,0,434183,484160,130,818486
2025-04-20 00:36:57,172,level_complete,1210,6,60487,0,434437,484311,110,819215
2025-04-20 00:36:58,172,level_complete,1211,7,60508,0,434711,484542,101,820097
2025-04-20 00:36:58,172,game_complete,-,8,60508,0,434711,484542,101,820097
2025-04-20 00:36:59,173,level_complete,1212,1,60510,0,434763,484610,36,820160
2025-04-20 00:37:03,173,level_complete,1213,2,60553,0,435283,485102,43,820969
2025-04-20 00:37:04,173,level_complete,1214,3,60572,0,435588,485273,39,821900
2025-04-20 00:37:04,173,level_complete,1215,4,60573,0,435613,485301,35,821935
2025-04-20 00:37:04,173,level_complete,1216,5,60574,0,435643,485326,54,821989
2025-04-20 00:37:04,173,level_complete,1217,6,60575,0,435673,485344,54,822043
2025-04-20 00:37:05,173,level_complete,1218,7,60580,0,435757,485398,126,822379
2025-04-20 00:37:05,173,game_complete,-,8,60580,0,435757,485398,126,822379
2025-04-20 00:37:05,174,level_complete,1219,1,60581,0,435787,485466,38,822417
2025-04-20 00:37:06,174,level_complete,1220,2,60582,0,435817,485502,44,822461
2025-04-20 00:37:06,174,level_complete,1221,3,60584,0,435874,485531,81,822659
2025-04-20 00:37:06,174,level_complete,1222,4,60585,0,435899,485566,34,822693
2025-04-20 00:37:06,174,level_complete,1223,5,60586,0,435929,485591,83,822776
2025-04-20 00:37:07,174,level_complete,1224,6,60592,0,436049,485710,56,823037
2025-04-20 00:37:07,174,level_complete,1225,7,60594,0,436105,485756,58,823139
2025-04-20 00:37:07,174,game_complete,-,8,60594,0,436105,485756,58,823139
2025-04-20 00:37:09,175,level_complete,1226,1,60600,0,436237,485945,38,823296
2025-04-20 00:37:09,175,level_complete,1227,2,60604,0,436320,486012,57,823438
2025-04-20 00:37:09,175,level_complete,1228,3,60605,0,436350,486041,58,823496
2025-04-20 00:37:10,175,level_complete,1229,4,60612,0,436436,486119,37,823614
2025-04-20 00:37:10,175,level_complete,1230,5,60615,0,436496,486158,88,823785
2025-04-20 00:37:11,175,level_complete,1231,6,60619,0,436568,486212,60,823911
2025-04-20 00:37:12,175,level_complete,1232,7,60634,0,436747,486348,173,824743
2025-04-20 00:37:12,175,game_complete,-,8,60634,0,436747,486348,173,824743
2025-04-20 00:37:13,176,level_complete,1233,1,60671,0,436982,486587,39,825043
2025-04-20 00:37:16,176,level_complete,1234,2,60693,0,437260,486870,73,825524
2025-04-20 00:37:16,176,level_complete,1235,3,60695,0,437294,486899,108,825639
2025-04-20 00:37:17,176,level_complete,1236,4,60717,0,437594,487125,54,826120
2025-04-20 00:37:18,176,level_complete,1237,5,60722,0,437650,487156,184,826370
2025-04-20 00:37:18,176,level_complete,1238,6,60733,0,437786,487237,72,826674
2025-04-20 00:37:19,176,level_complete,1239,7,60752,0,438015,487397,56,827333
2025-04-20 00:37:19,176,game_complete,-,8,60752,0,438015,487397,56,827333
2025-04-20 00:37:21,177,level_complete,1240,1,60785,0,438210,487576,40,827581
2025-04-20 00:37:22,177,level_complete,1241,2,60802,0,438350,487697,65,827918
2025-04-20 00:37:22,177,level_complete,1242,3,60813,0,438495,487765,142,828488
2025-04-20 00:37:22,177,level_complete,1243,4,60816,0,438531,487802,31,828530
2025-04-20 00:37:23,177,level_complete,1244,5,60827,0,438679,487877,143,829007
2025-04-20 00:37:24,177,training_run_ep 80000,-,6,60836,0,438746,487914,0,829179
2025-04-20 00:37:25,177,level_complete,1245,6,60848,0,438916,488021,46,829619
2025-04-20 00:37:28,177,level_complete,1246,7,60936,0,439494,488475,84,831354
2025-04-20 00:37:28,177,game_complete,-,8,60936,0,439494,488475,84,831354
2025-04-20 00:37:46,178,training_run_ep 80500,-,1,61336,0,441378,490591,0,833520
2025-04-20 00:38:10,178,training_run_ep 81000,-,1,61836,0,444158,493493,0,836786
2025-04-20 00:38:16,178,level_complete,1247,1,61971,0,444958,494275,34,837731
2025-04-20 00:38:21,178,level_complete,1248,2,62033,0,445729,494905,92,838993
2025-04-20 00:38:24,178,level_complete,1249,3,62080,0,446376,495274,75,841271
2025-04-20 00:38:24,178,level_complete,1250,4,62082,0,446405,495312,34,841309
2025-04-20 00:38:25,178,level_complete,1251,5,62099,0,446630,495467,159,841845
2025-04-20 00:38:26,178,level_complete,1252,6,62107,0,446790,495559,131,842397
2025-04-20 00:38:26,178,level_complete,1253,7,62110,0,446862,495617,124,842638
2025-04-20 00:38:26,178,game_complete,-,8,62110,0,446862,495617,124,842638
2025-04-20 00:38:37,179,level_complete,1254,1,62325,0,448241,496979,33,844260
2025-04-20 00:38:38,179,training_run_ep 81500,-,2,62336,0,448339,497044,0,844433
2025-04-20 00:38:45,179,level_complete,1255,2,62454,0,449393,497984,63,846020
2025-04-20 00:38:46,179,level_complete,1256,3,62462,0,449512,498064,102,846319
2025-04-20 00:38:46,179,level_complete,1257,4,62477,0,449626,498165,35,846469
2025-04-20 00:38:50,179,level_complete,1258,5,62505,0,449986,498608,65,847353
2025-04-20 00:38:51,179,level_complete,1259,6,62544,0,450372,498814,118,848499
2025-04-20 00:38:55,179,level_complete,1260,7,62619,0,451015,499352,69,850429
2025-04-20 00:38:55,179,game_complete,-,8,62619,0,451015,499352,69,850429
2025-04-20 00:39:04,180,level_complete,1261,1,62761,0,452144,500507,32,851746
2025-04-20 00:39:04,180,level_complete,1262,2,62763,0,452188,500543,39,851815
2025-04-20 00:39:04,180,level_complete,1263,3,62766,0,452234,500562,144,851992
2025-04-20 00:39:06,180,level_complete,1264,4,62787,0,452489,500794,32,852382
2025-04-20 00:39:06,180,level_complete,1265,5,62794,0,452545,500844,55,852468
2025-04-20 00:39:07,180,level_complete,1266,6,62800,0,452640,500881,125,852753
2025-04-20 00:39:07,180,level_complete,1267,7,62811,0,452809,501008,80,853273
2025-04-20 00:39:07,180,game_complete,-,8,62811,0,452809,501008,80,853273
2025-04-20 00:39:10,181,training_run_ep 82000,-,1,62836,0,452994,501220,0,853475
2025-04-20 00:39:10,181,level_complete,1268,1,62838,0,453024,501246,38,853513
2025-04-20 00:39:13,181,level_complete,1269,2,62881,0,453452,501651,39,854200
2025-04-20 00:39:13,181,level_complete,1270,3,62882,0,453482,501686,44,854244
2025-04-20 00:39:13,181,level_complete,1271,4,62883,0,453507,501713,33,854277
2025-04-20 00:39:15,181,level_complete,1272,5,62897,0,453739,501916,41,854736
2025-04-20 00:39:16,181,level_complete,1273,6,62906,0,453878,502016,78,855040
2025-04-20 00:39:17,181,level_complete,1274,7,62935,0,454075,502226,165,855718
2025-04-20 00:39:17,181,game_complete,-,8,62935,0,454075,502226,165,855718
2025-04-20 00:39:28,182,level_complete,1275,1,63162,0,455478,503578,32,857396
2025-04-20 00:39:31,182,level_complete,1276,2,63224,0,456002,504016,63,858244
2025-04-20 00:39:32,182,level_complete,1277,3,63231,0,456125,504107,114,858639
2025-04-20 00:39:32,182,level_complete,1278,4,63232,0,456150,504142,27,858666
2025-04-20 00:39:33,182,level_complete,1279,5,63235,0,456210,504192,117,858837
2025-04-20 00:39:33,182,level_complete,1280,6,63239,0,456289,504239,46,859019
2025-04-20 00:39:34,182,level_complete,1281,7,63270,0,456557,504449,68,859761
2025-04-20 00:39:34,182,game_complete,-,8,63270,0,456557,504449,68,859761
2025-04-20 00:39:38,183,training_run_ep 82500,-,1,63336,0,456949,504849,0,860198
2025-04-20 00:40:06,183,training_run_ep 83000,-,1,63836,0,459205,508127,0,862763
2025-04-20 00:40:15,183,level_complete,1282,1,64021,0,460312,509215,40,864042
2025-04-20 00:40:21,183,level_complete,1283,2,64145,0,461430,510087,57,865991
2025-04-20 00:40:22,183,level_complete,1284,3,64157,0,461567,510184,52,866310
2025-04-20 00:40:23,183,level_complete,1285,4,64168,0,461683,510315,28,866462
2025-04-20 00:40:24,183,level_complete,1286,5,64179,0,461824,510419,120,866820
2025-04-20 00:40:24,183,level_complete,1287,6,64182,0,461882,510452,64,866938
2025-04-20 00:40:25,183,level_complete,1288,7,64199,0,462026,510651,66,867375
2025-04-20 00:40:25,183,game_complete,-,8,64199,0,462026,510651,66,867375
2025-04-20 00:40:33,184,training_run_ep 83500,-,1,64336,0,462886,511512,0,868376
2025-04-20 00:40:37,184,level_complete,1289,1,64443,0,463386,512010,32,868943
2025-04-20 00:40:38,184,level_complete,1290,2,64483,0,463627,512212,55,869321
2025-04-20 00:40:39,184,level_complete,1291,3,64492,0,463807,512339,66,869792
2025-04-20 00:40:40,184,level_complete,1292,4,64508,0,463964,512505,34,870015
2025-04-20 00:40:41,184,level_complete,1293,5,64511,0,464038,512560,50,870202
2025-04-20 00:40:41,184,level_complete,1294,6,64526,0,464210,512654,49,870777
2025-04-20 00:40:51,184,level_complete,1295,7,64667,0,465696,514144,116,874744
2025-04-20 00:40:51,184,game_complete,-,8,64667,0,465696,514144,116,874744
2025-04-20 00:41:03,185,level_complete,1296,1,64813,0,467170,515595,34,876512
2025-04-20 00:41:04,185,level_complete,1297,2,64829,0,467346,515728,42,876819
2025-04-20 00:41:05,185,training_run_ep 84000,-,3,64836,0,467444,515781,0,877109
2025-04-20 00:41:05,185,level_complete,1298,3,64837,0,467474,515801,59,877168
2025-04-20 00:41:05,185,level_complete,1299,4,64838,0,467499,515829,41,877209
2025-04-20 00:41:05,185,level_complete,1300,5,64842,0,467547,515876,65,877305
2025-04-20 00:41:06,185,level_complete,1301,6,64843,0,467577,515916,38,877343
2025-04-20 00:41:07,185,level_complete,1302,7,64857,0,467804,516127,53,877865
2025-04-20 00:41:07,185,game_complete,-,8,64857,0,467804,516127,53,877865
2025-04-20 00:41:08,186,level_complete,1303,1,64869,0,467954,516288,34,878044
2025-04-20 00:41:09,186,level_complete,1304,2,64876,0,468054,516382,61,878229
2025-04-20 00:41:10,186,level_complete,1305,3,64882,0,468180,516474,50,878490
2025-04-20 00:41:10,186,level_complete,1306,4,64892,0,468264,516552,30,878596
2025-04-20 00:41:11,186,level_complete,1307,5,64897,0,468379,516654,63,878960
2025-04-20 00:41:11,186,level_complete,1308,6,64900,0,468434,516714,50,879055
2025-04-20 00:41:12,186,level_complete,1309,7,64905,0,468492,516780,144,879244
2025-04-20 00:41:12,186,game_complete,-,8,64905,0,468492,516780,144,879244
2025-04-20 00:41:12,187,level_complete,1310,1,64910,0,468551,516846,35,879315
2025-04-20 00:41:13,187,level_complete,1311,2,64916,0,468661,516951,45,879474
2025-04-20 00:41:14,187,level_complete,1312,3,64932,0,468907,517109,51,880176
2025-04-20 00:41:14,187,level_complete,1313,4,64934,0,468940,517145,46,880232
2025-04-20 00:41:14,187,level_complete,1314,5,64936,0,468970,517174,71,880303
2025-04-20 00:41:16,187,level_complete,1315,6,64968,0,469360,517377,119,881445
2025-04-20 00:41:16,187,level_complete,1316,7,64973,0,469411,517427,49,881557
2025-04-20 00:41:16,187,game_complete,-,8,64973,0,469411,517427,49,881557
2025-04-20 00:41:17,188,level_complete,1317,1,64976,0,469465,517493,36,881617
2025-04-20 00:41:17,188,level_complete,1318,2,64978,0,469512,517550,34,881670
2025-04-20 00:41:17,188,level_complete,1319,3,64980,0,469557,517583,148,881839
2025-04-20 00:41:18,188,level_complete,1320,4,64992,0,469692,517711,36,882027
2025-04-20 00:41:19,188,level_complete,1321,5,64993,0,469722,517747,46,882073
2025-04-20 00:41:19,188,level_complete,1322,6,64995,0,469777,517781,110,882238
2025-04-20 00:41:19,188,level_complete,1323,7,64997,0,469831,517822,53,882355
2025-04-20 00:41:19,188,game_complete,-,8,64997,0,469831,517822,53,882355
2025-04-20 00:41:20,189,level_complete,1324,1,64998,0,469861,517883,37,882392
2025-04-20 00:41:20,189,level_complete,1325,2,65000,0,469895,517920,66,882462
2025-04-20 00:41:20,189,level_complete,1326,3,65001,0,469925,517945,65,882527
2025-04-20 00:41:23,189,level_complete,1327,4,65006,0,470007,518352,34,882639
2025-04-20 00:41:23,189,level_complete,1328,5,65008,0,470042,518375,133,882778
2025-04-20 00:41:24,189,level_complete,1329,6,65009,0,470072,518404,54,882832
2025-04-20 00:41:24,189,level_complete,1330,7,65015,0,470209,518488,89,883389
2025-04-20 00:41:24,189,game_complete,-,8,65015,0,470209,518488,89,883389
2025-04-20 00:41:25,190,level_complete,1331,1,65021,0,470323,518614,35,883531
2025-04-20 00:41:26,190,level_complete,1332,2,65023,0,470378,518671,45,883615
2025-04-20 00:41:26,190,level_complete,1333,3,65026,0,470455,518761,58,883804
2025-04-20 00:41:26,190,level_complete,1334,4,65028,0,470490,518789,40,883865
2025-04-20 00:41:27,190,level_complete,1335,5,65033,0,470592,518872,48,884083
2025-04-20 00:41:27,190,level_complete,1336,6,65035,0,470651,518907,54,884201
2025-04-20 00:41:28,190,level_complete,1337,7,65039,0,470732,518988,52,884356
2025-04-20 00:41:28,190,game_complete,-,8,65039,0,470732,518988,52,884356
2025-04-20 00:41:29,191,level_complete,1338,1,65044,0,470838,519197,47,884485
2025-04-20 00:41:33,191,level_complete,1339,2,65100,0,471501,519737,54,885649
2025-04-20 00:41:33,191,level_complete,1340,3,65101,0,471531,519751,137,885786
2025-04-20 00:41:34,191,level_complete,1341,4,65109,0,471636,519850,34,885960
2025-04-20 00:41:34,191,level_complete,1342,5,65112,0,471673,519889,48,886015
2025-04-20 00:41:35,191,level_complete,1343,6,65113,0,471703,519916,40,886055
2025-04-20 00:41:35,191,level_complete,1344,7,65114,0,471733,519928,160,886215
2025-04-20 00:41:35,191,game_complete,-,8,65114,0,471733,519928,160,886215
2025-04-20 00:41:35,192,level_complete,1345,1,65117,0,471796,520026,38,886288
2025-04-20 00:41:36,192,level_complete,1346,2,65122,0,471856,520072,79,886422
2025-04-20 00:41:36,192,level_complete,1347,3,65124,0,471895,520094,66,886509
2025-04-20 00:41:36,192,level_complete,1348,4,65126,0,471942,520139,36,886572
2025-04-20 00:41:37,192,level_complete,1349,5,65133,0,472053,520185,206,887054
2025-04-20 00:41:37,192,level_complete,1350,6,65139,0,472151,520269,47,887327
2025-04-20 00:41:38,192,level_complete,1351,7,65156,0,472316,520389,80,887786
2025-04-20 00:41:38,192,game_complete,-,8,65156,0,472316,520389,80,887786
2025-04-20 00:41:39,193,level_complete,1352,1,65164,0,472419,520480,37,887917
2025-04-20 00:41:40,193,level_complete,1353,2,65174,0,472622,520710,53,888220
2025-04-20 00:41:40,193,level_complete,1354,3,65177,0,472674,520740,87,888354
2025-04-20 00:41:41,193,level_complete,1355,4,65179,0,472720,520789,32,888417
2025-04-20 00:41:41,193,level_complete,1356,5,65180,0,472750,520814,120,888537
2025-04-20 00:41:41,193,level_complete,1357,6,65183,0,472791,520846,40,888604
2025-04-20 00:41:41,193,level_complete,1358,7,65185,0,472827,520881,284,888898
2025-04-20 00:41:41,193,game_complete,-,8,65185,0,472827,520881,284,888898
2025-04-20 00:41:43,194,level_complete,1359,1,65198,0,473039,521131,31,889143
2025-04-20 00:41:47,194,level_complete,1360,2,65259,0,473604,521597,49,890053
2025-04-20 00:41:48,194,level_complete,1361,3,65279,0,473834,521718,113,890805
2025-04-20 00:41:48,194,level_complete,1362,4,65286,0,473883,521757,38,890872
2025-04-20 00:41:49,194,level_complete,1363,5,65296,0,474027,521855,57,891220
2025-04-20 00:41:50,194,level_complete,1364,6,65309,0,474251,521982,93,891839
2025-04-20 00:41:50,194,level_complete,1365,7,65314,0,474367,522073,154,892502
2025-04-20 00:41:50,194,game_complete,-,8,65314,0,474367,522073,154,892502
2025-04-20 00:41:51,195,level_complete,1366,1,65317,0,474406,522144,36,892548
2025-04-20 00:41:52,195,level_complete,1367,2,65323,0,474544,522279,53,892767
2025-04-20 00:41:52,195,level_complete,1368,3,65325,0,474586,522299,102,892893
2025-04-20 00:41:53,195,training_run_ep 84500,-,4,65336,0,474676,522404,0,893029
2025-04-20 00:41:54,195,level_complete,1369,4,65344,0,474741,522456,51,893131
2025-04-20 00:41:54,195,level_complete,1370,5,65350,0,474815,522505,81,893302
2025-04-20 00:41:54,195,level_complete,1371,6,65354,0,474896,522580,57,893490
2025-04-20 00:41:56,195,level_complete,1372,7,65368,0,475054,522756,114,893912
2025-04-20 00:41:56,195,game_complete,-,8,65368,0,475054,522756,114,893912
2025-04-20 00:41:58,196,level_complete,1373,1,65412,0,475395,523119,34,894289
2025-04-20 00:41:59,196,level_complete,1374,2,65424,0,475527,523230,45,894496
2025-04-20 00:42:00,196,level_complete,1375,3,65430,0,475604,523275,102,894729
2025-04-20 00:42:01,196,level_complete,1376,4,65458,0,475861,523517,30,895160
2025-04-20 00:42:01,196,level_complete,1377,5,65460,0,475894,523534,80,895246
2025-04-20 00:42:02,196,level_complete,1378,6,65462,0,475937,523567,59,895323
2025-04-20 00:42:02,196,level_complete,1379,7,65464,0,475995,523617,143,895510
2025-04-20 00:42:02,196,game_complete,-,8,65464,0,475995,523617,143,895510
2025-04-20 00:42:04,197,level_complete,1380,1,65488,0,476265,523895,38,895826
2025-04-20 00:42:05,197,level_complete,1381,2,65507,0,476446,524031,48,896130
2025-04-20 00:42:06,197,level_complete,1382,3,65516,0,476582,524098,94,896729
2025-04-20 00:42:09,197,level_complete,1383,4,65565,0,477011,524540,56,897378
2025-04-20 00:42:09,197,level_complete,1384,5,65567,0,477059,524585,47,897499
2025-04-20 00:42:10,197,level_complete,1385,6,65570,0,477134,524673,45,897613
2025-04-20 00:42:11,197,level_complete,1386,7,65576,0,477241,524762,123,898045
2025-04-20 00:42:11,197,game_complete,-,8,65576,0,477241,524762,123,898045
2025-04-20 00:42:11,198,level_complete,1387,1,65580,0,477300,524826,44,898122
2025-04-20 00:42:12,198,level_complete,1388,2,65599,0,477544,525005,46,898610
2025-04-20 00:42:12,198,level_complete,1389,3,65600,0,477574,525027,62,898672
2025-04-20 00:42:14,198,level_complete,1390,4,65605,0,477654,525170,32,898777
2025-04-20 00:42:14,198,level_complete,1391,5,65607,0,477698,525205,48,898849
2025-04-20 00:42:15,198,level_complete,1392,6,65618,0,477886,525371,59,899224
2025-04-20 00:42:15,198,level_complete,1393,7,65620,0,477937,525415,139,899460
2025-04-20 00:42:15,198,game_complete,-,8,65620,0,477937,525415,139,899460
2025-04-20 00:42:16,199,level_complete,1394,1,65622,0,477992,525500,34,899521
2025-04-20 00:42:20,199,level_complete,1395,2,65678,0,478599,526012,44,900638
2025-04-20 00:42:20,199,level_complete,1396,3,65680,0,478637,526031,94,900744
2025-04-20 00:42:22,199,level_complete,1397,4,65705,0,478934,526321,40,901162
2025-04-20 00:42:22,199,level_complete,1398,5,65715,0,479040,526397,51,901432
2025-04-20 00:42:23,199,level_complete,1399,6,65725,0,479184,526478,55,901817
2025-04-20 00:42:23,199,level_complete,1400,7,65726,0,479214,526495,115,901932
2025-04-20 00:42:23,199,game_complete,-,8,65726,0,479214,526495,115,901932
2025-04-20 00:42:24,200,level_complete,1401,1,65729,0,479262,526555,35,901987
2025-04-20 00:42:24,200,level_complete,1402,2,65731,0,479293,526581,54,902042
2025-04-20 00:42:24,200,level_complete,1403,3,65736,0,479395,526641,70,902395
2025-04-20 00:42:26,200,level_complete,1404,4,65756,0,479638,526853,48,902805
2025-04-20 00:42:26,200,level_complete,1405,5,65757,0,479668,526863,108,902913
2025-04-20 00:42:26,200,level_complete,1406,6,65760,0,479727,526910,59,903062
2025-04-20 00:42:27,200,level_complete,1407,7,65763,0,479777,526978,43,903204
2025-04-20 00:42:27,200,game_complete,-,8,65763,0,479777,526978,43,903204
2025-04-20 00:42:32,201,level_complete,1408,1,65833,0,480482,527650,46,904040
2025-04-20 00:42:32,201,level_complete,1409,2,65836,0,480519,527676,56,904103
2025-04-20 00:42:33,201,training_run_ep 85000,-,3,65836,0,480519,527676,56,904103
2025-04-20 00:42:33,201,level_complete,1410,3,65838,0,480550,527699,63,904167
2025-04-20 00:42:36,201,level_complete,1411,4,65891,0,481009,528131,28,904804
2025-04-20 00:42:36,201,level_complete,1412,5,65899,0,481098,528164,165,905098
2025-04-20 00:42:38,201,level_complete,1413,6,65928,0,481501,528427,61,906118
2025-04-20 00:42:38,201,level_complete,1414,7,65929,0,481531,528455,82,906200
2025-04-20 00:42:38,201,game_complete,-,8,65929,0,481531,528455,82,906200
2025-04-20 00:42:40,202,level_complete,1415,1,65944,0,481763,528695,40,906471
2025-04-20 00:42:43,202,level_complete,1416,2,65983,0,482173,529033,82,907171
2025-04-20 00:42:43,202,level_complete,1417,3,65993,0,482297,529093,47,907637
2025-04-20 00:42:44,202,level_complete,1418,4,66005,0,482423,529238,37,907816
2025-04-20 00:42:44,202,level_complete,1419,5,66008,0,482481,529282,101,907978
2025-04-20 00:42:45,202,level_complete,1420,6,66018,0,482607,529365,71,908235
2025-04-20 00:42:46,202,level_complete,1421,7,66029,0,482762,529481,408,908920
2025-04-20 00:42:46,202,game_complete,-,8,66029,0,482762,529481,408,908920
2025-04-20 00:42:50,203,level_complete,1422,1,66083,0,483380,530105,35,909689
2025-04-20 00:42:51,203,level_complete,1423,2,66084,0,483410,530156,34,909723
2025-04-20 00:42:51,203,level_complete,1424,3,66087,0,483473,530193,102,909917
2025-04-20 00:42:52,203,level_complete,1425,4,66094,0,483591,530283,33,910147
2025-04-20 00:42:52,203,level_complete,1426,5,66095,0,483621,530314,81,910228
2025-04-20 00:42:53,203,level_complete,1427,6,66100,0,483746,530405,58,910547
2025-04-20 00:42:53,203,level_complete,1428,7,66104,0,483821,530462,112,910815
2025-04-20 00:42:53,203,game_complete,-,8,66104,0,483821,530462,112,910815
2025-04-20 00:42:53,204,level_complete,1429,1,66108,0,483869,530522,40,910876
2025-04-20 00:42:54,204,level_complete,1430,2,66116,0,484001,530644,55,911080
2025-04-20 00:42:55,204,level_complete,1431,3,66126,0,484231,530792,75,911688
2025-04-20 00:42:56,204,level_complete,1432,4,66128,0,484257,530814,40,911729
2025-04-20 00:42:56,204,level_complete,1433,5,66132,0,484324,530877,82,911871
2025-04-20 00:42:57,204,level_complete,1434,6,66142,0,484482,530970,50,912373
2025-04-20 00:42:58,204,level_complete,1435,7,66167,0,484706,531166,330,913317
2025-04-20 00:42:58,204,game_complete,-,8,66167,0,484706,531166,330,913317
2025-04-20 00:42:58,205,level_complete,1436,1,66170,0,484756,531223,35,913374
2025-04-20 00:42:59,205,level_complete,1437,2,66175,0,484821,531294,39,913498
2025-04-20 00:42:59,205,level_complete,1438,3,66180,0,484899,531361,86,913724
2025-04-20 00:43:00,205,level_complete,1439,4,66182,0,484925,531393,34,913759
2025-04-20 00:43:00,205,level_complete,1440,5,66186,0,484992,531441,40,913892
2025-04-20 00:43:00,205,level_complete,1441,6,66193,0,485077,531502,78,914152
2025-04-20 00:43:01,205,level_complete,1442,7,66204,0,485200,531633,52,914502
2025-04-20 00:43:01,205,game_complete,-,8,66204,0,485200,531633,52,914502
2025-04-20 00:43:03,206,level_complete,1443,1,66217,0,485407,531904,34,914743
2025-04-20 00:43:04,206,level_complete,1444,2,66222,0,485482,531972,43,914853
2025-04-20 00:43:04,206,level_complete,1445,3,66223,0,485512,531997,117,914970
2025-04-20 00:43:05,206,level_complete,1446,4,66239,0,485655,532128,32,915179
2025-04-20 00:43:05,206,level_complete,1447,5,66247,0,485723,532221,72,915483
2025-04-20 00:43:06,206,level_complete,1448,6,66256,0,485852,532300,99,915829
2025-04-20 00:43:07,206,level_complete,1449,7,66268,0,485997,532404,117,916233
2025-04-20 00:43:07,206,game_complete,-,8,66268,0,485997,532404,117,916233
2025-04-20 00:43:09,207,level_complete,1450,1,66287,0,486229,532676,35,916501
2025-04-20 00:43:10,207,level_complete,1451,2,66298,0,486359,532803,67,916760
2025-04-20 00:43:12,207,training_run_ep 85500,-,3,66336,0,486758,532983,0,918499
2025-04-20 00:43:13,207,level_complete,1452,3,66375,0,487089,533134,87,919556
2025-04-20 00:43:15,207,level_complete,1453,4,66425,0,487500,533460,33,920220
2025-04-20 00:43:16,207,level_complete,1454,5,66433,0,487601,533539,80,920424
2025-04-20 00:43:16,207,level_complete,1455,6,66448,0,487782,533621,131,921031
2025-04-20 00:43:18,207,level_complete,1456,7,66472,0,488112,533907,59,921961
2025-04-20 00:43:18,207,game_complete,-,8,66472,0,488112,533907,59,921961
2025-04-20 00:43:37,208,training_run_ep 86000,-,1,66836,0,490466,536215,0,924777
2025-04-20 00:43:47,208,level_complete,1457,1,67023,0,491717,537440,32,926227
2025-04-20 00:43:51,208,level_complete,1458,2,67106,0,492359,538009,47,927189
2025-04-20 00:43:52,208,level_complete,1459,3,67117,0,492520,538119,60,927619
2025-04-20 00:44:03,208,training_run_ep 86500,-,4,67336,0,494101,539537,0,929904
2025-04-20 00:44:05,208,level_complete,1460,4,67397,0,494486,539895,33,930429
2025-04-20 00:44:06,208,level_complete,1461,5,67411,0,494672,540022,141,930980
2025-04-20 00:44:08,208,level_complete,1462,6,67458,0,495107,540242,101,932175
2025-04-20 00:44:08,208,level_complete,1463,7,67464,0,495208,540309,128,932530
2025-04-20 00:44:08,208,game_complete,-,8,67464,0,495208,540309,128,932530
2025-04-20 00:44:22,209,level_complete,1464,1,67765,0,496922,541945,42,934563
2025-04-20 00:44:25,209,level_complete,1465,2,67801,0,497359,542321,46,935358
2025-04-20 00:44:25,209,level_complete,1466,3,67810,0,497524,542414,188,935959
2025-04-20 00:44:26,209,level_complete,1467,4,67818,0,497607,542502,32,936075
2025-04-20 00:44:29,209,training_run_ep 87000,-,5,67836,0,497817,542809,0,936747
2025-04-20 00:44:36,209,level_complete,1468,5,67890,0,498378,543695,108,938358
2025-04-20 00:44:38,209,level_complete,1469,6,67955,0,498970,544015,87,940080
2025-04-20 00:44:51,209,training_run_ep 87500,-,7,68336,0,501344,545833,0,947160
2025-04-20 00:44:52,209,level_complete,1470,7,68369,0,501529,545982,49,947577
2025-04-20 00:44:52,209,game_complete,-,8,68369,0,501529,545982,49,947577
2025-04-20 00:45:15,210,level_complete,1471,1,68773,0,504476,548931,41,951063
2025-04-20 00:45:15,210,level_complete,1472,2,68774,0,504506,548962,65,951128
2025-04-20 00:45:16,210,level_complete,1473,3,68777,0,504566,548998,77,951259
2025-04-20 00:45:16,210,level_complete,1474,4,68779,0,504605,549040,34,951315
2025-04-20 00:45:16,210,level_complete,1475,5,68780,0,504635,549058,188,951503
2025-04-20 00:45:17,210,level_complete,1476,6,68783,0,504718,549117,80,951675
2025-04-20 00:45:17,210,level_complete,1477,7,68787,0,504797,549212,102,951903
2025-04-20 00:45:17,210,game_complete,-,8,68787,0,504797,549212,102,951903
2025-04-20 00:45:21,211,training_run_ep 88000,-,1,68836,0,505136,549611,0,952300
2025-04-20 00:45:25,211,level_complete,1478,1,68896,0,505706,550179,43,952977
2025-04-20 00:45:28,211,level_complete,1479,2,68942,0,506168,550569,63,953817
2025-04-20 00:45:29,211,level_complete,1480,3,68953,0,506311,550659,53,954447
2025-04-20 00:45:37,211,level_complete,1481,4,69111,0,507600,551722,61,956479
2025-04-20 00:45:38,211,level_complete,1482,5,69135,0,507917,551935,52,957341
2025-04-20 00:45:39,211,level_complete,1483,6,69146,0,508069,552022,75,957709
2025-04-20 00:45:39,211,level_complete,1484,7,69149,0,508111,552063,63,957786
2025-04-20 00:45:39,211,game_complete,-,8,69149,0,508111,552063,63,957786
2025-04-20 00:45:42,212,level_complete,1485,1,69207,0,508526,552492,38,958275
2025-04-20 00:45:44,212,level_complete,1486,2,69232,0,508807,552732,71,958752
2025-04-20 00:45:44,212,level_complete,1487,3,69233,0,508837,552760,112,958864
2025-04-20 00:45:45,212,level_complete,1488,4,69236,0,508903,552826,37,958957
2025-04-20 00:45:46,212,level_complete,1489,5,69247,0,509043,552932,113,959281
2025-04-20 00:45:46,212,level_complete,1490,6,69252,0,509111,552991,74,959413
2025-04-20 00:45:48,212,level_complete,1491,7,69294,0,509650,553359,96,961301
2025-04-20 00:45:48,212,game_complete,-,8,69294,0,509650,553359,96,961301
2025-04-20 00:45:50,213,level_complete,1492,1,69312,0,509783,553488,38,961462
2025-04-20 00:45:51,213,training_run_ep 88500,-,2,69336,0,509954,553661,0,961719
2025-04-20 00:45:52,213,level_complete,1493,2,69349,0,510033,553721,84,961912
2025-04-20 00:45:53,213,level_complete,1494,3,69368,0,510319,553854,204,962931
2025-04-20 00:45:53,213,level_complete,1495,4,69375,0,510408,553940,50,963114
2025-04-20 00:45:54,213,level_complete,1496,5,69379,0,510478,553976,65,963259
2025-04-20 00:45:54,213,level_complete,1497,6,69390,0,510648,554065,102,963811
2025-04-20 00:46:04,213,level_complete,1498,7,69607,0,512476,555437,80,969553
2025-04-20 00:46:04,213,game_complete,-,8,69607,0,512476,555437,80,969553
2025-04-20 00:46:13,214,training_run_ep 89000,-,1,69836,0,513629,556533,0,970893
2025-04-20 00:46:15,214,level_complete,1499,1,69856,0,513852,556797,33,971148
2025-04-20 00:46:16,214,level_complete,1500,2,69861,0,513920,556877,36,971255
2025-04-20 00:46:16,214,level_complete,1501,3,69874,0,514101,556954,196,971866
2025-04-20 00:46:18,214,level_complete,1502,4,69895,0,514323,557159,58,972231
2025-04-20 00:46:20,214,level_complete,1503,5,69930,0,514774,557427,142,973810
2025-04-20 00:46:20,214,level_complete,1504,6,69934,0,514818,557455,58,973900
2025-04-20 00:46:22,214,level_complete,1505,7,69962,0,515152,557704,101,974942
2025-04-20 00:46:22,214,game_complete,-,8,69962,0,515152,557704,101,974942
2025-04-20 00:46:24,215,level_complete,1506,1,69992,0,515474,558029,36,975315
2025-04-20 00:46:25,215,level_complete,1507,2,70012,0,515696,558191,44,975704
2025-04-20 00:46:26,215,level_complete,1508,3,70018,0,515781,558257,69,975872
2025-04-20 00:46:27,215,level_complete,1509,4,70028,0,515896,558377,32,976027
2025-04-20 00:46:27,215,level_complete,1510,5,70030,0,515955,558428,82,976233
2025-04-20 00:46:27,215,level_complete,1511,6,70031,0,515985,558447,64,976297
2025-04-20 00:46:27,215,level_complete,1512,7,70032,0,516015,558484,61,976358
2025-04-20 00:46:27,215,game_complete,-,8,70032,0,516015,558484,61,976358
2025-04-20 00:46:30,216,level_complete,1513,1,70052,0,516234,558757,43,976615
2025-04-20 00:46:30,216,level_complete,1514,2,70054,0,516266,558801,38,976655
2025-04-20 00:46:30,216,level_complete,1515,3,70056,0,516305,558831,80,976750
2025-04-20 00:46:30,216,level_complete,1516,4,70059,0,516335,558862,77,976832
2025-04-20 00:46:32,216,level_complete,1517,5,70077,0,516611,559091,51,977462
2025-04-20 00:46:32,216,level_complete,1518,6,70081,0,516660,559135,64,977626
2025-04-20 00:46:33,216,level_complete,1519,7,70091,0,516802,559258,170,978125
2025-04-20 00:46:33,216,game_complete,-,8,70091,0,516802,559258,170,978125
2025-04-20 00:46:35,217,level_complete,1520,1,70110,0,517071,559519,37,978439
2025-04-20 00:46:36,217,level_complete,1521,2,70122,0,517165,559603,42,978580
2025-04-20 00:46:36,217,level_complete,1522,3,70129,0,517297,559679,55,979325
2025-04-20 00:46:37,217,level_complete,1523,4,70149,0,517505,559855,31,979620
2025-04-20 00:46:38,217,level_complete,1524,5,70157,0,517602,559947,75,979822
2025-04-20 00:46:39,217,level_complete,1525,6,70182,0,517912,560140,61,980613
2025-04-20 00:46:40,217,level_complete,1526,7,70185,0,517953,560184,82,980707
2025-04-20 00:46:40,217,game_complete,-,8,70185,0,517953,560184,82,980707
2025-04-20 00:46:49,218,training_run_ep 89500,-,1,70336,0,518996,561218,0,981953
2025-04-20 00:47:14,218,training_run_ep 90000,-,1,70836,0,522169,564308,0,985634
2025-04-20 00:47:15,218,level_complete,1527,1,70864,0,522334,564471,40,985834
2025-04-20 00:47:17,218,level_complete,1528,2,70907,0,522612,564692,47,986268
2025-04-20 00:47:18,218,level_complete,1529,3,70923,0,522788,564817,43,986717
2025-04-20 00:47:19,218,level_complete,1530,4,70935,0,522913,564914,44,986915
2025-04-20 00:47:19,218,level_complete,1531,5,70937,0,522948,564950,67,986990
2025-04-20 00:47:20,218,level_complete,1532,6,70951,0,523083,565036,69,987283
2025-04-20 00:47:21,218,level_complete,1533,7,70971,0,523333,565248,134,988154
2025-04-20 00:47:21,218,game_complete,-,8,70971,0,523333,565248,134,988154
2025-04-20 00:47:36,219,level_complete,1534,1,71313,0,525250,567107,36,990430
2025-04-20 00:47:38,219,training_run_ep 90500,-,2,71336,0,525483,567288,0,990910
2025-04-20 00:47:52,219,level_complete,1535,2,71552,0,527330,569095,57,993888
2025-04-20 00:47:53,219,level_complete,1536,3,71579,0,527645,569238,174,995243
2025-04-20 00:47:58,219,level_complete,1537,4,71714,0,528489,569990,41,996433
2025-04-20 00:48:00,219,level_complete,1538,5,71727,0,528719,570149,102,997109
2025-04-20 00:48:00,219,level_complete,1539,6,71741,0,528908,570264,59,997565
2025-04-20 00:48:01,219,level_complete,1540,7,71753,0,529020,570374,172,997875
2025-04-20 00:48:01,219,game_complete,-,8,71753,0,529020,570374,172,997875
2025-04-20 00:48:08,220,training_run_ep 91000,-,1,71836,0,529772,571152,0,998750
2025-04-20 00:48:36,220,level_complete,1541,1,72285,0,533282,574717,34,1002842
2025-04-20 00:48:41,220,training_run_ep 91500,-,2,72336,0,533722,575242,0,1003552
2025-04-20 00:48:47,220,level_complete,1542,2,72476,0,534668,576036,42,1005081
2025-04-20 00:48:49,220,level_complete,1543,3,72545,0,535172,576306,138,1007197
2025-04-20 00:48:53,220,level_complete,1544,4,72657,0,535839,576855,42,1008177
2025-04-20 00:48:53,220,level_complete,1545,5,72658,0,535869,576868,106,1008283
2025-04-20 00:48:55,220,level_complete,1546,6,72690,0,536273,577113,94,1009198
2025-04-20 00:49:01,220,level_complete,1547,7,72831,0,537182,578009,133,1012183
2025-04-20 00:49:01,220,game_complete,-,8,72831,0,537182,578009,133,1012183
2025-04-20 00:49:02,221,training_run_ep 92000,-,1,72836,0,537207,578028,0,1012215
2025-04-20 00:49:15,221,level_complete,1548,1,73122,0,538874,579608,34,1014163
2025-04-20 00:49:26,221,training_run_ep 92500,-,2,73336,0,540643,580968,0,1017120
2025-04-20 00:49:26,221,level_complete,1549,2,73340,0,540691,581018,39,1017183
2025-04-20 00:49:27,221,level_complete,1550,3,73351,0,540835,581114,73,1017553
2025-04-20 00:49:27,221,level_complete,1551,4,73361,0,540946,581218,30,1017702
2025-04-20 00:49:29,221,level_complete,1552,5,73375,0,541167,581399,94,1018292
2025-04-20 00:49:34,221,level_complete,1553,6,73514,0,542461,582039,107,1022087
2025-04-20 00:49:35,221,level_complete,1554,7,73535,0,542642,582168,64,1022550
2025-04-20 00:49:35,221,game_complete,-,8,73535,0,542642,582168,64,1022550
2025-04-20 00:49:53,222,training_run_ep 93000,-,1,73836,0,544760,584257,0,1025020
2025-04-20 00:49:56,222,level_complete,1555,1,73876,0,545061,584573,35,1025364
2025-04-20 00:50:04,222,level_complete,1556,2,73975,0,546208,585548,87,1027160
2025-04-20 00:50:04,222,level_complete,1557,3,73979,0,546281,585591,68,1027463
2025-04-20 00:50:05,222,level_complete,1558,4,73993,0,546404,585691,38,1027635
2025-04-20 00:50:06,222,level_complete,1559,5,74014,0,546725,585893,48,1028447
2025-04-20 00:50:07,222,level_complete,1560,6,74022,0,546804,585961,45,1028626
2025-04-20 00:50:07,222,level_complete,1561,7,74030,0,546909,586031,89,1029222
2025-04-20 00:50:07,222,game_complete,-,8,74030,0,546909,586031,89,1029222
2025-04-20 00:50:11,223,level_complete,1562,1,74086,0,547493,586583,40,1029934
2025-04-20 00:50:12,223,level_complete,1563,2,74096,0,547638,586713,38,1030147
2025-04-20 00:50:13,223,level_complete,1564,3,74097,0,547668,586746,51,1030198
2025-04-20 00:50:13,223,level_complete,1565,4,74099,0,547715,586808,28,1030285
2025-04-20 00:50:13,223,level_complete,1566,5,74102,0,547767,586831,116,1030465
2025-04-20 00:50:13,223,level_complete,1567,6,74105,0,547814,586871,46,1030576
2025-04-20 00:50:16,223,level_complete,1568,7,74133,0,548113,587195,91,1031346
2025-04-20 00:50:16,223,game_complete,-,8,74133,0,548113,587195,91,1031346
2025-04-20 00:50:16,224,level_complete,1569,1,74143,0,548221,587316,40,1031477
2025-04-20 00:50:17,224,level_complete,1570,2,74146,0,548278,587384,33,1031556
2025-04-20 00:50:17,224,level_complete,1571,3,74147,0,548308,587425,42,1031598
2025-04-20 00:50:17,224,level_complete,1572,4,74148,0,548333,587452,39,1031637
2025-04-20 00:50:18,224,level_complete,1573,5,74149,0,548363,587479,46,1031683
2025-04-20 00:50:18,224,level_complete,1574,6,74150,0,548393,587513,46,1031729
2025-04-20 00:50:18,224,level_complete,1575,7,74151,0,548423,587554,48,1031777
2025-04-20 00:50:18,224,game_complete,-,8,74151,0,548423,587554,48,1031777
2025-04-20 00:50:18,225,level_complete,1576,1,74152,0,548453,587591,38,1031815
2025-04-20 00:50:19,225,level_complete,1577,2,74154,0,548492,587629,43,1031869
2025-04-20 00:50:19,225,level_complete,1578,3,74155,0,548522,587648,63,1031932
2025-04-20 00:50:19,225,level_complete,1579,4,74156,0,548547,587693,29,1031961
2025-04-20 00:50:19,225,level_complete,1580,5,74158,0,548587,587729,77,1032084
2025-04-20 00:50:20,225,level_complete,1581,6,74164,0,548721,587802,53,1032486
2025-04-20 00:50:20,225,level_complete,1582,7,74167,0,548788,587868,196,1032784
2025-04-20 00:50:20,225,game_complete,-,8,74167,0,548788,587868,196,1032784
2025-04-20 00:50:21,226,level_complete,1583,1,74168,0,548818,587909,33,1032817
2025-04-20 00:50:21,226,level_complete,1584,2,74179,0,548914,587998,66,1032970
2025-04-20 00:50:21,226,level_complete,1585,3,74180,0,548944,588016,54,1033024
2025-04-20 00:50:22,226,level_complete,1586,4,74181,0,548969,588033,40,1033064
2025-04-20 00:50:22,226,level_complete,1587,5,74183,0,549002,588074,43,1033110
2025-04-20 00:50:22,226,level_complete,1588,6,74184,0,549032,588099,62,1033172
2025-04-20 00:50:22,226,level_complete,1589,7,74189,0,549074,588144,59,1033249
2025-04-20 00:50:22,226,game_complete,-,8,74189,0,549074,588144,59,1033249
2025-04-20 00:50:26,227,level_complete,1590,1,74204,0,549378,588578,33,1033612
2025-04-20 00:50:26,227,level_complete,1591,2,74206,0,549409,588635,36,1033649
2025-04-20 00:50:26,227,level_complete,1592,3,74208,0,549445,588654,80,1033735
2025-04-20 00:50:27,227,level_complete,1593,4,74215,0,549542,588736,65,1033885
2025-04-20 00:50:27,227,level_complete,1594,5,74216,0,549572,588767,42,1033927
2025-04-20 00:50:27,227,level_complete,1595,6,74220,0,549628,588813,50,1034026
2025-04-20 00:50:28,227,level_complete,1596,7,74224,0,549695,588885,67,1034158
2025-04-20 00:50:28,227,game_complete,-,8,74224,0,549695,588885,67,1034158
2025-04-20 00:50:28,228,level_complete,1597,1,74225,0,549725,588929,43,1034201
2025-04-20 00:50:28,228,level_complete,1598,2,74229,0,549781,588997,31,1034261
2025-04-20 00:50:29,228,level_complete,1599,3,74231,0,549830,589024,47,1034435
2025-04-20 00:50:29,228,level_complete,1600,4,74232,0,549855,589054,37,1034472
2025-04-20 00:50:29,228,level_complete,1601,5,74233,0,549885,589071,75,1034547
2025-04-20 00:50:29,228,level_complete,1602,6,74234,0,549915,589082,131,1034678
2025-04-20 00:50:30,228,level_complete,1603,7,74252,0,550140,589225,46,1035695
2025-04-20 00:50:30,228,game_complete,-,8,74252,0,550140,589225,46,1035695
2025-04-20 00:50:30,229,level_complete,1604,1,74253,0,550170,589268,34,1035729
2025-04-20 00:50:31,229,level_complete,1605,2,74257,0,550246,589352,52,1035853
2025-04-20 00:50:31,229,level_complete,1606,3,74258,0,550276,589367,93,1035946
2025-04-20 00:50:31,229,level_complete,1607,4,74259,0,550301,589386,41,1035987
2025-04-20 00:50:32,229,level_complete,1608,5,74263,0,550388,589433,65,1036350
2025-04-20 00:50:32,229,level_complete,1609,6,74264,0,550418,589457,59,1036409
2025-04-20 00:50:34,229,level_complete,1610,7,74292,0,550820,589746,64,1037693
2025-04-20 00:50:34,229,game_complete,-,8,74292,0,550820,589746,64,1037693
2025-04-20 00:50:34,230,level_complete,1611,1,74298,0,550893,589817,47,1037789
2025-04-20 00:50:35,230,level_complete,1612,2,74301,0,550931,589857,61,1037873
2025-04-20 00:50:35,230,level_complete,1613,3,74307,0,550997,589901,102,1038073
2025-04-20 00:50:35,230,level_complete,1614,4,74312,0,551044,589944,40,1038144
2025-04-20 00:50:35,230,level_complete,1615,5,74314,0,551094,589974,86,1038267
2025-04-20 00:50:36,230,level_complete,1616,6,74327,0,551254,590083,67,1038592
2025-04-20 00:50:37,230,training_run_ep 93500,-,7,74336,0,551327,590134,0,1038827
2025-04-20 00:50:38,230,level_complete,1617,7,74356,0,551551,590328,79,1039354
2025-04-20 00:50:38,230,game_complete,-,8,74356,0,551551,590328,79,1039354
2025-04-20 00:50:39,231,level_complete,1618,1,74369,0,551665,590433,44,1039491
2025-04-20 00:50:40,231,level_complete,1619,2,74373,0,551698,590469,36,1039530
2025-04-20 00:50:40,231,level_complete,1620,3,74389,0,551906,590605,82,1040356
2025-04-20 00:50:41,231,level_complete,1621,4,74395,0,551966,590661,26,1040434
2025-04-20 00:50:41,231,level_complete,1622,5,74399,0,552019,590741,104,1040607
2025-04-20 00:50:43,231,level_complete,1623,6,74411,0,552232,590928,71,1041071
2025-04-20 00:50:43,231,level_complete,1624,7,74416,0,552306,590992,92,1041255
2025-04-20 00:50:43,231,game_complete,-,8,74416,0,552306,590992,92,1041255
2025-04-20 00:51:00,232,level_complete,1625,1,74723,0,554422,593044,41,1043736
2025-04-20 00:51:04,232,training_run_ep 94000,-,2,74836,0,555110,593581,0,1044920
2025-04-20 00:51:22,232,level_complete,1626,2,75322,0,558127,595906,48,1049954
2025-04-20 00:51:23,232,level_complete,1627,3,75335,0,558229,595970,163,1050269
2025-04-20 00:51:23,232,training_run_ep 94500,-,4,75336,0,558229,595970,0,1050269
2025-04-20 00:51:26,232,level_complete,1628,4,75379,0,558540,596266,34,1050669
2025-04-20 00:51:31,232,level_complete,1629,5,75532,0,560049,597129,140,1055236
2025-04-20 00:51:32,232,level_complete,1630,6,75533,0,560079,597161,70,1055306
2025-04-20 00:51:36,232,level_complete,1631,7,75634,0,561064,597862,202,1058287
2025-04-20 00:51:36,232,game_complete,-,8,75634,0,561064,597862,202,1058287
2025-04-20 00:51:46,233,training_run_ep 95000,-,1,75836,0,562186,598996,0,1059575
2025-04-20 00:51:55,233,level_complete,1632,1,75955,0,563268,600139,39,1060835
2025-04-20 00:51:56,233,level_complete,1633,2,75971,0,563450,600292,47,1061140
2025-04-20 00:51:57,233,level_complete,1634,3,75976,0,563558,600374,52,1061373
2025-04-20 00:51:58,233,level_complete,1635,4,75982,0,563651,600450,36,1061505
2025-04-20 00:51:58,233,level_complete,1636,5,75985,0,563688,600469,87,1061600
2025-04-20 00:52:00,233,level_complete,1637,6,76022,0,564177,600799,113,1062898
2025-04-20 00:52:01,233,level_complete,1638,7,76027,0,564251,600880,55,1063024
2025-04-20 00:52:01,233,game_complete,-,8,76027,0,564251,600880,55,1063024
2025-04-20 00:52:09,234,level_complete,1639,1,76119,0,565318,601971,33,1064332
2025-04-20 00:52:10,234,level_complete,1640,2,76122,0,565392,602057,38,1064427
2025-04-20 00:52:10,234,level_complete,1641,3,76127,0,565453,602105,124,1064592
2025-04-20 00:52:13,234,level_complete,1642,4,76192,0,565966,602565,32,1065275
2025-04-20 00:52:14,234,level_complete,1643,5,76199,0,566060,602631,71,1065554
2025-04-20 00:52:16,234,level_complete,1644,6,76226,0,566434,602867,71,1066455
2025-04-20 00:52:17,234,level_complete,1645,7,76255,0,566739,603091,76,1067285
2025-04-20 00:52:17,234,game_complete,-,8,76255,0,566739,603091,76,1067285
2025-04-20 00:52:18,235,level_complete,1646,1,76271,0,566827,603172,39,1067387
2025-04-20 00:52:18,235,level_complete,1647,2,76279,0,566931,603269,47,1067556
2025-04-20 00:52:19,235,level_complete,1648,3,76283,0,566966,603293,55,1067616
2025-04-20 00:52:20,235,level_complete,1649,4,76301,0,567120,603451,51,1067840
2025-04-20 00:52:23,235,training_run_ep 95500,-,5,76336,0,567608,603772,0,1069444
2025-04-20 00:52:23,235,level_complete,1650,5,76346,0,567741,603841,97,1069866
2025-04-20 00:52:25,235,level_complete,1651,6,76388,0,568244,604106,80,1071382
2025-04-20 00:52:25,235,level_complete,1652,7,76394,0,568337,604171,107,1071718
2025-04-20 00:52:25,235,game_complete,-,8,76394,0,568337,604171,107,1071718
2025-04-20 00:52:48,236,training_run_ep 96000,-,1,76836,0,571233,606935,0,1075097
2025-04-20 00:53:01,236,level_complete,1653,1,77042,0,572782,608521,33,1076888
2025-04-20 00:53:03,236,level_complete,1654,2,77060,0,573070,608766,51,1077416
2025-04-20 00:53:03,236,level_complete,1655,3,77063,0,573135,608807,60,1077566
2025-04-20 00:53:04,236,level_complete,1656,4,77072,0,573220,608882,29,1077697
2025-04-20 00:53:04,236,level_complete,1657,5,77079,0,573313,608930,93,1078037
2025-04-20 00:53:05,236,level_complete,1658,6,77090,0,573495,609062,49,1078422
2025-04-20 00:53:05,236,level_complete,1659,7,77096,0,573553,609105,149,1078640
2025-04-20 00:53:05,236,game_complete,-,8,77096,0,573553,609105,149,1078640
2025-04-20 00:53:06,237,level_complete,1660,1,77118,0,573732,609270,36,1078861
2025-04-20 00:53:11,237,level_complete,1661,2,77195,0,574474,609849,49,1080085
2025-04-20 00:53:11,237,level_complete,1662,3,77200,0,574552,609901,117,1080295
2025-04-20 00:53:12,237,level_complete,1663,4,77217,0,574687,610023,36,1080472
2025-04-20 00:53:14,237,level_complete,1664,5,77253,0,575194,610399,44,1081735
2025-04-20 00:53:15,237,level_complete,1665,6,77260,0,575314,610469,212,1082143
2025-04-20 00:53:15,237,level_complete,1666,7,77263,0,575388,610493,196,1082510
2025-04-20 00:53:15,237,game_complete,-,8,77263,0,575388,610493,196,1082510
2025-04-20 00:53:17,238,level_complete,1667,1,77274,0,575524,610677,41,1082676
2025-04-20 00:53:22,238,training_run_ep 96500,-,2,77336,0,576250,611313,0,1083946
2025-04-20 00:53:24,238,level_complete,1668,2,77366,0,576545,611579,45,1084410
2025-04-20 00:53:24,238,level_complete,1669,3,77367,0,576575,611601,55,1084465
2025-04-20 00:53:24,238,level_complete,1670,4,77372,0,576621,611650,53,1084543
2025-04-20 00:53:25,238,level_complete,1671,5,77382,0,576723,611733,85,1084807
2025-04-20 00:53:26,238,level_complete,1672,6,77393,0,576893,611846,56,1085193
2025-04-20 00:53:26,238,level_complete,1673,7,77394,0,576923,611868,56,1085249
2025-04-20 00:53:26,238,game_complete,-,8,77394,0,576923,611868,56,1085249
2025-04-20 00:53:26,239,level_complete,1674,1,77397,0,576979,611927,34,1085310
2025-04-20 00:53:27,239,level_complete,1675,2,77405,0,577118,612062,39,1085523
2025-04-20 00:53:27,239,level_complete,1676,3,77406,0,577148,612095,92,1085615
2025-04-20 00:53:30,239,level_complete,1677,4,77430,0,577475,612433,31,1086064
2025-04-20 00:53:33,239,level_complete,1678,5,77488,0,578113,612930,47,1087528
2025-04-20 00:53:34,239,level_complete,1679,6,77497,0,578201,612979,66,1087721
2025-04-20 00:53:35,239,level_complete,1680,7,77522,0,578415,613150,78,1088251
2025-04-20 00:53:35,239,game_complete,-,8,77522,0,578415,613150,78,1088251
2025-04-20 00:53:36,240,level_complete,1681,1,77539,0,578553,613291,33,1088416
2025-04-20 00:53:42,240,level_complete,1682,2,77612,0,579394,614053,48,1089807
2025-04-20 00:53:43,240,level_complete,1683,3,77647,0,579619,614176,98,1090374
2025-04-20 00:53:47,240,level_complete,1684,4,77750,0,580317,614774,58,1091377
2025-04-20 00:53:50,240,level_complete,1685,5,77779,0,580773,615209,109,1092519
2025-04-20 00:53:52,240,level_complete,1686,6,77805,0,581146,615400,50,1093617
2025-04-20 00:53:53,240,level_complete,1687,7,77828,0,581395,615580,104,1094522
2025-04-20 00:53:53,240,game_complete,-,8,77828,0,581395,615580,104,1094522
2025-04-20 00:53:54,241,training_run_ep 97000,-,1,77836,0,581446,615625,0,1094579
2025-04-20 00:53:57,241,level_complete,1688,1,77851,0,581595,615975,35,1094746
2025-04-20 00:53:58,241,level_complete,1689,2,77859,0,581734,616087,51,1094971
2025-04-20 00:53:58,241,level_complete,1690,3,77860,0,581764,616096,120,1095091
2025-04-20 00:53:58,241,level_complete,1691,4,77867,0,581837,616164,44,1095197
2025-04-20 00:53:59,241,level_complete,1692,5,77873,0,581939,616235,75,1095458
2025-04-20 00:54:00,241,level_complete,1693,6,77882,0,582127,616377,95,1095840
2025-04-20 00:54:00,241,level_complete,1694,7,77887,0,582219,616443,355,1096341
2025-04-20 00:54:00,241,game_complete,-,8,77887,0,582219,616443,355,1096341
2025-04-20 00:54:04,242,level_complete,1695,1,77932,0,582640,616919,39,1096838
2025-04-20 00:54:11,242,level_complete,1696,2,78046,0,583715,617789,69,1098684
2025-04-20 00:54:12,242,level_complete,1697,3,78082,0,584085,618038,58,1099548
2025-04-20 00:54:13,242,level_complete,1698,4,78099,0,584258,618184,44,1099808
2025-04-20 00:54:14,242,level_complete,1699,5,78101,0,584305,618227,53,1099890
2025-04-20 00:54:14,242,level_complete,1700,6,78103,0,584349,618257,59,1099990
2025-04-20 00:54:15,242,level_complete,1701,7,78127,0,584602,618468,95,1100643
2025-04-20 00:54:15,242,game_complete,-,8,78127,0,584602,618468,95,1100643
2025-04-20 00:54:26,243,training_run_ep 97500,-,1,78336,0,585862,619673,0,1102107
2025-04-20 00:54:27,243,level_complete,1702,1,78350,0,586011,619811,43,1102297
2025-04-20 00:54:27,243,level_complete,1703,2,78354,0,586066,619850,54,1102402
2025-04-20 00:54:27,243,level_complete,1704,3,78357,0,586130,619872,134,1102690
2025-04-20 00:54:32,243,level_complete,1705,4,78450,0,586692,620522,37,1103484
2025-04-20 00:54:32,243,level_complete,1706,5,78458,0,586811,620583,80,1103946
2025-04-20 00:54:33,243,level_complete,1707,6,78466,0,586934,620660,125,1104288
2025-04-20 00:54:34,243,level_complete,1708,7,78489,0,587140,620817,330,1105227
2025-04-20 00:54:34,243,game_complete,-,8,78489,0,587140,620817,330,1105227
2025-04-20 00:54:40,244,level_complete,1709,1,78582,0,587817,621499,34,1106002
2025-04-20 00:54:48,244,level_complete,1710,2,78793,0,588980,622524,69,1107830
2025-04-20 00:54:48,244,level_complete,1711,3,78794,0,589010,622540,188,1108018
2025-04-20 00:54:48,244,level_complete,1712,4,78799,0,589047,622579,43,1108074
2025-04-20 00:54:48,244,level_complete,1713,5,78803,0,589108,622620,51,1108193
2025-04-20 00:54:50,244,level_complete,1714,6,78823,0,589426,622797,68,1109125
2025-04-20 00:54:51,244,training_run_ep 98000,-,7,78836,0,589519,622876,0,1109413
2025-04-20 00:54:52,244,level_complete,1715,7,78845,0,589665,623007,88,1109777
2025-04-20 00:54:52,244,game_complete,-,8,78845,0,589665,623007,88,1109777
2025-04-20 00:55:27,245,level_complete,1716,1,78975,0,590203,627291,43,1110375
2025-04-20 00:55:29,245,level_complete,1717,2,79004,0,590458,627507,46,1110769
2025-04-20 00:55:29,245,level_complete,1718,3,79013,0,590574,627579,65,1111136
2025-04-20 00:55:30,245,level_complete,1719,4,79024,0,590661,627657,27,1111261
2025-04-20 00:55:35,245,level_complete,1720,5,79119,0,591816,628385,123,1114342
2025-04-20 00:55:35,245,level_complete,1721,6,79127,0,591935,628452,64,1114628
2025-04-20 00:55:36,245,level_complete,1722,7,79134,0,592070,628531,79,1115191
2025-04-20 00:55:36,245,game_complete,-,8,79134,0,592070,628531,79,1115191
2025-04-20 00:55:38,246,level_complete,1723,1,79159,0,592332,628803,31,1115490
2025-04-20 00:55:39,246,level_complete,1724,2,79168,0,592462,628940,48,1115691
2025-04-20 00:55:39,246,level_complete,1725,3,79170,0,592506,628981,84,1115791
2025-04-20 00:55:40,246,level_complete,1726,4,79176,0,592590,629059,34,1115906
2025-04-20 00:55:40,246,level_complete,1727,5,79180,0,592662,629103,94,1116079
2025-04-20 00:55:40,246,level_complete,1728,6,79181,0,592692,629125,94,1116173
2025-04-20 00:55:41,246,level_complete,1729,7,79190,0,592814,629230,80,1116560
2025-04-20 00:55:41,246,game_complete,-,8,79190,0,592814,629230,80,1116560
2025-04-20 00:55:49,247,level_complete,1730,1,79278,0,593807,630284,33,1117756
2025-04-20 00:55:50,247,level_complete,1731,2,79286,0,593906,630397,34,1117898
2025-04-20 00:55:50,247,level_complete,1732,3,79293,0,594002,630456,223,1118242
2025-04-20 00:55:51,247,level_complete,1733,4,79300,0,594133,630578,28,1118432
2025-04-20 00:55:52,247,level_complete,1734,5,79305,0,594202,630624,59,1118570
2025-04-20 00:55:52,247,level_complete,1735,6,79308,0,594264,630671,72,1118720
2025-04-20 00:55:54,247,training_run_ep 98500,-,7,79336,0,594488,630891,0,1119267
2025-04-20 00:55:57,247,level_complete,1736,7,79398,0,595034,631313,147,1121169
2025-04-20 00:55:57,247,game_complete,-,8,79398,0,595034,631313,147,1121169
2025-04-20 00:56:00,248,level_complete,1737,1,79429,0,595392,631731,35,1121565
2025-04-20 00:56:02,248,level_complete,1738,2,79443,0,595590,631937,38,1121900
2025-04-20 00:56:02,248,level_complete,1739,3,79451,0,595714,632020,65,1122180
2025-04-20 00:56:02,248,level_complete,1740,4,79452,0,595739,632049,44,1122224
2025-04-20 00:56:03,248,level_complete,1741,5,79455,0,595785,632081,52,1122313
2025-04-20 00:56:03,248,level_complete,1742,6,79456,0,595815,632102,92,1122405
2025-04-20 00:56:03,248,level_complete,1743,7,79462,0,595886,632145,101,1122628
2025-04-20 00:56:03,248,game_complete,-,8,79462,0,595886,632145,101,1122628
2025-04-20 00:56:04,249,level_complete,1744,1,79463,0,595916,632194,33,1122661
2025-04-20 00:56:04,249,level_complete,1745,2,79467,0,595994,632327,45,1122793
2025-04-20 00:56:05,249,level_complete,1746,3,79473,0,596065,632375,42,1123009
2025-04-20 00:56:05,249,level_complete,1747,4,79475,0,596112,632423,29,1123077
2025-04-20 00:56:05,249,level_complete,1748,5,79476,0,596142,632436,222,1123299
2025-04-20 00:56:05,249,level_complete,1749,6,79477,0,596172,632449,91,1123390
2025-04-20 00:56:06,249,level_complete,1750,7,79488,0,596327,632559,165,1123898
2025-04-20 00:56:06,249,game_complete,-,8,79488,0,596327,632559,165,1123898
2025-04-20 00:56:06,250,level_complete,1751,1,79489,0,596357,632607,35,1123933
2025-04-20 00:56:07,250,level_complete,1752,2,79493,0,596444,632697,57,1124071
2025-04-20 00:56:07,250,level_complete,1753,3,79498,0,596529,632739,146,1124321
2025-04-20 00:56:08,250,level_complete,1754,4,79505,0,596653,632848,33,1124529
2025-04-20 00:56:09,250,level_complete,1755,5,79510,0,596725,632902,112,1124720
2025-04-20 00:56:09,250,level_complete,1756,6,79511,0,596755,632926,84,1124804
2025-04-20 00:56:09,250,level_complete,1757,7,79522,0,596866,633034,66,1125121
2025-04-20 00:56:09,250,game_complete,-,8,79522,0,596866,633034,66,1125121
2025-04-20 00:56:10,251,level_complete,1758,1,79523,0,596896,633091,34,1125155
2025-04-20 00:56:11,251,level_complete,1759,2,79531,0,597042,633220,34,1125365
2025-04-20 00:56:11,251,level_complete,1760,3,79532,0,597072,633237,70,1125435
2025-04-20 00:56:11,251,level_complete,1761,4,79533,0,597097,633268,33,1125468
2025-04-20 00:56:11,251,level_complete,1762,5,79536,0,597151,633293,125,1125659
2025-04-20 00:56:11,251,level_complete,1763,6,79537,0,597181,633314,83,1125742
2025-04-20 00:56:12,251,level_complete,1764,7,79543,0,597265,633377,176,1126026
2025-04-20 00:56:12,251,game_complete,-,8,79543,0,597265,633377,176,1126026
2025-04-20 00:56:14,252,level_complete,1765,1,79556,0,597440,633617,41,1126230
2025-04-20 00:56:15,252,level_complete,1766,2,79565,0,597571,633745,39,1126405
2025-04-20 00:56:15,252,level_complete,1767,3,79583,0,597769,633829,172,1127099
2025-04-20 00:56:16,252,level_complete,1768,4,79590,0,597837,633947,30,1127179
2025-04-20 00:56:17,252,level_complete,1769,5,79593,0,597908,634003,40,1127307
2025-04-20 00:56:17,252,level_complete,1770,6,79597,0,597994,634059,52,1127482
2025-04-20 00:56:20,252,level_complete,1771,7,79654,0,598612,634539,47,1129182
2025-04-20 00:56:20,252,game_complete,-,8,79654,0,598612,634539,47,1129182
2025-04-20 00:56:20,253,level_complete,1772,1,79655,0,598642,634591,33,1129215
2025-04-20 00:56:21,253,level_complete,1773,2,79659,0,598678,634632,43,1129264
2025-04-20 00:56:21,253,level_complete,1774,3,79663,0,598740,634684,38,1129374
2025-04-20 00:56:22,253,level_complete,1775,4,79675,0,598902,634816,54,1129653
2025-04-20 00:56:24,253,level_complete,1776,5,79694,0,599226,635035,50,1130462
2025-04-20 00:56:24,253,level_complete,1777,6,79701,0,599336,635096,84,1130724
2025-04-20 00:56:24,253,level_complete,1778,7,79709,0,599455,635157,157,1131478
2025-04-20 00:56:24,253,game_complete,-,8,79709,0,599455,635157,157,1131478
2025-04-20 00:56:26,254,level_complete,1779,1,79719,0,599601,635300,38,1131664
2025-04-20 00:56:26,254,level_complete,1780,2,79725,0,599674,635369,46,1131775
2025-04-20 00:56:27,254,level_complete,1781,3,79738,0,599914,635508,80,1132370
2025-04-20 00:56:27,254,level_complete,1782,4,79739,0,599939,635535,34,1132404
2025-04-20 00:56:27,254,level_complete,1783,5,79744,0,600004,635575,87,1132569
2025-04-20 00:56:28,254,level_complete,1784,6,79753,0,600143,635680,46,1132950
2025-04-20 00:56:29,254,level_complete,1785,7,79765,0,600299,635874,46,1133331
2025-04-20 00:56:29,254,game_complete,-,8,79765,0,600299,635874,46,1133331
2025-04-20 00:56:31,255,level_complete,1786,1,79770,0,600427,636018,34,1133486
2025-04-20 00:56:31,255,level_complete,1787,2,79772,0,600464,636069,34,1133530
2025-04-20 00:56:31,255,level_complete,1788,3,79774,0,600516,636088,137,1133769
2025-04-20 00:56:32,255,level_complete,1789,4,79781,0,600606,636159,33,1133909
2025-04-20 00:56:33,255,level_complete,1790,5,79795,0,600825,636318,70,1134506
2025-04-20 00:56:33,255,level_complete,1791,6,79802,0,600947,636401,69,1134753
2025-04-20 00:56:35,255,level_complete,1792,7,79823,0,601207,636686,66,1135355
2025-04-20 00:56:35,255,game_complete,-,8,79823,0,601207,636686,66,1135355
2025-04-20 00:56:36,256,level_complete,1793,1,79825,0,601243,636736,34,1135395
2025-04-20 00:56:37,256,training_run_ep 99000,-,2,79836,0,601359,636825,0,1135585
2025-04-20 00:56:37,256,level_complete,1794,2,79842,0,601430,636884,54,1135698
2025-04-20 00:56:38,256,level_complete,1795,3,79847,0,601513,636936,116,1135934
2025-04-20 00:56:38,256,level_complete,1796,4,79848,0,601538,636961,31,1135965
2025-04-20 00:56:38,256,level_complete,1797,5,79851,0,601603,637036,44,1136130
2025-04-20 00:56:39,256,level_complete,1798,6,79861,0,601779,637149,50,1136614
2025-04-20 00:56:41,256,level_complete,1799,7,79892,0,602096,637448,86,1137407
2025-04-20 00:56:41,256,game_complete,-,8,79892,0,602096,637448,86,1137407
2025-04-20 00:56:45,257,level_complete,1800,1,79958,0,602575,637933,34,1137968
2025-04-20 00:56:46,257,level_complete,1801,2,79971,0,602674,638018,45,1138125
2025-04-20 00:56:47,257,level_complete,1802,3,80002,0,603001,638231,220,1139073
2025-04-20 00:56:48,257,level_complete,1803,4,80019,0,603165,638382,32,1139313
2025-04-20 00:56:48,257,level_complete,1804,5,80023,0,603206,638416,93,1139420
2025-04-20 00:56:49,257,level_complete,1805,6,80026,0,603241,638468,63,1139494
2025-04-20 00:56:59,257,level_complete,1806,7,80189,0,604766,639935,122,1144183
2025-04-20 00:56:59,257,game_complete,-,8,80189,0,604766,639935,122,1144183
2025-04-20 00:57:08,258,training_run_ep 99500,-,1,80336,0,605899,641031,0,1145530
2025-04-20 00:57:21,258,level_complete,1807,1,80462,0,607251,642696,35,1147087
2025-04-20 00:57:27,258,level_complete,1808,2,80533,0,608001,643498,39,1148263
2025-04-20 00:57:29,258,level_complete,1809,3,80567,0,608432,643737,69,1149549
2025-04-20 00:57:30,258,level_complete,1810,4,80595,0,608668,643924,76,1149932
2025-04-20 00:57:31,258,level_complete,1811,5,80605,0,608791,644011,49,1150224
2025-04-20 00:57:32,258,level_complete,1812,6,80641,0,609085,644155,54,1151009
2025-04-20 00:57:32,258,level_complete,1813,7,80651,0,609195,644233,117,1151462
2025-04-20 00:57:32,258,game_complete,-,8,80651,0,609195,644233,117,1151462
2025-04-20 00:57:38,259,level_complete,1814,1,80768,0,609891,644936,38,1152260
2025-04-20 00:57:41,259,level_complete,1815,2,80795,0,610202,645327,64,1152734
2025-04-20 00:57:43,259,training_run_ep 100000,-,3,80836,0,610613,645539,0,1154035
2025-04-20 00:57:44,259,level_complete,1816,3,80853,0,610780,645623,85,1154499
2025-04-20 00:57:47,259,level_complete,1817,4,80911,0,611224,646039,34,1155136
2025-04-20 00:57:47,259,level_complete,1818,5,80912,0,611254,646058,89,1155225
2025-04-20 00:57:49,259,level_complete,1819,6,80966,0,611906,646398,76,1157120
2025-04-20 00:57:55,259,level_complete,1820,7,81111,0,612998,647301,53,1160441
2025-04-20 00:57:55,259,game_complete,-,8,81111,0,612998,647301,53,1160441
2025-04-20 00:58:06,260,training_run_ep 100500,-,1,81336,0,614254,648517,0,1161885
2025-04-20 00:59:44,260,level_complete,1821,1,81640,0,616216,660371,37,1164190
2025-04-20 00:59:45,260,level_complete,1822,2,81644,0,616257,660410,58,1164266
2025-04-20 00:59:46,260,level_complete,1823,3,81668,0,616505,660544,102,1165008
2025-04-20 00:59:52,260,training_run_ep 101000,-,4,81836,0,617440,661273,0,1166494
2025-04-20 00:59:54,260,level_complete,1824,4,81913,0,617885,661627,49,1167194
2025-04-20 00:59:59,260,level_complete,1825,5,82022,0,618971,662243,66,1170349
2025-04-20 01:00:01,260,level_complete,1826,6,82088,0,619620,662613,139,1172035
2025-04-20 01:00:03,260,level_complete,1827,7,82115,0,619905,662849,149,1173096
2025-04-20 01:00:03,260,game_complete,-,8,82115,0,619905,662849,149,1173096
2025-04-20 01:00:09,261,level_complete,1828,1,82271,0,620683,663597,37,1173987
2025-04-20 01:00:09,261,level_complete,1829,2,82283,0,620746,663646,65,1174087
2025-04-20 01:00:11,261,level_complete,1830,3,82320,0,621077,663830,146,1174967
2025-04-20 01:00:12,261,training_run_ep 101500,-,4,82336,0,621133,663878,0,1175035
2025-04-20 01:00:13,261,level_complete,1831,4,82399,0,621452,664111,35,1175599
2025-04-20 01:00:14,261,level_complete,1832,5,82422,0,621682,664253,85,1176204
2025-04-20 01:00:16,261,level_complete,1833,6,82473,0,622194,664510,106,1177641
2025-04-20 01:00:19,261,level_complete,1834,7,82560,0,622748,664923,65,1179298
2025-04-20 01:00:19,261,game_complete,-,8,82560,0,622748,664923,65,1179298
2025-04-20 01:00:32,262,training_run_ep 102000,-,1,82836,0,624339,666414,0,1181195
2025-04-20 01:00:36,262,level_complete,1835,1,82887,0,624621,666982,44,1181521
2025-04-20 01:00:54,262,level_complete,1836,2,83318,0,627470,669310,79,1186072
2025-04-20 01:00:56,262,training_run_ep 102500,-,3,83336,0,627723,669457,0,1186705
2025-04-20 01:00:56,262,level_complete,1837,3,83352,0,627915,669550,85,1187287
2025-04-20 01:00:57,262,level_complete,1838,4,83376,0,628038,669655,29,1187485
2025-04-20 01:01:02,262,level_complete,1839,5,83517,0,629237,670401,66,1190851
2025-04-20 01:01:03,262,level_complete,1840,6,83527,0,629329,670452,70,1191067
2025-04-20 01:01:08,262,level_complete,1841,7,83640,0,630454,671334,69,1194333
2025-04-20 01:01:08,262,game_complete,-,8,83640,0,630454,671334,69,1194333
2025-04-20 01:01:17,263,training_run_ep 103000,-,1,83836,0,631491,672346,0,1195517
2025-04-20 01:01:22,263,level_complete,1842,1,83931,0,632023,672882,35,1196114
2025-04-20 01:01:22,263,level_complete,1843,2,83935,0,632086,672943,49,1196212
2025-04-20 01:01:23,263,level_complete,1844,3,83969,0,632411,673119,104,1197180
2025-04-20 01:01:25,263,level_complete,1845,4,83997,0,632669,673348,30,1197524
2025-04-20 01:01:26,263,level_complete,1846,5,84021,0,632929,673559,55,1198318
2025-04-20 01:01:29,263,level_complete,1847,6,84077,0,633465,673872,43,1199573
2025-04-20 01:01:30,263,level_complete,1848,7,84107,0,633732,674082,91,1200379
2025-04-20 01:01:30,263,game_complete,-,8,84107,0,633732,674082,91,1200379
2025-04-20 01:01:36,264,level_complete,1849,1,84185,0,634422,674835,31,1201175
2025-04-20 01:01:42,264,level_complete,1850,2,84275,0,635431,675698,41,1202820
2025-04-20 01:01:43,264,level_complete,1851,3,84294,0,635655,675833,46,1203385
2025-04-20 01:01:44,264,level_complete,1852,4,84305,0,635788,675973,38,1203558
2025-04-20 01:01:47,264,training_run_ep 103500,-,5,84336,0,636125,676216,0,1204439
2025-04-20 01:01:47,264,level_complete,1853,5,84338,0,636161,676227,263,1204712
2025-04-20 01:01:47,264,level_complete,1854,6,84343,0,636231,676270,84,1204900
2025-04-20 01:02:42,264,level_complete,1855,7,84379,0,636606,683058,76,1206089
2025-04-20 01:02:42,264,game_complete,-,8,84379,0,636606,683058,76,1206089
2025-04-20 01:02:43,265,level_complete,1856,1,84399,0,636803,683257,36,1206325
2025-04-20 01:02:46,265,level_complete,1857,2,84423,0,637154,683628,37,1206833
2025-04-20 01:02:46,265,level_complete,1858,3,84424,0,637184,683638,284,1207117
2025-04-20 01:02:46,265,level_complete,1859,4,84425,0,637209,683678,40,1207157
2025-04-20 01:02:47,265,level_complete,1860,5,84426,0,637239,683718,58,1207215
2025-04-20 01:02:47,265,level_complete,1861,6,84428,0,637296,683774,76,1207335
2025-04-20 01:02:47,265,level_complete,1862,7,84430,0,637353,683820,99,1207490
2025-04-20 01:02:47,265,game_complete,-,8,84430,0,637353,683820,99,1207490
2025-04-20 01:02:48,266,level_complete,1863,1,84441,0,637468,683969,33,1207621
2025-04-20 01:02:49,266,level_complete,1864,2,84446,0,637560,684116,41,1207764
2025-04-20 01:02:50,266,level_complete,1865,3,84450,0,637641,684194,42,1207906
2025-04-20 01:02:50,266,level_complete,1866,4,84454,0,637712,684257,45,1208021
2025-04-20 01:02:51,266,level_complete,1867,5,84456,0,637747,684283,89,1208116
2025-04-20 01:02:51,266,level_complete,1868,6,84460,0,637789,684316,146,1208284
2025-04-20 01:02:51,266,level_complete,1869,7,84466,0,637889,684402,83,1208513
2025-04-20 01:02:51,266,game_complete,-,8,84466,0,637889,684402,83,1208513
2025-04-20 01:02:52,267,level_complete,1870,1,84467,0,637919,684447,34,1208547
2025-04-20 01:02:52,267,level_complete,1871,2,84468,0,637949,684494,65,1208612
2025-04-20 01:02:52,267,level_complete,1872,3,84469,0,637979,684526,42,1208654
2025-04-20 01:02:53,267,level_complete,1873,4,84470,0,638004,684553,32,1208686
2025-04-20 01:02:53,267,level_complete,1874,5,84471,0,638034,684587,50,1208736
2025-04-20 01:02:53,267,level_complete,1875,6,84474,0,638085,684618,50,1208826
2025-04-20 01:02:53,267,level_complete,1876,7,84475,0,638115,684663,50,1208876
2025-04-20 01:02:53,267,game_complete,-,8,84475,0,638115,684663,50,1208876
2025-04-20 01:02:57,268,level_complete,1877,1,84532,0,638619,685169,31,1209469
2025-04-20 01:02:59,268,level_complete,1878,2,84559,0,638843,685361,53,1209807
2025-04-20 01:02:59,268,level_complete,1879,3,84562,0,638914,685404,80,1210017
2025-04-20 01:02:59,268,level_complete,1880,4,84563,0,638939,685438,30,1210047
2025-04-20 01:03:04,268,level_complete,1881,5,84661,0,639869,686162,63,1212937
2025-04-20 01:03:05,268,level_complete,1882,6,84662,0,639899,686181,71,1213008
2025-04-20 01:03:08,268,level_complete,1883,7,84690,0,640333,686644,95,1214451
2025-04-20 01:03:08,268,game_complete,-,8,84690,0,640333,686644,95,1214451
2025-04-20 01:03:08,269,level_complete,1884,1,84694,0,640392,686710,34,1214523
2025-04-20 01:03:09,269,level_complete,1885,2,84698,0,640464,686807,43,1214622
2025-04-20 01:03:10,269,level_complete,1886,3,84707,0,640580,686894,64,1214886
2025-04-20 01:03:10,269,level_complete,1887,4,84708,0,640605,686920,35,1214921
2025-04-20 01:03:10,269,level_complete,1888,5,84709,0,640635,686940,96,1215017
2025-04-20 01:03:10,269,level_complete,1889,6,84713,0,640729,687001,58,1215211
2025-04-20 01:03:11,269,level_complete,1890,7,84717,0,640797,687107,67,1215332
2025-04-20 01:03:11,269,game_complete,-,8,84717,0,640797,687107,67,1215332
2025-04-20 01:03:11,270,level_complete,1891,1,84718,0,640827,687162,35,1215367
2025-04-20 01:03:13,270,level_complete,1892,2,84727,0,640957,687329,40,1215549
2025-04-20 01:03:13,270,level_complete,1893,3,84729,0,641013,687363,57,1215677
2025-04-20 01:03:14,270,level_complete,1894,4,84748,0,641200,687517,66,1215962
2025-04-20 01:03:14,270,level_complete,1895,5,84751,0,641264,687557,75,1216165
2025-04-20 01:03:15,270,level_complete,1896,6,84758,0,641329,687598,44,1216307
2025-04-20 01:03:15,270,level_complete,1897,7,84768,0,641462,687710,73,1216654
2025-04-20 01:03:15,270,game_complete,-,8,84768,0,641462,687710,73,1216654
2025-04-20 01:03:19,271,level_complete,1898,1,84818,0,641921,688211,37,1217189
2025-04-20 01:03:19,271,level_complete,1899,2,84819,0,641951,688242,45,1217234
2025-04-20 01:03:20,271,level_complete,1900,3,84820,0,641981,688264,66,1217300
2025-04-20 01:03:20,271,level_complete,1901,4,84822,0,642010,688288,31,1217335
2025-04-20 01:03:20,271,level_complete,1902,5,84823,0,642040,688308,59,1217394
2025-04-20 01:03:21,271,level_complete,1903,6,84834,0,642203,688426,51,1217783
2025-04-20 01:03:21,271,training_run_ep 104000,-,7,84836,0,642226,688440,0,1217839
2025-04-20 01:03:22,271,level_complete,1904,7,84840,0,642264,688539,59,1217909
2025-04-20 01:03:22,271,game_complete,-,8,84840,0,642264,688539,59,1217909
2025-04-20 01:03:26,272,level_complete,1905,1,84890,0,642667,688994,46,1218385
2025-04-20 01:03:27,272,level_complete,1906,2,84911,0,642864,689161,57,1218689
2025-04-20 01:03:28,272,level_complete,1907,3,84926,0,643078,689298,77,1219266
2025-04-20 01:03:29,272,level_complete,1908,4,84935,0,643176,689381,34,1219406
2025-04-20 01:03:30,272,level_complete,1909,5,84958,0,643448,689540,45,1220288
2025-04-20 01:03:30,272,level_complete,1910,6,84962,0,643533,689614,117,1220564
2025-04-20 01:03:31,272,level_complete,1911,7,84967,0,643597,689726,158,1220887
2025-04-20 01:03:31,272,game_complete,-,8,84967,0,643597,689726,158,1220887
2025-04-20 01:03:31,273,level_complete,1912,1,84970,0,643631,689773,39,1220930
2025-04-20 01:03:32,273,level_complete,1913,2,84974,0,643696,689821,83,1221066
2025-04-20 01:03:32,273,level_complete,1914,3,84975,0,643726,689830,173,1221239
2025-04-20 01:03:32,273,level_complete,1915,4,84976,0,643751,689864,28,1221267
2025-04-20 01:03:32,273,level_complete,1916,5,84979,0,643810,689929,52,1221380
2025-04-20 01:03:33,273,level_complete,1917,6,84981,0,643841,689951,78,1221459
2025-04-20 01:03:34,273,level_complete,1918,7,84994,0,644084,690188,61,1222094
2025-04-20 01:03:34,273,game_complete,-,8,84994,0,644084,690188,61,1222094
2025-04-20 01:03:39,274,level_complete,1919,1,85059,0,644704,690816,36,1222829
2025-04-20 01:03:42,274,level_complete,1920,2,85085,0,645059,691162,43,1223460
2025-04-20 01:03:42,274,level_complete,1921,3,85088,0,645128,691226,186,1223723
2025-04-20 01:03:42,274,level_complete,1922,4,85089,0,645153,691250,33,1223756
2025-04-20 01:03:43,274,level_complete,1923,5,85097,0,645262,691327,74,1224115
2025-04-20 01:03:44,274,level_complete,1924,6,85107,0,645444,691451,73,1224571
2025-04-20 01:03:51,274,level_complete,1925,7,85249,0,646899,692525,144,1229121
2025-04-20 01:03:51,274,game_complete,-,8,85249,0,646899,692525,144,1229121
2025-04-20 01:03:56,275,training_run_ep 104500,-,1,85336,0,647480,693080,0,1229828
2025-04-20 01:03:58,275,level_complete,1926,1,85381,0,647814,693393,34,1230208
2025-04-20 01:03:59,275,level_complete,1927,2,85385,0,647877,693457,57,1230330
2025-04-20 01:03:59,275,level_complete,1928,3,85392,0,647970,693508,77,1230694
2025-04-20 01:04:00,275,level_complete,1929,4,85396,0,648025,693559,38,1230775
2025-04-20 01:04:06,275,level_complete,1930,5,85437,0,648569,694360,42,1232447
2025-04-20 01:04:08,275,level_complete,1931,6,85488,0,649142,694709,102,1234075
2025-04-20 01:04:09,275,level_complete,1932,7,85503,0,649341,694869,355,1234918
2025-04-20 01:04:09,275,game_complete,-,8,85503,0,649341,694869,355,1234918
2025-04-20 01:04:22,276,level_complete,1933,1,85768,0,650897,696387,32,1236742
2025-04-20 01:04:27,276,training_run_ep 105000,-,2,85836,0,651292,697023,0,1237408
2025-04-20 01:04:30,276,level_complete,1934,2,85915,0,651786,697426,42,1238257
2025-04-20 01:04:30,276,level_complete,1935,3,85916,0,651816,697446,109,1238366
2025-04-20 01:04:33,276,level_complete,1936,4,85976,0,652228,697776,45,1239062
2025-04-20 01:04:34,276,level_complete,1937,5,86004,0,652523,697917,381,1240275
2025-04-20 01:04:36,276,level_complete,1938,6,86060,0,653217,698306,60,1242125
2025-04-20 01:04:37,276,level_complete,1939,7,86064,0,653300,698365,104,1242388
2025-04-20 01:04:37,276,game_complete,-,8,86064,0,653300,698365,104,1242388
2025-04-20 01:04:51,277,training_run_ep 105500,-,1,86336,0,655028,700044,0,1244416
2025-04-20 01:04:59,277,level_complete,1940,1,86522,0,656047,701025,39,1245598
2025-04-20 01:04:59,277,level_complete,1941,2,86530,0,656113,701082,59,1245714
2025-04-20 01:05:00,277,level_complete,1942,3,86544,0,656270,701178,171,1246263
2025-04-20 01:05:03,277,level_complete,1943,4,86630,0,656677,701542,35,1246878
2025-04-20 01:05:05,277,level_complete,1944,5,86660,0,656981,701783,136,1247591
2025-04-20 01:05:06,277,level_complete,1945,6,86688,0,657285,701936,101,1248489
2025-04-20 01:05:08,277,level_complete,1946,7,86754,0,657846,702342,330,1250393
2025-04-20 01:05:08,277,game_complete,-,8,86754,0,657846,702342,330,1250393
2025-04-20 01:05:12,278,training_run_ep 106000,-,1,86836,0,658189,702669,0,1250767
2025-04-20 01:05:17,278,level_complete,1947,1,87009,0,658875,703321,34,1251554
2025-04-20 01:05:21,278,level_complete,1948,2,87095,0,659487,703809,64,1252548
2025-04-20 01:05:22,278,level_complete,1949,3,87121,0,659851,704008,59,1253562
2025-04-20 01:05:23,278,level_complete,1950,4,87140,0,659976,704118,40,1253743
2025-04-20 01:05:24,278,level_complete,1951,5,87157,0,660184,704251,145,1254363
2025-04-20 01:05:25,278,level_complete,1952,6,87168,0,660386,704374,84,1254973
2025-04-20 01:05:25,278,level_complete,1953,7,87178,0,660488,704463,235,1255398
2025-04-20 01:05:25,278,game_complete,-,8,87178,0,660488,704463,235,1255398
2025-04-20 01:05:31,279,level_complete,1954,1,87249,0,661122,705117,34,1256122
2025-04-20 01:05:31,279,level_complete,1955,2,87252,0,661178,705150,55,1256232
2025-04-20 01:05:31,279,level_complete,1956,3,87256,0,661262,705190,125,1256554
2025-04-20 01:05:35,279,training_run_ep 106500,-,4,87336,0,661776,705647,0,1257288
2025-04-20 01:05:36,279,level_complete,1957,4,87358,0,661988,705821,30,1257594
2025-04-20 01:05:37,279,level_complete,1958,5,87370,0,662101,705889,156,1257961
2025-04-20 01:05:39,279,level_complete,1959,6,87411,0,662565,706151,92,1259245
2025-04-20 01:05:39,279,level_complete,1960,7,87426,0,662704,706260,79,1259650
2025-04-20 01:05:39,279,game_complete,-,8,87426,0,662704,706260,79,1259650
2025-04-20 01:05:47,280,level_complete,1961,1,87549,0,663606,707168,39,1260684
2025-04-20 01:05:47,280,level_complete,1962,2,87553,0,663661,707221,59,1260784
2025-04-20 01:05:47,280,level_complete,1963,3,87554,0,663691,707251,62,1260846
2025-04-20 01:05:48,280,level_complete,1964,4,87561,0,663750,707301,33,1260927
2025-04-20 01:05:48,280,level_complete,1965,5,87564,0,663814,707336,170,1261323
2025-04-20 01:05:49,280,level_complete,1966,6,87579,0,664032,707466,93,1261974
2025-04-20 01:05:49,280,level_complete,1967,7,87582,0,664093,707514,63,1262113
2025-04-20 01:05:49,280,game_complete,-,8,87582,0,664093,707514,63,1262113
2025-04-20 01:05:50,281,level_complete,1968,1,87592,0,664162,707594,37,1262191
2025-04-20 01:05:54,281,level_complete,1969,2,87672,0,664923,708202,54,1263566
2025-04-20 01:05:55,281,level_complete,1970,3,87686,0,665066,708268,182,1264061
2025-04-20 01:06:02,281,level_complete,1971,4,87803,0,666195,709262,52,1265783
2025-04-20 01:06:02,281,level_complete,1972,5,87808,0,666301,709317,85,1266077
2025-04-20 01:06:03,281,level_complete,1973,6,87811,0,666379,709381,74,1266266
2025-04-20 01:06:04,281,level_complete,1974,7,87822,0,666534,709504,84,1266791
2025-04-20 01:06:04,281,game_complete,-,8,87822,0,666534,709504,84,1266791
2025-04-20 01:06:05,282,training_run_ep 107000,-,1,87836,0,666681,709645,0,1266959
2025-04-20 01:06:14,282,level_complete,1975,1,88004,0,667856,710784,36,1268308
2025-04-20 01:06:15,282,level_complete,1976,2,88013,0,667915,710854,67,1268413
2025-04-20 01:06:18,282,level_complete,1977,3,88088,0,668739,711338,77,1270753
2025-04-20 01:06:23,282,level_complete,1978,4,88207,0,669423,711940,46,1271713
2025-04-20 01:06:24,282,level_complete,1979,5,88221,0,669604,712081,72,1272196
2025-04-20 01:06:24,282,level_complete,1980,6,88237,0,669797,712184,152,1272794
2025-04-20 01:06:29,282,level_complete,1981,7,88314,0,670581,712869,50,1275475
2025-04-20 01:06:29,282,game_complete,-,8,88314,0,670581,712869,50,1275475
2025-04-20 01:06:31,283,training_run_ep 107500,-,1,88336,0,670726,713007,0,1275647
2025-04-20 01:06:40,283,level_complete,1982,1,88443,0,671858,714189,36,1276991
2025-04-20 01:06:41,283,level_complete,1983,2,88467,0,672069,714338,53,1277463
2025-04-20 01:06:41,283,level_complete,1984,3,88471,0,672134,714384,44,1277585
2025-04-20 01:06:42,283,level_complete,1985,4,88481,0,672240,714473,37,1277737
2025-04-20 01:06:42,283,level_complete,1986,5,88482,0,672270,714496,67,1277804
2025-04-20 01:06:42,283,level_complete,1987,6,88483,0,672300,714522,81,1277885
2025-04-20 01:06:47,283,level_complete,1988,7,88550,0,673222,715290,119,1280729
2025-04-20 01:06:47,283,game_complete,-,8,88550,0,673222,715290,119,1280729
2025-04-20 01:06:50,284,level_complete,1989,1,88587,0,673518,715594,43,1281091
2025-04-20 01:06:52,284,level_complete,1990,2,88628,0,673818,715877,43,1281508
2025-04-20 01:06:52,284,level_complete,1991,3,88637,0,673923,715957,40,1281724
2025-04-20 01:06:53,284,level_complete,1992,4,88651,0,674082,716081,30,1281992
2025-04-20 01:06:54,284,level_complete,1993,5,88672,0,674351,716282,51,1282532
2025-04-20 01:06:55,284,level_complete,1994,6,88674,0,674383,716319,67,1282601
2025-04-20 01:06:56,284,level_complete,1995,7,88690,0,674514,716445,139,1282927
2025-04-20 01:06:56,284,game_complete,-,8,88690,0,674514,716445,139,1282927
2025-04-20 01:07:01,285,level_complete,1996,1,88754,0,675243,717172,36,1283778
2025-04-20 01:07:03,285,level_complete,1997,2,88764,0,675461,717412,40,1284143
2025-04-20 01:07:03,285,level_complete,1998,3,88765,0,675491,717440,78,1284221
2025-04-20 01:07:03,285,level_complete,1999,4,88768,0,675548,717487,40,1284305
2025-04-20 01:07:04,285,level_complete,2000,5,88770,0,675599,717533,48,1284394
2025-04-20 01:07:05,285,level_complete,2001,6,88776,0,675740,717673,71,1284682
2025-04-20 01:07:06,285,level_complete,2002,7,88793,0,675998,717925,37,1285324
2025-04-20 01:07:06,285,game_complete,-,8,88793,0,675998,717925,37,1285324
2025-04-20 01:07:08,286,level_complete,2003,1,88806,0,676178,718141,33,1285534
2025-04-20 01:07:08,286,level_complete,2004,2,88807,0,676208,718174,39,1285573
2025-04-20 01:07:08,286,level_complete,2005,3,88809,0,676256,718213,63,1285669
2025-04-20 01:07:09,286,level_complete,2006,4,88810,0,676281,718234,40,1285709
2025-04-20 01:07:09,286,level_complete,2007,5,88813,0,676340,718311,57,1285808
2025-04-20 01:07:09,286,level_complete,2008,6,88814,0,676370,718328,96,1285904
2025-04-20 01:07:09,286,level_complete,2009,7,88815,0,676400,718346,78,1285982
2025-04-20 01:07:09,286,game_complete,-,8,88815,0,676400,718346,78,1285982
2025-04-20 01:07:10,287,level_complete,2010,1,88817,0,676433,718378,35,1286020
2025-04-20 01:07:11,287,level_complete,2011,2,88833,0,676648,718592,45,1286404
2025-04-20 01:07:11,287,level_complete,2012,3,88834,0,676678,718624,64,1286468
2025-04-20 01:07:12,287,training_run_ep 108000,-,4,88836,0,676699,718643,0,1286494
2025-04-20 01:07:12,287,level_complete,2013,4,88839,0,676739,718678,42,1286569
2025-04-20 01:07:13,287,level_complete,2014,5,88845,0,676847,718741,67,1287085
2025-04-20 01:07:14,287,level_complete,2015,6,88854,0,677049,718906,44,1287523
2025-04-20 01:07:14,287,level_complete,2016,7,88855,0,677079,718960,61,1287584
2025-04-20 01:07:14,287,game_complete,-,8,88855,0,677079,718960,61,1287584
2025-04-20 01:07:15,288,level_complete,2017,1,88859,0,677160,719086,35,1287684
2025-04-20 01:07:16,288,level_complete,2018,2,88865,0,677268,719212,35,1287825
2025-04-20 01:07:17,288,level_complete,2019,3,88871,0,677366,719272,126,1288084
2025-04-20 01:07:17,288,level_complete,2020,4,88878,0,677412,719319,35,1288147
2025-04-20 01:07:18,288,level_complete,2021,5,88880,0,677451,719379,36,1288195
2025-04-20 01:07:19,288,level_complete,2022,6,88890,0,677649,719521,100,1288624
2025-04-20 01:07:20,288,level_complete,2023,7,88902,0,677863,719753,93,1289261
2025-04-20 01:07:20,288,game_complete,-,8,88902,0,677863,719753,93,1289261
2025-04-20 01:07:22,289,level_complete,2024,1,88917,0,678043,719942,31,1289475
2025-04-20 01:07:22,289,level_complete,2025,2,88921,0,678135,720051,50,1289613
2025-04-20 01:07:22,289,level_complete,2026,3,88922,0,678165,720063,175,1289788
2025-04-20 01:07:23,289,level_complete,2027,4,88924,0,678201,720084,75,1289902
2025-04-20 01:07:23,289,level_complete,2028,5,88925,0,678231,720107,87,1289989
2025-04-20 01:07:23,289,level_complete,2029,6,88926,0,678261,720135,119,1290108
2025-04-20 01:07:23,289,level_complete,2030,7,88928,0,678293,720160,138,1290248
2025-04-20 01:07:23,289,game_complete,-,8,88928,0,678293,720160,138,1290248
2025-04-20 01:07:25,290,level_complete,2031,1,88944,0,678518,720399,39,1290511
2025-04-20 01:07:25,290,level_complete,2032,2,88949,0,678569,720442,49,1290586
2025-04-20 01:07:26,290,level_complete,2033,3,88956,0,678699,720518,106,1290969
2025-04-20 01:07:26,290,level_complete,2034,4,88964,0,678789,720594,45,1291125
2025-04-20 01:07:27,290,level_complete,2035,5,88971,0,678960,720694,105,1291737
2025-04-20 01:07:28,290,level_complete,2036,6,88975,0,679072,720782,66,1292114
2025-04-20 01:07:28,290,level_complete,2037,7,88984,0,679185,720907,73,1292329
2025-04-20 01:07:28,290,game_complete,-,8,88984,0,679185,720907,73,1292329
2025-04-20 01:07:31,291,level_complete,2038,1,89002,0,679446,721237,34,1292637
2025-04-20 01:07:32,291,level_complete,2039,2,89004,0,679500,721310,52,1292744
2025-04-20 01:07:32,291,level_complete,2040,3,89006,0,679545,721338,97,1292875
2025-04-20 01:07:32,291,level_complete,2041,4,89007,0,679570,721361,32,1292907
2025-04-20 01:07:32,291,level_complete,2042,5,89009,0,679623,721427,62,1293006
2025-04-20 01:07:33,291,level_complete,2043,6,89011,0,679673,721454,64,1293128
2025-04-20 01:07:34,291,level_complete,2044,7,89020,0,679830,721613,56,1293529
2025-04-20 01:07:34,291,game_complete,-,8,89020,0,679830,721613,56,1293529
2025-04-20 01:07:35,292,level_complete,2045,1,89033,0,680039,721840,36,1293770
2025-04-20 01:07:36,292,level_complete,2046,2,89035,0,680070,721880,52,1293823
2025-04-20 01:07:36,292,level_complete,2047,3,89037,0,680118,721915,67,1293930
2025-04-20 01:07:36,292,level_complete,2048,4,89038,0,680143,721952,32,1293962
2025-04-20 01:07:37,292,level_complete,2049,5,89055,0,680441,722143,152,1294868
2025-04-20 01:07:38,292,level_complete,2050,6,89060,0,680554,722213,56,1295200
2025-04-20 01:07:39,292,level_complete,2051,7,89077,0,680786,722416,124,1295789
2025-04-20 01:07:39,292,game_complete,-,8,89077,0,680786,722416,124,1295789
2025-04-20 01:07:41,293,level_complete,2052,1,89096,0,680936,722566,33,1295961
2025-04-20 01:07:41,293,level_complete,2053,2,89098,0,680968,722598,51,1296014
2025-04-20 01:07:41,293,level_complete,2054,3,89100,0,681019,722639,68,1296123
2025-04-20 01:07:41,293,level_complete,2055,4,89101,0,681044,722663,35,1296158
2025-04-20 01:07:41,293,level_complete,2056,5,89104,0,681088,722704,38,1296220
2025-04-20 01:07:42,293,level_complete,2057,6,89110,0,681198,722805,79,1296486
2025-04-20 01:07:44,293,level_complete,2058,7,89131,0,681539,723090,73,1297640
2025-04-20 01:07:44,293,game_complete,-,8,89131,0,681539,723090,73,1297640
2025-04-20 01:07:44,294,level_complete,2059,1,89132,0,681569,723114,44,1297684
2025-04-20 01:07:45,294,level_complete,2060,2,89138,0,681701,723227,46,1297893
2025-04-20 01:07:47,294,level_complete,2061,3,89169,0,682116,723448,107,1299182
2025-04-20 01:07:47,294,level_complete,2062,4,89175,0,682206,723527,57,1299342
2025-04-20 01:07:49,294,level_complete,2063,5,89208,0,682618,723762,62,1300380
2025-04-20 01:07:51,294,level_complete,2064,6,89265,0,683143,724018,111,1302025
2025-04-20 01:07:55,294,training_run_ep 108500,-,7,89336,0,683800,724501,0,1304658
2025-04-20 01:07:55,294,level_complete,2065,7,89343,0,683885,724581,84,1304896
2025-04-20 01:07:55,294,game_complete,-,8,89343,0,683885,724581,84,1304896
2025-04-20 01:07:56,295,level_complete,2066,1,89350,0,683977,724681,35,1305000
2025-04-20 01:08:04,295,level_complete,2067,2,89466,0,685202,725759,39,1306981
2025-04-20 01:08:04,295,level_complete,2068,3,89472,0,685327,725835,81,1307386
2025-04-20 01:08:05,295,level_complete,2069,4,89473,0,685352,725857,34,1307420
2025-04-20 01:08:05,295,level_complete,2070,5,89477,0,685427,725923,60,1307549
2025-04-20 01:08:09,295,level_complete,2071,6,89488,0,685604,726431,44,1308037
2025-04-20 01:08:13,295,level_complete,2072,7,89547,0,686290,727009,103,1310098
2025-04-20 01:08:13,295,game_complete,-,8,89547,0,686290,727009,103,1310098
2025-04-20 01:08:13,296,level_complete,2073,1,89548,0,686320,727065,33,1310131
2025-04-20 01:08:15,296,level_complete,2074,2,89555,0,686385,727322,49,1310227
2025-04-20 01:08:15,296,level_complete,2075,3,89556,0,686415,727340,92,1310319
2025-04-20 01:08:16,296,level_complete,2076,4,89558,0,686446,727368,30,1310357
2025-04-20 01:08:16,296,level_complete,2077,5,89562,0,686506,727421,80,1310484
2025-04-20 01:08:16,296,level_complete,2078,6,89564,0,686536,727457,47,1310531
2025-04-20 01:08:17,296,level_complete,2079,7,89574,0,686677,727575,67,1310940
2025-04-20 01:08:17,296,game_complete,-,8,89574,0,686677,727575,67,1310940
2025-04-20 01:08:41,297,level_complete,2080,1,89621,0,687192,730696,38,1311536
2025-04-20 01:08:42,297,level_complete,2081,2,89642,0,687414,730864,95,1312049
2025-04-20 01:08:43,297,level_complete,2082,3,89647,0,687488,730905,140,1312288
2025-04-20 01:08:43,297,level_complete,2083,4,89655,0,687551,730956,45,1312384
2025-04-20 01:08:44,297,level_complete,2084,5,89688,0,687879,731150,63,1313354
2025-04-20 01:08:45,297,level_complete,2085,6,89694,0,687956,731188,73,1313555
2025-04-20 01:08:45,297,level_complete,2086,7,89699,0,688015,731247,141,1313759
2025-04-20 01:08:45,297,game_complete,-,8,89699,0,688015,731247,141,1313759
2025-04-20 01:08:46,298,level_complete,2087,1,89708,0,688171,731428,38,1313938
2025-04-20 01:08:48,298,level_complete,2088,2,89726,0,688391,731650,63,1314321
2025-04-20 01:08:49,298,level_complete,2089,3,89736,0,688533,731728,98,1314887
2025-04-20 01:08:49,298,level_complete,2090,4,89747,0,688663,731844,42,1315068
2025-04-20 01:08:50,298,level_complete,2091,5,89750,0,688727,731887,86,1315208
2025-04-20 01:08:50,298,level_complete,2092,6,89751,0,688757,731914,51,1315259
2025-04-20 01:08:51,298,level_complete,2093,7,89759,0,688846,732018,71,1315448
2025-04-20 01:08:51,298,game_complete,-,8,89759,0,688846,732018,71,1315448
2025-04-20 01:08:52,299,level_complete,2094,1,89767,0,688976,732167,34,1315597
2025-04-20 01:08:52,299,level_complete,2095,2,89772,0,689037,732223,34,1315684
2025-04-20 01:08:52,299,level_complete,2096,3,89773,0,689067,732240,66,1315750
2025-04-20 01:08:52,299,level_complete,2097,4,89774,0,689092,732266,33,1315783
2025-04-20 01:08:53,299,level_complete,2098,5,89775,0,689122,732291,43,1315826
2025-04-20 01:08:53,299,level_complete,2099,6,89776,0,689152,732320,55,1315881
2025-04-20 01:08:53,299,level_complete,2100,7,89777,0,689182,732341,141,1316022
2025-04-20 01:08:53,299,game_complete,-,8,89777,0,689182,732341,141,1316022
2025-04-20 01:08:53,300,level_complete,2101,1,89779,0,689216,732383,35,1316061
2025-04-20 01:08:54,300,level_complete,2102,2,89792,0,689328,732480,41,1316254
2025-04-20 01:08:54,300,level_complete,2103,3,89795,0,689408,732524,63,1316527
2025-04-20 01:08:55,300,level_complete,2104,4,89801,0,689518,732613,36,1316687
2025-04-20 01:08:56,300,level_complete,2105,5,89813,0,689671,732724,159,1317219
2025-04-20 01:08:56,300,level_complete,2106,6,89814,0,689701,732761,50,1317269
2025-04-20 01:08:58,300,training_run_ep 109000,-,7,89836,0,689957,732959,0,1318023
2025-04-20 01:09:02,300,level_complete,2107,7,89891,0,690681,733494,48,1320816
2025-04-20 01:09:02,300,game_complete,-,8,89891,0,690681,733494,48,1320816
2025-04-20 01:09:03,301,level_complete,2108,1,89906,0,690825,733675,33,1320971
2025-04-20 01:09:04,301,level_complete,2109,2,89911,0,690898,733748,47,1321069
2025-04-20 01:09:04,301,level_complete,2110,3,89917,0,691010,733808,59,1321401
2025-04-20 01:09:04,301,level_complete,2111,4,89925,0,691075,733869,31,1321489
2025-04-20 01:09:08,301,level_complete,2112,5,89995,0,691915,734410,85,1324124
2025-04-20 01:09:09,301,level_complete,2113,6,90008,0,692119,734513,50,1324804
2025-04-20 01:09:11,301,level_complete,2114,7,90019,0,692273,734781,43,1325363
2025-04-20 01:09:11,301,game_complete,-,8,90019,0,692273,734781,43,1325363
2025-04-20 01:09:16,302,level_complete,2115,1,90067,0,692849,735431,34,1326072
2025-04-20 01:09:16,302,level_complete,2116,2,90078,0,692916,735486,56,1326181
2025-04-20 01:09:17,302,level_complete,2117,3,90096,0,693137,735616,74,1326935
2025-04-20 01:09:17,302,level_complete,2118,4,90097,0,693162,735640,34,1326969
2025-04-20 01:09:19,302,level_complete,2119,5,90113,0,693409,735815,60,1327554
2025-04-20 01:09:19,302,level_complete,2120,6,90116,0,693467,735864,53,1327663
2025-04-20 01:09:20,302,level_complete,2121,7,90146,0,693693,736043,60,1328267
2025-04-20 01:09:20,302,game_complete,-,8,90146,0,693693,736043,60,1328267
2025-04-20 01:09:23,303,level_complete,2122,1,90196,0,694072,736423,40,1328737
2025-04-20 01:09:25,303,level_complete,2123,2,90231,0,694392,736685,43,1329275
2025-04-20 01:09:26,303,level_complete,2124,3,90246,0,694637,736816,52,1330246
2025-04-20 01:09:29,303,training_run_ep 109500,-,4,90336,0,695091,737176,0,1330960
2025-04-20 01:09:32,303,level_complete,2125,4,90382,0,695428,737477,36,1331434
2025-04-20 01:09:32,303,level_complete,2126,5,90386,0,695465,737520,54,1331496
2025-04-20 01:09:32,303,level_complete,2127,6,90387,0,695495,737530,103,1331599
2025-04-20 01:09:33,303,level_complete,2128,7,90399,0,695632,737639,99,1331930
2025-04-20 01:09:33,303,game_complete,-,8,90399,0,695632,737639,99,1331930
2025-04-20 01:09:56,304,level_complete,2129,1,90769,0,698414,740601,34,1335193
2025-04-20 01:10:00,304,training_run_ep 110000,-,2,90836,0,698926,741005,0,1336147
2025-04-20 01:10:00,304,level_complete,2130,2,90844,0,699003,741075,54,1336272
2025-04-20 01:10:01,304,level_complete,2131,3,90853,0,699101,741130,83,1336520
2025-04-20 01:10:03,304,level_complete,2132,4,90882,0,699418,741444,50,1336971
2025-04-20 01:10:09,304,level_complete,2133,5,90963,0,700352,742237,47,1339572
2025-04-20 01:10:09,304,level_complete,2134,6,90966,0,700419,742271,66,1339762
2025-04-20 01:10:10,304,level_complete,2135,7,90987,0,700565,742391,90,1340266
2025-04-20 01:10:10,304,game_complete,-,8,90987,0,700565,742391,90,1340266
2025-04-20 01:10:23,305,level_complete,2136,1,91262,0,702256,744040,36,1342224
2025-04-20 01:10:25,305,level_complete,2137,2,91305,0,702587,744320,37,1342761
2025-04-20 01:10:27,305,training_run_ep 110500,-,3,91336,0,702840,744446,0,1343536
2025-04-20 01:10:29,305,level_complete,2138,3,91430,0,703639,744801,68,1346680
2025-04-20 01:10:33,305,level_complete,2139,4,91546,0,704334,745375,44,1347707
2025-04-20 01:10:36,305,level_complete,2140,5,91600,0,704865,745721,100,1349009
2025-04-20 01:10:39,305,level_complete,2141,6,91694,0,705793,746235,81,1351410
2025-04-20 01:10:40,305,level_complete,2142,7,91702,0,705887,746320,173,1351747
2025-04-20 01:10:40,305,game_complete,-,8,91702,0,705887,746320,173,1351747
2025-04-20 01:10:46,306,training_run_ep 111000,-,1,91836,0,706611,746992,0,1352611
2025-04-20 01:11:01,306,level_complete,2143,1,92133,0,708520,748789,35,1354879
2025-04-20 01:11:03,306,level_complete,2144,2,92165,0,708817,749039,43,1355383
2025-04-20 01:11:03,306,level_complete,2145,3,92166,0,708847,749063,46,1355429
2025-04-20 01:11:04,306,level_complete,2146,4,92183,0,709033,749233,30,1355705
2025-04-20 01:11:04,306,level_complete,2147,5,92184,0,709063,749253,64,1355769
2025-04-20 01:11:05,306,level_complete,2148,6,92188,0,709164,749323,61,1355980
2025-04-20 01:11:05,306,level_complete,2149,7,92189,0,709194,749340,227,1356207
2025-04-20 01:11:05,306,game_complete,-,8,92189,0,709194,749340,227,1356207
2025-04-20 01:11:06,307,level_complete,2150,1,92195,0,709279,749432,31,1356299
2025-04-20 01:11:06,307,level_complete,2151,2,92197,0,709312,749465,49,1356351
2025-04-20 01:11:06,307,level_complete,2152,3,92202,0,709398,749515,83,1356558
2025-04-20 01:11:09,307,level_complete,2153,4,92255,0,709828,749889,43,1357132
2025-04-20 01:11:09,307,level_complete,2154,5,92259,0,709928,749938,127,1357474
2025-04-20 01:11:10,307,level_complete,2155,6,92269,0,710093,750048,54,1357951
2025-04-20 01:11:10,307,level_complete,2156,7,92272,0,710129,750078,87,1358044
2025-04-20 01:11:10,307,game_complete,-,8,92272,0,710129,750078,87,1358044
2025-04-20 01:11:11,308,level_complete,2157,1,92273,0,710159,750119,37,1358081
2025-04-20 01:11:11,308,level_complete,2158,2,92277,0,710199,750158,74,1358165
2025-04-20 01:11:11,308,level_complete,2159,3,92279,0,710251,750185,172,1358391
2025-04-20 01:11:12,308,level_complete,2160,4,92292,0,710372,750300,28,1358555
2025-04-20 01:11:12,308,level_complete,2161,5,92297,0,710420,750328,75,1358658
2025-04-20 01:11:15,308,training_run_ep 111500,-,6,92336,0,710944,750602,0,1360128
2025-04-20 01:11:19,308,level_complete,2162,6,92426,0,712079,751209,87,1363323
2025-04-20 01:11:21,308,level_complete,2163,7,92438,0,712279,751418,92,1363904
2025-04-20 01:11:21,308,game_complete,-,8,92438,0,712279,751418,92,1363904
2025-04-20 01:11:26,309,level_complete,2164,1,92506,0,712897,752076,36,1364661
2025-04-20 01:11:30,309,level_complete,2165,2,92557,0,713444,752570,72,1365609
2025-04-20 01:11:30,309,level_complete,2166,3,92564,0,713509,752611,143,1365931
2025-04-20 01:11:34,309,level_complete,2167,4,92655,0,714223,753224,31,1366966
2025-04-20 01:11:35,309,level_complete,2168,5,92673,0,714412,753350,87,1367463
2025-04-20 01:11:35,309,level_complete,2169,6,92677,0,714476,753386,80,1367611
2025-04-20 01:11:40,309,level_complete,2170,7,92733,0,715217,753996,50,1369884
2025-04-20 01:11:40,309,game_complete,-,8,92733,0,715217,753996,50,1369884
2025-04-20 01:11:47,310,level_complete,2171,1,92806,0,716073,754896,34,1370949
2025-04-20 01:11:47,310,level_complete,2172,2,92807,0,716103,754943,48,1370997
2025-04-20 01:11:47,310,level_complete,2173,3,92808,0,716133,754980,42,1371039
2025-04-20 01:11:48,310,level_complete,2174,4,92818,0,716271,755104,34,1371262
2025-04-20 01:11:49,310,level_complete,2175,5,92826,0,716383,755179,83,1371578
2025-04-20 01:11:49,310,level_complete,2176,6,92836,0,716540,755289,64,1371939
2025-04-20 01:11:50,310,training_run_ep 112000,-,7,92836,0,716540,755289,64,1371939
2025-04-20 01:11:50,310,level_complete,2177,7,92837,0,716570,755306,106,1372045
2025-04-20 01:11:50,310,game_complete,-,8,92837,0,716570,755306,106,1372045
2025-04-20 01:11:51,311,level_complete,2178,1,92845,0,716699,755447,34,1372190
2025-04-20 01:11:55,311,level_complete,2179,2,92893,0,717232,755939,46,1373027
2025-04-20 01:11:55,311,level_complete,2180,3,92902,0,717387,756020,102,1373492
2025-04-20 01:11:56,311,level_complete,2181,4,92907,0,717425,756049,36,1373541
2025-04-20 01:11:57,311,level_complete,2182,5,92938,0,717833,756300,77,1374701
2025-04-20 01:11:58,311,level_complete,2183,6,92953,0,718045,756424,68,1375214
2025-04-20 01:11:59,311,level_complete,2184,7,92961,0,718190,756548,156,1375768
2025-04-20 01:11:59,311,game_complete,-,8,92961,0,718190,756548,156,1375768
2025-04-20 01:12:05,312,level_complete,2185,1,93064,0,718966,757288,31,1376670
2025-04-20 01:12:12,312,level_complete,2186,2,93179,0,720006,758157,47,1378454
2025-04-20 01:12:12,312,level_complete,2187,3,93180,0,720036,758179,68,1378522
2025-04-20 01:12:13,312,level_complete,2188,4,93195,0,720166,758292,37,1378713
2025-04-20 01:12:17,312,level_complete,2189,5,93272,0,721137,758929,84,1381583
2025-04-20 01:12:18,312,level_complete,2190,6,93289,0,721322,759033,57,1382023
2025-04-20 01:12:19,312,level_complete,2191,7,93308,0,721458,759154,170,1382429
2025-04-20 01:12:19,312,game_complete,-,8,93308,0,721458,759154,170,1382429
2025-04-20 01:12:21,313,training_run_ep 112500,-,1,93336,0,721621,759326,0,1382614
2025-04-20 01:12:32,313,level_complete,2192,1,93493,0,723050,760746,31,1384333
2025-04-20 01:12:38,313,level_complete,2193,2,93595,0,723996,761541,70,1385922
2025-04-20 01:12:38,313,level_complete,2194,3,93596,0,724026,761563,122,1386044
2025-04-20 01:12:39,313,level_complete,2195,4,93612,0,724194,761739,40,1386265
2025-04-20 01:12:42,313,level_complete,2196,5,93669,0,724743,762092,98,1387553
2025-04-20 01:12:42,313,level_complete,2197,6,93678,0,724862,762161,106,1387884
2025-04-20 01:12:44,313,level_complete,2198,7,93728,0,725326,762460,125,1389676
2025-04-20 01:12:44,313,game_complete,-,8,93728,0,725326,762460,125,1389676
2025-04-20 01:12:51,314,training_run_ep 113000,-,1,93836,0,726049,763170,0,1390532
2025-04-20 01:12:56,314,level_complete,2199,1,93925,0,726732,763818,38,1391352
2025-04-20 01:12:56,314,level_complete,2200,2,93927,0,726768,763859,39,1391398
2025-04-20 01:12:57,314,level_complete,2201,3,93942,0,726963,763970,166,1392064
2025-04-20 01:12:58,314,level_complete,2202,4,93966,0,727145,764153,40,1392310
2025-04-20 01:12:58,314,level_complete,2203,5,93968,0,727190,764197,90,1392437
2025-04-20 01:12:59,314,level_complete,2204,6,93974,0,727301,764250,119,1392846
2025-04-20 01:12:59,314,level_complete,2205,7,93979,0,727346,764276,180,1393065
2025-04-20 01:12:59,314,game_complete,-,8,93979,0,727346,764276,180,1393065
2025-04-20 01:13:01,315,level_complete,2206,1,94001,0,727580,764525,33,1393351
2025-04-20 01:13:11,315,level_complete,2207,2,94174,0,729233,765900,38,1396233
2025-04-20 01:13:12,315,level_complete,2208,3,94193,0,729516,766072,103,1397126
2025-04-20 01:13:13,315,level_complete,2209,4,94216,0,729671,766194,54,1397375
2025-04-20 01:13:14,315,level_complete,2210,5,94228,0,729855,766353,60,1397717
2025-04-20 01:13:15,315,level_complete,2211,6,94241,0,730074,766499,79,1398269
2025-04-20 01:13:19,315,level_complete,2212,7,94303,0,730672,766966,55,1399915
2025-04-20 01:13:19,315,game_complete,-,8,94303,0,730672,766966,55,1399915
2025-04-20 01:13:20,316,level_complete,2213,1,94319,0,730816,767130,35,1400074
2025-04-20 01:13:21,316,training_run_ep 113500,-,2,94336,0,730959,767248,0,1400266
2025-04-20 01:13:26,316,level_complete,2214,2,94404,0,731709,767854,89,1401582
2025-04-20 01:13:27,316,level_complete,2215,3,94415,0,731852,767963,49,1401859
2025-04-20 01:13:29,316,level_complete,2216,4,94454,0,732203,768272,45,1402363
2025-04-20 01:13:29,316,level_complete,2217,5,94456,0,732261,768306,204,1402635
2025-04-20 01:13:31,316,level_complete,2218,6,94487,0,732712,768539,58,1404047
2025-04-20 01:13:36,316,level_complete,2219,7,94575,0,733586,769231,59,1406843
2025-04-20 01:13:36,316,game_complete,-,8,94575,0,733586,769231,59,1406843
2025-04-20 01:13:37,317,level_complete,2220,1,94591,0,733756,769381,38,1407061
2025-04-20 01:13:38,317,level_complete,2221,2,94609,0,733941,769527,57,1407380
2025-04-20 01:13:38,317,level_complete,2222,3,94610,0,733971,769538,118,1407498
2025-04-20 01:13:38,317,level_complete,2223,4,94616,0,734049,769608,31,1407599
2025-04-20 01:13:39,317,level_complete,2224,5,94631,0,734295,769755,73,1408285
2025-04-20 01:13:40,317,level_complete,2225,6,94638,0,734407,769855,69,1408514
2025-04-20 01:13:42,317,level_complete,2226,7,94666,0,734657,770082,64,1409294
2025-04-20 01:13:42,317,game_complete,-,8,94666,0,734657,770082,64,1409294
2025-04-20 01:13:52,318,training_run_ep 114000,-,1,94836,0,735858,771294,0,1410691
2025-04-20 01:14:21,318,training_run_ep 114500,-,1,95336,0,739423,774843,0,1414884
2025-04-20 01:14:27,318,level_complete,2227,1,95455,0,740275,775674,35,1415889
2025-04-20 01:14:28,318,level_complete,2228,2,95463,0,740375,775748,53,1416062
2025-04-20 01:14:28,318,level_complete,2229,3,95468,0,740458,775802,45,1416265
2025-04-20 01:14:29,318,level_complete,2230,4,95486,0,740630,775928,82,1416608
2025-04-20 01:14:31,318,level_complete,2231,5,95550,0,741144,776216,107,1418058
2025-04-20 01:14:32,318,level_complete,2232,6,95572,0,741449,776369,65,1418875
2025-04-20 01:14:36,318,level_complete,2233,7,95637,0,742185,776916,106,1421013
2025-04-20 01:14:36,318,game_complete,-,8,95637,0,742185,776916,106,1421013
2025-04-20 01:14:43,319,training_run_ep 115000,-,1,95836,0,743073,777734,0,1422038
2025-04-20 01:15:00,319,training_run_ep 115500,-,1,96336,0,745201,779699,0,1424525
2025-04-20 01:15:23,319,training_run_ep 116000,-,1,96836,0,748028,782377,0,1427820
2025-04-20 01:15:43,319,training_run_ep 116500,-,1,97336,0,750440,784669,0,1430579
2025-04-20 01:16:00,319,level_complete,2234,1,97717,0,752684,786799,34,1433212
2025-04-20 01:16:01,319,level_complete,2235,2,97722,0,752740,786869,35,1433274
2025-04-20 01:16:03,319,level_complete,2236,3,97749,0,753219,787151,124,1435023
2025-04-20 01:16:03,319,level_complete,2237,4,97756,0,753296,787232,29,1435115
2025-04-20 01:16:04,319,level_complete,2238,5,97788,0,753545,787419,186,1435825
2025-04-20 01:16:06,319,level_complete,2239,6,97811,0,753791,787578,62,1436465
2025-04-20 01:16:06,319,level_complete,2240,7,97822,0,753908,787657,116,1436846
2025-04-20 01:16:06,319,game_complete,-,8,97822,0,753908,787657,116,1436846
2025-04-20 01:16:07,320,training_run_ep 117000,-,1,97836,0,753979,787723,0,1436925
2025-04-20 01:16:17,320,level_complete,2241,1,98054,0,755181,788895,32,1438315
2025-04-20 01:16:17,320,level_complete,2242,2,98065,0,755263,788980,38,1438418
2025-04-20 01:16:18,320,level_complete,2243,3,98066,0,755293,788999,124,1438542
2025-04-20 01:16:18,320,level_complete,2244,4,98068,0,755327,789024,92,1438646
2025-04-20 01:16:20,320,level_complete,2245,5,98123,0,755792,789380,64,1439683
2025-04-20 01:16:21,320,level_complete,2246,6,98132,0,755908,789451,60,1439962
2025-04-20 01:16:23,320,level_complete,2247,7,98196,0,756433,789810,143,1441841
2025-04-20 01:16:23,320,game_complete,-,8,98196,0,756433,789810,143,1441841
2025-04-20 01:16:24,321,level_complete,2248,1,98213,0,756579,789954,35,1442012
2025-04-20 01:16:26,321,level_complete,2249,2,98234,0,756768,790142,54,1442332
2025-04-20 01:16:26,321,level_complete,2250,3,98237,0,756822,790179,111,1442475
2025-04-20 01:16:27,321,level_complete,2251,4,98249,0,756983,790317,49,1442718
2025-04-20 01:16:27,321,level_complete,2252,5,98253,0,757069,790390,128,1442941
2025-04-20 01:16:28,321,level_complete,2253,6,98259,0,757163,790446,77,1443217
2025-04-20 01:16:29,321,level_complete,2254,7,98278,0,757388,790652,222,1444046
2025-04-20 01:16:29,321,game_complete,-,8,98278,0,757388,790652,222,1444046
2025-04-20 01:16:34,322,training_run_ep 117500,-,1,98336,0,757941,791250,0,1444679
2025-04-20 01:16:37,322,level_complete,2255,1,98366,0,758213,791524,37,1445012
2025-04-20 01:16:38,322,level_complete,2256,2,98378,0,758432,791763,50,1445363
2025-04-20 01:16:38,322,level_complete,2257,3,98382,0,758483,791782,118,1445554
2025-04-20 01:16:39,322,level_complete,2258,4,98385,0,758526,791822,34,1445612
2025-04-20 01:16:45,322,level_complete,2259,5,98510,0,759795,792689,79,1449355
2025-04-20 01:16:45,322,level_complete,2260,6,98513,0,759879,792764,98,1449541
2025-04-20 01:16:45,322,level_complete,2261,7,98515,0,759909,792794,55,1449596
2025-04-20 01:16:45,322,game_complete,-,8,98515,0,759909,792794,55,1449596
2025-04-20 01:16:49,323,level_complete,2262,1,98540,0,760360,793335,37,1450123
2025-04-20 01:16:50,323,level_complete,2263,2,98546,0,760470,793423,40,1450339
2025-04-20 01:16:51,323,level_complete,2264,3,98549,0,760536,793475,224,1450621
2025-04-20 01:16:51,323,level_complete,2265,4,98550,0,760561,793497,45,1450666
2025-04-20 01:16:51,323,level_complete,2266,5,98552,0,760617,793542,88,1450793
2025-04-20 01:16:52,323,level_complete,2267,6,98560,0,760762,793622,74,1451215
2025-04-20 01:16:52,323,level_complete,2268,7,98562,0,760818,793667,66,1451583
2025-04-20 01:16:52,323,game_complete,-,8,98562,0,760818,793667,66,1451583
2025-04-20 01:16:54,324,level_complete,2269,1,98575,0,761005,793903,35,1451792
2025-04-20 01:16:56,324,level_complete,2270,2,98587,0,761239,794160,52,1452125
2025-04-20 01:16:56,324,level_complete,2271,3,98591,0,761301,794189,119,1452326
2025-04-20 01:16:56,324,level_complete,2272,4,98592,0,761326,794206,44,1452370
2025-04-20 01:16:56,324,level_complete,2273,5,98595,0,761386,794243,90,1452534
2025-04-20 01:16:56,324,level_complete,2274,6,98596,0,761416,794254,87,1452621
2025-04-20 01:16:58,324,level_complete,2275,7,98611,0,761647,794485,67,1453212
2025-04-20 01:16:58,324,game_complete,-,8,98611,0,761647,794485,67,1453212
2025-04-20 01:17:00,325,level_complete,2276,1,98639,0,761900,794751,37,1453506
2025-04-20 01:17:02,325,level_complete,2277,2,98661,0,762181,794994,40,1453968
2025-04-20 01:17:02,325,level_complete,2278,3,98668,0,762298,795068,54,1454186
2025-04-20 01:17:08,325,training_run_ep 118000,-,4,98836,0,763301,795872,0,1455701
2025-04-20 01:17:15,325,level_complete,2279,4,99037,0,764356,796761,56,1457194
2025-04-20 01:17:15,325,level_complete,2280,5,99040,0,764389,796795,38,1457236
2025-04-20 01:17:16,325,level_complete,2281,6,99048,0,764509,796869,96,1457563
2025-04-20 01:17:18,325,level_complete,2282,7,99095,0,764846,797199,81,1458446
2025-04-20 01:17:18,325,game_complete,-,8,99095,0,764846,797199,81,1458446
2025-04-20 01:17:25,326,level_complete,2283,1,99275,0,765789,798110,43,1459509
2025-04-20 01:17:27,326,level_complete,2284,2,99294,0,766004,798299,58,1459869
2025-04-20 01:17:27,326,level_complete,2285,3,99305,0,766136,798381,69,1460155
2025-04-20 01:17:27,326,level_complete,2286,4,99309,0,766173,798409,59,1460227
2025-04-20 01:17:29,326,training_run_ep 118500,-,5,99336,0,766371,798536,0,1460653
2025-04-20 01:17:29,326,level_complete,2287,5,99342,0,766437,798565,331,1461129
2025-04-20 01:17:30,326,level_complete,2288,6,99351,0,766536,798628,58,1461339
2025-04-20 01:17:32,326,level_complete,2289,7,99408,0,767023,798988,67,1463042
2025-04-20 01:17:32,326,game_complete,-,8,99408,0,767023,798988,67,1463042
2025-04-20 01:17:39,327,level_complete,2290,1,99539,0,767887,799798,38,1464077
2025-04-20 01:17:44,327,level_complete,2291,2,99651,0,768906,800565,82,1465979
2025-04-20 01:17:45,327,level_complete,2292,3,99654,0,768972,800612,76,1466115
2025-04-20 01:17:47,327,level_complete,2293,4,99696,0,769343,800928,59,1466699
2025-04-20 01:17:48,327,level_complete,2294,5,99702,0,769449,801020,45,1466892
2025-04-20 01:17:49,327,level_complete,2295,6,99723,0,769815,801234,88,1467947
2025-04-20 01:17:50,327,level_complete,2296,7,99729,0,769862,801307,76,1468044
2025-04-20 01:17:50,327,game_complete,-,8,99729,0,769862,801307,76,1468044
2025-04-20 01:17:55,328,level_complete,2297,1,99818,0,770587,801988,35,1468889
2025-04-20 01:17:56,328,level_complete,2298,2,99832,0,770764,802161,42,1469127
2025-04-20 01:17:57,328,training_run_ep 119000,-,3,99836,0,770801,802188,0,1469198
2025-04-20 01:17:58,328,level_complete,2299,3,99851,0,770960,802246,160,1469787
2025-04-20 01:18:02,328,level_complete,2300,4,99964,0,771641,802870,47,1470772
2025-04-20 01:18:04,328,level_complete,2301,5,99999,0,772033,803155,68,1471602
2025-04-20 01:18:05,328,training_end_ep 119165,-,6,100001,0,772059,803170,0,1471654
2025-04-20 14:08:04,0,quit_button,-,5,5,0,43,15,3,275
2025-04-20 14:11:20,0,level_complete,1,1,6,0,86,89,33,100
2025-04-20 14:24:54,0,level_complete,1,3,5,0,52,45,58,94
2025-04-20 14:29:27,0,level_complete,2,4,17,0,184,181,31,305
2025-04-20 14:30:00,0,level_complete,3,5,18,0,214,199,53,358
2025-04-20 14:30:30,0,level_complete,4,6,19,0,244,214,103,461
2025-04-20 14:34:21,0,quit_button,-,7,86,43,551,489,0,1360
2025-04-20 14:35:48,0,level_complete,1,3,5,0,43,26,153,172
2025-04-20 14:35:57,0,level_complete,2,4,11,0,113,80,58,295
2025-04-20 17:50:16,0,level_complete,1,3,15,0,183,126,66,392
2025-04-20 18:03:42,0,level_complete,2,4,77,0,437,491,30,780
2025-04-20 18:05:16,0,level_complete,3,5,81,0,508,535,104,968
2025-04-20 18:07:02,0,level_complete,4,6,84,0,587,587,74,1154
2025-04-20 18:45:14,0,quit_button,-,7,112,9,792,1243,51,1681
2025-04-21 12:40:18,0,quit_button,-,1,50,1,560,670,1,676
2025-04-21 12:40:43,0,quit_button,-,1,5,0,19,19,0,20
2025-04-21 12:46:10,0,level_complete,1,7,11,0,187,157,104,759
2025-04-21 12:46:10,0,game_complete,-,8,11,0,187,157,104,759
2025-04-21 13:06:59,0,level_complete,1,11,5,0,55,30,171,201
2025-04-21 13:06:59,0,game_complete,-,12,5,0,55,30,171,201
2025-04-21 13:07:33,1,quit_button,-,1,7,0,73,47,19,221
2025-04-21 21:02:35,0,level_complete,1,7,6,0,76,46,90,268
2025-04-21 21:02:35,0,game_complete,-,8,6,0,76,46,90,268
2025-04-21 21:06:26,1,quit_button,-,1,14,0,180,152,1,397
2025-04-29 16:59:16,0,quit_button,-,1,8,0,72,80,19,91
2025-04-29 16:59:35,0,quit_button,-,1,3,0,0,2,0,0
2025-04-29 17:00:47,0,level_complete,1,1,3,0,9,22,9,9
2025-04-29 17:00:53,0,close_called,-,1,7,0,9,23,0,9
2025-04-29 17:01:06,0,close_called,-,1,2,0,0,0,0,0
2025-04-29 17:01:43,0,close_called,-,1,10,0,5,5,0,5
2025-04-29 17:02:52,0,close_called,-,1,1,0,1,1,1,1
2025-04-29 17:02:57,0,quit_button,-,1,2,0,0,1,0,0
